<?xml version="1.0" encoding="utf-8"?>
<COLLADA xmlns="http://www.collada.org/2005/11/COLLADASchema" version="1.4.1" xmlns:xsi="http://www.w3.org/2001/XMLSchema-instance">
  <asset>
    <contributor>
      <author>Blender User</author>
      <authoring_tool>Blender 4.3.2 commit date:2024-12-16, commit time:21:10, hash:32f5fdce0a0a</authoring_tool>
    </contributor>
    <created>2025-11-22T17:24:35</created>
    <modified>2025-11-22T17:24:35</modified>
    <unit name="meter" meter="1"/>
    <up_axis>Z_UP</up_axis>
  </asset>
  <library_effects>
    <effect id="Material_001-effect">
      <profile_COMMON>
        <technique sid="common">
          <lambert>
            <emission>
              <color sid="emission">0 0 0 1</color>
            </emission>
            <diffuse>
              <color sid="diffuse">0.8004578 0.3783993 0.005026465 1</color>
            </diffuse>
            <index_of_refraction>
              <float sid="ior">1.5</float>
            </index_of_refraction>
          </lambert>
        </technique>
      </profile_COMMON>
    </effect>
    <effect id="Material_002-effect">
      <profile_COMMON>
        <technique sid="common">
          <lambert>
            <emission>
              <color sid="emission">0 0 0 1</color>
            </emission>
            <diffuse>
              <color sid="diffuse">0.5783895 0.5783895 0.5783895 1</color>
            </diffuse>
            <reflectivity>
              <float sid="specular">0.5</float>
            </reflectivity>
            <index_of_refraction>
              <float sid="ior">1.5</float>
            </index_of_refraction>
          </lambert>
        </technique>
      </profile_COMMON>
    </effect>
    <effect id="Material_003-effect">
      <profile_COMMON>
        <technique sid="common">
          <lambert>
            <emission>
              <color sid="emission">0 0 0 1</color>
            </emission>
            <diffuse>
              <color sid="diffuse">0.09564634 0.09564634 0.09564634 1</color>
            </diffuse>
            <reflectivity>
              <float sid="specular">0.3</float>
            </reflectivity>
            <index_of_refraction>
              <float sid="ior">1.5</float>
            </index_of_refraction>
          </lambert>
        </technique>
      </profile_COMMON>
    </effect>
  </library_effects>
  <library_images/>
  <library_materials>
    <material id="Material_001-material" name="Material.001">
      <instance_effect url="#Material_001-effect"/>
    </material>
    <material id="Material_002-material" name="Material.002">
      <instance_effect url="#Material_002-effect"/>
    </material>
    <material id="Material_003-material" name="Material.003">
      <instance_effect url="#Material_003-effect"/>
    </material>
  </library_materials>
  <library_geometries>
    <geometry id="base-mesh" name="base">
      <mesh>
        <source id="base-mesh-positions">
          <float_array id="base-mesh-positions-array" count="3336">-150 -100 0 -150 -100 2.2 -150 -96.125 2.2 -150 -73 2.2 -150 0 2.2 -150 100 0 -150 73 2.2 -150 100 2.2 -147.125 -100 2.2 150 -100 2.2 125 -100 2.2 150 -100 0 0 -100 2.2 -125 -100 2.2 150 -96.125 2.2 150 100 2.2 150 73 2.2 150 100 0 150 0 2.2 150 -73 2.2 -147.125 100 2.2 -125 100 2.2 0 100 2.2 125 100 2.2 125 -96.125 2.2 -106.3194 60.125 2.2 -105.75 58 2.2 0 73 2.2 113.6806 90.125 2.2 114.25 88 2.2 143.6806 85.875 2.2 144.25 88 2.2 143.6806 90.125 2.2 142.125 91.68061 2.2 136.3194 85.875 2.2 135.75 88 2.2 142.125 84.31939 2.2 140 83.75 2.2 125 73 2.2 137.875 84.31939 2.2 136.3194 90.125 2.2 137.875 91.68061 2.2 140 92.25 2.2 113.6806 85.875 2.2 112.125 84.31939 2.2 110 83.75 2.2 107.875 84.31939 2.2 106.3194 85.875 2.2 105.75 88 2.2 106.3194 90.125 2.2 107.875 91.68061 2.2 110 92.25 2.2 112.125 91.68061 2.2 -107.875 91.68061 2.2 -106.3194 90.125 2.2 -105.75 88 2.2 -110 92.25 2.2 -112.125 91.68061 2.2 -106.3194 85.875 2.2 -107.875 84.31939 2.2 -125 73 2.2 -110 83.75 2.2 -112.125 84.31939 2.2 -113.6806 85.875 2.2 -114.25 88 2.2 -113.6806 90.125 2.2 -136.3194 90.125 2.2 -135.75 88 2.2 -136.3194 85.875 2.2 -137.875 84.31939 2.2 -147.125 73 2.2 -140 83.75 2.2 -142.125 84.31939 2.2 -143.6806 85.875 2.2 -144.25 88 2.2 -143.6806 90.125 2.2 -142.125 91.68061 2.2 -140 92.25 2.2 -137.875 91.68061 2.2 143.6806 55.875 2.2 144.25 58 2.2 140 62.25 2.2 142.125 61.68061 2.2 143.6806 60.125 2.2 137.875 61.68061 2.2 136.3194 60.125 2.2 142.125 54.31939 2.2 140 53.75 2.2 125 0 2.2 137.875 54.31939 2.2 136.3194 55.875 2.2 135.75 58 2.2 0 0 2.2 107.875 54.31939 2.2 106.3194 55.875 2.2 110 53.75 2.2 112.125 54.31939 2.2 105.75 58 2.2 112.125 61.68061 2.2 113.6806 60.125 2.2 114.25 58 2.2 113.6806 55.875 2.2 106.3194 60.125 2.2 107.875 61.68061 2.2 110 62.25 2.2 -110 53.75 2.2 -112.125 54.31939 2.2 -125 0 2.2 -106.3194 55.875 2.2 -114.25 58 2.2 -113.6806 60.125 2.2 -107.875 54.31939 2.2 -113.6806 55.875 2.2 -112.125 61.68061 2.2 -110 62.25 2.2 -107.875 61.68061 2.2 -136.3194 60.125 2.2 -135.75 58 2.2 -142.125 61.68061 2.2 -140 62.25 2.2 -137.875 61.68061 2.2 -136.3194 55.875 2.2 -137.875 54.31939 2.2 -147.125 0 2.2 -140 53.75 2.2 -142.125 54.31939 2.2 -143.6806 55.875 2.2 -144.25 58 2.2 -143.6806 60.125 2.2 142.125 -54.31939 2.2 143.6806 -55.875 2.2 144.25 -58 2.2 143.6806 -60.125 2.2 136.3194 -60.125 2.2 135.75 -58 2.2 125 -73 2.2 136.3194 -55.875 2.2 137.875 -54.31939 2.2 140 -53.75 2.2 142.125 -61.68061 2.2 140 -62.25 2.2 137.875 -61.68061 2.2 110 -62.25 2.2 107.875 -61.68061 2.2 0 -73 2.2 113.6806 -60.125 2.2 112.125 -61.68061 2.2 106.3194 -60.125 2.2 105.75 -58 2.2 106.3194 -55.875 2.2 107.875 -54.31939 2.2 110 -53.75 2.2 112.125 -54.31939 2.2 113.6806 -55.875 2.2 114.25 -58 2.2 -125 -73 2.2 -113.6806 -60.125 2.2 -114.25 -58 2.2 -113.6806 -55.875 2.2 -112.125 -54.31939 2.2 -107.875 -61.68061 2.2 -110 -62.25 2.2 -112.125 -61.68061 2.2 -110 -53.75 2.2 -107.875 -54.31939 2.2 -106.3194 -55.875 2.2 -105.75 -58 2.2 -106.3194 -60.125 2.2 -136.3194 -55.875 2.2 -135.75 -58 2.2 -143.6806 -55.875 2.2 -144.25 -58 2.2 -147.125 -73 2.2 -143.6806 -60.125 2.2 -142.125 -61.68061 2.2 -142.125 -54.31939 2.2 -140 -53.75 2.2 -137.875 -54.31939 2.2 -136.3194 -60.125 2.2 -137.875 -61.68061 2.2 -140 -62.25 2.2 142.125 -84.31939 2.2 143.6806 -85.875 2.2 144.25 -88 2.2 143.6806 -90.125 2.2 136.3194 -90.125 2.2 135.75 -88 2.2 142.125 -91.68061 2.2 140 -92.25 2.2 137.875 -91.68061 2.2 136.3194 -85.875 2.2 137.875 -84.31939 2.2 140 -83.75 2.2 107.875 -84.31939 2.2 110 -83.75 2.2 112.125 -84.31939 2.2 113.6806 -85.875 2.2 114.25 -88 2.2 113.6806 -90.125 2.2 107.875 -91.68061 2.2 0 -96.125 2.2 110 -92.25 2.2 112.125 -91.68061 2.2 106.3194 -90.125 2.2 105.75 -88 2.2 106.3194 -85.875 2.2 -106.3194 -90.125 2.2 -107.875 -91.68061 2.2 -110 -92.25 2.2 -125 -96.125 2.2 -112.125 -91.68061 2.2 -113.6806 -90.125 2.2 -114.25 -88 2.2 -113.6806 -85.875 2.2 -112.125 -84.31939 2.2 -110 -83.75 2.2 -107.875 -84.31939 2.2 -106.3194 -85.875 2.2 -105.75 -88 2.2 -136.3194 -85.875 2.2 -135.75 -88 2.2 -136.3194 -90.125 2.2 -143.6806 -85.875 2.2 -144.25 -88 2.2 -147.125 -96.125 2.2 -143.6806 -90.125 2.2 -137.875 -91.68061 2.2 -140 -92.25 2.2 -142.125 -91.68061 2.2 -142.125 -84.31939 2.2 -140 -83.75 2.2 -137.875 -84.31939 2.2 -143.6806 -85.875 7.4 -142.125 -84.31939 7.4 -140 -83.75 7.4 -137.875 -84.31939 7.4 -136.3194 -85.875 7.4 -135.75 -88 7.4 -136.3194 -90.125 7.4 -137.875 -91.68061 7.4 -140 -92.25 7.4 -142.125 -91.68061 7.4 -143.6806 -90.125 7.4 -144.25 -88 7.4 -140 -88 7.4 -113.6806 -85.875 7.4 -112.125 -84.31939 7.4 -110 -83.75 7.4 -107.875 -84.31939 7.4 -106.3194 -85.875 7.4 -105.75 -88 7.4 -106.3194 -90.125 7.4 -107.875 -91.68061 7.4 -110 -92.25 7.4 -112.125 -91.68061 7.4 -113.6806 -90.125 7.4 -114.25 -88 7.4 -110 -88 7.4 -143.6806 -55.875 7.4 -142.125 -54.31939 7.4 -140 -53.75 7.4 -137.875 -54.31939 7.4 -136.3194 -55.875 7.4 -135.75 -58 7.4 -136.3194 -60.125 7.4 -137.875 -61.68061 7.4 -140 -62.25 7.4 -142.125 -61.68061 7.4 -143.6806 -60.125 7.4 -144.25 -58 7.4 -140 -58 7.4 -113.6806 -55.875 7.4 -112.125 -54.31939 7.4 -110 -53.75 7.4 -107.875 -54.31939 7.4 -106.3194 -55.875 7.4 -105.75 -58 7.4 -106.3194 -60.125 7.4 -107.875 -61.68061 7.4 -110 -62.25 7.4 -112.125 -61.68061 7.4 -113.6806 -60.125 7.4 -114.25 -58 7.4 -110 -58 7.4 106.3194 -55.875 7.4 107.875 -54.31939 7.4 110 -53.75 7.4 112.125 -54.31939 7.4 113.6806 -55.875 7.4 114.25 -58 7.4 113.6806 -60.125 7.4 112.125 -61.68061 7.4 110 -62.25 7.4 107.875 -61.68061 7.4 106.3194 -60.125 7.4 105.75 -58 7.4 110 -58 7.4 106.3194 -85.875 7.4 107.875 -84.31939 7.4 110 -83.75 7.4 112.125 -84.31939 7.4 113.6806 -85.875 7.4 114.25 -88 7.4 113.6806 -90.125 7.4 112.125 -91.68061 7.4 110 -92.25 7.4 107.875 -91.68061 7.4 106.3194 -90.125 7.4 105.75 -88 7.4 110 -88 7.4 136.3194 -85.875 7.4 137.875 -84.31939 7.4 140 -83.75 7.4 142.125 -84.31939 7.4 143.6806 -85.875 7.4 144.25 -88 7.4 143.6806 -90.125 7.4 142.125 -91.68061 7.4 140 -92.25 7.4 137.875 -91.68061 7.4 136.3194 -90.125 7.4 135.75 -88 7.4 140 -88 7.4 136.3194 -55.875 7.4 137.875 -54.31939 7.4 140 -53.75 7.4 142.125 -54.31939 7.4 143.6806 -55.875 7.4 144.25 -58 7.4 143.6806 -60.125 7.4 142.125 -61.68061 7.4 140 -62.25 7.4 137.875 -61.68061 7.4 136.3194 -60.125 7.4 135.75 -58 7.4 140 -58 7.4 136.3194 60.125 7.4 137.875 61.68061 7.4 140 62.25 7.4 142.125 61.68061 7.4 143.6806 60.125 7.4 144.25 58 7.4 143.6806 55.875 7.4 142.125 54.31939 7.4 140 53.75 7.4 137.875 54.31939 7.4 136.3194 55.875 7.4 135.75 58 7.4 140 58 7.4 136.3194 90.125 7.4 137.875 91.68061 7.4 140 92.25 7.4 142.125 91.68061 7.4 143.6806 90.125 7.4 144.25 88 7.4 143.6806 85.875 7.4 142.125 84.31939 7.4 140 83.75 7.4 137.875 84.31939 7.4 136.3194 85.875 7.4 135.75 88 7.4 140 88 7.4 106.3194 90.125 7.4 107.875 91.68061 7.4 110 92.25 7.4 112.125 91.68061 7.4 113.6806 90.125 7.4 114.25 88 7.4 113.6806 85.875 7.4 112.125 84.31939 7.4 110 83.75 7.4 107.875 84.31939 7.4 106.3194 85.875 7.4 105.75 88 7.4 110 88 7.4 106.3194 60.125 7.4 107.875 61.68061 7.4 110 62.25 7.4 112.125 61.68061 7.4 113.6806 60.125 7.4 114.25 58 7.4 113.6806 55.875 7.4 112.125 54.31939 7.4 110 53.75 7.4 107.875 54.31939 7.4 106.3194 55.875 7.4 105.75 58 7.4 110 58 7.4 -113.6806 60.125 7.4 -112.125 61.68061 7.4 -110 62.25 7.4 -107.875 61.68061 7.4 -106.3194 60.125 7.4 -105.75 58 7.4 -106.3194 55.875 7.4 -107.875 54.31939 7.4 -110 53.75 7.4 -112.125 54.31939 7.4 -113.6806 55.875 7.4 -114.25 58 7.4 -110 58 7.4 -113.6806 90.125 7.4 -112.125 91.68061 7.4 -110 92.25 7.4 -107.875 91.68061 7.4 -106.3194 90.125 7.4 -105.75 88 7.4 -106.3194 85.875 7.4 -107.875 84.31939 7.4 -110 83.75 7.4 -112.125 84.31939 7.4 -113.6806 85.875 7.4 -114.25 88 7.4 -110 88 7.4 -143.6806 90.125 7.4 -142.125 91.68061 7.4 -140 92.25 7.4 -137.875 91.68061 7.4 -136.3194 90.125 7.4 -135.75 88 7.4 -136.3194 85.875 7.4 -137.875 84.31939 7.4 -140 83.75 7.4 -142.125 84.31939 7.4 -143.6806 85.875 7.4 -144.25 88 7.4 -140 88 7.4 -143.6806 60.125 7.4 -142.125 61.68061 7.4 -140 62.25 7.4 -137.875 61.68061 7.4 -136.3194 60.125 7.4 -135.75 58 7.4 -136.3194 55.875 7.4 -137.875 54.31939 7.4 -140 53.75 7.4 -142.125 54.31939 7.4 -143.6806 55.875 7.4 -144.25 58 7.4 -140 58 7.4 99.8 -100 -4.3 150 -100 -4.3 150 -99.67269 -2.654461 99.8 -99.67269 -2.654461 150 -98.74057 -1.259441 99.8 -98.74057 -1.259441 150 -97.34554 -0.327318 99.8 -97.34554 -0.327318 150 -95.70001 0 99.8 -95.70001 0 99.8 -49 0 99.8 -95.70001 0 150 -49 0 150 -95.70001 0 99.8 -49 -3.3 150 -49 -3.3 99.8 -95.70001 -3.3 150 -95.70001 -3.3 99.8 -96.08268 -3.376121 150 -96.08268 -3.376121 99.8 -96.40711 -3.592893 150 -96.40711 -3.592893 99.8 -96.62389 -3.917316 150 -96.62389 -3.917316 99.8 -96.7 -4.3 150 -96.7 -4.3 139.4541 -96.7 -21.35336 136.992 -96.7 -17.52223 133.5503 -96.7 -14.53994 116.2498 -96.7 -14.53994 112.808 -96.7 -17.52223 129.4077 -96.7 -12.64811 124.9 -96.7 -12 120.3923 -96.7 -12.64811 110.3459 -96.7 -34.64664 112.808 -96.7 -38.47777 99.8 -96.7 -53 116.2498 -96.7 -41.46006 150 -96.7 -53 133.5503 -96.7 -41.46006 136.992 -96.7 -38.47777 110.3459 -96.7 -21.35336 109.0629 -96.7 -25.72296 109.0629 -96.7 -30.27704 120.3923 -96.7 -43.35189 124.9 -96.7 -44 129.4077 -96.7 -43.35189 139.4541 -96.7 -34.64664 140.7371 -96.7 -30.27704 140.7371 -96.7 -25.72296 99.8 -100 -53 150 -100 -53 144.8186 -100 -39.5 141.6296 -100 -43.78356 137.5387 -100 -47.21622 132.7665 -100 -49.61293 117.0335 -100 -49.61293 112.2613 -100 -47.21622 108.1704 -100 -43.78356 104.9814 -100 -39.5 135.2224 -100 -7.446449 139.6841 -100 -10.38098 143.3488 -100 -14.26535 146.019 -100 -18.89017 127.5701 -100 -50.84448 124.9 -100 -51 122.2299 -100 -50.84448 147.5506 -100 -24.00609 147.8611 -100 -29.33733 146.9338 -100 -34.59647 102.8662 -100 -34.59647 101.9389 -100 -29.33733 102.2494 -100 -24.00609 103.781 -100 -18.89017 106.4512 -100 -14.26535 110.1159 -100 -10.38098 114.5776 -100 -7.446449 119.5958 -100 -5.619968 124.9 -100 -5 130.2042 -100 -5.619968 127.5701 -108 -50.84448 124.9 -108 -51 122.2299 -108 -50.84448 117.0335 -108 -49.61293 112.2613 -108 -47.21622 108.1704 -108 -43.78356 104.9814 -108 -39.5 102.8662 -108 -34.59647 101.9389 -108 -29.33733 102.2494 -108 -24.00609 103.781 -108 -18.89017 106.4512 -108 -14.26535 110.1159 -108 -10.38098 114.5776 -108 -7.446449 119.5958 -108 -5.619968 124.9 -108 -5 130.2042 -108 -5.619968 135.2224 -108 -7.446449 139.6841 -108 -10.38098 143.3488 -108 -14.26535 146.019 -108 -18.89017 147.5506 -108 -24.00609 147.8611 -108 -29.33733 146.9338 -108 -34.59647 144.8186 -108 -39.5 141.6296 -108 -43.78356 137.5387 -108 -47.21622 132.7665 -108 -49.61293 117.9579 -108 -19.72672 115.5469 -108 -22.6 114.2641 -108 -26.1246 124.9 -108 -38.8 121.2062 -108 -38.14868 134.2531 -108 -33.4 135.5359 -108 -29.8754 135.5359 -108 -26.1246 134.2531 -108 -22.6 131.8421 -108 -36.27328 115.5469 -108 -33.4 117.9579 -108 -36.27328 114.2641 -108 -29.8754 124.9 -108 -17.2 121.2062 -108 -17.85132 128.5938 -108 -38.14868 131.8421 -108 -19.72672 128.5938 -108 -17.85132 128.5938 -140 -17.85132 131.8421 -140 -19.72672 134.2531 -140 -22.6 135.5359 -140 -26.1246 135.5359 -140 -29.8754 134.2531 -140 -33.4 131.8421 -140 -36.27328 128.5938 -140 -38.14868 124.9 -140 -38.8 121.2062 -140 -38.14868 117.9579 -140 -36.27328 115.5469 -140 -33.4 114.2641 -140 -29.8754 114.2641 -140 -26.1246 115.5469 -140 -22.6 117.9579 -140 -19.72672 121.2062 -140 -17.85132 124.9 -140 -17.2 124.9 -140 -28 129.4077 -21.7 -43.35189 133.5503 -21.7 -41.46006 136.992 -21.7 -38.47777 139.4541 -21.7 -34.64664 140.7371 -21.7 -30.27704 140.7371 -21.7 -25.72296 139.4541 -21.7 -21.35336 136.992 -21.7 -17.52223 133.5503 -21.7 -14.53994 129.4077 -21.7 -12.64811 124.9 -21.7 -12 120.3923 -21.7 -12.64811 116.2498 -21.7 -14.53994 112.808 -21.7 -17.52223 110.3459 -21.7 -21.35336 109.0629 -21.7 -25.72296 109.0629 -21.7 -30.27704 110.3459 -21.7 -34.64664 112.808 -21.7 -38.47777 116.2498 -21.7 -41.46006 120.3923 -21.7 -43.35189 124.9 -21.7 -44 124.9 -21.7 -28 99.8 95.70001 0 150 95.70001 0 150 97.34554 -0.327318 99.8 97.34554 -0.327318 150 98.74057 -1.259441 99.8 98.74057 -1.259441 150 99.67269 -2.654461 99.8 99.67269 -2.654461 150 100 -4.3 99.8 100 -4.3 99.8 95.70001 0 99.8 49 0 150 95.70001 0 150 49 0 99.8 49 -3.3 150 49 -3.3 99.8 95.70001 -3.3 150 95.70001 -3.3 99.8 96.7 -4.3 150 96.7 -4.3 99.8 96.62389 -3.917316 150 96.62389 -3.917316 99.8 96.40711 -3.592893 150 96.40711 -3.592893 99.8 96.08268 -3.376121 150 96.08268 -3.376121 120.3923 96.7 -43.35189 116.2498 96.7 -41.46006 99.8 96.7 -53 112.808 96.7 -38.47777 124.9 96.7 -44 150 96.7 -53 129.4077 96.7 -43.35189 110.3459 96.7 -34.64664 109.0629 96.7 -30.27704 109.0629 96.7 -25.72296 110.3459 96.7 -21.35336 112.808 96.7 -17.52223 116.2498 96.7 -14.53994 139.4541 96.7 -34.64664 136.992 96.7 -38.47777 133.5503 96.7 -41.46006 133.5503 96.7 -14.53994 136.992 96.7 -17.52223 139.4541 96.7 -21.35336 140.7371 96.7 -25.72296 140.7371 96.7 -30.27704 120.3923 96.7 -12.64811 124.9 96.7 -12 129.4077 96.7 -12.64811 99.8 100 -53 150 100 -53 146.019 100 -18.89017 143.3488 100 -14.26535 139.6841 100 -10.38098 135.2224 100 -7.446449 130.2042 100 -5.619968 124.9 100 -5 119.5958 100 -5.619968 114.5776 100 -7.446449 110.1159 100 -10.38098 106.4512 100 -14.26535 103.781 100 -18.89017 102.2494 100 -24.00609 101.9389 100 -29.33733 102.8662 100 -34.59647 104.9814 100 -39.5 108.1704 100 -43.78356 112.2613 100 -47.21622 117.0335 100 -49.61293 144.8186 100 -39.5 146.9338 100 -34.59647 147.8611 100 -29.33733 147.5506 100 -24.00609 132.7665 100 -49.61293 137.5387 100 -47.21622 141.6296 100 -43.78356 122.2299 100 -50.84448 124.9 100 -51 127.5701 100 -50.84448 122.2299 108 -50.84448 124.9 108 -51 127.5701 108 -50.84448 132.7665 108 -49.61293 137.5387 108 -47.21622 141.6296 108 -43.78356 144.8186 108 -39.5 146.9338 108 -34.59647 147.8611 108 -29.33733 147.5506 108 -24.00609 146.019 108 -18.89017 143.3488 108 -14.26535 139.6841 108 -10.38098 135.2224 108 -7.446449 130.2042 108 -5.619968 124.9 108 -5 119.5958 108 -5.619968 114.5776 108 -7.446449 110.1159 108 -10.38098 106.4512 108 -14.26535 103.781 108 -18.89017 102.2494 108 -24.00609 101.9389 108 -29.33733 102.8662 108 -34.59647 104.9814 108 -39.5 108.1704 108 -43.78356 112.2613 108 -47.21622 117.0335 108 -49.61293 121.2062 108 -17.85132 124.9 108 -17.2 128.5938 108 -17.85132 131.8421 108 -19.72672 115.5469 108 -22.6 117.9579 108 -19.72672 115.5469 108 -33.4 114.2641 108 -29.8754 114.2641 108 -26.1246 117.9579 108 -36.27328 134.2531 108 -33.4 135.5359 108 -29.8754 134.2531 108 -22.6 135.5359 108 -26.1246 124.9 108 -38.8 128.5938 108 -38.14868 121.2062 108 -38.14868 131.8421 108 -36.27328 121.2062 140 -17.85132 117.9579 140 -19.72672 115.5469 140 -22.6 114.2641 140 -26.1246 114.2641 140 -29.8754 115.5469 140 -33.4 117.9579 140 -36.27328 121.2062 140 -38.14868 124.9 140 -38.8 128.5938 140 -38.14868 131.8421 140 -36.27328 134.2531 140 -33.4 135.5359 140 -29.8754 135.5359 140 -26.1246 134.2531 140 -22.6 131.8421 140 -19.72672 128.5938 140 -17.85132 124.9 140 -17.2 124.9 140 -28 120.3923 21.7 -43.35189 116.2498 21.7 -41.46006 112.808 21.7 -38.47777 110.3459 21.7 -34.64664 109.0629 21.7 -30.27704 109.0629 21.7 -25.72296 110.3459 21.7 -21.35336 112.808 21.7 -17.52223 116.2498 21.7 -14.53994 120.3923 21.7 -12.64811 124.9 21.7 -12 129.4077 21.7 -12.64811 133.5503 21.7 -14.53994 136.992 21.7 -17.52223 139.4541 21.7 -21.35336 140.7371 21.7 -25.72296 140.7371 21.7 -30.27704 139.4541 21.7 -34.64664 136.992 21.7 -38.47777 133.5503 21.7 -41.46006 129.4077 21.7 -43.35189 124.9 21.7 -44 124.9 21.7 -28 -99.8 -95.70001 0 -150 -95.70001 0 -150 -97.34554 -0.327318 -99.8 -97.34554 -0.327318 -150 -98.74057 -1.259441 -99.8 -98.74057 -1.259441 -150 -99.67269 -2.654461 -99.8 -99.67269 -2.654461 -150 -100 -4.3 -99.8 -100 -4.3 -99.8 -95.70001 0 -99.8 -49 0 -150 -95.70001 0 -150 -49 0 -99.8 -49 -3.3 -150 -49 -3.3 -99.8 -95.70001 -3.3 -150 -95.70001 -3.3 -99.8 -96.7 -4.3 -150 -96.7 -4.3 -99.8 -96.62389 -3.917316 -150 -96.62389 -3.917316 -99.8 -96.40711 -3.592893 -150 -96.40711 -3.592893 -99.8 -96.08268 -3.376121 -150 -96.08268 -3.376121 -133.5503 -96.7 -14.53994 -136.992 -96.7 -17.52223 -99.8 -96.7 -53 -116.2498 -96.7 -41.46006 -112.808 -96.7 -38.47777 -112.808 -96.7 -17.52223 -116.2498 -96.7 -14.53994 -110.3459 -96.7 -21.35336 -120.3923 -96.7 -12.64811 -124.9 -96.7 -12 -129.4077 -96.7 -12.64811 -110.3459 -96.7 -34.64664 -109.0629 -96.7 -30.27704 -109.0629 -96.7 -25.72296 -133.5503 -96.7 -41.46006 -150 -96.7 -53 -136.992 -96.7 -38.47777 -139.4541 -96.7 -34.64664 -129.4077 -96.7 -43.35189 -124.9 -96.7 -44 -120.3923 -96.7 -43.35189 -139.4541 -96.7 -21.35336 -140.7371 -96.7 -25.72296 -140.7371 -96.7 -30.27704 -99.8 -100 -53 -150 -100 -53 -146.019 -100 -18.89017 -143.3488 -100 -14.26535 -139.6841 -100 -10.38098 -135.2224 -100 -7.446449 -114.5776 -100 -7.446449 -110.1159 -100 -10.38098 -102.8662 -100 -34.59647 -104.9814 -100 -39.5 -132.7665 -100 -49.61293 -137.5387 -100 -47.21622 -141.6296 -100 -43.78356 -144.8186 -100 -39.5 -146.9338 -100 -34.59647 -147.8611 -100 -29.33733 -147.5506 -100 -24.00609 -108.1704 -100 -43.78356 -112.2613 -100 -47.21622 -117.0335 -100 -49.61293 -122.2299 -100 -50.84448 -124.9 -100 -51 -127.5701 -100 -50.84448 -101.9389 -100 -29.33733 -102.2494 -100 -24.00609 -106.4512 -100 -14.26535 -103.781 -100 -18.89017 -130.2042 -100 -5.619968 -124.9 -100 -5 -119.5958 -100 -5.619968 -122.2299 -108 -50.84448 -124.9 -108 -51 -127.5701 -108 -50.84448 -132.7665 -108 -49.61293 -137.5387 -108 -47.21622 -141.6296 -108 -43.78356 -144.8186 -108 -39.5 -146.9338 -108 -34.59647 -147.8611 -108 -29.33733 -147.5506 -108 -24.00609 -146.019 -108 -18.89017 -143.3488 -108 -14.26535 -139.6841 -108 -10.38098 -135.2224 -108 -7.446449 -130.2042 -108 -5.619968 -124.9 -108 -5 -119.5958 -108 -5.619968 -114.5776 -108 -7.446449 -110.1159 -108 -10.38098 -106.4512 -108 -14.26535 -103.781 -108 -18.89017 -102.2494 -108 -24.00609 -101.9389 -108 -29.33733 -102.8662 -108 -34.59647 -104.9814 -108 -39.5 -108.1704 -108 -43.78356 -112.2613 -108 -47.21622 -117.0335 -108 -49.61293 -124.9 -108 -38.8 -128.5938 -108 -38.14868 -134.2531 -108 -33.4 -131.8421 -108 -36.27328 -115.5469 -108 -33.4 -117.9579 -108 -36.27328 -121.2062 -108 -38.14868 -131.8421 -108 -19.72672 -128.5938 -108 -17.85132 -115.5469 -108 -22.6 -117.9579 -108 -19.72672 -121.2062 -108 -17.85132 -114.2641 -108 -29.8754 -114.2641 -108 -26.1246 -135.5359 -108 -29.8754 -134.2531 -108 -22.6 -135.5359 -108 -26.1246 -124.9 -108 -17.2 -121.2062 -140 -17.85132 -117.9579 -140 -19.72672 -115.5469 -140 -22.6 -114.2641 -140 -26.1246 -114.2641 -140 -29.8754 -115.5469 -140 -33.4 -117.9579 -140 -36.27328 -121.2062 -140 -38.14868 -124.9 -140 -38.8 -128.5938 -140 -38.14868 -131.8421 -140 -36.27328 -134.2531 -140 -33.4 -135.5359 -140 -29.8754 -135.5359 -140 -26.1246 -134.2531 -140 -22.6 -131.8421 -140 -19.72672 -128.5938 -140 -17.85132 -124.9 -140 -17.2 -124.9 -140 -28 -120.3923 -21.7 -43.35189 -116.2498 -21.7 -41.46006 -112.808 -21.7 -38.47777 -110.3459 -21.7 -34.64664 -109.0629 -21.7 -30.27704 -109.0629 -21.7 -25.72296 -110.3459 -21.7 -21.35336 -112.808 -21.7 -17.52223 -116.2498 -21.7 -14.53994 -120.3923 -21.7 -12.64811 -124.9 -21.7 -12 -129.4077 -21.7 -12.64811 -133.5503 -21.7 -14.53994 -136.992 -21.7 -17.52223 -139.4541 -21.7 -21.35336 -140.7371 -21.7 -25.72296 -140.7371 -21.7 -30.27704 -139.4541 -21.7 -34.64664 -136.992 -21.7 -38.47777 -133.5503 -21.7 -41.46006 -129.4077 -21.7 -43.35189 -124.9 -21.7 -44 -124.9 -21.7 -28 -99.8 100 -4.3 -150 100 -4.3 -150 99.67269 -2.654461 -99.8 99.67269 -2.654461 -150 98.74057 -1.259441 -99.8 98.74057 -1.259441 -150 97.34554 -0.327318 -99.8 97.34554 -0.327318 -150 95.70001 0 -99.8 95.70001 0 -99.8 49 0 -99.8 95.70001 0 -150 49 0 -150 95.70001 0 -99.8 49 -3.3 -150 49 -3.3 -99.8 95.70001 -3.3 -150 95.70001 -3.3 -99.8 96.08268 -3.376121 -150 96.08268 -3.376121 -99.8 96.40711 -3.592893 -150 96.40711 -3.592893 -99.8 96.62389 -3.917316 -150 96.62389 -3.917316 -99.8 96.7 -4.3 -150 96.7 -4.3 -116.2498 96.7 -14.53994 -112.808 96.7 -17.52223 -110.3459 96.7 -34.64664 -112.808 96.7 -38.47777 -99.8 96.7 -53 -150 96.7 -53 -133.5503 96.7 -41.46006 -136.992 96.7 -38.47777 -124.9 96.7 -44 -129.4077 96.7 -43.35189 -140.7371 96.7 -25.72296 -140.7371 96.7 -30.27704 -139.4541 96.7 -34.64664 -116.2498 96.7 -41.46006 -120.3923 96.7 -43.35189 -139.4541 96.7 -21.35336 -136.992 96.7 -17.52223 -133.5503 96.7 -14.53994 -110.3459 96.7 -21.35336 -109.0629 96.7 -25.72296 -109.0629 96.7 -30.27704 -129.4077 96.7 -12.64811 -124.9 96.7 -12 -120.3923 96.7 -12.64811 -99.8 100 -53 -150 100 -53 -124.9 100 -5 -130.2042 100 -5.619968 -135.2224 100 -7.446449 -139.6841 100 -10.38098 -143.3488 100 -14.26535 -146.019 100 -18.89017 -147.5506 100 -24.00609 -147.8611 100 -29.33733 -146.9338 100 -34.59647 -144.8186 100 -39.5 -141.6296 100 -43.78356 -137.5387 100 -47.21622 -132.7665 100 -49.61293 -117.0335 100 -49.61293 -112.2613 100 -47.21622 -108.1704 100 -43.78356 -104.9814 100 -39.5 -102.2494 100 -24.00609 -101.9389 100 -29.33733 -102.8662 100 -34.59647 -103.781 100 -18.89017 -106.4512 100 -14.26535 -110.1159 100 -10.38098 -114.5776 100 -7.446449 -119.5958 100 -5.619968 -127.5701 100 -50.84448 -124.9 100 -51 -122.2299 100 -50.84448 -127.5701 108 -50.84448 -124.9 108 -51 -122.2299 108 -50.84448 -117.0335 108 -49.61293 -112.2613 108 -47.21622 -108.1704 108 -43.78356 -104.9814 108 -39.5 -102.8662 108 -34.59647 -101.9389 108 -29.33733 -102.2494 108 -24.00609 -103.781 108 -18.89017 -106.4512 108 -14.26535 -110.1159 108 -10.38098 -114.5776 108 -7.446449 -119.5958 108 -5.619968 -124.9 108 -5 -130.2042 108 -5.619968 -135.2224 108 -7.446449 -139.6841 108 -10.38098 -143.3488 108 -14.26535 -146.019 108 -18.89017 -147.5506 108 -24.00609 -147.8611 108 -29.33733 -146.9338 108 -34.59647 -144.8186 108 -39.5 -141.6296 108 -43.78356 -137.5387 108 -47.21622 -132.7665 108 -49.61293 -117.9579 108 -19.72672 -115.5469 108 -22.6 -114.2641 108 -26.1246 -131.8421 108 -19.72672 -128.5938 108 -17.85132 -124.9 108 -17.2 -134.2531 108 -33.4 -135.5359 108 -29.8754 -135.5359 108 -26.1246 -134.2531 108 -22.6 -121.2062 108 -17.85132 -131.8421 108 -36.27328 -124.9 108 -38.8 -128.5938 108 -38.14868 -121.2062 108 -38.14868 -115.5469 108 -33.4 -117.9579 108 -36.27328 -114.2641 108 -29.8754 -128.5938 140 -17.85132 -131.8421 140 -19.72672 -134.2531 140 -22.6 -135.5359 140 -26.1246 -135.5359 140 -29.8754 -134.2531 140 -33.4 -131.8421 140 -36.27328 -128.5938 140 -38.14868 -124.9 140 -38.8 -121.2062 140 -38.14868 -117.9579 140 -36.27328 -115.5469 140 -33.4 -114.2641 140 -29.8754 -114.2641 140 -26.1246 -115.5469 140 -22.6 -117.9579 140 -19.72672 -121.2062 140 -17.85132 -124.9 140 -17.2 -124.9 140 -28 -129.4077 21.7 -43.35189 -133.5503 21.7 -41.46006 -136.992 21.7 -38.47777 -139.4541 21.7 -34.64664 -140.7371 21.7 -30.27704 -140.7371 21.7 -25.72296 -139.4541 21.7 -21.35336 -136.992 21.7 -17.52223 -133.5503 21.7 -14.53994 -129.4077 21.7 -12.64811 -124.9 21.7 -12 -120.3923 21.7 -12.64811 -116.2498 21.7 -14.53994 -112.808 21.7 -17.52223 -110.3459 21.7 -21.35336 -109.0629 21.7 -25.72296 -109.0629 21.7 -30.27704 -110.3459 21.7 -34.64664 -112.808 21.7 -38.47777 -116.2498 21.7 -41.46006 -120.3923 21.7 -43.35189 -124.9 21.7 -44 -124.9 21.7 -28</float_array>
          <technique_common>
            <accessor source="#base-mesh-positions-array" count="1112" stride="3">
              <param name="X" type="float"/>
              <param name="Y" type="float"/>
              <param name="Z" type="float"/>
            </accessor>
          </technique_common>
        </source>
        <source id="base-mesh-normals">
          <float_array id="base-mesh-normals-array" count="6564">-1 0 0 -1 0 0 -1 0 0 -1 0 0 -1 0 0 -1 0 0 0 -1 0 0 -1 0 0 -1 0 0 -1 0 0 -1 0 0 -1 0 1 0 0 1 0 0 1 0 0 1 0 0 1 0 0 1 0 0 0 1 0 0 1 0 0 1 0 0 1 0 0 1 0 0 1 0 0 0 1 0 0 1 0 0 1 0 0 1 0 0 1 0 0 1 0 0 1 0 0 1 0 0 1 0 0 1 0 0 1 0 0 1 0 0 1 0 0 1 0 0 1 0 0 1 0 0 1 0 0 1 0 0 1 0 0 1 0 0 1 0 0 1 0 0 1 0 0 1 0 0 1 0 0 1 0 0 1 0 0 1 0 0 1 0 0 1 0 0 1 0 0 1 0 0 1 0 0 1 0 0 1 0 0 1 0 0 1 0 0 1 0 0 1 0 0 1 0 0 1 0 0 1 0 0 1 0 0 1 0 0 1 0 0 1 0 0 1 0 0 1 0 0 1 0 0 1 0 0 1 0 0 1 0 0 1 0 0 1 0 0 1 0 0 1 0 0 1 0 0 1 0 0 1 0 0 1 0 0 1 0 0 1 0 0 1 0 0 1 0 0 1 0 0 1 0 0 1 0 0 1 0 0 1 0 0 1 0 0 1 0 0 1 0 0 1 0 0 1 0 0 1 0 0 1 0 0 1 0 0 1 0 0 1 0 0 1 0 0 1 0 0 1 0 0 1 0 0 1 0 0 1 0 0 1 0 0 1 0 0 1 0 0 1 0 0 1 0 0 1 0 0 1 0 0 1 0 0 1 0 0 1 0 0 1 0 0 1 0 0 1 0 0 1 0 0 1 0 0 1 0 0 1 0 0 1 0 0 1 0 0 1 0 0 1 0 0 1 0 0 1 0 0 1 0 0 1 0 0 1 0 0 1 0 0 1 0 0 1 0 0 1 0 0 1 0 0 1 0 0 1 0 0 1 0 0 1 0 0 1 0 0 1 0 0 1 0 0 1 0 0 1 0 0 1 0 0 1 0 0 1 0 0 1 0 0 1 0 0 1 0 0 1 0 0 1 0 0 1 0 0 1 0 0 1 0 0 1 0 0 1 0 0 1 0 0 1 0 0 1 0 0 1 0 0 1 0 0 1 0 0 1 0 0 1 0 0 1 0 0 1 0 0 1 0 0 1 0 0 1 0 0 1 0 0 1 0 0 1 0 0 1 0 0 1 0 0 1 0 0 1 0 0 1 0 0 1 0 0 1 0 0 1 0 0 1 0 0 1 0 0 1 0 0 1 0 0 1 0 0 1 0 0 1 0 0 1 0 0 1 0 0 1 0 0 1 0 0 1 0 0 1 0 0 1 0 0 1 0 0 1 0 0 1 0 0 1 0 0 1 0 0 1 0 0 1 0 0 1 0 0 1 0 0 1 0 0 1 0 0 1 0 0 1 0 0 1 0 0 1 0 0 1 0 0 1 0 0 1 0 0 1 0 0 1 0 0 1 0 0 1 0 0 1 0 0 1 0 0 1 0 0 1 0 0 1 0 0 1 0 0 1 0 0 1 0 0 1 0 0 1 0 0 1 0 0 1 0 0 1 0 0 1 0 0 1 0 0 1 0 0 1 0 0 1 0 0 1 0 0 1 0 0 1 0 0 1 0 0 1 0 0 1 0 0 1 0 0 1 0 0 1 0 0 1 0 0 1 0 0 1 0 0 1 0 0 1 0 0 1 0 0 1 0 0 1 0 0 1 0 0 1 0 0 1 0 0 1 0 0 1 0 0 1 0 0 1 0 0 1 0 0 1 0 0 1 0 0 1 0 0 1 0 0 1 0 0 1 0 0 1 0 0 1 0 0 1 0 0 1 0 0 1 0 0 1 0 0 1 0 0 1 0 0 1 0 0 1 0 0 1 0 0 1 0 0 1 0 0 1 0 0 1 0 0 1 0 0 1 0 0 1 0 0 1 0 0 1 0 0 1 0 0 1 0 0 1 0 0 1 0 0 1 0 0 1 0 0 1 0 0 -1 0 0 -1 -0.9659252 0.2588211 0 -0.7071086 0.7071051 0 -0.7071086 0.7071051 0 -0.2588179 0.9659261 0 -0.2588179 0.9659261 0 0.2588179 0.9659261 0 0.2588179 0.9659261 0 0.7071086 0.7071051 0 0.7071086 0.7071051 0 0.9659252 0.2588211 0 0.9659252 0.2588211 0 0.9659252 -0.2588211 0 0.9659252 -0.2588211 0 0.7071086 -0.7071051 0 0.7071086 -0.7071051 0 0.2588179 -0.9659261 0 0.2588179 -0.9659261 0 -0.2588179 -0.9659261 0 -0.2588179 -0.9659261 0 -0.7071086 -0.7071051 0 -0.7071086 -0.7071051 0 -0.9659252 -0.2588211 0 -0.9659252 -0.2588211 0 -0.9659252 0.2588211 0 0 0 1 0 0 1 0 0 1 0 0 1 0 0 1 0 0 1 0 0 1 0 0 1 0 0 1 0 0 1 0 0 1 0 0 1 -0.9659261 0.2588179 0 -0.7071068 0.7071068 0 -0.7071068 0.7071068 0 -0.2588179 0.9659261 0 -0.2588179 0.9659261 0 0.2588179 0.9659261 0 0.2588179 0.9659261 0 0.7071068 0.7071068 0 0.7071068 0.7071068 0 0.9659261 0.2588179 0 0.9659261 0.2588179 0 0.9659261 -0.2588179 0 0.9659261 -0.2588179 0 0.7071068 -0.7071068 0 0.7071068 -0.7071068 0 0.2588179 -0.9659261 0 0.2588179 -0.9659261 0 -0.2588179 -0.9659261 0 -0.2588179 -0.9659261 0 -0.7071068 -0.7071068 0 -0.7071068 -0.7071068 0 -0.9659261 -0.2588179 0 -0.9659261 -0.2588179 0 -0.9659261 0.2588179 0 0 0 1 0 0 1 0 0 1 0 0 1 0 0 1 0 0 1 0 0 1 0 0 1 0 0 1 0 0 1 0 0 1 0 0 1 -0.9659252 0.2588211 0 -0.7071077 0.7071059 0 -0.7071077 0.7071059 0 -0.2588195 0.9659258 0 -0.2588195 0.9659258 0 0.2588195 0.9659258 0 0.2588195 0.9659258 0 0.7071077 0.7071059 0 0.7071077 0.7071059 0 0.9659252 0.2588211 0 0.9659252 0.2588211 0 0.9659252 -0.2588211 0 0.9659252 -0.2588211 0 0.7071077 -0.7071059 0 0.7071077 -0.7071059 0 0.2588195 -0.9659258 0 0.2588195 -0.9659258 0 -0.2588195 -0.9659258 0 -0.2588195 -0.9659258 0 -0.7071077 -0.7071059 0 -0.7071077 -0.7071059 0 -0.9659252 -0.2588211 0 -0.9659252 -0.2588211 0 -0.9659252 0.2588211 0 0 0 1 0 0 1 0 0 1 0 0 1 0 0 1 0 0 1 0 0 1 0 0 1 0 0 1 0 0 1 0 0 1 0 0 1 -0.9659261 0.2588179 0 -0.7071059 0.7071077 0 -0.7071059 0.7071077 0 -0.2588195 0.9659258 0 -0.2588195 0.9659258 0 0.2588195 0.9659258 0 0.2588195 0.9659258 0 0.7071059 0.7071077 0 0.7071059 0.7071077 0 0.9659261 0.2588179 0 0.9659261 0.2588179 0 0.9659261 -0.2588179 0 0.9659261 -0.2588179 0 0.7071059 -0.7071077 0 0.7071059 -0.7071077 0 0.2588195 -0.9659258 0 0.2588195 -0.9659258 0 -0.2588195 -0.9659258 0 -0.2588195 -0.9659258 0 -0.7071059 -0.7071077 0 -0.7071059 -0.7071077 0 -0.9659261 -0.2588179 0 -0.9659261 -0.2588179 0 -0.9659261 0.2588179 0 0 0 1 0 0 1 0 0 1 0 0 1 0 0 1 0 0 1 0 0 1 0 0 1 0 0 1 0 0 1 0 0 1 0 0 1 -0.9659261 0.2588179 0 -0.7071059 0.7071077 0 -0.7071059 0.7071077 0 -0.2588195 0.9659258 0 -0.2588195 0.9659258 0 0.2588195 0.9659258 0 0.2588195 0.9659258 0 0.7071059 0.7071077 0 0.7071059 0.7071077 0 0.9659261 0.2588179 0 0.9659261 0.2588179 0 0.9659261 -0.2588179 0 0.9659261 -0.2588179 0 0.7071059 -0.7071077 0 0.7071059 -0.7071077 0 0.2588195 -0.9659258 0 0.2588195 -0.9659258 0 -0.2588195 -0.9659258 0 -0.2588195 -0.9659258 0 -0.7071059 -0.7071077 0 -0.7071059 -0.7071077 0 -0.9659261 -0.2588179 0 -0.9659261 -0.2588179 0 -0.9659261 0.2588179 0 0 0 1 0 0 1 0 0 1 0 0 1 0 0 1 0 0 1 0 0 1 0 0 1 0 0 1 0 0 1 0 0 1 0 0 1 -0.9659261 0.2588179 0 -0.7071068 0.7071068 0 -0.7071068 0.7071068 0 -0.2588179 0.9659261 0 -0.2588179 0.9659261 0 0.2588179 0.9659261 0 0.2588179 0.9659261 0 0.7071068 0.7071068 0 0.7071068 0.7071068 0 0.9659261 0.2588179 0 0.9659261 0.2588179 0 0.9659261 -0.2588179 0 0.9659261 -0.2588179 0 0.7071068 -0.7071068 0 0.7071068 -0.7071068 0 0.2588179 -0.9659261 0 0.2588179 -0.9659261 0 -0.2588179 -0.9659261 0 -0.2588179 -0.9659261 0 -0.7071068 -0.7071068 0 -0.7071068 -0.7071068 0 -0.9659261 -0.2588179 0 -0.9659261 -0.2588179 0 -0.9659261 0.2588179 0 0 0 1 0 0 1 0 0 1 0 0 1 0 0 1 0 0 1 0 0 1 0 0 1 0 0 1 0 0 1 0 0 1 0 0 1 -0.9659252 0.2588211 0 -0.7071086 0.7071051 0 -0.7071086 0.7071051 0 -0.2588179 0.9659261 0 -0.2588179 0.9659261 0 0.2588179 0.9659261 0 0.2588179 0.9659261 0 0.7071086 0.7071051 0 0.7071086 0.7071051 0 0.9659252 0.2588211 0 0.9659252 0.2588211 0 0.9659252 -0.2588211 0 0.9659252 -0.2588211 0 0.7071086 -0.7071051 0 0.7071086 -0.7071051 0 0.2588179 -0.9659261 0 0.2588179 -0.9659261 0 -0.2588179 -0.9659261 0 -0.2588179 -0.9659261 0 -0.7071086 -0.7071051 0 -0.7071086 -0.7071051 0 -0.9659252 -0.2588211 0 -0.9659252 -0.2588211 0 -0.9659252 0.2588211 0 0 0 1 0 0 1 0 0 1 0 0 1 0 0 1 0 0 1 0 0 1 0 0 1 0 0 1 0 0 1 0 0 1 0 0 1 -0.9659252 0.2588211 0 -0.7071077 0.7071059 0 -0.7071077 0.7071059 0 -0.2588195 0.9659258 0 -0.2588195 0.9659258 0 0.2588195 0.9659258 0 0.2588195 0.9659258 0 0.7071077 0.7071059 0 0.7071077 0.7071059 0 0.9659252 0.2588211 0 0.9659252 0.2588211 0 0.9659252 -0.2588211 0 0.9659252 -0.2588211 0 0.7071077 -0.7071059 0 0.7071077 -0.7071059 0 0.2588195 -0.9659258 0 0.2588195 -0.9659258 0 -0.2588195 -0.9659258 0 -0.2588195 -0.9659258 0 -0.7071077 -0.7071059 0 -0.7071077 -0.7071059 0 -0.9659252 -0.2588211 0 -0.9659252 -0.2588211 0 -0.9659252 0.2588211 0 0 0 1 0 0 1 0 0 1 0 0 1 0 0 1 0 0 1 0 0 1 0 0 1 0 0 1 0 0 1 0 0 1 0 0 1 -0.9659252 0.2588211 0 -0.7071077 0.7071059 0 -0.7071077 0.7071059 0 -0.2588195 0.9659258 0 -0.2588195 0.9659258 0 0.2588195 0.9659258 0 0.2588195 0.9659258 0 0.7071077 0.7071059 0 0.7071077 0.7071059 0 0.9659252 0.2588211 0 0.9659252 0.2588211 0 0.9659252 -0.2588211 0 0.9659252 -0.2588211 0 0.7071077 -0.7071059 0 0.7071077 -0.7071059 0 0.2588195 -0.9659258 0 0.2588195 -0.9659258 0 -0.2588195 -0.9659258 0 -0.2588195 -0.9659258 0 -0.7071077 -0.7071059 0 -0.7071077 -0.7071059 0 -0.9659252 -0.2588211 0 -0.9659252 -0.2588211 0 -0.9659252 0.2588211 0 0 0 1 0 0 1 0 0 1 0 0 1 0 0 1 0 0 1 0 0 1 0 0 1 0 0 1 0 0 1 0 0 1 0 0 1 -0.9659252 0.2588211 0 -0.7071086 0.7071051 0 -0.7071086 0.7071051 0 -0.2588179 0.9659261 0 -0.2588179 0.9659261 0 0.2588179 0.9659261 0 0.2588179 0.9659261 0 0.7071086 0.7071051 0 0.7071086 0.7071051 0 0.9659252 0.2588211 0 0.9659252 0.2588211 0 0.9659252 -0.2588211 0 0.9659252 -0.2588211 0 0.7071086 -0.7071051 0 0.7071086 -0.7071051 0 0.2588179 -0.9659261 0 0.2588179 -0.9659261 0 -0.2588179 -0.9659261 0 -0.2588179 -0.9659261 0 -0.7071086 -0.7071051 0 -0.7071086 -0.7071051 0 -0.9659252 -0.2588211 0 -0.9659252 -0.2588211 0 -0.9659252 0.2588211 0 0 0 1 0 0 1 0 0 1 0 0 1 0 0 1 0 0 1 0 0 1 0 0 1 0 0 1 0 0 1 0 0 1 0 0 1 -0.9659261 0.2588179 0 -0.7071068 0.7071068 0 -0.7071068 0.7071068 0 -0.2588179 0.9659261 0 -0.2588179 0.9659261 0 0.2588179 0.9659261 0 0.2588179 0.9659261 0 0.7071068 0.7071068 0 0.7071068 0.7071068 0 0.9659261 0.2588179 0 0.9659261 0.2588179 0 0.9659261 -0.2588179 0 0.9659261 -0.2588179 0 0.7071068 -0.7071068 0 0.7071068 -0.7071068 0 0.2588179 -0.9659261 0 0.2588179 -0.9659261 0 -0.2588179 -0.9659261 0 -0.2588179 -0.9659261 0 -0.7071068 -0.7071068 0 -0.7071068 -0.7071068 0 -0.9659261 -0.2588179 0 -0.9659261 -0.2588179 0 -0.9659261 0.2588179 0 0 0 1 0 0 1 0 0 1 0 0 1 0 0 1 0 0 1 0 0 1 0 0 1 0 0 1 0 0 1 0 0 1 0 0 1 -0.9659261 0.2588179 0 -0.7071059 0.7071077 0 -0.7071059 0.7071077 0 -0.2588195 0.9659258 0 -0.2588195 0.9659258 0 0.2588195 0.9659258 0 0.2588195 0.9659258 0 0.7071059 0.7071077 0 0.7071059 0.7071077 0 0.9659261 0.2588179 0 0.9659261 0.2588179 0 0.9659261 -0.2588179 0 0.9659261 -0.2588179 0 0.7071059 -0.7071077 0 0.7071059 -0.7071077 0 0.2588195 -0.9659258 0 0.2588195 -0.9659258 0 -0.2588195 -0.9659258 0 -0.2588195 -0.9659258 0 -0.7071059 -0.7071077 0 -0.7071059 -0.7071077 0 -0.9659261 -0.2588179 0 -0.9659261 -0.2588179 0 -0.9659261 0.2588179 0 0 0 1 0 0 1 0 0 1 0 0 1 0 0 1 0 0 1 0 0 1 0 0 1 0 0 1 0 0 1 0 0 1 0 0 1 -0.9659261 0.2588179 0 -0.7071059 0.7071077 0 -0.7071059 0.7071077 0 -0.2588195 0.9659258 0 -0.2588195 0.9659258 0 0.2588195 0.9659258 0 0.2588195 0.9659258 0 0.7071059 0.7071077 0 0.7071059 0.7071077 0 0.9659261 0.2588179 0 0.9659261 0.2588179 0 0.9659261 -0.2588179 0 0.9659261 -0.2588179 0 0.7071059 -0.7071077 0 0.7071059 -0.7071077 0 0.2588195 -0.9659258 0 0.2588195 -0.9659258 0 -0.2588195 -0.9659258 0 -0.2588195 -0.9659258 0 -0.7071059 -0.7071077 0 -0.7071059 -0.7071077 0 -0.9659261 -0.2588179 0 -0.9659261 -0.2588179 0 -0.9659261 0.2588179 0 0 0 1 0 0 1 0 0 1 0 0 1 0 0 1 0 0 1 0 0 1 0 0 1 0 0 1 0 0 1 0 0 1 0 0 1 -0.9659261 0.2588179 0 -0.7071068 0.7071068 0 -0.7071068 0.7071068 0 -0.2588179 0.9659261 0 -0.2588179 0.9659261 0 0.2588179 0.9659261 0 0.2588179 0.9659261 0 0.7071068 0.7071068 0 0.7071068 0.7071068 0 0.9659261 0.2588179 0 0.9659261 0.2588179 0 0.9659261 -0.2588179 0 0.9659261 -0.2588179 0 0.7071068 -0.7071068 0 0.7071068 -0.7071068 0 0.2588179 -0.9659261 0 0.2588179 -0.9659261 0 -0.2588179 -0.9659261 0 -0.2588179 -0.9659261 0 -0.7071068 -0.7071068 0 -0.7071068 -0.7071068 0 -0.9659261 -0.2588179 0 -0.9659261 -0.2588179 0 -0.9659261 0.2588179 0 0 0 1 0 0 1 0 0 1 0 0 1 0 0 1 0 0 1 0 0 1 0 0 1 0 0 1 0 0 1 0 0 1 0 0 1 -0.9659252 0.2588211 0 -0.7071086 0.7071051 0 -0.7071086 0.7071051 0 -0.2588179 0.9659261 0 -0.2588179 0.9659261 0 0.2588179 0.9659261 0 0.2588179 0.9659261 0 0.7071086 0.7071051 0 0.7071086 0.7071051 0 0.9659252 0.2588211 0 0.9659252 0.2588211 0 0.9659252 -0.2588211 0 0.9659252 -0.2588211 0 0.7071086 -0.7071051 0 0.7071086 -0.7071051 0 0.2588179 -0.9659261 0 0.2588179 -0.9659261 0 -0.2588179 -0.9659261 0 -0.2588179 -0.9659261 0 -0.7071086 -0.7071051 0 -0.7071086 -0.7071051 0 -0.9659252 -0.2588211 0 -0.9659252 -0.2588211 0 -0.9659252 0.2588211 0 0 0 1 0 0 1 0 0 1 0 0 1 0 0 1 0 0 1 0 0 1 0 0 1 0 0 1 0 0 1 0 0 1 0 0 1 -0.9659252 0.2588211 0 -0.7071077 0.7071059 0 -0.7071077 0.7071059 0 -0.2588195 0.9659258 0 -0.2588195 0.9659258 0 0.2588195 0.9659258 0 0.2588195 0.9659258 0 0.7071077 0.7071059 0 0.7071077 0.7071059 0 0.9659252 0.2588211 0 0.9659252 0.2588211 0 0.9659252 -0.2588211 0 0.9659252 -0.2588211 0 0.7071077 -0.7071059 0 0.7071077 -0.7071059 0 0.2588195 -0.9659258 0 0.2588195 -0.9659258 0 -0.2588195 -0.9659258 0 -0.2588195 -0.9659258 0 -0.7071077 -0.7071059 0 -0.7071077 -0.7071059 0 -0.9659252 -0.2588211 0 -0.9659252 -0.2588211 0 -0.9659252 0.2588211 0 0 0 1 0 0 1 0 0 1 0 0 1 0 0 1 0 0 1 0 0 1 0 0 1 0 0 1 0 0 1 0 0 1 0 0 1 0 -0.9807855 0.1950893 0 -0.9807855 0.1950893 0 -0.83147 0.5555696 0 -0.83147 0.5555696 0 -0.5555683 0.8314709 0 -0.5555683 0.8314709 0 -0.1950912 0.9807851 0 -0.1950912 0.9807851 0 0 1 0 0 1 0 1 0 0 1 0 0 0 -1 0 0 -1 0 0.1950947 -0.9807844 0 0.1950947 -0.9807844 0 0.5555686 -0.8314707 0 0.5555686 -0.8314707 0 0.8314589 -0.5555863 0 0.8314589 -0.5555863 0 0.9807901 -0.1950664 0 0.9807901 -0.1950664 0 1 0 0 1 0 0 1 0 0 1 0 0 1 0 0 1 0 0 1 0 0 1 0 0 1 0 0 1 0 0 1 0 0 1 0 0 1 0 0 1 0 0 1 0 0 1 0 0 1 0 0 1 0 0 1 0 0 1 0 0 1 0 0 1 0 0 1 0 0 1 0 0 1 0 0 1 0 0 0 -1 0 0 -1 0 -1 0 0 -1 0 0 -1 0 0 -1 0 0 -1 0 0 -1 0 0 -1 0 0 -1 0 0 -1 0 0 -1 0 0 -1 0 0 -1 0 0 -1 0 0 -1 0 0 -1 0 0 -1 0 0 -1 0 0 -1 0 0 -1 0 0 -1 0 0 -1 0 0 -1 0 0 -1 0 0 -1 0 0 -1 0 0 -1 0 0 -1 0 0 -1 0 0 -1 0 0 -1 0 0 -1 0 0 -1 0 -1 0 0 -1 0 0 -1 0 0 -1 0 0 -1 0 0 -1 0 0 -1 0 0 -1 0 0 -1 0 0 -1 0 0 -1 0 0 -1 0 0 1 0 0 1 0 0 1 0 0 1 0 0 1 0 0 1 0 0 1 0 0 1 0 0 1 0 0 1 0 0 1 0 0 1 0 0 0.05814474 0 -0.9983083 -0.05814474 0 -0.9983083 -0.05814474 0 -0.9983083 -0.2306155 0 -0.9730449 -0.2306155 0 -0.9730449 -0.4487999 0 -0.8936324 -0.4487999 0 -0.8936324 -0.6427872 0 -0.7660449 -0.6427872 0 -0.7660449 -0.8021235 0 -0.5971583 -0.8021235 0 -0.5971583 -0.9182162 0 -0.3960795 -0.9182162 0 -0.3960795 -0.9848077 0 -0.1736484 -0.9848077 0 -0.1736484 -0.9983082 0 0.05814468 -0.9983082 0 0.05814468 -0.9579894 0 0.2868034 -0.9579894 0 0.2868034 -0.8660249 0 0.5000008 -0.8660249 0 0.5000008 -0.7273743 0 0.6862409 -0.7273743 0 0.6862409 -0.5495085 0 0.8354881 -0.5495085 0 0.8354881 -0.3420205 0 0.9396925 -0.3420205 0 0.9396925 -0.1160928 0 0.9932384 -0.1160928 0 0.9932384 0.1160926 0 0.9932384 0.1160926 0 0.9932384 0.3420209 0 0.9396924 0.3420209 0 0.9396924 0.5495092 0 0.8354877 0.5495092 0 0.8354877 0.7273736 0 0.6862416 0.7273736 0 0.6862416 0.8660255 0 0.4999998 0.8660255 0 0.4999998 0.957989 0 0.2868047 0.957989 0 0.2868047 0.9983081 0 0.05814611 0.9983081 0 0.05814611 0.9848074 0 -0.1736498 0.9848074 0 -0.1736498 0.9182162 0 -0.3960795 0.9182162 0 -0.3960795 0.8021228 0 -0.5971592 0.8021228 0 -0.5971592 0.6427864 0 -0.7660454 0.6427864 0 -0.7660454 0.4488004 0 -0.893632 0.4488004 0 -0.893632 0.2306159 0 -0.9730449 0.2306159 0 -0.9730449 0.05814474 0 -0.9983083 0 -1 0 0 -1 0 0 -1 0 0 -1 0 0 -1 0 0 -1 0 0 -1 0 0 -1 0 0 -1 0 0 -1 0 0 -1 0 0 -1 0 0 -1 0 0 -1 0 0 -1 0 0 -1 0 0 -1 0 0 -1 0 0 -1 0 0 -1 0 0 -1 0 0 -1 0 0 -1 0 0 -1 0 0 -1 0 0 -1 0 0 -1 0 0 -1 0 0 -1 0 0 -1 0 0 -1 0 0 -1 0 0 -1 0 0 -1 0 0 -1 0 0 -1 0 0 -1 0 0 -1 0 0 -1 0 0 -1 0 0 -1 0 0 -1 0 0 -1 0 0 -1 0 0 -1 0 0 -1 0 0.1736479 0 0.9848078 0.4999998 0 0.8660256 0.4999998 0 0.8660256 0.766045 0 0.6427869 0.766045 0 0.6427869 0.9396923 0 0.3420208 0.9396923 0 0.3420208 1 0 0 1 0 0 0.9396923 0 -0.3420208 0.9396923 0 -0.3420208 0.7660449 0 -0.6427872 0.7660449 0 -0.6427872 0.4999998 0 -0.8660256 0.4999998 0 -0.8660256 0.1736499 0 -0.9848074 0.1736499 0 -0.9848074 -0.1736493 0 -0.9848076 -0.1736493 0 -0.9848076 -0.5000016 0 -0.8660245 -0.5000016 0 -0.8660245 -0.7660438 0 -0.6427884 -0.7660438 0 -0.6427884 -0.9396923 0 -0.3420208 -0.9396923 0 -0.3420208 -1 0 0 -1 0 0 -0.9396923 0 0.3420208 -0.9396923 0 0.3420208 -0.766044 0 0.6427881 -0.766044 0 0.6427881 -0.5000016 0 0.8660245 -0.5000016 0 0.8660245 -0.1736473 0 0.9848079 -0.1736473 0 0.9848079 0.1736479 0 0.9848078 0 -1 0 0 -1 0 0 -1 0 0 -1 0 0 -1 0 0 -1 0 0 -1 0 0 -1 0 0 -1 0 0 -1 0 0 -1 0 0 -1 0 0 -1 0 0 -1 0 0 -1 0 0 -1 0 0 -1 0 0 -1 0 0.1423144 0 -0.9898216 0.4154143 0 -0.9096323 0.4154143 0 -0.9096323 0.6548622 0 -0.7557484 0.6548622 0 -0.7557484 0.8412526 0 -0.5406423 0.8412526 0 -0.5406423 0.9594928 0 -0.2817335 0.9594928 0 -0.2817335 1 0 0 1 0 0 0.9594926 0 0.2817335 0.9594926 0 0.2817335 0.8412527 0 0.5406421 0.8412527 0 0.5406421 0.6548623 0 0.7557483 0.6548623 0 0.7557483 0.4154136 0 0.9096326 0.4154136 0 0.9096326 0.142315 0 0.9898214 0.142315 0 0.9898214 -0.1423147 0 0.9898214 -0.1423147 0 0.9898214 -0.4154148 0 0.909632 -0.4154148 0 0.909632 -0.6548606 0 0.7557497 -0.6548606 0 0.7557497 -0.8412535 0 0.5406408 -0.8412535 0 0.5406408 -0.9594932 0 0.281732 -0.9594932 0 0.281732 -1 0 0 -1 0 0 -0.9594932 0 -0.2817319 -0.9594932 0 -0.2817319 -0.8412534 0 -0.5406411 -0.8412534 0 -0.5406411 -0.6548605 0 -0.7557498 -0.6548605 0 -0.7557498 -0.4154155 0 -0.9096317 -0.4154155 0 -0.9096317 -0.1423141 0 -0.9898216 -0.1423141 0 -0.9898216 0.1423144 0 -0.9898216 0 1 0 0 1 0 0 1 0 0 1 0 0 1 0 0 1 0 0 1 0 0 1 0 0 1 0 0 1 0 0 1 0 0 1 0 0 1 0 0 1 0 0 1 0 0 1 0 0 1 0 0 1 0 0 1 0 0 1 0 0 1 0 0 1 0 0 0.1950912 0.9807851 0 0.1950912 0.9807851 0 0.5555683 0.8314709 0 0.5555683 0.8314709 0 0.83147 0.5555696 0 0.83147 0.5555696 0 0.9807855 0.1950893 0 0.9807855 0.1950893 0 0 1 0 0 1 0 -1 0 0 -1 0 0 0 -1 0 0 -1 0 -0.9807901 -0.1950664 0 -0.9807901 -0.1950664 0 -0.8314589 -0.5555863 0 -0.8314589 -0.5555863 0 -0.5555686 -0.8314707 0 -0.5555686 -0.8314707 0 -0.1950947 -0.9807844 0 -0.1950947 -0.9807844 0 -1 0 0 -1 0 0 -1 0 0 -1 0 0 -1 0 0 -1 0 0 -1 0 0 -1 0 0 -1 0 0 -1 0 0 -1 0 0 -1 0 0 -1 0 0 -1 0 0 -1 0 0 -1 0 0 -1 0 0 -1 0 0 -1 0 0 -1 0 0 -1 0 0 -1 0 0 -1 0 0 -1 0 0 -1 0 0 -1 0 0 0 -1 0 0 -1 0 1 0 0 1 0 0 1 0 0 1 0 0 1 0 0 1 0 0 1 0 0 1 0 0 1 0 0 1 0 0 1 0 0 1 0 0 1 0 0 1 0 0 1 0 0 1 0 0 1 0 0 1 0 0 1 0 0 1 0 0 1 0 0 1 0 0 1 0 0 1 0 0 1 0 0 1 0 0 1 0 0 1 0 0 1 0 0 1 0 0 1 0 0 1 0 -1 0 0 -1 0 0 -1 0 0 -1 0 0 -1 0 0 -1 0 0 -1 0 0 -1 0 0 -1 0 0 -1 0 0 -1 0 0 -1 0 0 1 0 0 1 0 0 1 0 0 1 0 0 1 0 0 1 0 0 1 0 0 1 0 0 1 0 0 1 0 0 1 0 0 1 0 0 -0.05814474 0 -0.9983083 0.05814474 0 -0.9983083 0.05814474 0 -0.9983083 0.2306159 0 -0.9730449 0.2306159 0 -0.9730449 0.4488004 0 -0.893632 0.4488004 0 -0.893632 0.6427864 0 -0.7660454 0.6427864 0 -0.7660454 0.8021228 0 -0.5971592 0.8021228 0 -0.5971592 0.9182162 0 -0.3960795 0.9182162 0 -0.3960795 0.9848074 0 -0.1736498 0.9848074 0 -0.1736498 0.9983081 0 0.05814611 0.9983081 0 0.05814611 0.957989 0 0.2868047 0.957989 0 0.2868047 0.8660255 0 0.4999998 0.8660255 0 0.4999998 0.7273736 0 0.6862416 0.7273736 0 0.6862416 0.5495092 0 0.8354877 0.5495092 0 0.8354877 0.3420209 0 0.9396924 0.3420209 0 0.9396924 0.1160926 0 0.9932384 0.1160926 0 0.9932384 -0.1160928 0 0.9932384 -0.1160928 0 0.9932384 -0.3420205 0 0.9396925 -0.3420205 0 0.9396925 -0.5495085 0 0.8354881 -0.5495085 0 0.8354881 -0.7273743 0 0.6862409 -0.7273743 0 0.6862409 -0.8660249 0 0.5000008 -0.8660249 0 0.5000008 -0.9579894 0 0.2868034 -0.9579894 0 0.2868034 -0.9983082 0 0.05814468 -0.9983082 0 0.05814468 -0.9848077 0 -0.1736484 -0.9848077 0 -0.1736484 -0.9182162 0 -0.3960795 -0.9182162 0 -0.3960795 -0.8021235 0 -0.5971583 -0.8021235 0 -0.5971583 -0.6427872 0 -0.7660449 -0.6427872 0 -0.7660449 -0.4487999 0 -0.8936324 -0.4487999 0 -0.8936324 -0.2306155 0 -0.9730449 -0.2306155 0 -0.9730449 -0.05814474 0 -0.9983083 0 1 0 0 1 0 0 1 0 0 1 0 0 1 0 0 1 0 0 1 0 0 1 0 0 1 0 0 1 0 0 1 0 0 1 0 0 1 0 0 1 0 0 1 0 0 1 0 0 1 0 0 1 0 0 1 0 0 1 0 0 1 0 0 1 0 0 1 0 0 1 0 0 1 0 0 1 0 0 1 0 0 1 0 0 1 0 0 1 0 0 1 0 0 1 0 0 1 0 0 1 0 0 1 0 0 1 0 0 1 0 0 1 0 0 1 0 0 1 0 0 1 0 0 1 0 0 1 0 0 1 0 0 1 0 0 1 0 -0.1736473 0 0.9848079 -0.5000016 0 0.8660245 -0.5000016 0 0.8660245 -0.766044 0 0.6427881 -0.766044 0 0.6427881 -0.9396923 0 0.3420208 -0.9396923 0 0.3420208 -1 0 0 -1 0 0 -0.9396923 0 -0.3420208 -0.9396923 0 -0.3420208 -0.7660438 0 -0.6427884 -0.7660438 0 -0.6427884 -0.5000016 0 -0.8660245 -0.5000016 0 -0.8660245 -0.1736493 0 -0.9848076 -0.1736493 0 -0.9848076 0.1736499 0 -0.9848074 0.1736499 0 -0.9848074 0.4999998 0 -0.8660256 0.4999998 0 -0.8660256 0.7660449 0 -0.6427872 0.7660449 0 -0.6427872 0.9396923 0 -0.3420208 0.9396923 0 -0.3420208 1 0 0 1 0 0 0.9396923 0 0.3420208 0.9396923 0 0.3420208 0.766045 0 0.6427869 0.766045 0 0.6427869 0.4999998 0 0.8660256 0.4999998 0 0.8660256 0.1736479 0 0.9848078 0.1736479 0 0.9848078 -0.1736473 0 0.9848079 0 1 0 0 1 0 0 1 0 0 1 0 0 1 0 0 1 0 0 1 0 0 1 0 0 1 0 0 1 0 0 1 0 0 1 0 0 1 0 0 1 0 0 1 0 0 1 0 0 1 0 0 1 0 -0.1423141 0 -0.9898216 -0.4154155 0 -0.9096317 -0.4154155 0 -0.9096317 -0.6548605 0 -0.7557498 -0.6548605 0 -0.7557498 -0.8412534 0 -0.5406411 -0.8412534 0 -0.5406411 -0.9594932 0 -0.2817319 -0.9594932 0 -0.2817319 -1 0 0 -1 0 0 -0.9594932 0 0.281732 -0.9594932 0 0.281732 -0.8412535 0 0.5406408 -0.8412535 0 0.5406408 -0.6548606 0 0.7557497 -0.6548606 0 0.7557497 -0.4154148 0 0.909632 -0.4154148 0 0.909632 -0.1423147 0 0.9898214 -0.1423147 0 0.9898214 0.142315 0 0.9898214 0.142315 0 0.9898214 0.4154136 0 0.9096326 0.4154136 0 0.9096326 0.6548623 0 0.7557483 0.6548623 0 0.7557483 0.8412527 0 0.5406421 0.8412527 0 0.5406421 0.9594926 0 0.2817335 0.9594926 0 0.2817335 1 0 0 1 0 0 0.9594928 0 -0.2817335 0.9594928 0 -0.2817335 0.8412526 0 -0.5406423 0.8412526 0 -0.5406423 0.6548622 0 -0.7557484 0.6548622 0 -0.7557484 0.4154143 0 -0.9096323 0.4154143 0 -0.9096323 0.1423144 0 -0.9898216 0.1423144 0 -0.9898216 -0.1423141 0 -0.9898216 0 -1 0 0 -1 0 0 -1 0 0 -1 0 0 -1 0 0 -1 0 0 -1 0 0 -1 0 0 -1 0 0 -1 0 0 -1 0 0 -1 0 0 -1 0 0 -1 0 0 -1 0 0 -1 0 0 -1 0 0 -1 0 0 -1 0 0 -1 0 0 -1 0 0 -1 0 0 -0.1950912 0.9807851 0 -0.1950912 0.9807851 0 -0.5555683 0.8314709 0 -0.5555683 0.8314709 0 -0.83147 0.5555696 0 -0.83147 0.5555696 0 -0.9807855 0.1950893 0 -0.9807855 0.1950893 0 0 1 0 0 1 0 1 0 0 1 0 0 0 -1 0 0 -1 0 0.9807901 -0.1950664 0 0.9807901 -0.1950664 0 0.8314589 -0.5555863 0 0.8314589 -0.5555863 0 0.5555686 -0.8314707 0 0.5555686 -0.8314707 0 0.1950947 -0.9807844 0 0.1950947 -0.9807844 0 1 0 0 1 0 0 1 0 0 1 0 0 1 0 0 1 0 0 1 0 0 1 0 0 1 0 0 1 0 0 1 0 0 1 0 0 1 0 0 1 0 0 1 0 0 1 0 0 1 0 0 1 0 0 1 0 0 1 0 0 1 0 0 1 0 0 1 0 0 1 0 0 1 0 0 1 0 0 0 -1 0 0 -1 0 -1 0 0 -1 0 0 -1 0 0 -1 0 0 -1 0 0 -1 0 0 -1 0 0 -1 0 0 -1 0 0 -1 0 0 -1 0 0 -1 0 0 -1 0 0 -1 0 0 -1 0 0 -1 0 0 -1 0 0 -1 0 0 -1 0 0 -1 0 0 -1 0 0 -1 0 0 -1 0 0 -1 0 0 -1 0 0 -1 0 0 -1 0 0 -1 0 0 -1 0 0 -1 0 0 -1 0 0 -1 0 1 0 0 1 0 0 1 0 0 1 0 0 1 0 0 1 0 0 1 0 0 1 0 0 1 0 0 1 0 0 1 0 0 1 0 0 -1 0 0 -1 0 0 -1 0 0 -1 0 0 -1 0 0 -1 0 0 -1 0 0 -1 0 0 -1 0 0 -1 0 0 -1 0 0 -1 0 0 0.05814474 0 -0.9983083 -0.05814474 0 -0.9983083 -0.05814474 0 -0.9983083 -0.2306159 0 -0.9730449 -0.2306159 0 -0.9730449 -0.4488004 0 -0.893632 -0.4488004 0 -0.893632 -0.6427864 0 -0.7660454 -0.6427864 0 -0.7660454 -0.8021228 0 -0.5971592 -0.8021228 0 -0.5971592 -0.9182162 0 -0.3960795 -0.9182162 0 -0.3960795 -0.9848074 0 -0.1736498 -0.9848074 0 -0.1736498 -0.9983081 0 0.05814611 -0.9983081 0 0.05814611 -0.957989 0 0.2868047 -0.957989 0 0.2868047 -0.8660255 0 0.4999998 -0.8660255 0 0.4999998 -0.7273736 0 0.6862416 -0.7273736 0 0.6862416 -0.5495092 0 0.8354877 -0.5495092 0 0.8354877 -0.3420209 0 0.9396924 -0.3420209 0 0.9396924 -0.1160926 0 0.9932384 -0.1160926 0 0.9932384 0.1160928 0 0.9932384 0.1160928 0 0.9932384 0.3420205 0 0.9396925 0.3420205 0 0.9396925 0.5495085 0 0.8354881 0.5495085 0 0.8354881 0.7273743 0 0.6862409 0.7273743 0 0.6862409 0.8660249 0 0.5000008 0.8660249 0 0.5000008 0.9579894 0 0.2868034 0.9579894 0 0.2868034 0.9983082 0 0.05814468 0.9983082 0 0.05814468 0.9848077 0 -0.1736484 0.9848077 0 -0.1736484 0.9182162 0 -0.3960795 0.9182162 0 -0.3960795 0.8021235 0 -0.5971583 0.8021235 0 -0.5971583 0.6427872 0 -0.7660449 0.6427872 0 -0.7660449 0.4487999 0 -0.8936324 0.4487999 0 -0.8936324 0.2306155 0 -0.9730449 0.2306155 0 -0.9730449 0.05814474 0 -0.9983083 0 -1 0 0 -1 0 0 -1 0 0 -1 0 0 -1 0 0 -1 0 0 -1 0 0 -1 0 0 -1 0 0 -1 0 0 -1 0 0 -1 0 0 -1 0 0 -1 0 0 -1 0 0 -1 0 0 -1 0 0 -1 0 0 -1 0 0 -1 0 0 -1 0 0 -1 0 0 -1 0 0 -1 0 0 -1 0 0 -1 0 0 -1 0 0 -1 0 0 -1 0 0 -1 0 0 -1 0 0 -1 0 0 -1 0 0 -1 0 0 -1 0 0 -1 0 0 -1 0 0 -1 0 0 -1 0 0 -1 0 0 -1 0 0 -1 0 0 -1 0 0 -1 0 0 -1 0 0 -1 0 0.1736473 0 0.9848079 0.5000016 0 0.8660245 0.5000016 0 0.8660245 0.766044 0 0.6427881 0.766044 0 0.6427881 0.9396923 0 0.3420208 0.9396923 0 0.3420208 1 0 0 1 0 0 0.9396923 0 -0.3420208 0.9396923 0 -0.3420208 0.7660438 0 -0.6427884 0.7660438 0 -0.6427884 0.5000016 0 -0.8660245 0.5000016 0 -0.8660245 0.1736493 0 -0.9848076 0.1736493 0 -0.9848076 -0.1736499 0 -0.9848074 -0.1736499 0 -0.9848074 -0.4999998 0 -0.8660256 -0.4999998 0 -0.8660256 -0.7660449 0 -0.6427872 -0.7660449 0 -0.6427872 -0.9396923 0 -0.3420208 -0.9396923 0 -0.3420208 -1 0 0 -1 0 0 -0.9396923 0 0.3420208 -0.9396923 0 0.3420208 -0.766045 0 0.6427869 -0.766045 0 0.6427869 -0.4999998 0 0.8660256 -0.4999998 0 0.8660256 -0.1736479 0 0.9848078 -0.1736479 0 0.9848078 0.1736473 0 0.9848079 0 -1 0 0 -1 0 0 -1 0 0 -1 0 0 -1 0 0 -1 0 0 -1 0 0 -1 0 0 -1 0 0 -1 0 0 -1 0 0 -1 0 0 -1 0 0 -1 0 0 -1 0 0 -1 0 0 -1 0 0 -1 0 0.1423141 0 -0.9898216 0.4154155 0 -0.9096317 0.4154155 0 -0.9096317 0.6548605 0 -0.7557498 0.6548605 0 -0.7557498 0.8412534 0 -0.5406411 0.8412534 0 -0.5406411 0.9594932 0 -0.2817319 0.9594932 0 -0.2817319 1 0 0 1 0 0 0.9594932 0 0.281732 0.9594932 0 0.281732 0.8412535 0 0.5406408 0.8412535 0 0.5406408 0.6548606 0 0.7557497 0.6548606 0 0.7557497 0.4154148 0 0.909632 0.4154148 0 0.909632 0.1423147 0 0.9898214 0.1423147 0 0.9898214 -0.142315 0 0.9898214 -0.142315 0 0.9898214 -0.4154136 0 0.9096326 -0.4154136 0 0.9096326 -0.6548623 0 0.7557483 -0.6548623 0 0.7557483 -0.8412527 0 0.5406421 -0.8412527 0 0.5406421 -0.9594926 0 0.2817335 -0.9594926 0 0.2817335 -1 0 0 -1 0 0 -0.9594928 0 -0.2817335 -0.9594928 0 -0.2817335 -0.8412526 0 -0.5406423 -0.8412526 0 -0.5406423 -0.6548622 0 -0.7557484 -0.6548622 0 -0.7557484 -0.4154143 0 -0.9096323 -0.4154143 0 -0.9096323 -0.1423144 0 -0.9898216 -0.1423144 0 -0.9898216 0.1423141 0 -0.9898216 0 1 0 0 1 0 0 1 0 0 1 0 0 1 0 0 1 0 0 1 0 0 1 0 0 1 0 0 1 0 0 1 0 0 1 0 0 1 0 0 1 0 0 1 0 0 1 0 0 1 0 0 1 0 0 1 0 0 1 0 0 1 0 0 1 0 0 0.9807855 0.1950893 0 0.9807855 0.1950893 0 0.83147 0.5555696 0 0.83147 0.5555696 0 0.5555683 0.8314709 0 0.5555683 0.8314709 0 0.1950912 0.9807851 0 0.1950912 0.9807851 0 0 1 0 0 1 0 -1 0 0 -1 0 0 0 -1 0 0 -1 0 -0.1950947 -0.9807844 0 -0.1950947 -0.9807844 0 -0.5555686 -0.8314707 0 -0.5555686 -0.8314707 0 -0.8314589 -0.5555863 0 -0.8314589 -0.5555863 0 -0.9807901 -0.1950664 0 -0.9807901 -0.1950664 0 -1 0 0 -1 0 0 -1 0 0 -1 0 0 -1 0 0 -1 0 0 -1 0 0 -1 0 0 -1 0 0 -1 0 0 -1 0 0 -1 0 0 -1 0 0 -1 0 0 -1 0 0 -1 0 0 -1 0 0 -1 0 0 -1 0 0 -1 0 0 -1 0 0 -1 0 0 -1 0 0 -1 0 0 -1 0 0 -1 0 0 0 -1 0 0 -1 0 1 0 0 1 0 0 1 0 0 1 0 0 1 0 0 1 0 0 1 0 0 1 0 0 1 0 0 1 0 0 1 0 0 1 0 0 1 0 0 1 0 0 1 0 0 1 0 0 1 0 0 1 0 0 1 0 0 1 0 0 1 0 0 1 0 0 1 0 0 1 0 0 1 0 0 1 0 0 1 0 0 1 0 0 1 0 0 1 0 0 1 0 0 1 0 1 0 0 1 0 0 1 0 0 1 0 0 1 0 0 1 0 0 1 0 0 1 0 0 1 0 0 1 0 0 1 0 0 1 0 0 -1 0 0 -1 0 0 -1 0 0 -1 0 0 -1 0 0 -1 0 0 -1 0 0 -1 0 0 -1 0 0 -1 0 0 -1 0 0 -1 0 0 -0.05814474 0 -0.9983083 0.05814474 0 -0.9983083 0.05814474 0 -0.9983083 0.2306155 0 -0.9730449 0.2306155 0 -0.9730449 0.4487999 0 -0.8936324 0.4487999 0 -0.8936324 0.6427872 0 -0.7660449 0.6427872 0 -0.7660449 0.8021235 0 -0.5971583 0.8021235 0 -0.5971583 0.9182162 0 -0.3960795 0.9182162 0 -0.3960795 0.9848077 0 -0.1736484 0.9848077 0 -0.1736484 0.9983082 0 0.05814468 0.9983082 0 0.05814468 0.9579894 0 0.2868034 0.9579894 0 0.2868034 0.8660249 0 0.5000008 0.8660249 0 0.5000008 0.7273743 0 0.6862409 0.7273743 0 0.6862409 0.5495085 0 0.8354881 0.5495085 0 0.8354881 0.3420205 0 0.9396925 0.3420205 0 0.9396925 0.1160928 0 0.9932384 0.1160928 0 0.9932384 -0.1160926 0 0.9932384 -0.1160926 0 0.9932384 -0.3420209 0 0.9396924 -0.3420209 0 0.9396924 -0.5495092 0 0.8354877 -0.5495092 0 0.8354877 -0.7273736 0 0.6862416 -0.7273736 0 0.6862416 -0.8660255 0 0.4999998 -0.8660255 0 0.4999998 -0.957989 0 0.2868047 -0.957989 0 0.2868047 -0.9983081 0 0.05814611 -0.9983081 0 0.05814611 -0.9848074 0 -0.1736498 -0.9848074 0 -0.1736498 -0.9182162 0 -0.3960795 -0.9182162 0 -0.3960795 -0.8021228 0 -0.5971592 -0.8021228 0 -0.5971592 -0.6427864 0 -0.7660454 -0.6427864 0 -0.7660454 -0.4488004 0 -0.893632 -0.4488004 0 -0.893632 -0.2306159 0 -0.9730449 -0.2306159 0 -0.9730449 -0.05814474 0 -0.9983083 0 1 0 0 1 0 0 1 0 0 1 0 0 1 0 0 1 0 0 1 0 0 1 0 0 1 0 0 1 0 0 1 0 0 1 0 0 1 0 0 1 0 0 1 0 0 1 0 0 1 0 0 1 0 0 1 0 0 1 0 0 1 0 0 1 0 0 1 0 0 1 0 0 1 0 0 1 0 0 1 0 0 1 0 0 1 0 0 1 0 0 1 0 0 1 0 0 1 0 0 1 0 0 1 0 0 1 0 0 1 0 0 1 0 0 1 0 0 1 0 0 1 0 0 1 0 0 1 0 0 1 0 0 1 0 0 1 0 -0.1736479 0 0.9848078 -0.4999998 0 0.8660256 -0.4999998 0 0.8660256 -0.766045 0 0.6427869 -0.766045 0 0.6427869 -0.9396923 0 0.3420208 -0.9396923 0 0.3420208 -1 0 0 -1 0 0 -0.9396923 0 -0.3420208 -0.9396923 0 -0.3420208 -0.7660449 0 -0.6427872 -0.7660449 0 -0.6427872 -0.4999998 0 -0.8660256 -0.4999998 0 -0.8660256 -0.1736499 0 -0.9848074 -0.1736499 0 -0.9848074 0.1736493 0 -0.9848076 0.1736493 0 -0.9848076 0.5000016 0 -0.8660245 0.5000016 0 -0.8660245 0.7660438 0 -0.6427884 0.7660438 0 -0.6427884 0.9396923 0 -0.3420208 0.9396923 0 -0.3420208 1 0 0 1 0 0 0.9396923 0 0.3420208 0.9396923 0 0.3420208 0.766044 0 0.6427881 0.766044 0 0.6427881 0.5000016 0 0.8660245 0.5000016 0 0.8660245 0.1736473 0 0.9848079 0.1736473 0 0.9848079 -0.1736479 0 0.9848078 0 1 0 0 1 0 0 1 0 0 1 0 0 1 0 0 1 0 0 1 0 0 1 0 0 1 0 0 1 0 0 1 0 0 1 0 0 1 0 0 1 0 0 1 0 0 1 0 0 1 0 0 1 0 -0.1423144 0 -0.9898216 -0.4154143 0 -0.9096323 -0.4154143 0 -0.9096323 -0.6548622 0 -0.7557484 -0.6548622 0 -0.7557484 -0.8412526 0 -0.5406423 -0.8412526 0 -0.5406423 -0.9594928 0 -0.2817335 -0.9594928 0 -0.2817335 -1 0 0 -1 0 0 -0.9594926 0 0.2817335 -0.9594926 0 0.2817335 -0.8412527 0 0.5406421 -0.8412527 0 0.5406421 -0.6548623 0 0.7557483 -0.6548623 0 0.7557483 -0.4154136 0 0.9096326 -0.4154136 0 0.9096326 -0.142315 0 0.9898214 -0.142315 0 0.9898214 0.1423147 0 0.9898214 0.1423147 0 0.9898214 0.4154148 0 0.909632 0.4154148 0 0.909632 0.6548606 0 0.7557497 0.6548606 0 0.7557497 0.8412535 0 0.5406408 0.8412535 0 0.5406408 0.9594932 0 0.281732 0.9594932 0 0.281732 1 0 0 1 0 0 0.9594932 0 -0.2817319 0.9594932 0 -0.2817319 0.8412534 0 -0.5406411 0.8412534 0 -0.5406411 0.6548605 0 -0.7557498 0.6548605 0 -0.7557498 0.4154155 0 -0.9096317 0.4154155 0 -0.9096317 0.1423141 0 -0.9898216 0.1423141 0 -0.9898216 -0.1423144 0 -0.9898216 0 -1 0 0 -1 0 0 -1 0 0 -1 0 0 -1 0 0 -1 0 0 -1 0 0 -1 0 0 -1 0 0 -1 0 0 -1 0 0 -1 0 0 -1 0 0 -1 0 0 -1 0 0 -1 0 0 -1 0 0 -1 0 0 -1 0 0 -1 0 0 -1 0 0 -1 0</float_array>
          <technique_common>
            <accessor source="#base-mesh-normals-array" count="2188" stride="3">
              <param name="X" type="float"/>
              <param name="Y" type="float"/>
              <param name="Z" type="float"/>
            </accessor>
          </technique_common>
        </source>
        <vertices id="base-mesh-vertices">
          <input semantic="POSITION" source="#base-mesh-positions"/>
        </vertices>
        <triangles material="Material_001-material" count="317">
          <input semantic="VERTEX" source="#base-mesh-vertices" offset="0"/>
          <input semantic="NORMAL" source="#base-mesh-normals" offset="1"/>
          <p>0 0 1 0 2 0 2 1 3 1 0 1 0 2 3 2 4 2 0 3 4 3 5 3 5 4 4 4 6 4 5 5 6 5 7 5 8 6 1 6 0 6 9 7 10 7 11 7 11 8 10 8 12 8 11 9 12 9 0 9 0 10 12 10 13 10 0 11 13 11 8 11 14 12 9 12 11 12 15 13 16 13 17 13 17 14 16 14 18 14 17 15 18 15 11 15 11 16 18 16 19 16 11 17 19 17 14 17 5 18 7 18 20 18 20 19 21 19 5 19 5 20 21 20 22 20 5 21 22 21 17 21 17 22 22 22 23 22 17 23 23 23 15 23 9 24 14 24 24 24 25 25 26 25 27 25 28 26 29 26 23 26 30 27 16 27 31 27 31 28 16 28 15 28 31 29 15 29 32 29 32 30 15 30 33 30 34 31 35 31 23 31 30 32 36 32 16 32 16 33 36 33 37 33 16 34 37 34 38 34 38 35 37 35 39 35 38 36 39 36 34 36 35 37 40 37 23 37 23 38 40 38 41 38 23 39 41 39 15 39 15 40 41 40 42 40 15 41 42 41 33 41 34 42 23 42 38 42 38 43 23 43 29 43 38 44 29 44 43 44 43 45 44 45 38 45 38 46 44 46 45 46 38 47 45 47 27 47 45 48 46 48 27 48 27 49 46 49 47 49 27 50 47 50 22 50 22 51 47 51 48 51 22 52 48 52 49 52 49 53 50 53 22 53 22 54 50 54 51 54 22 55 51 55 23 55 23 56 51 56 52 56 23 57 52 57 28 57 53 58 54 58 22 58 22 59 54 59 55 59 22 60 55 60 27 60 53 61 22 61 56 61 56 62 22 62 21 62 56 63 21 63 57 63 55 64 58 64 27 64 27 65 58 65 59 65 27 66 59 66 60 66 60 67 59 67 61 67 60 68 61 68 62 68 63 69 64 69 21 69 21 70 64 70 65 70 21 71 65 71 57 71 66 72 67 72 21 72 21 73 67 73 60 73 21 74 60 74 63 74 63 75 60 75 62 75 67 76 68 76 60 76 60 77 68 77 69 77 60 78 69 78 70 78 70 79 69 79 71 79 70 80 71 80 72 80 72 81 73 81 70 81 70 82 73 82 74 82 70 83 74 83 20 83 20 84 74 84 75 84 75 85 76 85 20 85 20 86 76 86 77 86 20 87 77 87 21 87 21 88 77 88 78 88 21 89 78 89 66 89 79 90 18 90 80 90 80 91 18 91 16 91 81 92 82 92 16 92 16 93 82 93 83 93 16 94 83 94 80 94 81 95 16 95 84 95 84 96 16 96 38 96 84 97 38 97 85 97 79 98 86 98 18 98 18 99 86 99 87 99 18 100 87 100 88 100 87 101 89 101 88 101 88 102 89 102 90 102 88 103 90 103 38 103 38 104 90 104 91 104 38 105 91 105 85 105 92 106 93 106 94 106 93 107 92 107 95 107 95 108 92 108 88 108 95 109 88 109 96 109 94 110 97 110 27 110 98 111 99 111 38 111 38 112 99 112 100 112 38 113 100 113 88 113 88 114 100 114 101 114 88 115 101 115 96 115 97 116 102 116 27 116 27 117 102 117 103 117 27 118 103 118 38 118 38 119 103 119 104 119 38 120 104 120 98 120 105 121 106 121 107 121 94 122 27 122 92 122 92 123 27 123 26 123 92 124 26 124 108 124 109 125 110 125 60 125 105 126 107 126 111 126 109 127 60 127 112 127 110 128 113 128 60 128 60 129 113 129 114 129 60 130 114 130 27 130 27 131 114 131 115 131 27 132 115 132 25 132 116 133 117 133 60 133 60 134 117 134 107 134 60 135 107 135 112 135 112 136 107 136 106 136 118 137 119 137 70 137 70 138 119 138 60 138 60 139 119 139 120 139 60 140 120 140 116 140 117 141 121 141 107 141 107 142 121 142 122 142 107 143 122 143 123 143 123 144 122 144 124 144 123 145 124 145 125 145 125 146 126 146 123 146 123 147 126 147 127 147 123 148 127 148 70 148 70 149 127 149 128 149 70 150 128 150 118 150 129 151 130 151 18 151 18 152 130 152 131 152 18 153 131 153 19 153 19 154 131 154 132 154 133 155 134 155 135 155 135 156 134 156 88 156 134 157 136 157 88 157 88 158 136 158 137 158 88 159 137 159 18 159 18 160 137 160 138 160 18 161 138 161 129 161 132 162 139 162 19 162 19 163 139 163 140 163 19 164 140 164 135 164 135 165 140 165 141 165 135 166 141 166 133 166 142 167 143 167 144 167 145 168 146 168 135 168 135 169 146 169 142 169 143 170 147 170 144 170 144 171 147 171 148 171 144 172 148 172 92 172 148 173 149 173 92 173 92 174 149 174 150 174 92 175 150 175 88 175 88 176 150 176 151 176 151 177 152 177 88 177 88 178 152 178 153 178 88 179 153 179 135 179 135 180 153 180 154 180 135 181 154 181 145 181 155 182 156 182 157 182 157 183 158 183 107 183 107 184 158 184 159 184 160 185 161 185 155 185 155 186 161 186 162 186 155 187 162 187 156 187 159 188 163 188 107 188 107 189 163 189 92 189 107 190 92 190 111 190 111 191 92 191 108 191 163 192 164 192 92 192 92 193 164 193 165 193 92 194 165 194 144 194 144 195 165 195 166 195 144 196 166 196 167 196 157 197 107 197 155 197 155 198 107 198 168 198 155 199 168 199 169 199 170 200 123 200 171 200 171 201 123 201 172 201 171 202 172 202 173 202 173 203 172 203 174 203 170 204 175 204 123 204 123 205 175 205 176 205 123 206 176 206 107 206 107 207 176 207 177 207 107 208 177 208 168 208 169 209 178 209 155 209 155 210 178 210 179 210 155 211 179 211 172 211 172 212 179 212 180 212 172 213 180 213 174 213 181 214 182 214 19 214 19 215 182 215 14 215 14 216 182 216 183 216 14 217 183 217 184 217 185 218 186 218 24 218 24 219 186 219 135 219 184 220 187 220 14 220 14 221 187 221 188 221 14 222 188 222 24 222 24 223 188 223 189 223 24 224 189 224 185 224 186 225 190 225 135 225 135 226 190 226 191 226 135 227 191 227 19 227 19 228 191 228 192 228 19 229 192 229 181 229 142 230 144 230 135 230 135 231 144 231 193 231 135 232 193 232 194 232 194 233 195 233 135 233 135 234 195 234 196 234 135 235 196 235 24 235 24 236 196 236 197 236 24 237 197 237 198 237 199 238 200 238 201 238 201 239 200 239 24 239 201 240 24 240 202 240 202 241 24 241 198 241 199 242 203 242 200 242 200 243 203 243 204 243 200 244 204 244 144 244 144 245 204 245 205 245 144 246 205 246 193 246 206 247 207 247 200 247 200 248 207 248 208 248 200 249 208 249 209 249 209 250 208 250 210 250 210 251 211 251 209 251 209 252 211 252 212 252 209 253 212 253 155 253 155 254 212 254 213 254 155 255 213 255 214 255 214 256 215 256 155 256 155 257 215 257 144 257 155 258 144 258 160 258 160 259 144 259 167 259 215 260 216 260 144 260 144 261 216 261 217 261 144 262 217 262 200 262 200 263 217 263 218 263 200 264 218 264 206 264 155 265 219 265 209 265 209 266 219 266 220 266 209 267 220 267 221 267 222 268 172 268 223 268 223 269 172 269 224 269 223 270 224 270 225 270 221 271 226 271 209 271 209 272 226 272 227 272 209 273 227 273 224 273 224 274 227 274 228 274 224 275 228 275 225 275 222 276 229 276 172 276 172 277 229 277 230 277 172 278 230 278 155 278 155 279 230 279 231 279 155 280 231 280 219 280 9 281 24 281 10 281 10 282 24 282 200 282 10 283 200 283 12 283 12 284 200 284 209 284 12 285 209 285 13 285 13 286 209 286 224 286 13 287 224 287 8 287 20 288 7 288 70 288 70 289 7 289 6 289 70 290 6 290 123 290 123 291 6 291 4 291 123 292 4 292 172 292 172 293 4 293 3 293 172 294 3 294 224 294 224 295 3 295 2 295 224 296 2 296 8 296 8 297 2 297 1 297 17 298 11 298 5 298 5 299 11 299 0 299 450 884 451 884 452 884 452 885 451 885 453 885 456 890 457 890 458 890 458 891 457 891 459 891 458 892 459 892 460 892 460 893 459 893 461 893 462 896 463 896 464 896 608 1205 610 1205 611 1205 618 1212 619 1212 620 1212 620 1213 619 1213 621 1213 776 1532 777 1532 778 1532 776 1533 778 1533 779 1533 786 1540 787 1540 788 1540 788 1541 787 1541 789 1541 951 1867 952 1867 953 1867 954 1868 955 1868 956 1868 956 1869 955 1869 957 1869</p>
        </triangles>
        <triangles material="Material_002-material" count="576">
          <input semantic="VERTEX" source="#base-mesh-vertices" offset="0"/>
          <input semantic="NORMAL" source="#base-mesh-normals" offset="1"/>
          <p>223 300 232 300 222 300 222 301 232 301 233 301 222 302 233 302 229 302 229 303 233 303 234 303 229 304 234 304 230 304 230 305 234 305 235 305 230 306 235 306 231 306 231 307 235 307 236 307 231 308 236 308 219 308 219 309 236 309 237 309 219 310 237 310 220 310 220 311 237 311 238 311 220 312 238 312 221 312 221 313 238 313 239 313 221 314 239 314 226 314 226 315 239 315 240 315 226 316 240 316 227 316 227 317 240 317 241 317 227 318 241 318 228 318 228 319 241 319 242 319 228 320 242 320 225 320 225 321 242 321 243 321 225 322 243 322 223 322 223 323 243 323 232 323 239 324 238 324 244 324 244 325 238 325 237 325 244 326 237 326 236 326 242 327 241 327 244 327 244 328 241 328 240 328 244 329 240 329 239 329 233 330 232 330 244 330 244 331 232 331 243 331 244 332 243 332 242 332 236 333 235 333 244 333 244 334 235 334 234 334 244 335 234 335 233 335 212 336 245 336 213 336 213 337 245 337 246 337 213 338 246 338 214 338 214 339 246 339 247 339 214 340 247 340 215 340 215 341 247 341 248 341 215 342 248 342 216 342 216 343 248 343 249 343 216 344 249 344 217 344 217 345 249 345 250 345 217 346 250 346 218 346 218 347 250 347 251 347 218 348 251 348 206 348 206 349 251 349 252 349 206 350 252 350 207 350 207 351 252 351 253 351 207 352 253 352 208 352 208 353 253 353 254 353 208 354 254 354 210 354 210 355 254 355 255 355 210 356 255 356 211 356 211 357 255 357 256 357 211 358 256 358 212 358 212 359 256 359 245 359 252 360 251 360 257 360 257 361 251 361 250 361 257 362 250 362 249 362 255 363 254 363 257 363 257 364 254 364 253 364 257 365 253 365 252 365 246 366 245 366 257 366 257 367 245 367 256 367 257 368 256 368 255 368 249 369 248 369 257 369 257 370 248 370 247 370 257 371 247 371 246 371 171 372 258 372 170 372 170 373 258 373 259 373 170 374 259 374 175 374 175 375 259 375 260 375 175 376 260 376 176 376 176 377 260 377 261 377 176 378 261 378 177 378 177 379 261 379 262 379 177 380 262 380 168 380 168 381 262 381 263 381 168 382 263 382 169 382 169 383 263 383 264 383 169 384 264 384 178 384 178 385 264 385 265 385 178 386 265 386 179 386 179 387 265 387 266 387 179 388 266 388 180 388 180 389 266 389 267 389 180 390 267 390 174 390 174 391 267 391 268 391 174 392 268 392 173 392 173 393 268 393 269 393 173 394 269 394 171 394 171 395 269 395 258 395 265 396 264 396 270 396 270 397 264 397 263 397 270 398 263 398 262 398 268 399 267 399 270 399 270 400 267 400 266 400 270 401 266 401 265 401 259 402 258 402 270 402 270 403 258 403 269 403 270 404 269 404 268 404 262 405 261 405 270 405 270 406 261 406 260 406 270 407 260 407 259 407 157 408 271 408 158 408 158 409 271 409 272 409 158 410 272 410 159 410 159 411 272 411 273 411 159 412 273 412 163 412 163 413 273 413 274 413 163 414 274 414 164 414 164 415 274 415 275 415 164 416 275 416 165 416 165 417 275 417 276 417 165 418 276 418 166 418 166 419 276 419 277 419 166 420 277 420 167 420 167 421 277 421 278 421 167 422 278 422 160 422 160 423 278 423 279 423 160 424 279 424 161 424 161 425 279 425 280 425 161 426 280 426 162 426 162 427 280 427 281 427 162 428 281 428 156 428 156 429 281 429 282 429 156 430 282 430 157 430 157 431 282 431 271 431 278 432 277 432 283 432 283 433 277 433 276 433 283 434 276 434 275 434 281 435 280 435 283 435 283 436 280 436 279 436 283 437 279 437 278 437 272 438 271 438 283 438 283 439 271 439 282 439 283 440 282 440 281 440 275 441 274 441 283 441 283 442 274 442 273 442 283 443 273 443 272 443 148 444 284 444 149 444 149 445 284 445 285 445 149 446 285 446 150 446 150 447 285 447 286 447 150 448 286 448 151 448 151 449 286 449 287 449 151 450 287 450 152 450 152 451 287 451 288 451 152 452 288 452 153 452 153 453 288 453 289 453 153 454 289 454 154 454 154 455 289 455 290 455 154 456 290 456 145 456 145 457 290 457 291 457 145 458 291 458 146 458 146 459 291 459 292 459 146 460 292 460 142 460 142 461 292 461 293 461 142 462 293 462 143 462 143 463 293 463 294 463 143 464 294 464 147 464 147 465 294 465 295 465 147 466 295 466 148 466 148 467 295 467 284 467 285 468 284 468 296 468 296 469 284 469 295 469 296 470 295 470 294 470 288 471 287 471 296 471 296 472 287 472 286 472 296 473 286 473 285 473 291 474 290 474 296 474 296 475 290 475 289 475 296 476 289 476 288 476 294 477 293 477 296 477 296 478 293 478 292 478 296 479 292 479 291 479 204 480 297 480 205 480 205 481 297 481 298 481 205 482 298 482 193 482 193 483 298 483 299 483 193 484 299 484 194 484 194 485 299 485 300 485 194 486 300 486 195 486 195 487 300 487 301 487 195 488 301 488 196 488 196 489 301 489 302 489 196 490 302 490 197 490 197 491 302 491 303 491 197 492 303 492 198 492 198 493 303 493 304 493 198 494 304 494 202 494 202 495 304 495 305 495 202 496 305 496 201 496 201 497 305 497 306 497 201 498 306 498 199 498 199 499 306 499 307 499 199 500 307 500 203 500 203 501 307 501 308 501 203 502 308 502 204 502 204 503 308 503 297 503 298 504 297 504 309 504 309 505 297 505 308 505 309 506 308 506 307 506 301 507 300 507 309 507 309 508 300 508 299 508 309 509 299 509 298 509 304 510 303 510 309 510 309 511 303 511 302 511 309 512 302 512 301 512 307 513 306 513 309 513 309 514 306 514 305 514 309 515 305 515 304 515 186 516 310 516 190 516 190 517 310 517 311 517 190 518 311 518 191 518 191 519 311 519 312 519 191 520 312 520 192 520 192 521 312 521 313 521 192 522 313 522 181 522 181 523 313 523 314 523 181 524 314 524 182 524 182 525 314 525 315 525 182 526 315 526 183 526 183 527 315 527 316 527 183 528 316 528 184 528 184 529 316 529 317 529 184 530 317 530 187 530 187 531 317 531 318 531 187 532 318 532 188 532 188 533 318 533 319 533 188 534 319 534 189 534 189 535 319 535 320 535 189 536 320 536 185 536 185 537 320 537 321 537 185 538 321 538 186 538 186 539 321 539 310 539 311 540 310 540 322 540 322 541 310 541 321 541 322 542 321 542 320 542 314 543 313 543 322 543 322 544 313 544 312 544 322 545 312 545 311 545 317 546 316 546 322 546 322 547 316 547 315 547 322 548 315 548 314 548 320 549 319 549 322 549 322 550 319 550 318 550 322 551 318 551 317 551 134 552 323 552 136 552 136 553 323 553 324 553 136 554 324 554 137 554 137 555 324 555 325 555 137 556 325 556 138 556 138 557 325 557 326 557 138 558 326 558 129 558 129 559 326 559 327 559 129 560 327 560 130 560 130 561 327 561 328 561 130 562 328 562 131 562 131 563 328 563 329 563 131 564 329 564 132 564 132 565 329 565 330 565 132 566 330 566 139 566 139 567 330 567 331 567 139 568 331 568 140 568 140 569 331 569 332 569 140 570 332 570 141 570 141 571 332 571 333 571 141 572 333 572 133 572 133 573 333 573 334 573 133 574 334 574 134 574 134 575 334 575 323 575 324 576 323 576 335 576 335 577 323 577 334 577 335 578 334 578 333 578 327 579 326 579 335 579 335 580 326 580 325 580 335 581 325 581 324 581 330 582 329 582 335 582 335 583 329 583 328 583 335 584 328 584 327 584 333 585 332 585 335 585 335 586 332 586 331 586 335 587 331 587 330 587 91 588 336 588 85 588 85 589 336 589 337 589 85 590 337 590 84 590 84 591 337 591 338 591 84 592 338 592 81 592 81 593 338 593 339 593 81 594 339 594 82 594 82 595 339 595 340 595 82 596 340 596 83 596 83 597 340 597 341 597 83 598 341 598 80 598 80 599 341 599 342 599 80 600 342 600 79 600 79 601 342 601 343 601 79 602 343 602 86 602 86 603 343 603 344 603 86 604 344 604 87 604 87 605 344 605 345 605 87 606 345 606 89 606 89 607 345 607 346 607 89 608 346 608 90 608 90 609 346 609 347 609 90 610 347 610 91 610 91 611 347 611 336 611 343 612 342 612 348 612 348 613 342 613 341 613 348 614 341 614 340 614 346 615 345 615 348 615 348 616 345 616 344 616 348 617 344 617 343 617 337 618 336 618 348 618 348 619 336 619 347 619 348 620 347 620 346 620 340 621 339 621 348 621 348 622 339 622 338 622 348 623 338 623 337 623 35 624 349 624 40 624 40 625 349 625 350 625 40 626 350 626 41 626 41 627 350 627 351 627 41 628 351 628 42 628 42 629 351 629 352 629 42 630 352 630 33 630 33 631 352 631 353 631 33 632 353 632 32 632 32 633 353 633 354 633 32 634 354 634 31 634 31 635 354 635 355 635 31 636 355 636 30 636 30 637 355 637 356 637 30 638 356 638 36 638 36 639 356 639 357 639 36 640 357 640 37 640 37 641 357 641 358 641 37 642 358 642 39 642 39 643 358 643 359 643 39 644 359 644 34 644 34 645 359 645 360 645 34 646 360 646 35 646 35 647 360 647 349 647 356 648 355 648 361 648 361 649 355 649 354 649 361 650 354 650 353 650 359 651 358 651 361 651 361 652 358 652 357 652 361 653 357 653 356 653 350 654 349 654 361 654 361 655 349 655 360 655 361 656 360 656 359 656 353 657 352 657 361 657 361 658 352 658 351 658 361 659 351 659 350 659 48 660 362 660 49 660 49 661 362 661 363 661 49 662 363 662 50 662 50 663 363 663 364 663 50 664 364 664 51 664 51 665 364 665 365 665 51 666 365 666 52 666 52 667 365 667 366 667 52 668 366 668 28 668 28 669 366 669 367 669 28 670 367 670 29 670 29 671 367 671 368 671 29 672 368 672 43 672 43 673 368 673 369 673 43 674 369 674 44 674 44 675 369 675 370 675 44 676 370 676 45 676 45 677 370 677 371 677 45 678 371 678 46 678 46 679 371 679 372 679 46 680 372 680 47 680 47 681 372 681 373 681 47 682 373 682 48 682 48 683 373 683 362 683 369 684 368 684 374 684 374 685 368 685 367 685 374 686 367 686 366 686 372 687 371 687 374 687 374 688 371 688 370 688 374 689 370 689 369 689 363 690 362 690 374 690 374 691 362 691 373 691 374 692 373 692 372 692 366 693 365 693 374 693 374 694 365 694 364 694 374 695 364 695 363 695 97 696 375 696 102 696 102 697 375 697 376 697 102 698 376 698 103 698 103 699 376 699 377 699 103 700 377 700 104 700 104 701 377 701 378 701 104 702 378 702 98 702 98 703 378 703 379 703 98 704 379 704 99 704 99 705 379 705 380 705 99 706 380 706 100 706 100 707 380 707 381 707 100 708 381 708 101 708 101 709 381 709 382 709 101 710 382 710 96 710 96 711 382 711 383 711 96 712 383 712 95 712 95 713 383 713 384 713 95 714 384 714 93 714 93 715 384 715 385 715 93 716 385 716 94 716 94 717 385 717 386 717 94 718 386 718 97 718 97 719 386 719 375 719 382 720 381 720 387 720 387 721 381 721 380 721 387 722 380 722 379 722 385 723 384 723 387 723 387 724 384 724 383 724 387 725 383 725 382 725 376 726 375 726 387 726 387 727 375 727 386 727 387 728 386 728 385 728 379 729 378 729 387 729 387 730 378 730 377 730 387 731 377 731 376 731 109 732 388 732 110 732 110 733 388 733 389 733 110 734 389 734 113 734 113 735 389 735 390 735 113 736 390 736 114 736 114 737 390 737 391 737 114 738 391 738 115 738 115 739 391 739 392 739 115 740 392 740 25 740 25 741 392 741 393 741 25 742 393 742 26 742 26 743 393 743 394 743 26 744 394 744 108 744 108 745 394 745 395 745 108 746 395 746 111 746 111 747 395 747 396 747 111 748 396 748 105 748 105 749 396 749 397 749 105 750 397 750 106 750 106 751 397 751 398 751 106 752 398 752 112 752 112 753 398 753 399 753 112 754 399 754 109 754 109 755 399 755 388 755 389 756 388 756 400 756 400 757 388 757 399 757 400 758 399 758 398 758 392 759 391 759 400 759 400 760 391 760 390 760 400 761 390 761 389 761 395 762 394 762 400 762 400 763 394 763 393 763 400 764 393 764 392 764 398 765 397 765 400 765 400 766 397 766 396 766 400 767 396 767 395 767 64 768 401 768 65 768 65 769 401 769 402 769 65 770 402 770 57 770 57 771 402 771 403 771 57 772 403 772 56 772 56 773 403 773 404 773 56 774 404 774 53 774 53 775 404 775 405 775 53 776 405 776 54 776 54 777 405 777 406 777 54 778 406 778 55 778 55 779 406 779 407 779 55 780 407 780 58 780 58 781 407 781 408 781 58 782 408 782 59 782 59 783 408 783 409 783 59 784 409 784 61 784 61 785 409 785 410 785 61 786 410 786 62 786 62 787 410 787 411 787 62 788 411 788 63 788 63 789 411 789 412 789 63 790 412 790 64 790 64 791 412 791 401 791 402 792 401 792 413 792 413 793 401 793 412 793 413 794 412 794 411 794 405 795 404 795 413 795 413 796 404 796 403 796 413 797 403 797 402 797 408 798 407 798 413 798 413 799 407 799 406 799 413 800 406 800 405 800 411 801 410 801 413 801 413 802 410 802 409 802 413 803 409 803 408 803 74 804 414 804 75 804 75 805 414 805 415 805 75 806 415 806 76 806 76 807 415 807 416 807 76 808 416 808 77 808 77 809 416 809 417 809 77 810 417 810 78 810 78 811 417 811 418 811 78 812 418 812 66 812 66 813 418 813 419 813 66 814 419 814 67 814 67 815 419 815 420 815 67 816 420 816 68 816 68 817 420 817 421 817 68 818 421 818 69 818 69 819 421 819 422 819 69 820 422 820 71 820 71 821 422 821 423 821 71 822 423 822 72 822 72 823 423 823 424 823 72 824 424 824 73 824 73 825 424 825 425 825 73 826 425 826 74 826 74 827 425 827 414 827 415 828 414 828 426 828 426 829 414 829 425 829 426 830 425 830 424 830 418 831 417 831 426 831 426 832 417 832 416 832 426 833 416 833 415 833 421 834 420 834 426 834 426 835 420 835 419 835 426 836 419 836 418 836 424 837 423 837 426 837 426 838 423 838 422 838 426 839 422 839 421 839 127 840 427 840 128 840 128 841 427 841 428 841 128 842 428 842 118 842 118 843 428 843 429 843 118 844 429 844 119 844 119 845 429 845 430 845 119 846 430 846 120 846 120 847 430 847 431 847 120 848 431 848 116 848 116 849 431 849 432 849 116 850 432 850 117 850 117 851 432 851 433 851 117 852 433 852 121 852 121 853 433 853 434 853 121 854 434 854 122 854 122 855 434 855 435 855 122 856 435 856 124 856 124 857 435 857 436 857 124 858 436 858 125 858 125 859 436 859 437 859 125 860 437 860 126 860 126 861 437 861 438 861 126 862 438 862 127 862 127 863 438 863 427 863 428 864 427 864 439 864 439 865 427 865 438 865 439 866 438 866 437 866 431 867 430 867 439 867 439 868 430 868 429 868 439 869 429 869 428 869 434 870 433 870 439 870 439 871 433 871 432 871 439 872 432 872 431 872 437 873 436 873 439 873 439 874 436 874 435 874 439 875 435 875 434 875</p>
        </triangles>
        <triangles material="Material_003-material" count="1295">
          <input semantic="VERTEX" source="#base-mesh-vertices" offset="0"/>
          <input semantic="NORMAL" source="#base-mesh-normals" offset="1"/>
          <p>440 876 441 876 442 876 440 877 442 877 443 877 443 878 442 878 444 878 443 879 444 879 445 879 445 880 444 880 446 880 445 881 446 881 447 881 447 882 446 882 448 882 447 883 448 883 449 883 454 886 450 886 455 886 455 887 450 887 452 887 456 888 454 888 457 888 457 889 454 889 455 889 460 894 461 894 462 894 462 895 461 895 463 895 464 897 463 897 465 897 466 898 467 898 465 898 465 899 467 899 468 899 469 900 470 900 464 900 468 901 471 901 465 901 465 902 471 902 472 902 465 903 472 903 464 903 464 904 472 904 473 904 464 905 473 905 469 905 474 906 475 906 476 906 476 907 475 907 477 907 478 908 479 908 480 908 470 909 481 909 464 909 464 910 481 910 482 910 464 911 482 911 476 911 476 912 482 912 483 912 476 913 483 913 474 913 477 914 484 914 476 914 476 915 484 915 485 915 476 916 485 916 478 916 478 917 485 917 486 917 478 918 486 918 479 918 480 919 487 919 478 919 478 920 487 920 488 920 478 921 488 921 465 921 465 922 488 922 489 922 465 923 489 923 466 923 490 924 476 924 491 924 491 925 476 925 478 925 492 926 493 926 491 926 491 927 493 927 494 927 491 928 494 928 495 928 496 929 497 929 490 929 490 930 497 930 498 930 490 931 498 931 499 931 500 932 501 932 441 932 441 933 501 933 502 933 441 934 502 934 503 934 495 935 504 935 491 935 491 936 504 936 505 936 491 937 505 937 490 937 490 938 505 938 506 938 490 939 506 939 496 939 503 940 507 940 441 940 441 941 507 941 508 941 441 942 508 942 491 942 491 943 508 943 509 943 491 944 509 944 492 944 499 945 510 945 490 945 490 946 510 946 511 946 490 947 511 947 440 947 440 948 511 948 512 948 440 949 512 949 513 949 513 950 514 950 440 950 440 951 514 951 515 951 440 952 515 952 516 952 516 953 517 953 440 953 440 954 517 954 518 954 440 955 518 955 441 955 441 956 518 956 519 956 441 957 519 957 500 957 476 958 490 958 464 958 464 959 490 959 440 959 464 960 440 960 462 960 462 961 440 961 443 961 462 962 443 962 460 962 460 963 443 963 445 963 460 964 445 964 458 964 458 965 445 965 447 965 458 966 447 966 456 966 456 967 447 967 451 967 456 968 451 968 454 968 454 969 451 969 450 969 455 970 452 970 457 970 457 971 452 971 453 971 457 972 453 972 459 972 459 973 453 973 446 973 459 974 446 974 461 974 461 975 446 975 444 975 461 976 444 976 463 976 463 977 444 977 442 977 463 978 442 978 465 978 465 979 442 979 441 979 465 980 441 980 478 980 478 981 441 981 491 981 520 982 521 982 505 982 505 983 521 983 506 983 521 984 522 984 506 984 506 985 522 985 523 985 506 986 523 986 496 986 496 987 523 987 524 987 496 988 524 988 497 988 497 989 524 989 525 989 497 990 525 990 498 990 498 991 525 991 526 991 498 992 526 992 499 992 499 993 526 993 527 993 499 994 527 994 510 994 510 995 527 995 528 995 510 996 528 996 511 996 511 997 528 997 529 997 511 998 529 998 512 998 512 999 529 999 530 999 512 1000 530 1000 513 1000 513 1001 530 1001 531 1001 513 1002 531 1002 514 1002 514 1003 531 1003 532 1003 514 1004 532 1004 515 1004 515 1005 532 1005 533 1005 515 1006 533 1006 516 1006 516 1007 533 1007 534 1007 516 1008 534 1008 517 1008 517 1009 534 1009 535 1009 517 1010 535 1010 518 1010 518 1011 535 1011 536 1011 518 1012 536 1012 519 1012 519 1013 536 1013 537 1013 519 1014 537 1014 500 1014 500 1015 537 1015 538 1015 500 1016 538 1016 501 1016 501 1017 538 1017 539 1017 501 1018 539 1018 502 1018 502 1019 539 1019 540 1019 502 1020 540 1020 503 1020 503 1021 540 1021 541 1021 503 1022 541 1022 507 1022 507 1023 541 1023 542 1023 507 1024 542 1024 508 1024 508 1025 542 1025 543 1025 508 1026 543 1026 509 1026 509 1027 543 1027 544 1027 509 1028 544 1028 492 1028 492 1029 544 1029 545 1029 492 1030 545 1030 493 1030 493 1031 545 1031 546 1031 493 1032 546 1032 494 1032 494 1033 546 1033 547 1033 494 1034 547 1034 495 1034 495 1035 547 1035 520 1035 495 1036 520 1036 504 1036 504 1037 520 1037 505 1037 548 1038 531 1038 549 1038 549 1039 531 1039 530 1039 549 1040 530 1040 550 1040 522 1041 551 1041 552 1041 553 1042 543 1042 554 1042 554 1043 543 1043 542 1043 554 1044 542 1044 555 1044 555 1045 542 1045 541 1045 555 1046 541 1046 556 1046 557 1047 545 1047 553 1047 553 1048 545 1048 544 1048 553 1049 544 1049 543 1049 558 1050 525 1050 559 1050 559 1051 525 1051 524 1051 559 1052 524 1052 552 1052 552 1053 524 1053 523 1053 552 1054 523 1054 522 1054 530 1055 529 1055 550 1055 550 1056 529 1056 528 1056 550 1057 528 1057 560 1057 560 1058 528 1058 527 1058 560 1059 527 1059 558 1059 558 1060 527 1060 526 1060 558 1061 526 1061 525 1061 561 1062 534 1062 562 1062 562 1063 534 1063 533 1063 562 1064 533 1064 548 1064 548 1065 533 1065 532 1065 548 1066 532 1066 531 1066 522 1067 521 1067 551 1067 551 1068 521 1068 520 1068 551 1069 520 1069 563 1069 563 1070 520 1070 547 1070 563 1071 547 1071 557 1071 557 1072 547 1072 546 1072 557 1073 546 1073 545 1073 564 1074 537 1074 565 1074 565 1075 537 1075 536 1075 565 1076 536 1076 561 1076 561 1077 536 1077 535 1077 561 1078 535 1078 534 1078 541 1079 540 1079 556 1079 556 1080 540 1080 539 1080 556 1081 539 1081 564 1081 564 1082 539 1082 538 1082 564 1083 538 1083 537 1083 561 1084 566 1084 565 1084 565 1085 566 1085 567 1085 565 1086 567 1086 564 1086 564 1087 567 1087 568 1087 564 1088 568 1088 556 1088 556 1089 568 1089 569 1089 556 1090 569 1090 555 1090 555 1091 569 1091 570 1091 555 1092 570 1092 554 1092 554 1093 570 1093 571 1093 554 1094 571 1094 553 1094 553 1095 571 1095 572 1095 553 1096 572 1096 557 1096 557 1097 572 1097 573 1097 557 1098 573 1098 563 1098 563 1099 573 1099 574 1099 563 1100 574 1100 551 1100 551 1101 574 1101 575 1101 551 1102 575 1102 552 1102 552 1103 575 1103 576 1103 552 1104 576 1104 559 1104 559 1105 576 1105 577 1105 559 1106 577 1106 558 1106 558 1107 577 1107 578 1107 558 1108 578 1108 560 1108 560 1109 578 1109 579 1109 560 1110 579 1110 550 1110 550 1111 579 1111 580 1111 550 1112 580 1112 549 1112 549 1113 580 1113 581 1113 549 1114 581 1114 548 1114 548 1115 581 1115 582 1115 548 1116 582 1116 562 1116 562 1117 582 1117 583 1117 562 1118 583 1118 561 1118 561 1119 583 1119 566 1119 576 1120 575 1120 584 1120 584 1121 575 1121 574 1121 584 1122 574 1122 573 1122 579 1123 578 1123 584 1123 584 1124 578 1124 577 1124 584 1125 577 1125 576 1125 582 1126 581 1126 584 1126 584 1127 581 1127 580 1127 584 1128 580 1128 579 1128 567 1129 566 1129 584 1129 584 1130 566 1130 583 1130 584 1131 583 1131 582 1131 570 1132 569 1132 584 1132 584 1133 569 1133 568 1133 584 1134 568 1134 567 1134 573 1135 572 1135 584 1135 584 1136 572 1136 571 1136 584 1137 571 1137 570 1137 485 1138 585 1138 486 1138 486 1139 585 1139 586 1139 486 1140 586 1140 479 1140 479 1141 586 1141 587 1141 479 1142 587 1142 480 1142 480 1143 587 1143 588 1143 480 1144 588 1144 487 1144 487 1145 588 1145 589 1145 487 1146 589 1146 488 1146 488 1147 589 1147 590 1147 488 1148 590 1148 489 1148 489 1149 590 1149 591 1149 489 1150 591 1150 466 1150 466 1151 591 1151 592 1151 466 1152 592 1152 467 1152 467 1153 592 1153 593 1153 467 1154 593 1154 468 1154 468 1155 593 1155 594 1155 468 1156 594 1156 471 1156 471 1157 594 1157 595 1157 471 1158 595 1158 472 1158 472 1159 595 1159 596 1159 472 1160 596 1160 473 1160 473 1161 596 1161 597 1161 473 1162 597 1162 469 1162 469 1163 597 1163 598 1163 469 1164 598 1164 470 1164 470 1165 598 1165 599 1165 470 1166 599 1166 481 1166 481 1167 599 1167 600 1167 481 1168 600 1168 482 1168 482 1169 600 1169 601 1169 482 1170 601 1170 483 1170 483 1171 601 1171 602 1171 483 1172 602 1172 474 1172 474 1173 602 1173 603 1173 474 1174 603 1174 475 1174 475 1175 603 1175 604 1175 475 1176 604 1176 477 1176 477 1177 604 1177 605 1177 477 1178 605 1178 484 1178 484 1179 605 1179 606 1179 484 1180 606 1180 485 1180 485 1181 606 1181 585 1181 595 1182 594 1182 607 1182 598 1183 597 1183 607 1183 607 1184 597 1184 596 1184 607 1185 596 1185 595 1185 601 1186 600 1186 607 1186 607 1187 600 1187 599 1187 607 1188 599 1188 598 1188 604 1189 603 1189 607 1189 607 1190 603 1190 602 1190 607 1191 602 1191 601 1191 585 1192 606 1192 607 1192 607 1193 606 1193 605 1193 607 1194 605 1194 604 1194 588 1195 587 1195 607 1195 607 1196 587 1196 586 1196 607 1197 586 1197 585 1197 591 1198 590 1198 607 1198 607 1199 590 1199 589 1199 607 1200 589 1200 588 1200 594 1201 593 1201 607 1201 607 1202 593 1202 592 1202 607 1203 592 1203 591 1203 608 1204 609 1204 610 1204 611 1206 610 1206 612 1206 611 1207 612 1207 613 1207 613 1208 612 1208 614 1208 613 1209 614 1209 615 1209 615 1210 614 1210 616 1210 615 1211 616 1211 617 1211 619 1214 622 1214 621 1214 621 1215 622 1215 623 1215 622 1216 624 1216 623 1216 623 1217 624 1217 625 1217 626 1218 627 1218 628 1218 628 1219 627 1219 629 1219 628 1220 629 1220 630 1220 630 1221 629 1221 631 1221 630 1222 631 1222 632 1222 632 1223 631 1223 633 1223 632 1224 633 1224 624 1224 624 1225 633 1225 625 1225 634 1226 635 1226 636 1226 636 1227 635 1227 637 1227 634 1228 636 1228 638 1228 638 1229 636 1229 639 1229 638 1230 639 1230 640 1230 637 1231 641 1231 636 1231 636 1232 641 1232 642 1232 636 1233 642 1233 626 1233 626 1234 642 1234 643 1234 643 1235 644 1235 626 1235 626 1236 644 1236 645 1236 626 1237 645 1237 646 1237 647 1238 648 1238 639 1238 639 1239 648 1239 649 1239 639 1240 649 1240 640 1240 627 1241 650 1241 651 1241 651 1242 652 1242 627 1242 627 1243 652 1243 653 1243 627 1244 653 1244 639 1244 639 1245 653 1245 654 1245 639 1246 654 1246 647 1246 646 1247 655 1247 626 1247 626 1248 655 1248 656 1248 626 1249 656 1249 627 1249 627 1250 656 1250 657 1250 627 1251 657 1251 650 1251 636 1252 658 1252 639 1252 639 1253 658 1253 659 1253 660 1254 661 1254 616 1254 616 1255 661 1255 662 1255 616 1256 662 1256 663 1256 663 1257 664 1257 616 1257 616 1258 664 1258 665 1258 616 1259 665 1259 617 1259 617 1260 665 1260 666 1260 617 1261 666 1261 667 1261 667 1262 668 1262 617 1262 617 1263 668 1263 669 1263 617 1264 669 1264 670 1264 670 1265 671 1265 617 1265 617 1266 671 1266 672 1266 617 1267 672 1267 658 1267 658 1268 672 1268 673 1268 658 1269 673 1269 674 1269 674 1270 675 1270 658 1270 658 1271 675 1271 676 1271 658 1272 676 1272 677 1272 678 1273 679 1273 659 1273 659 1274 679 1274 680 1274 659 1275 680 1275 616 1275 616 1276 680 1276 681 1276 616 1277 681 1277 660 1277 682 1278 683 1278 659 1278 659 1279 683 1279 684 1279 659 1280 684 1280 678 1280 677 1281 685 1281 658 1281 658 1282 685 1282 686 1282 658 1283 686 1283 659 1283 659 1284 686 1284 687 1284 659 1285 687 1285 682 1285 622 1286 619 1286 624 1286 624 1287 619 1287 618 1287 624 1288 618 1288 632 1288 632 1289 618 1289 611 1289 632 1290 611 1290 630 1290 630 1291 611 1291 613 1291 630 1292 613 1292 628 1292 628 1293 613 1293 615 1293 628 1294 615 1294 626 1294 626 1295 615 1295 617 1295 626 1296 617 1296 636 1296 636 1297 617 1297 658 1297 639 1298 659 1298 627 1298 627 1299 659 1299 616 1299 627 1300 616 1300 629 1300 629 1301 616 1301 614 1301 629 1302 614 1302 631 1302 631 1303 614 1303 612 1303 631 1304 612 1304 633 1304 633 1305 612 1305 610 1305 633 1306 610 1306 625 1306 625 1307 610 1307 620 1307 625 1308 620 1308 623 1308 623 1309 620 1309 621 1309 688 1310 689 1310 686 1310 686 1311 689 1311 687 1311 689 1312 690 1312 687 1312 687 1313 690 1313 691 1313 687 1314 691 1314 682 1314 682 1315 691 1315 692 1315 682 1316 692 1316 683 1316 683 1317 692 1317 693 1317 683 1318 693 1318 684 1318 684 1319 693 1319 694 1319 684 1320 694 1320 678 1320 678 1321 694 1321 695 1321 678 1322 695 1322 679 1322 679 1323 695 1323 696 1323 679 1324 696 1324 680 1324 680 1325 696 1325 697 1325 680 1326 697 1326 681 1326 681 1327 697 1327 698 1327 681 1328 698 1328 660 1328 660 1329 698 1329 699 1329 660 1330 699 1330 661 1330 661 1331 699 1331 700 1331 661 1332 700 1332 662 1332 662 1333 700 1333 701 1333 662 1334 701 1334 663 1334 663 1335 701 1335 702 1335 663 1336 702 1336 664 1336 664 1337 702 1337 703 1337 664 1338 703 1338 665 1338 665 1339 703 1339 704 1339 665 1340 704 1340 666 1340 666 1341 704 1341 705 1341 666 1342 705 1342 667 1342 667 1343 705 1343 706 1343 667 1344 706 1344 668 1344 668 1345 706 1345 707 1345 668 1346 707 1346 669 1346 669 1347 707 1347 708 1347 669 1348 708 1348 670 1348 670 1349 708 1349 709 1349 670 1350 709 1350 671 1350 671 1351 709 1351 710 1351 671 1352 710 1352 672 1352 672 1353 710 1353 711 1353 672 1354 711 1354 673 1354 673 1355 711 1355 712 1355 673 1356 712 1356 674 1356 674 1357 712 1357 713 1357 674 1358 713 1358 675 1358 675 1359 713 1359 714 1359 675 1360 714 1360 676 1360 676 1361 714 1361 715 1361 676 1362 715 1362 677 1362 677 1363 715 1363 688 1363 677 1364 688 1364 685 1364 685 1365 688 1365 686 1365 716 1366 704 1366 717 1366 717 1367 704 1367 703 1367 717 1368 703 1368 718 1368 703 1369 702 1369 718 1369 718 1370 702 1370 701 1370 718 1371 701 1371 719 1371 720 1372 707 1372 721 1372 721 1373 707 1373 706 1373 721 1374 706 1374 716 1374 716 1375 706 1375 705 1375 716 1376 705 1376 704 1376 722 1377 711 1377 723 1377 723 1378 711 1378 710 1378 723 1379 710 1379 724 1379 724 1380 710 1380 709 1380 724 1381 709 1381 720 1381 720 1382 709 1382 708 1382 720 1383 708 1383 707 1383 725 1384 713 1384 722 1384 722 1385 713 1385 712 1385 722 1386 712 1386 711 1386 726 1387 727 1387 695 1387 701 1388 700 1388 719 1388 719 1389 700 1389 699 1389 719 1390 699 1390 728 1390 728 1391 699 1391 698 1391 728 1392 698 1392 729 1392 729 1393 698 1393 697 1393 729 1394 697 1394 727 1394 727 1395 697 1395 696 1395 727 1396 696 1396 695 1396 690 1397 730 1397 731 1397 690 1398 689 1398 730 1398 730 1399 689 1399 688 1399 730 1400 688 1400 732 1400 732 1401 688 1401 715 1401 732 1402 715 1402 725 1402 725 1403 715 1403 714 1403 725 1404 714 1404 713 1404 695 1405 694 1405 726 1405 726 1406 694 1406 693 1406 726 1407 693 1407 733 1407 733 1408 693 1408 692 1408 733 1409 692 1409 731 1409 731 1410 692 1410 691 1410 731 1411 691 1411 690 1411 717 1412 734 1412 716 1412 716 1413 734 1413 735 1413 716 1414 735 1414 721 1414 721 1415 735 1415 736 1415 721 1416 736 1416 720 1416 720 1417 736 1417 737 1417 720 1418 737 1418 724 1418 724 1419 737 1419 738 1419 724 1420 738 1420 723 1420 723 1421 738 1421 739 1421 723 1422 739 1422 722 1422 722 1423 739 1423 740 1423 722 1424 740 1424 725 1424 725 1425 740 1425 741 1425 725 1426 741 1426 732 1426 732 1427 741 1427 742 1427 732 1428 742 1428 730 1428 730 1429 742 1429 743 1429 730 1430 743 1430 731 1430 731 1431 743 1431 744 1431 731 1432 744 1432 733 1432 733 1433 744 1433 745 1433 733 1434 745 1434 726 1434 726 1435 745 1435 746 1435 726 1436 746 1436 727 1436 727 1437 746 1437 747 1437 727 1438 747 1438 729 1438 729 1439 747 1439 748 1439 729 1440 748 1440 728 1440 728 1441 748 1441 749 1441 728 1442 749 1442 719 1442 719 1443 749 1443 750 1443 719 1444 750 1444 718 1444 718 1445 750 1445 751 1445 718 1446 751 1446 717 1446 717 1447 751 1447 734 1447 744 1448 743 1448 752 1448 752 1449 743 1449 742 1449 752 1450 742 1450 741 1450 747 1451 746 1451 752 1451 752 1452 746 1452 745 1452 752 1453 745 1453 744 1453 750 1454 749 1454 752 1454 752 1455 749 1455 748 1455 752 1456 748 1456 747 1456 735 1457 734 1457 752 1457 752 1458 734 1458 751 1458 752 1459 751 1459 750 1459 738 1460 737 1460 752 1460 752 1461 737 1461 736 1461 752 1462 736 1462 735 1462 741 1463 740 1463 752 1463 752 1464 740 1464 739 1464 752 1465 739 1465 738 1465 638 1466 753 1466 634 1466 634 1467 753 1467 754 1467 634 1468 754 1468 635 1468 635 1469 754 1469 755 1469 635 1470 755 1470 637 1470 637 1471 755 1471 756 1471 637 1472 756 1472 641 1472 641 1473 756 1473 757 1473 641 1474 757 1474 642 1474 642 1475 757 1475 758 1475 642 1476 758 1476 643 1476 643 1477 758 1477 759 1477 643 1478 759 1478 644 1478 644 1479 759 1479 760 1479 644 1480 760 1480 645 1480 645 1481 760 1481 761 1481 645 1482 761 1482 646 1482 646 1483 761 1483 762 1483 646 1484 762 1484 655 1484 655 1485 762 1485 763 1485 655 1486 763 1486 656 1486 656 1487 763 1487 764 1487 656 1488 764 1488 657 1488 657 1489 764 1489 765 1489 657 1490 765 1490 650 1490 650 1491 765 1491 766 1491 650 1492 766 1492 651 1492 651 1493 766 1493 767 1493 651 1494 767 1494 652 1494 652 1495 767 1495 768 1495 652 1496 768 1496 653 1496 653 1497 768 1497 769 1497 653 1498 769 1498 654 1498 654 1499 769 1499 770 1499 654 1500 770 1500 647 1500 647 1501 770 1501 771 1501 647 1502 771 1502 648 1502 648 1503 771 1503 772 1503 648 1504 772 1504 649 1504 649 1505 772 1505 773 1505 649 1506 773 1506 640 1506 640 1507 773 1507 774 1507 640 1508 774 1508 638 1508 638 1509 774 1509 753 1509 763 1510 762 1510 775 1510 766 1511 765 1511 775 1511 775 1512 765 1512 764 1512 775 1513 764 1513 763 1513 769 1514 768 1514 775 1514 775 1515 768 1515 767 1515 775 1516 767 1516 766 1516 772 1517 771 1517 775 1517 775 1518 771 1518 770 1518 775 1519 770 1519 769 1519 753 1520 774 1520 775 1520 775 1521 774 1521 773 1521 775 1522 773 1522 772 1522 756 1523 755 1523 775 1523 775 1524 755 1524 754 1524 775 1525 754 1525 753 1525 759 1526 758 1526 775 1526 775 1527 758 1527 757 1527 775 1528 757 1528 756 1528 762 1529 761 1529 775 1529 775 1530 761 1530 760 1530 775 1531 760 1531 759 1531 779 1534 778 1534 780 1534 779 1535 780 1535 781 1535 781 1536 780 1536 782 1536 781 1537 782 1537 783 1537 783 1538 782 1538 784 1538 783 1539 784 1539 785 1539 787 1542 790 1542 789 1542 789 1543 790 1543 791 1543 790 1544 792 1544 791 1544 791 1545 792 1545 793 1545 794 1546 795 1546 796 1546 796 1547 795 1547 797 1547 796 1548 797 1548 798 1548 798 1549 797 1549 799 1549 798 1550 799 1550 800 1550 800 1551 799 1551 801 1551 800 1552 801 1552 792 1552 792 1553 801 1553 793 1553 795 1554 802 1554 803 1554 804 1555 805 1555 806 1555 807 1556 808 1556 794 1556 807 1557 794 1557 809 1557 808 1558 810 1558 794 1558 794 1559 810 1559 811 1559 794 1560 811 1560 795 1560 795 1561 811 1561 812 1561 795 1562 812 1562 802 1562 806 1563 813 1563 804 1563 804 1564 813 1564 814 1564 804 1565 814 1565 794 1565 794 1566 814 1566 815 1566 794 1567 815 1567 809 1567 816 1568 817 1568 818 1568 818 1569 817 1569 819 1569 816 1570 820 1570 817 1570 817 1571 820 1571 821 1571 817 1572 821 1572 804 1572 804 1573 821 1573 822 1573 804 1574 822 1574 805 1574 803 1575 823 1575 795 1575 795 1576 823 1576 824 1576 795 1577 824 1577 817 1577 817 1578 824 1578 825 1578 817 1579 825 1579 819 1579 804 1580 826 1580 817 1580 817 1581 826 1581 827 1581 828 1582 829 1582 784 1582 784 1583 829 1583 830 1583 784 1584 830 1584 831 1584 832 1585 833 1585 785 1585 834 1586 835 1586 826 1586 836 1587 837 1587 827 1587 827 1588 837 1588 838 1588 827 1589 838 1589 839 1589 839 1590 840 1590 827 1590 827 1591 840 1591 841 1591 827 1592 841 1592 784 1592 784 1593 841 1593 842 1593 784 1594 842 1594 828 1594 835 1595 843 1595 826 1595 826 1596 843 1596 844 1596 826 1597 844 1597 845 1597 845 1598 846 1598 826 1598 826 1599 846 1599 847 1599 826 1600 847 1600 827 1600 827 1601 847 1601 848 1601 827 1602 848 1602 836 1602 834 1603 826 1603 849 1603 849 1604 826 1604 785 1604 849 1605 785 1605 850 1605 833 1606 851 1606 785 1606 785 1607 851 1607 852 1607 785 1608 852 1608 850 1608 831 1609 853 1609 784 1609 784 1610 853 1610 854 1610 784 1611 854 1611 785 1611 785 1612 854 1612 855 1612 785 1613 855 1613 832 1613 790 1614 787 1614 792 1614 792 1615 787 1615 786 1615 792 1616 786 1616 800 1616 800 1617 786 1617 779 1617 800 1618 779 1618 798 1618 798 1619 779 1619 781 1619 798 1620 781 1620 796 1620 796 1621 781 1621 783 1621 796 1622 783 1622 794 1622 794 1623 783 1623 785 1623 794 1624 785 1624 804 1624 804 1625 785 1625 826 1625 817 1626 827 1626 795 1626 795 1627 827 1627 784 1627 795 1628 784 1628 797 1628 797 1629 784 1629 782 1629 797 1630 782 1630 799 1630 799 1631 782 1631 780 1631 799 1632 780 1632 801 1632 801 1633 780 1633 778 1633 801 1634 778 1634 793 1634 793 1635 778 1635 788 1635 793 1636 788 1636 791 1636 791 1637 788 1637 789 1637 856 1638 857 1638 847 1638 847 1639 857 1639 848 1639 857 1640 858 1640 848 1640 848 1641 858 1641 859 1641 848 1642 859 1642 836 1642 836 1643 859 1643 860 1643 836 1644 860 1644 837 1644 837 1645 860 1645 861 1645 837 1646 861 1646 838 1646 838 1647 861 1647 862 1647 838 1648 862 1648 839 1648 839 1649 862 1649 863 1649 839 1650 863 1650 840 1650 840 1651 863 1651 864 1651 840 1652 864 1652 841 1652 841 1653 864 1653 865 1653 841 1654 865 1654 842 1654 842 1655 865 1655 866 1655 842 1656 866 1656 828 1656 828 1657 866 1657 867 1657 828 1658 867 1658 829 1658 829 1659 867 1659 868 1659 829 1660 868 1660 830 1660 830 1661 868 1661 869 1661 830 1662 869 1662 831 1662 831 1663 869 1663 870 1663 831 1664 870 1664 853 1664 853 1665 870 1665 871 1665 853 1666 871 1666 854 1666 854 1667 871 1667 872 1667 854 1668 872 1668 855 1668 855 1669 872 1669 873 1669 855 1670 873 1670 832 1670 832 1671 873 1671 874 1671 832 1672 874 1672 833 1672 833 1673 874 1673 875 1673 833 1674 875 1674 851 1674 851 1675 875 1675 876 1675 851 1676 876 1676 852 1676 852 1677 876 1677 877 1677 852 1678 877 1678 850 1678 850 1679 877 1679 878 1679 850 1680 878 1680 849 1680 849 1681 878 1681 879 1681 849 1682 879 1682 834 1682 834 1683 879 1683 880 1683 834 1684 880 1684 835 1684 835 1685 880 1685 881 1685 835 1686 881 1686 843 1686 843 1687 881 1687 882 1687 843 1688 882 1688 844 1688 844 1689 882 1689 883 1689 844 1690 883 1690 845 1690 845 1691 883 1691 856 1691 845 1692 856 1692 846 1692 846 1693 856 1693 847 1693 858 1694 884 1694 885 1694 886 1695 861 1695 887 1695 887 1696 861 1696 860 1696 887 1697 860 1697 885 1697 885 1698 860 1698 859 1698 885 1699 859 1699 858 1699 888 1700 889 1700 881 1700 858 1701 857 1701 884 1701 884 1702 857 1702 856 1702 884 1703 856 1703 890 1703 890 1704 856 1704 883 1704 890 1705 883 1705 889 1705 889 1706 883 1706 882 1706 889 1707 882 1707 881 1707 891 1708 892 1708 869 1708 893 1709 875 1709 894 1709 894 1710 875 1710 874 1710 894 1711 874 1711 895 1711 881 1712 880 1712 888 1712 888 1713 880 1713 879 1713 888 1714 879 1714 896 1714 896 1715 879 1715 878 1715 896 1716 878 1716 897 1716 897 1717 878 1717 877 1717 897 1718 877 1718 893 1718 893 1719 877 1719 876 1719 893 1720 876 1720 875 1720 898 1721 863 1721 886 1721 886 1722 863 1722 862 1722 886 1723 862 1723 861 1723 869 1724 868 1724 891 1724 891 1725 868 1725 867 1725 891 1726 867 1726 899 1726 899 1727 867 1727 866 1727 899 1728 866 1728 900 1728 900 1729 866 1729 865 1729 900 1730 865 1730 898 1730 898 1731 865 1731 864 1731 898 1732 864 1732 863 1732 874 1733 873 1733 895 1733 895 1734 873 1734 872 1734 895 1735 872 1735 901 1735 901 1736 872 1736 871 1736 901 1737 871 1737 892 1737 892 1738 871 1738 870 1738 892 1739 870 1739 869 1739 901 1740 902 1740 895 1740 895 1741 902 1741 903 1741 895 1742 903 1742 894 1742 894 1743 903 1743 904 1743 894 1744 904 1744 893 1744 893 1745 904 1745 905 1745 893 1746 905 1746 897 1746 897 1747 905 1747 906 1747 897 1748 906 1748 896 1748 896 1749 906 1749 907 1749 896 1750 907 1750 888 1750 888 1751 907 1751 908 1751 888 1752 908 1752 889 1752 889 1753 908 1753 909 1753 889 1754 909 1754 890 1754 890 1755 909 1755 910 1755 890 1756 910 1756 884 1756 884 1757 910 1757 911 1757 884 1758 911 1758 885 1758 885 1759 911 1759 912 1759 885 1760 912 1760 887 1760 887 1761 912 1761 913 1761 887 1762 913 1762 886 1762 886 1763 913 1763 914 1763 886 1764 914 1764 898 1764 898 1765 914 1765 915 1765 898 1766 915 1766 900 1766 900 1767 915 1767 916 1767 900 1768 916 1768 899 1768 899 1769 916 1769 917 1769 899 1770 917 1770 891 1770 891 1771 917 1771 918 1771 891 1772 918 1772 892 1772 892 1773 918 1773 919 1773 892 1774 919 1774 901 1774 901 1775 919 1775 902 1775 912 1776 911 1776 920 1776 920 1777 911 1777 910 1777 920 1778 910 1778 909 1778 915 1779 914 1779 920 1779 920 1780 914 1780 913 1780 920 1781 913 1781 912 1781 918 1782 917 1782 920 1782 920 1783 917 1783 916 1783 920 1784 916 1784 915 1784 903 1785 902 1785 920 1785 920 1786 902 1786 919 1786 920 1787 919 1787 918 1787 906 1788 905 1788 920 1788 920 1789 905 1789 904 1789 920 1790 904 1790 903 1790 909 1791 908 1791 920 1791 920 1792 908 1792 907 1792 920 1793 907 1793 906 1793 821 1794 921 1794 822 1794 822 1795 921 1795 922 1795 822 1796 922 1796 805 1796 805 1797 922 1797 923 1797 805 1798 923 1798 806 1798 806 1799 923 1799 924 1799 806 1800 924 1800 813 1800 813 1801 924 1801 925 1801 813 1802 925 1802 814 1802 814 1803 925 1803 926 1803 814 1804 926 1804 815 1804 815 1805 926 1805 927 1805 815 1806 927 1806 809 1806 809 1807 927 1807 928 1807 809 1808 928 1808 807 1808 807 1809 928 1809 929 1809 807 1810 929 1810 808 1810 808 1811 929 1811 930 1811 808 1812 930 1812 810 1812 810 1813 930 1813 931 1813 810 1814 931 1814 811 1814 811 1815 931 1815 932 1815 811 1816 932 1816 812 1816 812 1817 932 1817 933 1817 812 1818 933 1818 802 1818 802 1819 933 1819 934 1819 802 1820 934 1820 803 1820 803 1821 934 1821 935 1821 803 1822 935 1822 823 1822 823 1823 935 1823 936 1823 823 1824 936 1824 824 1824 824 1825 936 1825 937 1825 824 1826 937 1826 825 1826 825 1827 937 1827 938 1827 825 1828 938 1828 819 1828 819 1829 938 1829 939 1829 819 1830 939 1830 818 1830 818 1831 939 1831 940 1831 818 1832 940 1832 816 1832 816 1833 940 1833 941 1833 816 1834 941 1834 820 1834 820 1835 941 1835 942 1835 820 1836 942 1836 821 1836 821 1837 942 1837 921 1837 931 1838 930 1838 943 1838 934 1839 933 1839 943 1839 943 1840 933 1840 932 1840 943 1841 932 1841 931 1841 937 1842 936 1842 943 1842 943 1843 936 1843 935 1843 943 1844 935 1844 934 1844 940 1845 939 1845 943 1845 943 1846 939 1846 938 1846 943 1847 938 1847 937 1847 921 1848 942 1848 943 1848 943 1849 942 1849 941 1849 943 1850 941 1850 940 1850 924 1851 923 1851 943 1851 943 1852 923 1852 922 1852 943 1853 922 1853 921 1853 927 1854 926 1854 943 1854 943 1855 926 1855 925 1855 943 1856 925 1856 924 1856 930 1857 929 1857 943 1857 943 1858 929 1858 928 1858 943 1859 928 1859 927 1859 944 1860 945 1860 946 1860 944 1861 946 1861 947 1861 947 1862 946 1862 948 1862 947 1863 948 1863 949 1863 949 1864 948 1864 950 1864 949 1865 950 1865 951 1865 951 1866 950 1866 952 1866 958 1870 954 1870 959 1870 959 1871 954 1871 956 1871 960 1872 958 1872 961 1872 961 1873 958 1873 959 1873 960 1874 961 1874 962 1874 962 1875 961 1875 963 1875 962 1876 963 1876 964 1876 964 1877 963 1877 965 1877 964 1878 965 1878 966 1878 966 1879 965 1879 967 1879 966 1880 967 1880 968 1880 968 1881 967 1881 969 1881 970 1882 971 1882 968 1882 972 1883 973 1883 974 1883 975 1884 976 1884 977 1884 974 1885 978 1885 975 1885 975 1886 978 1886 979 1886 975 1887 979 1887 976 1887 980 1888 969 1888 981 1888 981 1889 969 1889 975 1889 981 1890 975 1890 982 1890 982 1891 975 1891 977 1891 973 1892 983 1892 974 1892 974 1893 983 1893 984 1893 974 1894 984 1894 978 1894 980 1895 985 1895 969 1895 969 1896 985 1896 986 1896 969 1897 986 1897 987 1897 971 1898 988 1898 968 1898 968 1899 988 1899 989 1899 968 1900 989 1900 974 1900 974 1901 989 1901 990 1901 974 1902 990 1902 972 1902 987 1903 991 1903 969 1903 969 1904 991 1904 992 1904 969 1905 992 1905 968 1905 968 1906 992 1906 993 1906 968 1907 993 1907 970 1907 994 1908 974 1908 995 1908 995 1909 974 1909 975 1909 944 1910 996 1910 945 1910 945 1911 996 1911 997 1911 945 1912 997 1912 998 1912 998 1913 999 1913 945 1913 945 1914 999 1914 1000 1914 945 1915 1000 1915 1001 1915 1001 1916 1002 1916 945 1916 945 1917 1002 1917 1003 1917 945 1918 1003 1918 995 1918 995 1919 1003 1919 1004 1919 995 1920 1004 1920 1005 1920 1005 1921 1006 1921 995 1921 995 1922 1006 1922 1007 1922 995 1923 1007 1923 1008 1923 1009 1924 1010 1924 994 1924 994 1925 1010 1925 1011 1925 994 1926 1011 1926 1012 1926 1013 1927 944 1927 1014 1927 1014 1928 944 1928 994 1928 1014 1929 994 1929 1015 1929 1015 1930 994 1930 1012 1930 1013 1931 1016 1931 944 1931 944 1932 1016 1932 1017 1932 944 1933 1017 1933 1018 1933 1018 1934 1019 1934 944 1934 944 1935 1019 1935 1020 1935 944 1936 1020 1936 996 1936 1008 1937 1021 1937 995 1937 995 1938 1021 1938 1022 1938 995 1939 1022 1939 994 1939 994 1940 1022 1940 1023 1940 994 1941 1023 1941 1009 1941 974 1942 994 1942 968 1942 968 1943 994 1943 944 1943 968 1944 944 1944 966 1944 966 1945 944 1945 947 1945 966 1946 947 1946 964 1946 964 1947 947 1947 949 1947 964 1948 949 1948 962 1948 962 1949 949 1949 951 1949 962 1950 951 1950 960 1950 960 1951 951 1951 955 1951 960 1952 955 1952 958 1952 958 1953 955 1953 954 1953 959 1954 956 1954 961 1954 961 1955 956 1955 957 1955 961 1956 957 1956 963 1956 963 1957 957 1957 950 1957 963 1958 950 1958 965 1958 965 1959 950 1959 948 1959 965 1960 948 1960 967 1960 967 1961 948 1961 946 1961 967 1962 946 1962 969 1962 969 1963 946 1963 945 1963 969 1964 945 1964 975 1964 975 1965 945 1965 995 1965 1024 1966 1025 1966 1022 1966 1022 1967 1025 1967 1023 1967 1025 1968 1026 1968 1023 1968 1023 1969 1026 1969 1027 1969 1023 1970 1027 1970 1009 1970 1009 1971 1027 1971 1028 1971 1009 1972 1028 1972 1010 1972 1010 1973 1028 1973 1029 1973 1010 1974 1029 1974 1011 1974 1011 1975 1029 1975 1030 1975 1011 1976 1030 1976 1012 1976 1012 1977 1030 1977 1031 1977 1012 1978 1031 1978 1015 1978 1015 1979 1031 1979 1032 1979 1015 1980 1032 1980 1014 1980 1014 1981 1032 1981 1033 1981 1014 1982 1033 1982 1013 1982 1013 1983 1033 1983 1034 1983 1013 1984 1034 1984 1016 1984 1016 1985 1034 1985 1035 1985 1016 1986 1035 1986 1017 1986 1017 1987 1035 1987 1036 1987 1017 1988 1036 1988 1018 1988 1018 1989 1036 1989 1037 1989 1018 1990 1037 1990 1019 1990 1019 1991 1037 1991 1038 1991 1019 1992 1038 1992 1020 1992 1020 1993 1038 1993 1039 1993 1020 1994 1039 1994 996 1994 996 1995 1039 1995 1040 1995 996 1996 1040 1996 997 1996 997 1997 1040 1997 1041 1997 997 1998 1041 1998 998 1998 998 1999 1041 1999 1042 1999 998 2000 1042 2000 999 2000 999 2001 1042 2001 1043 2001 999 2002 1043 2002 1000 2002 1000 2003 1043 2003 1044 2003 1000 2004 1044 2004 1001 2004 1001 2005 1044 2005 1045 2005 1001 2006 1045 2006 1002 2006 1002 2007 1045 2007 1046 2007 1002 2008 1046 2008 1003 2008 1003 2009 1046 2009 1047 2009 1003 2010 1047 2010 1004 2010 1004 2011 1047 2011 1048 2011 1004 2012 1048 2012 1005 2012 1005 2013 1048 2013 1049 2013 1005 2014 1049 2014 1006 2014 1006 2015 1049 2015 1050 2015 1006 2016 1050 2016 1007 2016 1007 2017 1050 2017 1051 2017 1007 2018 1051 2018 1008 2018 1008 2019 1051 2019 1024 2019 1008 2020 1024 2020 1021 2020 1021 2021 1024 2021 1022 2021 1052 2022 1035 2022 1053 2022 1053 2023 1035 2023 1034 2023 1053 2024 1034 2024 1054 2024 1055 2025 1041 2025 1056 2025 1056 2026 1041 2026 1040 2026 1056 2027 1040 2027 1057 2027 1058 2028 1047 2028 1059 2028 1059 2029 1047 2029 1046 2029 1059 2030 1046 2030 1060 2030 1060 2031 1046 2031 1045 2031 1060 2032 1045 2032 1061 2032 1040 2033 1039 2033 1057 2033 1057 2034 1039 2034 1038 2034 1057 2035 1038 2035 1062 2035 1062 2036 1038 2036 1037 2036 1062 2037 1037 2037 1052 2037 1052 2038 1037 2038 1036 2038 1052 2039 1036 2039 1035 2039 1045 2040 1044 2040 1061 2040 1061 2041 1044 2041 1043 2041 1061 2042 1043 2042 1055 2042 1055 2043 1043 2043 1042 2043 1055 2044 1042 2044 1041 2044 1063 2045 1049 2045 1058 2045 1058 2046 1049 2046 1048 2046 1058 2047 1048 2047 1047 2047 1064 2048 1024 2048 1065 2048 1065 2049 1024 2049 1051 2049 1065 2050 1051 2050 1063 2050 1063 2051 1051 2051 1050 2051 1063 2052 1050 2052 1049 2052 1066 2053 1026 2053 1064 2053 1064 2054 1026 2054 1025 2054 1064 2055 1025 2055 1024 2055 1067 2056 1029 2056 1068 2056 1068 2057 1029 2057 1028 2057 1068 2058 1028 2058 1066 2058 1066 2059 1028 2059 1027 2059 1066 2060 1027 2060 1026 2060 1034 2061 1033 2061 1054 2061 1054 2062 1033 2062 1032 2062 1054 2063 1032 2063 1069 2063 1069 2064 1032 2064 1031 2064 1069 2065 1031 2065 1067 2065 1067 2066 1031 2066 1030 2066 1067 2067 1030 2067 1029 2067 1057 2068 1070 2068 1056 2068 1056 2069 1070 2069 1071 2069 1056 2070 1071 2070 1055 2070 1055 2071 1071 2071 1072 2071 1055 2072 1072 2072 1061 2072 1061 2073 1072 2073 1073 2073 1061 2074 1073 2074 1060 2074 1060 2075 1073 2075 1074 2075 1060 2076 1074 2076 1059 2076 1059 2077 1074 2077 1075 2077 1059 2078 1075 2078 1058 2078 1058 2079 1075 2079 1076 2079 1058 2080 1076 2080 1063 2080 1063 2081 1076 2081 1077 2081 1063 2082 1077 2082 1065 2082 1065 2083 1077 2083 1078 2083 1065 2084 1078 2084 1064 2084 1064 2085 1078 2085 1079 2085 1064 2086 1079 2086 1066 2086 1066 2087 1079 2087 1080 2087 1066 2088 1080 2088 1068 2088 1068 2089 1080 2089 1081 2089 1068 2090 1081 2090 1067 2090 1067 2091 1081 2091 1082 2091 1067 2092 1082 2092 1069 2092 1069 2093 1082 2093 1083 2093 1069 2094 1083 2094 1054 2094 1054 2095 1083 2095 1084 2095 1054 2096 1084 2096 1053 2096 1053 2097 1084 2097 1085 2097 1053 2098 1085 2098 1052 2098 1052 2099 1085 2099 1086 2099 1052 2100 1086 2100 1062 2100 1062 2101 1086 2101 1087 2101 1062 2102 1087 2102 1057 2102 1057 2103 1087 2103 1070 2103 1080 2104 1079 2104 1088 2104 1088 2105 1079 2105 1078 2105 1088 2106 1078 2106 1077 2106 1083 2107 1082 2107 1088 2107 1088 2108 1082 2108 1081 2108 1088 2109 1081 2109 1080 2109 1086 2110 1085 2110 1088 2110 1088 2111 1085 2111 1084 2111 1088 2112 1084 2112 1083 2112 1071 2113 1070 2113 1088 2113 1088 2114 1070 2114 1087 2114 1088 2115 1087 2115 1086 2115 1074 2116 1073 2116 1088 2116 1088 2117 1073 2117 1072 2117 1088 2118 1072 2118 1071 2118 1077 2119 1076 2119 1088 2119 1088 2120 1076 2120 1075 2120 1088 2121 1075 2121 1074 2121 978 2122 1089 2122 979 2122 979 2123 1089 2123 1090 2123 979 2124 1090 2124 976 2124 976 2125 1090 2125 1091 2125 976 2126 1091 2126 977 2126 977 2127 1091 2127 1092 2127 977 2128 1092 2128 982 2128 982 2129 1092 2129 1093 2129 982 2130 1093 2130 981 2130 981 2131 1093 2131 1094 2131 981 2132 1094 2132 980 2132 980 2133 1094 2133 1095 2133 980 2134 1095 2134 985 2134 985 2135 1095 2135 1096 2135 985 2136 1096 2136 986 2136 986 2137 1096 2137 1097 2137 986 2138 1097 2138 987 2138 987 2139 1097 2139 1098 2139 987 2140 1098 2140 991 2140 991 2141 1098 2141 1099 2141 991 2142 1099 2142 992 2142 992 2143 1099 2143 1100 2143 992 2144 1100 2144 993 2144 993 2145 1100 2145 1101 2145 993 2146 1101 2146 970 2146 970 2147 1101 2147 1102 2147 970 2148 1102 2148 971 2148 971 2149 1102 2149 1103 2149 971 2150 1103 2150 988 2150 988 2151 1103 2151 1104 2151 988 2152 1104 2152 989 2152 989 2153 1104 2153 1105 2153 989 2154 1105 2154 990 2154 990 2155 1105 2155 1106 2155 990 2156 1106 2156 972 2156 972 2157 1106 2157 1107 2157 972 2158 1107 2158 973 2158 973 2159 1107 2159 1108 2159 973 2160 1108 2160 983 2160 983 2161 1108 2161 1109 2161 983 2162 1109 2162 984 2162 984 2163 1109 2163 1110 2163 984 2164 1110 2164 978 2164 978 2165 1110 2165 1089 2165 1099 2166 1098 2166 1111 2166 1102 2167 1101 2167 1111 2167 1111 2168 1101 2168 1100 2168 1111 2169 1100 2169 1099 2169 1105 2170 1104 2170 1111 2170 1111 2171 1104 2171 1103 2171 1111 2172 1103 2172 1102 2172 1108 2173 1107 2173 1111 2173 1111 2174 1107 2174 1106 2174 1111 2175 1106 2175 1105 2175 1089 2176 1110 2176 1111 2176 1111 2177 1110 2177 1109 2177 1111 2178 1109 2178 1108 2178 1092 2179 1091 2179 1111 2179 1111 2180 1091 2180 1090 2180 1111 2181 1090 2181 1089 2181 1095 2182 1094 2182 1111 2182 1111 2183 1094 2183 1093 2183 1111 2184 1093 2184 1092 2184 1098 2185 1097 2185 1111 2185 1111 2186 1097 2186 1096 2186 1111 2187 1096 2187 1095 2187</p>
        </triangles>
      </mesh>
    </geometry>
  </library_geometries>
  <library_visual_scenes>
    <visual_scene id="Scene" name="Scene">
      <node id="base" name="base" type="NODE">
        <matrix sid="transform">0.001 0 0 0 0 0.001 0 0 0 0 0.001 0 0 0 0 1</matrix>
        <instance_geometry url="#base-mesh" name="base">
          <bind_material>
            <technique_common>
              <instance_material symbol="Material_001-material" target="#Material_001-material"/>
              <instance_material symbol="Material_002-material" target="#Material_002-material"/>
              <instance_material symbol="Material_003-material" target="#Material_003-material"/>
            </technique_common>
          </bind_material>
        </instance_geometry>
      </node>
    </visual_scene>
  </library_visual_scenes>
  <scene>
    <instance_visual_scene url="#Scene"/>
  </scene>
</COLLADA>