<?xml version="1.0" encoding="utf-8"?>
<COLLADA xmlns="http://www.collada.org/2005/11/COLLADASchema" version="1.4.1" xmlns:xsi="http://www.w3.org/2001/XMLSchema-instance">
  <asset>
    <contributor>
      <author>Blender User</author>
      <authoring_tool>Blender 4.3.2 commit date:2024-12-16, commit time:21:10, hash:32f5fdce0a0a</authoring_tool>
    </contributor>
    <created>2025-11-20T04:56:53</created>
    <modified>2025-11-20T04:56:53</modified>
    <unit name="meter" meter="1"/>
    <up_axis>Z_UP</up_axis>
  </asset>
  <library_effects>
    <effect id="Material_001-effect">
      <profile_COMMON>
        <technique sid="common">
          <lambert>
            <emission>
              <color sid="emission">0 0 0 1</color>
            </emission>
            <diffuse>
              <color sid="diffuse">0.06 0.06 0.06 1</color>
            </diffuse>
            <index_of_refraction>
              <float sid="ior">1.5</float>
            </index_of_refraction>
          </lambert>
        </technique>
      </profile_COMMON>
    </effect>
    <effect id="Material_002-effect">
      <profile_COMMON>
        <technique sid="common">
          <lambert>
            <emission>
              <color sid="emission">0 0 0 1</color>
            </emission>
            <diffuse>
              <color sid="diffuse">0.3350409 0.2114878 0.02419256 1</color>
            </diffuse>
            <index_of_refraction>
              <float sid="ior">1.5</float>
            </index_of_refraction>
          </lambert>
        </technique>
      </profile_COMMON>
    </effect>
    <effect id="Material_003-effect">
      <profile_COMMON>
        <technique sid="common">
          <lambert>
            <emission>
              <color sid="emission">0 0 0 1</color>
            </emission>
            <diffuse>
              <color sid="diffuse">0.25 0.25 0.25 1</color>
            </diffuse>
            <reflectivity>
              <float sid="specular">0.4</float>
            </reflectivity>
            <index_of_refraction>
              <float sid="ior">1.5</float>
            </index_of_refraction>
          </lambert>
        </technique>
      </profile_COMMON>
    </effect>
  </library_effects>
  <library_images/>
  <library_materials>
    <material id="Material_001-material" name="Material.001">
      <instance_effect url="#Material_001-effect"/>
    </material>
    <material id="Material_002-material" name="Material.002">
      <instance_effect url="#Material_002-effect"/>
    </material>
    <material id="Material_003-material" name="Material.003">
      <instance_effect url="#Material_003-effect"/>
    </material>
  </library_materials>
  <library_geometries>
    <geometry id="roller_model-mesh" name="roller_model">
      <mesh>
        <source id="roller_model-mesh-positions">
          <float_array id="roller_model-mesh-positions-array" count="11022">25.24988 0 1.905651 27.15553 0.3309128 1.8767 25.24988 0.3309128 1.8767 27.15553 0.6517711 1.790726 25.24988 0.6517711 1.790726 27.15553 0.9528256 1.650342 25.24988 0.9528256 1.650342 27.15553 1.224929 1.459814 25.24988 1.224929 1.459814 27.15553 1.459814 1.224929 25.24988 1.459814 1.224929 27.15553 1.650342 0.9528256 25.24988 1.650342 0.9528256 27.15553 1.790726 0.6517711 25.24988 1.790726 0.6517711 27.15553 1.8767 0.3309128 25.24988 1.8767 0.3309128 27.15553 1.905651 0 25.24988 1.905651 0 27.15553 1.8767 -0.3309128 25.24988 1.8767 -0.3309128 27.15553 1.790726 -0.6517711 25.24988 1.790726 -0.6517711 27.15553 1.650342 -0.9528256 25.24988 1.650342 -0.9528256 27.15553 1.459814 -1.224929 25.24988 1.459814 -1.224929 27.15553 1.224929 -1.459814 25.24988 1.224929 -1.459814 27.15553 0.9528256 -1.650342 25.24988 0.9528256 -1.650342 27.15553 0.6517711 -1.790726 25.24988 0.6517711 -1.790726 27.15553 0.3309128 -1.8767 25.24988 0.3309128 -1.8767 27.15553 0 -1.905651 25.24988 0 -1.905651 27.15553 -0.3309128 -1.8767 25.24988 -0.3309128 -1.8767 27.15553 -0.6517711 -1.790726 25.24988 -0.6517711 -1.790726 27.15553 -0.9528256 -1.650342 25.24988 -0.9528256 -1.650342 27.15553 -1.224929 -1.459814 25.24988 -1.224929 -1.459814 27.15553 -1.459814 -1.224929 25.24988 -1.459814 -1.224929 27.15553 -1.650342 -0.9528256 25.24988 -1.650342 -0.9528256 27.15553 -1.790726 -0.6517711 25.24988 -1.790726 -0.6517711 27.15553 -1.8767 -0.3309128 25.24988 -1.8767 -0.3309128 27.15553 -1.905651 0 25.24988 -1.905651 0 27.15553 -1.8767 0.3309128 25.24988 -1.8767 0.3309128 27.15553 -1.790726 0.6517711 25.24988 -1.790726 0.6517711 27.15553 -1.650342 0.9528256 25.24988 -1.650342 0.9528256 27.15553 -1.459814 1.224929 25.24988 -1.459814 1.224929 27.15553 -1.224929 1.459814 25.24988 -1.224929 1.459814 27.15553 -0.9528256 1.650342 25.24988 -0.9528256 1.650342 27.15553 -0.6517711 1.790726 25.24988 -0.6517711 1.790726 27.15553 -0.3309128 1.8767 25.24988 -0.3309128 1.8767 27.15553 0 1.905651 31.91966 0.5540055 1.522117 31.91966 0.2812759 1.595195 31.91966 0 0 31.91966 0 1.619803 31.91966 -0.2812759 1.595195 31.91966 1.240841 1.04119 31.91966 1.04119 1.240841 31.91966 0.8099017 1.402791 31.91966 1.595195 0.2812759 31.91966 1.522117 0.5540055 31.91966 1.402791 0.8099017 31.91966 1.522117 -0.5540055 31.91966 1.595195 -0.2812759 31.91966 1.619803 0 31.91966 1.04119 -1.240841 31.91966 1.240841 -1.04119 31.91966 1.402791 -0.8099017 31.91966 0.2812759 -1.595195 31.91966 0.5540055 -1.522117 31.91966 0.8099017 -1.402791 31.91966 -0.5540055 -1.522117 31.91966 -0.2812759 -1.595195 31.91966 0 -1.619803 31.91966 -1.240841 -1.04119 31.91966 -1.04119 -1.240841 31.91966 -0.8099017 -1.402791 31.91966 -1.595195 -0.2812759 31.91966 -1.522117 -0.5540055 31.91966 -1.402791 -0.8099017 31.91966 -1.522117 0.5540055 31.91966 -1.595195 0.2812759 31.91966 -1.619803 0 31.91966 -1.04119 1.240841 31.91966 -1.240841 1.04119 31.91966 -1.402791 0.8099017 31.91966 -0.5540055 1.522117 31.91966 -0.8099017 1.402791 31.63381 0 1.905651 31.63381 0.3309128 1.8767 31.63381 0.6517711 1.790726 31.63381 0.9528256 1.650342 31.63381 1.224929 1.459814 31.63381 1.459814 1.224929 31.63381 1.650342 0.9528256 31.63381 1.790726 0.6517711 31.63381 1.8767 0.3309128 31.91966 1.619803 0 31.63381 1.905651 0 31.63381 1.8767 -0.3309128 31.63381 1.790726 -0.6517711 31.63381 1.650342 -0.9528256 31.63381 1.459814 -1.224929 31.63381 1.224929 -1.459814 31.63381 0.9528256 -1.650342 31.63381 0.6517711 -1.790726 31.63381 0.3309128 -1.8767 31.91966 0 -1.619803 31.63381 0 -1.905651 31.63381 -0.3309128 -1.8767 31.63381 -0.6517711 -1.790726 31.63381 -0.9528256 -1.650342 31.63381 -1.224929 -1.459814 31.63381 -1.459814 -1.224929 31.63381 -1.650342 -0.9528256 31.63381 -1.790726 -0.6517711 31.63381 -1.8767 -0.3309128 31.91966 -1.619803 0 31.63381 -1.905651 0 31.63381 -1.8767 0.3309128 31.63381 -1.790726 0.6517711 31.63381 -1.650342 0.9528256 31.63381 -1.459814 1.224929 31.63381 -1.224929 1.459814 31.63381 -0.9528256 1.650342 31.63381 -0.6517711 1.790726 31.63381 -0.3309128 1.8767 31.91966 0 1.619803 30.95095 0 1.905651 30.95095 0.3309128 1.8767 30.95095 0.6517711 1.790726 30.95095 0.9528256 1.650342 30.95095 1.224929 1.459814 30.95095 1.459814 1.224929 30.95095 1.650342 0.9528256 30.95095 1.790726 0.6517711 30.95095 1.8767 0.3309128 31.63381 1.905651 0 30.95095 1.905651 0 30.95095 1.8767 -0.3309128 30.95095 1.790726 -0.6517711 30.95095 1.650342 -0.9528256 30.95095 1.459814 -1.224929 30.95095 1.224929 -1.459814 30.95095 0.9528256 -1.650342 30.95095 0.6517711 -1.790726 30.95095 0.3309128 -1.8767 31.63381 0 -1.905651 30.95095 0 -1.905651 30.95095 -0.3309128 -1.8767 30.95095 -0.6517711 -1.790726 30.95095 -0.9528256 -1.650342 30.95095 -1.224929 -1.459814 30.95095 -1.459814 -1.224929 30.95095 -1.650342 -0.9528256 30.95095 -1.790726 -0.6517711 30.95095 -1.8767 -0.3309128 31.63381 -1.905651 0 30.95095 -1.905651 0 30.95095 -1.8767 0.3309128 30.95095 -1.790726 0.6517711 30.95095 -1.650342 0.9528256 30.95095 -1.459814 1.224929 30.95095 -1.224929 1.459814 30.95095 -0.9528256 1.650342 30.95095 -0.6517711 1.790726 30.95095 -0.3309128 1.8767 30.95095 2.188462 0.7518327 30.95095 2.02466 1.120433 30.95095 1.79934 1.45499 30.95095 1.519348 1.745337 30.95095 1.193191 1.982654 30.95095 0.8307791 2.159728 30.95095 0.4431249 2.27118 30.95095 0 1.905651 30.95095 0.04200649 2.313624 30.95095 -0.3603882 2.285769 30.95095 -0.7518327 2.188462 30.95095 -1.120433 2.02466 30.95095 -1.45499 1.79934 30.95095 -1.745337 1.519348 30.95095 -1.982654 1.193191 30.95095 -2.159728 0.8307791 30.95095 -2.27118 0.4431249 30.95095 -1.905651 0 30.95095 -2.313624 0.04200649 30.95095 -2.285769 -0.3603882 30.95095 -2.188462 -0.7518327 30.95095 -2.02466 -1.120433 30.95095 -1.79934 -1.45499 30.95095 -1.519348 -1.745337 30.95095 -1.193191 -1.982654 30.95095 -0.8307791 -2.159728 30.95095 -0.4431249 -2.27118 30.95095 0 -1.905651 30.95095 -0.04200649 -2.313624 30.95095 0.3603882 -2.285769 30.95095 0.7518327 -2.188462 30.95095 1.120433 -2.02466 30.95095 1.45499 -1.79934 30.95095 1.745337 -1.519348 30.95095 1.982654 -1.193191 30.95095 2.159728 -0.8307791 30.95095 2.27118 -0.4431249 30.95095 1.905651 0 30.95095 2.313624 -0.04200649 30.95095 2.285769 0.3603882 31.91966 0.7518327 -2.188462 31.91966 1.120433 -2.02466 31.91966 1.45499 -1.79934 31.91966 1.745337 -1.519348 31.91966 1.982654 -1.193191 31.91966 2.159728 -0.8307791 31.91966 2.27118 -0.4431249 31.91966 2.313624 -0.04200649 31.91966 2.285769 0.3603882 31.91966 2.188462 0.7518327 31.91966 2.02466 1.120433 31.91966 1.79934 1.45499 31.91966 1.519348 1.745337 31.91966 1.193191 1.982654 31.91966 0.8307791 2.159728 31.91966 0.4431249 2.27118 31.91966 0.04200649 2.313624 31.91966 -0.3603882 2.285769 31.91966 -0.7518327 2.188462 31.91966 -1.120433 2.02466 31.91966 -1.45499 1.79934 31.91966 -1.745337 1.519348 31.91966 -1.982654 1.193191 31.91966 -2.159728 0.8307791 31.91966 -2.27118 0.4431249 31.91966 -2.313624 0.04200649 31.91966 -2.285769 -0.3603882 31.91966 -2.188462 -0.7518327 31.91966 -2.02466 -1.120433 31.91966 -1.79934 -1.45499 31.91966 -1.519348 -1.745337 31.91966 -1.193191 -1.982654 31.91966 -0.8307791 -2.159728 31.91966 -0.4431249 -2.27118 31.91966 -0.04200649 -2.313624 31.91966 0.3603882 -2.285769 31.91966 -1.628932 1.716218 31.91966 -1.856595 1.466928 31.91966 -2.046463 1.187776 31.91966 -2.194671 0.8844443 31.91966 -2.298202 0.5631076 31.91966 -1.716218 -1.628932 31.91966 -1.466928 -1.856595 31.91966 -1.187776 -2.046463 31.91966 -0.8844443 -2.194671 31.91966 -0.5631076 -2.298202 31.91966 -0.1071807 2.363755 31.91966 -0.4424871 2.324442 31.91966 -0.7687858 2.23781 31.91966 -1.079434 2.105623 31.91966 -1.368108 1.930571 31.91966 2.363755 0.1071807 31.91966 2.324442 0.4424871 31.91966 2.23781 0.7687858 31.91966 2.105623 1.079434 31.91966 1.628932 -1.716218 31.91966 1.856595 -1.466928 31.91966 2.046463 -1.187776 31.91966 2.194671 -0.8844443 31.91966 2.298202 -0.5631076 31.91966 2.354948 -0.2303076 31.91966 -0.2303076 -2.354948 31.91966 0.1071807 -2.363755 31.91966 0.4424871 -2.324442 31.91966 0.7687858 -2.23781 31.91966 1.079434 -2.105623 31.91966 1.368108 -1.930571 31.91966 -2.354948 0.2303076 31.91966 -2.363755 -0.1071807 31.91966 -2.324442 -0.4424871 31.91966 -2.23781 -0.7687858 31.91966 -2.105623 -1.079434 31.91966 -1.930571 -1.368108 31.91966 1.930571 1.368108 31.91966 1.716218 1.628932 31.91966 1.466928 1.856595 31.91966 1.187776 2.046463 31.91966 0.8844443 2.194671 31.91966 0.5631076 2.298202 31.91966 0.2303076 2.354948 30.95095 1.614742 -2.917892 30.95095 1.928207 -2.720939 31.11917 1.919697 -2.708931 30.95095 2.096897 -2.593166 30.95095 2.29581 -2.418831 31.11917 2.285679 -2.408157 30.95095 2.857354 -1.719598 30.95095 2.884277 -1.674047 31.11917 2.871549 -1.666659 30.95095 3.112549 -1.197299 30.95095 3.239077 -0.7936416 31.11917 3.224783 -0.7901393 30.95095 2.917892 1.614742 30.95095 2.720939 1.928207 31.11917 2.708931 1.919697 30.95095 2.593166 2.096897 30.95095 2.418831 2.29581 31.11917 2.408157 2.285679 30.95095 1.719598 2.857354 30.95095 1.674047 2.884277 31.11917 1.666659 2.871549 30.95095 1.197299 3.112549 30.95095 0.7936416 3.239077 31.11917 0.7901393 3.224783 30.95095 -1.614742 2.917892 30.95095 -1.928207 2.720939 31.11917 -1.919697 2.708931 30.95095 -2.096897 2.593166 30.95095 -2.29581 2.418831 31.11917 -2.285679 2.408157 30.95095 -2.857354 1.719598 30.95095 -2.884277 1.674047 31.11917 -2.871549 1.666659 30.95095 -3.112549 1.197299 30.95095 -3.239077 0.7936416 31.11917 -3.224783 0.7901393 30.95095 -2.917892 -1.614742 30.95095 -2.720939 -1.928207 31.11917 -2.708931 -1.919697 30.95095 -2.593166 -2.096897 30.95095 -2.418831 -2.29581 31.11917 -2.408157 -2.285679 30.95095 -1.719598 -2.857354 30.95095 -1.674047 -2.884277 31.11917 -1.666659 -2.871549 30.95095 -1.197299 -3.112549 30.95095 -0.7936416 -3.239077 31.11917 -0.7901393 -3.224783 31.90494 0.4739439 -2.489688 31.90494 0.1148002 -2.531796 31.86124 0.504445 -2.649914 31.86124 0.1221883 -2.694732 31.78988 0.5330634 -2.800251 31.78988 0.1291203 -2.847611 31.69302 0.5589297 -2.93613 31.69302 0.1353858 -2.985788 31.57362 0.581258 -3.053423 31.57362 0.1407942 -3.105065 31.4353 0.5993698 -3.148566 31.4353 0.1451812 -3.201818 31.28227 0.6127147 -3.218669 31.28227 0.1484137 -3.273106 31.11917 0.6208875 -3.261602 31.11917 0.1503934 -3.316765 31.90494 -1.571214 -1.988582 31.90494 -1.838226 -1.744734 31.86124 -1.67233 -2.116559 31.86124 -1.956526 -1.857018 31.78988 -1.767206 -2.236636 31.78988 -2.067525 -1.962371 31.69302 -1.852957 -2.345167 31.69302 -2.167849 -2.057593 31.57362 -1.92698 -2.438852 31.57362 -2.254451 -2.139791 31.4353 -1.987024 -2.514846 31.4353 -2.324699 -2.206465 31.28227 -2.031265 -2.570839 31.28227 -2.376458 -2.255593 31.11917 -2.058359 -2.60513 31.90494 -2.489688 -0.4739439 31.90494 -2.531796 -0.1148002 31.86124 -2.649914 -0.504445 31.86124 -2.694732 -0.1221883 31.78988 -2.800251 -0.5330634 31.78988 -2.847611 -0.1291203 31.69302 -2.93613 -0.5589297 31.69302 -2.985788 -0.1353858 31.57362 -3.053423 -0.581258 31.57362 -3.105065 -0.1407942 31.4353 -3.148566 -0.5993698 31.4353 -3.201818 -0.1451812 31.28227 -3.218669 -0.6127147 31.28227 -3.273106 -0.1484137 31.11917 -3.261602 -0.6208875 31.11917 -3.316765 -0.1503934 31.90494 -1.988582 1.571214 31.90494 -1.744734 1.838226 31.86124 -2.116559 1.67233 31.86124 -1.857018 1.956526 31.78988 -2.236636 1.767206 31.78988 -1.962371 2.067525 31.69302 -2.345167 1.852957 31.69302 -2.057593 2.167849 31.57362 -2.438852 1.92698 31.57362 -2.139791 2.254451 31.4353 -2.514846 1.987024 31.4353 -2.206465 2.324699 31.28227 -2.570839 2.031265 31.28227 -2.255593 2.376458 31.11917 -2.60513 2.058359 31.90494 -0.4739439 2.489688 31.90494 -0.1148002 2.531796 31.86124 -0.504445 2.649914 31.86124 -0.1221883 2.694732 31.78988 -0.5330634 2.800251 31.78988 -0.1291203 2.847611 31.69302 -0.5589297 2.93613 31.69302 -0.1353858 2.985788 31.57362 -0.581258 3.053423 31.57362 -0.1407942 3.105065 31.4353 -0.5993698 3.148566 31.4353 -0.1451812 3.201818 31.28227 -0.6127147 3.218669 31.28227 -0.1484137 3.273106 31.11917 -0.6208875 3.261602 31.11917 -0.1503934 3.316765 31.90494 1.571214 1.988582 31.90494 1.838226 1.744734 31.86124 1.67233 2.116559 31.86124 1.956526 1.857018 31.78988 1.767206 2.236636 31.78988 2.067525 1.962371 31.69302 1.852957 2.345167 31.69302 2.167849 2.057593 31.57362 1.92698 2.438852 31.57362 2.254451 2.139791 31.4353 1.987024 2.514846 31.4353 2.324699 2.206465 31.28227 2.031265 2.570839 31.28227 2.376458 2.255593 31.11917 2.058359 2.60513 31.90494 2.489688 0.4739439 31.90494 2.531796 0.1148002 31.86124 2.649914 0.504445 31.86124 2.694732 0.1221883 31.78988 2.800251 0.5330634 31.78988 2.847611 0.1291203 31.69302 2.93613 0.5589297 31.69302 2.985788 0.1353858 31.57362 3.053423 0.581258 31.57362 3.105065 0.1407942 31.4353 3.148566 0.5993698 31.4353 3.201818 0.1451812 31.28227 3.218669 0.6127147 31.28227 3.273106 0.1484137 31.11917 3.261602 0.6208875 31.11917 3.316765 0.1503934 31.90494 1.988582 -1.571214 31.90494 1.744734 -1.838226 31.86124 2.116559 -1.67233 31.86124 1.857018 -1.956526 31.78988 2.236636 -1.767206 31.78988 1.962371 -2.067525 31.69302 2.345167 -1.852957 31.69302 2.057593 -2.167849 31.57362 2.438852 -1.92698 31.57362 2.139791 -2.254451 31.4353 2.514846 -1.987024 31.4353 2.206465 -2.324699 31.28227 2.570839 -2.031265 31.28227 2.255593 -2.376458 31.11917 2.60513 -2.058359 31.90494 0.8234394 -2.396898 31.86124 0.8764325 -2.551152 31.78988 0.9261547 -2.695885 31.69302 0.9710954 -2.8267 31.57362 1.009889 -2.939622 31.4353 1.041357 -3.031219 31.28227 1.064543 -3.09871 31.11917 1.078742 -3.140042 30.95095 1.083524 -3.15396 30.95095 0.6236396 -3.276059 30.95095 -0.6386212 -3.273172 30.95095 -0.3245947 -3.319055 31.11917 -0.3231622 -3.304408 31.28227 -0.3189085 -3.260912 31.4353 -0.3119626 -3.189889 31.57362 -0.3025357 -3.093497 31.69302 -0.2909142 -2.974664 31.78988 -0.2774512 -2.837002 31.86124 -0.2625557 -2.684692 31.90494 -0.2466804 -2.522364 30.95095 -0.06053876 -3.33434 30.95095 0.15106 -3.331467 30.95095 0.519383 -3.294196 31.28227 -0.7797387 -3.182336 31.4353 -0.7627559 -3.113024 31.57362 -0.7397069 -3.018954 31.69302 -0.711292 -2.902985 31.78988 -0.6783746 -2.76864 31.86124 -0.6419548 -2.620001 31.90494 -0.6031394 -2.461584 30.95095 -1.246532 -3.093161 31.11917 -1.241031 -3.079511 31.28227 -1.224696 -3.038976 31.4353 -1.198022 -2.972786 31.57362 -1.16182 -2.882954 31.69302 -1.11719 -2.772209 31.78988 -1.065488 -2.643916 31.86124 -1.008286 -2.501973 31.90494 -0.9473202 -2.350693 31.90494 -1.272216 -2.191948 31.86124 -1.354091 -2.333013 31.78988 -1.430912 -2.46537 31.69302 -1.500345 -2.585 31.57362 -1.560281 -2.688266 31.4353 -1.608899 -2.772032 31.28227 -1.644721 -2.833751 30.95095 -2.067483 -2.616678 30.95095 -2.189648 -2.515339 31.28227 -2.673274 -1.894428 31.4353 -2.615049 -1.853168 31.57362 -2.536028 -1.797168 31.69302 -2.43861 -1.728133 31.78988 -2.325755 -1.648158 31.86124 -2.200893 -1.559673 31.90494 -2.067817 -1.465368 30.95095 -2.967656 -1.52135 31.11917 -2.95456 -1.514636 31.28227 -2.915669 -1.494699 31.4353 -2.852165 -1.462145 31.57362 -2.765978 -1.417962 31.69302 -2.659727 -1.363492 31.78988 -2.536639 -1.300392 31.86124 -2.400455 -1.230578 31.90494 -2.255313 -1.156172 31.90494 -2.396898 -0.8234394 31.86124 -2.551152 -0.8764325 31.78988 -2.695885 -0.9261547 31.69302 -2.8267 -0.9710954 31.57362 -2.939622 -1.009889 31.4353 -3.031219 -1.041357 31.28227 -3.09871 -1.064543 31.11917 -3.140042 -1.078742 30.95095 -3.15396 -1.083524 30.95095 -3.276059 -0.6236396 30.95095 -3.273172 0.6386212 30.95095 -3.319055 0.3245947 31.11917 -3.304408 0.3231622 31.28227 -3.260912 0.3189085 31.4353 -3.189889 0.3119626 31.57362 -3.093497 0.3025357 31.69302 -2.974664 0.2909142 31.78988 -2.837002 0.2774512 31.86124 -2.684692 0.2625557 31.90494 -2.522364 0.2466804 30.95095 -3.33434 0.06053876 30.95095 -3.331467 -0.15106 30.95095 -3.294196 -0.519383 31.28227 -3.182336 0.7797387 31.4353 -3.113024 0.7627559 31.57362 -3.018954 0.7397069 31.69302 -2.902985 0.711292 31.78988 -2.76864 0.6783746 31.86124 -2.620001 0.6419548 31.90494 -2.461584 0.6031394 30.95095 -3.093161 1.246532 31.11917 -3.079511 1.241031 31.28227 -3.038976 1.224696 31.4353 -2.972786 1.198022 31.57362 -2.882954 1.16182 31.69302 -2.772209 1.11719 31.78988 -2.643916 1.065488 31.86124 -2.501973 1.008286 31.90494 -2.350693 0.9473202 31.90494 -2.191948 1.272216 31.86124 -2.333013 1.354091 31.78988 -2.46537 1.430912 31.69302 -2.585 1.500345 31.57362 -2.688266 1.560281 31.4353 -2.772032 1.608899 31.28227 -2.833751 1.644721 30.95095 -2.616678 2.067483 30.95095 -2.515339 2.189648 31.28227 -1.894428 2.673274 31.4353 -1.853168 2.615049 31.57362 -1.797168 2.536028 31.69302 -1.728133 2.43861 31.78988 -1.648158 2.325755 31.86124 -1.559673 2.200893 31.90494 -1.465368 2.067817 30.95095 -1.52135 2.967656 31.11917 -1.514636 2.95456 31.28227 -1.494699 2.915669 31.4353 -1.462145 2.852165 31.57362 -1.417962 2.765978 31.69302 -1.363492 2.659727 31.78988 -1.300392 2.536639 31.86124 -1.230578 2.400455 31.90494 -1.156172 2.255313 31.90494 -0.8234394 2.396898 31.86124 -0.8764325 2.551152 31.78988 -0.9261547 2.695885 31.69302 -0.9710954 2.8267 31.57362 -1.009889 2.939622 31.4353 -1.041357 3.031219 31.28227 -1.064543 3.09871 31.11917 -1.078742 3.140042 30.95095 -1.083524 3.15396 30.95095 -0.6236396 3.276059 30.95095 0.6386212 3.273172 30.95095 0.3245947 3.319055 31.11917 0.3231622 3.304408 31.28227 0.3189085 3.260912 31.4353 0.3119626 3.189889 31.57362 0.3025357 3.093497 31.69302 0.2909142 2.974664 31.78988 0.2774512 2.837002 31.86124 0.2625557 2.684692 31.90494 0.2466804 2.522364 30.95095 0.06053876 3.33434 30.95095 -0.15106 3.331467 30.95095 -0.519383 3.294196 31.28227 0.7797387 3.182336 31.4353 0.7627559 3.113024 31.57362 0.7397069 3.018954 31.69302 0.711292 2.902985 31.78988 0.6783746 2.76864 31.86124 0.6419548 2.620001 31.90494 0.6031394 2.461584 30.95095 1.246532 3.093161 31.11917 1.241031 3.079511 31.28227 1.224696 3.038976 31.4353 1.198022 2.972786 31.57362 1.16182 2.882954 31.69302 1.11719 2.772209 31.78988 1.065488 2.643916 31.86124 1.008286 2.501973 31.90494 0.9473202 2.350693 31.90494 1.272216 2.191948 31.86124 1.354091 2.333013 31.78988 1.430912 2.46537 31.69302 1.500345 2.585 31.57362 1.560281 2.688266 31.4353 1.608899 2.772032 31.28227 1.644721 2.833751 30.95095 2.067483 2.616678 30.95095 2.189648 2.515339 31.28227 2.673274 1.894428 31.4353 2.615049 1.853168 31.57362 2.536028 1.797168 31.69302 2.43861 1.728133 31.78988 2.325755 1.648158 31.86124 2.200893 1.559673 31.90494 2.067817 1.465368 30.95095 2.967656 1.52135 31.11917 2.95456 1.514636 31.28227 2.915669 1.494699 31.4353 2.852165 1.462145 31.57362 2.765978 1.417962 31.69302 2.659727 1.363492 31.78988 2.536639 1.300392 31.86124 2.400455 1.230578 31.90494 2.255313 1.156172 31.90494 2.396898 0.8234394 31.86124 2.551152 0.8764325 31.78988 2.695885 0.9261547 31.69302 2.8267 0.9710954 31.57362 2.939622 1.009889 31.4353 3.031219 1.041357 31.28227 3.09871 1.064543 31.11917 3.140042 1.078742 30.95095 3.15396 1.083524 30.95095 3.276059 0.6236396 30.95095 3.273172 -0.6386212 30.95095 3.319055 -0.3245947 31.11917 3.304408 -0.3231622 31.28227 3.260912 -0.3189085 31.4353 3.189889 -0.3119626 31.57362 3.093497 -0.3025357 31.69302 2.974664 -0.2909142 31.78988 2.837002 -0.2774512 31.86124 2.684692 -0.2625557 31.90494 2.522364 -0.2466804 30.95095 3.33434 -0.06053876 30.95095 3.331467 0.15106 30.95095 3.294196 0.519383 31.28227 3.182336 -0.7797387 31.4353 3.113024 -0.7627559 31.57362 3.018954 -0.7397069 31.69302 2.902985 -0.711292 31.78988 2.76864 -0.6783746 31.86124 2.620001 -0.6419548 31.90494 2.461584 -0.6031394 30.95095 3.093161 -1.246532 31.11917 3.079511 -1.241031 31.28227 3.038976 -1.224696 31.4353 2.972786 -1.198022 31.57362 2.882954 -1.16182 31.69302 2.772209 -1.11719 31.78988 2.643916 -1.065488 31.86124 2.501973 -1.008286 31.90494 2.350693 -0.9473202 31.90494 2.191948 -1.272216 31.86124 2.333013 -1.354091 31.78988 2.46537 -1.430912 31.69302 2.585 -1.500345 31.57362 2.688266 -1.560281 31.4353 2.772032 -1.608899 31.28227 2.833751 -1.644721 30.95095 2.616678 -2.067483 30.95095 2.515339 -2.189648 31.28227 1.894428 -2.673274 31.4353 1.853168 -2.615049 31.57362 1.797168 -2.536028 31.69302 1.728133 -2.43861 31.78988 1.648158 -2.325755 31.86124 1.559673 -2.200893 31.90494 1.465368 -2.067817 30.95095 1.52135 -2.967656 31.11917 1.514636 -2.95456 31.28227 1.494699 -2.915669 31.4353 1.462145 -2.852165 31.57362 1.417962 -2.765978 31.69302 1.363492 -2.659727 31.78988 1.300392 -2.536639 31.86124 1.230578 -2.400455 31.90494 1.156172 -2.255313 29.01354 -1.359164 -3.045351 29.01354 -1.719598 -2.857354 29.01354 -1.802909 -2.805532 29.01354 -2.189648 -2.515339 29.01354 -2.53036 -2.172273 29.01354 -2.593166 -2.096897 29.01354 -2.829032 -1.765804 29.01354 -2.917892 -1.614742 29.01354 -3.062987 -1.318939 29.01354 -3.15396 -1.083524 29.01354 -3.22687 -0.841902 29.01354 -3.294196 -0.519383 29.01354 -3.316933 -0.3456047 29.01354 -3.33434 0.06053876 29.01354 -3.331116 0.1585989 29.01354 -3.273172 0.6386212 29.01354 -3.146423 1.105219 29.01354 -3.112549 1.197299 29.01354 -2.943747 1.567112 29.01354 -2.857354 1.719598 29.01354 -2.673728 1.993155 29.01354 -2.515339 2.189648 29.01354 -2.342544 2.3736 29.01354 -2.096897 2.593166 29.01354 -1.957769 2.699746 29.01354 -1.614742 2.917892 29.01354 -1.528207 2.964131 29.01354 -1.083524 3.15396 29.01354 -0.5984036 3.280762 29.01354 -0.519383 3.294196 29.01354 -0.09975564 3.333397 29.01354 0.06053876 3.33434 29.01354 0.4011474 3.310675 29.01354 0.6386212 3.273172 29.01354 0.8929819 3.213109 29.01354 1.197299 3.112549 29.01354 1.364629 3.042906 29.01354 1.719598 2.857354 29.01354 1.805426 2.803912 29.01354 2.189648 2.515339 29.01354 2.53036 2.172273 29.01354 2.593166 2.096897 29.01354 2.829032 1.765804 29.01354 2.917892 1.614742 29.01354 3.062987 1.318939 29.01354 3.15396 1.083524 29.01354 3.22687 0.841902 29.01354 3.294196 0.519383 29.01354 3.316933 0.3456047 29.01354 3.33434 -0.06053876 29.01354 3.331116 -0.1585989 29.01354 3.273172 -0.6386212 29.01354 3.146423 -1.105219 29.01354 3.112549 -1.197299 29.01354 2.943747 -1.567112 29.01354 2.857354 -1.719598 29.01354 2.673728 -1.993155 29.01354 2.515339 -2.189648 29.01354 2.342544 -2.3736 29.01354 2.096897 -2.593166 29.01354 1.957769 -2.699746 29.01354 1.614742 -2.917892 29.01354 1.528207 -2.964131 29.01354 1.083524 -3.15396 29.01354 0.6160637 -3.277492 29.01354 0.519383 -3.294196 29.01354 0.1147149 -3.332916 29.01354 -0.06053876 -3.33434 29.01354 -0.3892582 -3.312094 29.01354 -0.6386212 -3.273172 29.01354 -0.8843264 -3.215502 29.01354 -1.197299 -3.112549 28.99309 0.6226074 -3.312305 28.92569 -1.42118 -3.184304 28.80283 -0.9811046 -3.567398 28.99309 -1.822059 -2.835332 28.92569 0.1199491 -3.48499 28.80283 -0.4318575 -3.67456 28.71568 -0.7374162 -3.779533 28.99309 3.179844 -1.116959 28.92569 3.078065 -1.638616 28.80283 2.966334 -2.21128 28.71568 2.904463 -2.528388 28.80283 2.598905 -2.63336 28.92569 2.047098 -2.82293 28.99309 1.54444 -2.995615 28.99309 2.557237 2.195346 28.92569 2.958116 1.846374 28.80283 3.398191 1.46328 28.71568 3.64188 1.251145 28.80283 3.580009 0.9340374 28.92569 3.468278 0.3613739 28.99309 3.366499 -0.1602835 28.79912 0.4458197 3.679357 28.71568 0.7374162 3.779533 28.80558 0.9894307 3.56015 28.92679 1.426114 3.180009 28.99334 1.824365 2.833325 28.99153 -0.6052449 3.31827 28.9229 -0.1044515 3.490314 28.99309 -3.179844 1.116959 28.92569 -3.078065 1.638616 28.80283 -2.966334 2.21128 28.71568 -2.904463 2.528388 28.80283 -2.598905 2.63336 28.92569 -2.047098 2.82293 28.99309 -1.54444 2.995615 28.99309 -2.557237 -2.195346 28.92569 -2.958116 -1.846374 28.80283 -3.398191 -1.46328 28.71568 -3.64188 -1.251145 28.80283 -3.580009 -0.9340374 28.92569 -3.468278 -0.3613739 28.99309 -3.366499 0.1602835 27.45339 -3.64188 -1.251145 27.36624 -3.398191 -1.46328 27.17598 -1.822059 -2.835332 27.24338 -1.42118 -3.184304 27.36624 -0.9811046 -3.567398 27.45339 -0.7374162 -3.779533 27.24338 -2.958116 -1.846374 27.17598 -2.557237 -2.195346 27.15553 -2.189648 -2.515339 27.36624 -0.4318575 -3.67456 27.17754 1.561802 -2.98965 27.24617 2.062596 -2.817606 27.36994 2.612867 -2.628564 27.45339 2.904463 -2.528388 27.24338 0.1199491 -3.48499 27.17598 0.6226074 -3.312305 27.15553 1.083524 -3.15396 27.45339 3.64188 1.251145 27.36624 3.580009 0.9340374 27.24338 3.468278 0.3613739 27.17598 3.366499 -0.1602835 27.15553 3.273172 -0.6386212 27.17573 3.180429 -1.113958 27.24228 3.079318 -1.632195 27.36349 2.968447 -2.200445 27.36624 3.398191 1.46328 27.24338 2.958116 1.846374 27.17598 2.557237 2.195346 27.15553 2.189648 2.515339 27.17598 1.822059 2.835332 27.24338 1.42118 3.184304 27.36624 0.9811046 3.567398 27.45339 0.7374162 3.779533 27.45339 -2.904463 2.528388 27.36624 -2.598905 2.63336 27.24338 -2.047098 2.82293 27.17598 -1.54444 2.995615 27.15553 -1.083524 3.15396 27.17598 -0.6226074 3.312305 27.24338 -0.1199491 3.48499 27.36624 0.4318575 3.67456 27.36624 -2.966334 2.21128 27.17598 -3.366499 0.1602835 27.24338 -3.468278 -0.3613739 27.36624 -3.580009 -0.9340374 27.24338 -3.078065 1.638616 27.17598 -3.179844 1.116959 27.15553 -3.273172 0.6386212 27.15553 -3.331116 0.1585989 27.15553 -3.316933 -0.3456047 27.15553 -3.22687 -0.841902 27.15553 -2.53036 -2.172273 27.15553 -2.829032 -1.765804 27.15553 -3.062987 -1.318939 27.15553 0.6160637 -3.277492 27.15553 0.1147149 -3.332916 27.15553 -0.3892582 -3.312094 27.15553 -0.8843264 -3.215502 27.15553 -1.802909 -2.805532 27.15553 -1.359164 -3.045351 27.15553 3.147414 -1.102395 27.15553 2.946556 -1.561825 27.15553 2.679086 -1.985948 27.15553 2.351051 -2.365175 27.15553 1.969866 -2.690932 27.15553 1.544149 -2.955857 27.15553 3.331116 -0.1585989 27.15553 3.316933 0.3456047 27.15553 3.22687 0.841902 27.15553 2.53036 2.172273 27.15553 2.829032 1.765804 27.15553 3.062987 1.318939 27.15553 -0.6160637 3.277492 27.15553 -0.1147149 3.332916 27.15553 0.3892582 3.312094 27.15553 0.8843264 3.215502 27.15553 1.359164 3.045351 27.15553 1.802909 2.805532 27.15553 -1.528207 2.964131 27.15553 -1.957769 2.699746 27.15553 -2.342544 2.3736 27.15553 -3.146423 1.105219 27.15553 -2.943747 1.567112 27.15553 -2.673728 1.993155 27.15553 -1.905651 0 27.15553 0 -1.905651 27.15553 1.905651 0 27.15553 0 1.905651 23.48052 -5.27312 -4.854249 23.76318 -4.846612 -4.846612 23.48052 -5.655971 -4.402218 23.76318 -5.298326 -4.348224 23.48052 -6.000185 -3.920116 23.76318 -5.699013 -3.807959 23.48052 -6.303411 -3.411236 23.76318 -6.044816 -3.231022 23.48052 -6.56358 -2.879053 23.76318 -6.332404 -2.622967 23.48052 -6.778912 -2.327203 23.76318 -6.559008 -1.989653 23.48052 -6.858634 -2.080544 23.48052 -5.068014 -5.068014 23.48052 -4.854249 -5.27312 23.76318 -4.348224 -5.298326 23.48052 -4.402218 -5.655971 23.76318 -3.807959 -5.699013 23.48052 -3.920116 -6.000185 23.76318 -3.231022 -6.044816 23.48052 -3.411236 -6.303411 23.48052 -2.879053 -6.56358 23.76318 -2.622967 -6.332404 23.48052 -2.327203 -6.778912 23.76318 -1.989653 -6.559008 23.48052 -2.080544 -6.858634 23.48052 -1.759457 -6.947938 23.76318 -1.337177 -6.722444 23.48052 -1.179691 -7.069501 23.76318 -0.6718237 -6.82114 23.48052 -0.5918672 -7.142774 23.76318 0 -6.854145 23.48052 0 -7.167253 23.76318 0.6718237 -6.82114 23.48052 0.5918672 -7.142774 23.76318 1.337177 -6.722444 23.48052 1.179691 -7.069501 23.76318 1.989653 -6.559008 23.48052 1.759457 -6.947938 23.48052 2.080544 -6.858634 23.48052 2.327203 -6.778912 23.76318 2.622967 -6.332404 23.48052 2.879053 -6.56358 23.76318 3.231022 -6.044816 23.48052 3.411236 -6.303411 23.76318 3.807959 -5.699013 23.48052 3.920116 -6.000185 23.76318 4.348224 -5.298326 23.48052 4.402218 -5.655971 23.76318 4.846612 -4.846612 23.48052 4.854249 -5.27312 23.48052 5.068014 -5.068014 23.48052 5.27312 -4.854249 23.76318 5.298326 -4.348224 23.48052 5.655971 -4.402218 23.76318 5.699013 -3.807959 23.48052 6.000185 -3.920116 23.76318 6.044816 -3.231022 23.48052 6.303411 -3.411236 23.76318 6.332404 -2.622967 23.48052 6.56358 -2.879053 23.48052 6.778912 -2.327203 23.76318 6.559008 -1.989653 23.48052 6.858634 -2.080544 23.48052 6.947938 -1.759457 23.76318 6.722444 -1.337177 23.48052 7.069501 -1.179691 23.76318 6.82114 -0.6718237 23.48052 7.142774 -0.5918672 23.76318 6.854145 0 23.48052 7.167253 0 23.76318 6.82114 0.6718237 23.48052 7.142774 0.5918672 23.76318 6.722444 1.337177 23.48052 7.069501 1.179691 23.76318 6.559008 1.989653 23.48052 6.947938 1.759457 23.48052 6.858634 2.080544 23.48052 6.778912 2.327203 23.76318 6.332404 2.622967 23.48052 6.56358 2.879053 23.76318 6.044816 3.231022 23.48052 6.303411 3.411236 23.76318 5.699013 3.807959 23.48052 6.000185 3.920116 23.76318 5.298326 4.348224 23.48052 5.655971 4.402218 23.76318 4.846612 4.846612 23.48052 5.27312 4.854249 23.48052 5.068014 5.068014 23.48052 4.854249 5.27312 23.76318 4.348224 5.298326 23.48052 4.402218 5.655971 23.76318 3.807959 5.699013 23.48052 3.920116 6.000185 23.76318 3.231022 6.044816 23.48052 3.411236 6.303411 23.76318 2.622967 6.332404 23.48052 2.879053 6.56358 23.48052 2.327203 6.778912 23.76318 1.989653 6.559008 23.48052 2.080544 6.858634 23.48052 1.759457 6.947938 23.76318 1.337177 6.722444 23.48052 1.179691 7.069501 23.76318 0.6718237 6.82114 23.48052 0.5918672 7.142774 23.76318 0 6.854145 23.48052 0 7.167253 23.76318 -0.6718237 6.82114 23.48052 -0.5918672 7.142774 23.76318 -1.337177 6.722444 23.48052 -1.179691 7.069501 23.76318 -1.989653 6.559008 23.48052 -1.759457 6.947938 23.48052 -2.080544 6.858634 23.48052 -2.327203 6.778912 23.76318 -2.622967 6.332404 23.48052 -2.879053 6.56358 23.76318 -3.231022 6.044816 23.48052 -3.411236 6.303411 23.76318 -3.807959 5.699013 23.48052 -3.920116 6.000185 23.76318 -4.348224 5.298326 23.48052 -4.402218 5.655971 23.76318 -4.846612 4.846612 23.48052 -4.854249 5.27312 23.48052 -5.068014 5.068014 23.48052 -5.27312 4.854249 23.76318 -5.298326 4.348224 23.48052 -5.655971 4.402218 23.76318 -5.699013 3.807959 23.48052 -6.000185 3.920116 23.76318 -6.044816 3.231022 23.48052 -6.303411 3.411236 23.76318 -6.332404 2.622967 23.48052 -6.56358 2.879053 23.48052 -6.778912 2.327203 23.76318 -6.559008 1.989653 23.48052 -6.858634 2.080544 23.48052 -6.947938 1.759457 23.76318 -6.722444 1.337177 23.48052 -7.069501 1.179691 23.76318 -6.82114 0.6718237 23.48052 -7.142774 0.5918672 23.76318 -6.854145 0 23.48052 -7.167253 0 23.76318 -6.82114 -0.6718237 23.48052 -7.142774 -0.5918672 23.76318 -6.722444 -1.337177 23.48052 -7.069501 -1.179691 23.48052 -6.947938 -1.759457 23.99668 -3.065421 -5.735 23.99668 -3.612789 -5.40692 23.99668 -4.125363 -5.026769 23.99668 -4.598208 -4.598208 23.99668 -5.026769 -4.125363 23.99668 -5.40692 -3.612789 23.99668 -5.735 -3.065421 23.99668 -6.007848 -2.488532 23.99668 -6.222837 -1.887677 23.99668 -6.377897 -1.268643 23.99668 -6.471535 -0.6373906 23.99668 -6.502848 0 23.99668 -6.471535 0.6373906 23.99668 -6.377897 1.268643 23.99668 -6.222837 1.887677 23.99668 -6.007848 2.488532 23.99668 -5.735 3.065421 23.99668 -5.40692 3.612789 23.99668 -5.026769 4.125363 23.99668 -4.598208 4.598208 23.99668 -4.125363 5.026769 23.99668 -3.612789 5.40692 23.99668 -3.065421 5.735 23.99668 -2.488532 6.007848 23.99668 -1.887677 6.222837 23.99668 -1.268643 6.377897 23.99668 -0.6373906 6.471535 23.99668 0 6.502848 23.99668 0.6373906 6.471535 23.99668 1.268643 6.377897 23.99668 1.887677 6.222837 23.99668 2.488532 6.007848 23.99668 3.065421 5.735 23.99668 3.612789 5.40692 23.99668 4.125363 5.026769 23.99668 4.598208 4.598208 23.99668 5.026769 4.125363 23.99668 5.40692 3.612789 23.99668 5.735 3.065421 23.99668 6.007848 2.488532 23.99668 6.222837 1.887677 23.99668 6.377897 1.268643 23.99668 6.471535 0.6373906 23.99668 6.502848 0 23.99668 6.471535 -0.6373906 23.99668 6.377897 -1.268643 23.99668 6.222837 -1.887677 23.99668 6.007848 -2.488532 23.99668 5.735 -3.065421 23.99668 5.40692 -3.612789 23.99668 5.026769 -4.125363 23.99668 4.598208 -4.598208 23.99668 4.125363 -5.026769 23.99668 3.612789 -5.40692 23.99668 3.065421 -5.735 23.99668 2.488532 -6.007848 23.99668 1.887677 -6.222837 23.99668 1.268643 -6.377897 23.99668 0.6373906 -6.471535 23.99668 0 -6.502848 23.99668 -0.6373906 -6.471535 23.99668 -1.268643 -6.377897 23.99668 -1.887677 -6.222837 23.99668 -2.488532 -6.007848 24.17594 -2.885425 -5.398251 24.17594 -3.400652 -5.089436 24.17594 -3.883129 -4.731606 24.17594 -4.328209 -4.328209 24.17594 -4.731606 -3.883129 24.17594 -5.089436 -3.400652 24.17594 -5.398251 -2.885425 24.17594 -5.655078 -2.34241 24.17594 -5.857443 -1.776836 24.17594 -6.003399 -1.19415 24.17594 -6.091538 -0.5999642 24.17594 -6.121012 0 24.17594 -6.091538 0.5999642 24.17594 -6.003399 1.19415 24.17594 -5.857443 1.776836 24.17594 -5.655078 2.34241 24.17594 -5.398251 2.885425 24.17594 -5.089436 3.400652 24.17594 -4.731606 3.883129 24.17594 -4.328209 4.328209 24.17594 -3.883129 4.731606 24.17594 -3.400652 5.089436 24.17594 -2.885425 5.398251 24.17594 -2.34241 5.655078 24.17594 -1.776836 5.857443 24.17594 -1.19415 6.003399 24.17594 -0.5999642 6.091538 24.17594 0 6.121012 24.17594 0.5999642 6.091538 24.17594 1.19415 6.003399 24.17594 1.776836 5.857443 24.17594 2.34241 5.655078 24.17594 2.885425 5.398251 24.17594 3.400652 5.089436 24.17594 3.883129 4.731606 24.17594 4.328209 4.328209 24.17594 4.731606 3.883129 24.17594 5.089436 3.400652 24.17594 5.398251 2.885425 24.17594 5.655078 2.34241 24.17594 5.857443 1.776836 24.17594 6.003399 1.19415 24.17594 6.091538 0.5999642 24.17594 6.121012 0 24.17594 6.091538 -0.5999642 24.17594 6.003399 -1.19415 24.17594 5.857443 -1.776836 24.17594 5.655078 -2.34241 24.17594 5.398251 -2.885425 24.17594 5.089436 -3.400652 24.17594 4.731606 -3.883129 24.17594 4.328209 -4.328209 24.17594 3.883129 -4.731606 24.17594 3.400652 -5.089436 24.17594 2.885425 -5.398251 24.17594 2.34241 -5.655078 24.17594 1.776836 -5.857443 24.17594 1.19415 -6.003399 24.17594 0.5999642 -6.091538 24.17594 0 -6.121012 24.17594 -0.5999642 -6.091538 24.17594 -1.19415 -6.003399 24.17594 -1.776836 -5.857443 24.17594 -2.34241 -5.655078 24.29705 -2.187783 -5.281776 24.29705 -2.649625 -5.06587 24.29705 -2.694953 -5.041903 24.29705 -3.176169 -4.753473 24.29705 -3.626797 -4.419265 24.29705 -4.042497 -4.042497 24.29705 -4.419265 -3.626797 24.29705 -4.753473 -3.176169 24.29705 -5.041903 -2.694953 24.29705 -5.281776 -2.187783 24.29705 -5.470783 -1.659544 24.29705 -5.607104 -1.115322 24.29705 -5.689425 -0.5603594 24.29705 -5.716953 0 24.29705 -5.689425 0.5603594 24.29705 -5.607104 1.115322 24.29705 -5.470783 1.659544 24.29705 -5.281776 2.187783 24.29705 -5.041903 2.694953 24.29705 -4.753473 3.176169 24.29705 -4.419265 3.626797 24.29705 -4.042497 4.042497 24.29705 -3.626797 4.419265 24.29705 -3.176169 4.753473 24.29705 -2.694953 5.041903 24.29705 -2.187783 5.281776 24.29705 -1.659544 5.470783 24.29705 -1.115322 5.607104 24.29705 -0.5603594 5.689425 24.29705 0 5.716953 24.29705 0.5603594 5.689425 24.29705 1.115322 5.607104 24.29705 1.659544 5.470783 24.29705 2.187783 5.281776 24.29705 2.694953 5.041903 24.29705 3.176169 4.753473 24.29705 3.626797 4.419265 24.29705 4.042497 4.042497 24.29705 4.419265 3.626797 24.29705 4.753473 3.176169 24.29705 5.041903 2.694953 24.29705 5.281776 2.187783 24.29705 5.470783 1.659544 24.29705 5.607104 1.115322 24.29705 5.689425 0.5603594 24.29705 5.716953 0 24.29705 5.689425 -0.5603594 24.29705 5.607104 -1.115322 24.29705 5.470783 -1.659544 24.29705 5.281776 -2.187783 24.29705 5.041903 -2.694953 24.29705 4.753473 -3.176169 24.29705 4.419265 -3.626797 24.29705 4.042497 -4.042497 24.29705 3.626797 -4.419265 24.29705 3.176169 -4.753473 24.29705 2.694953 -5.041903 24.29705 2.187783 -5.281776 24.29705 1.659544 -5.470783 24.29705 1.115322 -5.607104 24.29705 0.5603594 -5.689425 24.29705 0 -5.716953 24.29705 -0.5603594 -5.689425 24.29705 -1.115322 -5.607104 24.29705 -1.659544 -5.470783 24.29705 2.816087 1.786377 24.29705 2.463103 2.248246 24.29705 2.035279 2.641803 24.29705 3.257233 0.7154865 24.29705 3.331991 0.1390041 24.29705 3.17859 -1.008987 24.29705 3.305509 -0.441702 24.29705 5.716953 0 24.29705 2.955091 -1.545615 24.29705 2.641803 -2.035279 24.29705 -1.270229 3.083505 24.29705 -0.7154865 3.257233 24.29705 -0.1390041 3.331991 24.29705 1.008987 3.17859 24.29705 0.441702 3.305509 24.29705 0 5.716953 24.29705 1.545615 2.955091 24.29705 3.083505 1.270229 24.29705 1.786377 -2.816087 24.29705 2.248246 -2.463103 24.29705 1.270229 -3.083505 24.29705 0.1390041 -3.331991 24.29705 -0.441702 -3.305509 24.29705 0.7154865 -3.257233 24.29705 -1.008987 -3.17859 24.29705 -1.545615 -2.955091 24.29705 -1.786377 2.816087 24.29705 -2.248246 2.463103 24.29705 -2.641803 2.035279 24.29705 -3.17859 1.008987 24.29705 -2.955091 1.545615 24.29705 0 -5.716953 24.29705 -2.816087 -1.786377 24.29705 -2.463103 -2.248246 24.29705 -2.035279 -2.641803 24.29705 -3.083505 -1.270229 24.29705 -3.257233 -0.7154865 24.29705 -3.331991 -0.1390041 24.29705 -3.305509 0.441702 24.29705 -5.716953 0 25.24988 -2.035279 -2.641803 25.24988 -2.463103 -2.248246 25.24988 -2.816087 -1.786377 25.24988 -3.083505 -1.270229 25.24988 -3.257233 -0.7154865 25.24988 -3.331991 -0.1390041 25.24988 -3.305509 0.441702 25.24988 -3.17859 1.008987 25.24988 -2.955091 1.545615 25.24988 -2.641803 2.035279 25.24988 -2.248246 2.463103 25.24988 -1.786377 2.816087 25.24988 -1.270229 3.083505 25.24988 -0.7154865 3.257233 25.24988 -0.1390041 3.331991 25.24988 0.441702 3.305509 25.24988 1.008987 3.17859 25.24988 1.545615 2.955091 25.24988 2.035279 2.641803 25.24988 2.463103 2.248246 25.24988 2.816087 1.786377 25.24988 3.083505 1.270229 25.24988 3.257233 0.7154865 25.24988 3.331991 0.1390041 25.24988 3.305509 -0.441702 25.24988 3.17859 -1.008987 25.24988 2.955091 -1.545615 25.24988 2.641803 -2.035279 25.24988 2.248246 -2.463103 25.24988 1.786377 -2.816087 25.24988 1.270229 -3.083505 25.24988 0.7154865 -3.257233 25.24988 0.1390041 -3.331991 25.24988 -0.441702 -3.305509 25.24988 -1.008987 -3.17859 25.24988 -1.545615 -2.955091 25.24988 -1.905651 0 25.24988 0 -1.905651 25.24988 1.905651 0 25.24988 0 1.905651 -23.48052 -6.858634 -2.080544 -23.48052 -6.778912 -2.327203 -21.66346 -7.223684 -2.479894 -23.48052 -2.080544 6.858634 -23.48052 -2.327203 6.778912 -21.66346 -2.479894 7.223684 -23.48052 6.858634 2.080544 -23.48052 6.778912 2.327203 -21.66346 7.223684 2.479894 -23.48052 2.080544 -6.858634 -23.48052 2.327203 -6.778912 -21.66346 2.479894 -7.223684 21.40142 -2.5009 -7.284873 21.40142 -5.666692 -5.216557 21.40142 -7.466514 -1.890778 21.40142 -7.284873 2.5009 21.40142 -5.216557 5.666692 21.40142 -1.890778 7.466514 21.40142 2.5009 7.284873 21.40142 5.666692 5.216557 21.40142 7.466514 1.890778 21.40142 7.284873 -2.5009 21.40142 5.216557 -5.666692 21.40142 1.890778 -7.466514 23.48052 0 -7.167253 21.40142 0 -7.702199 21.40142 0.6360425 -7.675893 21.40142 1.26774 -7.597151 21.40142 2.5009 -7.284873 21.40142 3.093938 -7.053469 21.40142 4.212704 -6.448023 21.40142 4.730789 -6.078117 21.40142 5.666692 -5.216557 21.40142 6.078117 -4.730789 21.40142 6.448023 -4.212704 21.40142 6.773882 -3.665842 21.40142 7.053469 -3.093938 21.40142 7.466514 -1.890778 21.40142 7.597151 -1.26774 23.48052 7.167253 0 21.40142 7.675893 -0.6360425 21.40142 7.702199 0 21.40142 7.675893 0.6360425 21.40142 7.597151 1.26774 21.40142 7.284873 2.5009 21.40142 7.053469 3.093938 21.40142 6.448023 4.212704 21.40142 6.078117 4.730789 21.40142 5.216557 5.666692 21.40142 4.730789 6.078117 21.40142 4.212704 6.448023 21.40142 3.665842 6.773882 21.40142 3.093938 7.053469 21.40142 1.890778 7.466514 21.40142 1.26774 7.597151 23.48052 0 7.167253 21.40142 0.6360425 7.675893 21.40142 0 7.702199 21.40142 -0.6360425 7.675893 21.40142 -1.26774 7.597151 21.40142 -2.5009 7.284873 21.40142 -3.093938 7.053469 21.40142 -3.665842 6.773882 21.40142 -4.730789 6.078117 21.40142 -5.666692 5.216557 21.40142 -6.078117 4.730789 21.40142 -6.448023 4.212704 21.40142 -6.773882 3.665842 21.40142 -7.053469 3.093938 21.40142 -7.466514 1.890778 21.40142 -7.597151 1.26774 21.40142 -7.675893 0.6360425 21.40142 -7.702199 0 21.40142 -7.675893 -0.6360425 21.40142 -7.597151 -1.26774 21.40142 -7.284873 -2.5009 21.40142 -7.053469 -3.093938 21.40142 -6.773882 -3.665842 21.40142 -6.078117 -4.730789 21.40142 -5.216557 -5.666692 21.40142 -4.730789 -6.078117 21.40142 -4.212704 -6.448023 21.40142 -3.665842 -6.773882 21.40142 -3.093938 -7.053469 21.40142 -1.890778 -7.466514 21.40142 -1.26774 -7.597151 21.40142 -0.6360425 -7.675893 19.31571 -6.024876 -5.546289 19.31571 -5.546289 -6.024876 17.23754 -5.841204 -6.345239 17.23754 -5.297268 -6.80593 15.1658 -5.533586 -7.109552 15.1658 -4.927584 -7.542229 13.09952 -5.110632 -7.822404 13.09952 -4.447208 -8.21772 11.03797 -4.582892 -8.468444 11.03797 -3.867921 -8.817972 8.987739 -3.96239 -9.03334 8.987739 -3.202889 -9.329697 6.93374 -3.263701 -9.506836 6.93374 -2.467485 -9.74388 4.882443 -2.501556 -9.878423 4.882443 -1.677259 -10.05126 2.8334 -1.692158 -10.14054 2.8334 -0.8489785 -10.24565 0.7863261 -0.8524818 -10.28792 0.7863261 0 -10.32318 -1.259219 0 -10.31765 -1.259219 0.8520245 -10.28241 -3.304132 0.8476126 -10.22916 -3.304132 1.689435 -10.12423 -5.34752 1.672775 -10.02439 -5.34752 2.494869 -9.852016 -7.390181 2.458294 -9.707585 -7.390181 3.251544 -9.471425 -9.432688 3.187647 -9.285298 -9.432688 3.943533 -8.990349 -11.47549 3.845255 -8.766298 -11.47549 4.556036 -8.418818 -13.51886 4.416767 -8.161471 -13.51886 5.07565 -7.768861 -15.51445 4.894055 -7.49091 -15.51445 5.495934 -7.061176 -17.56123 5.257612 -6.75498 -17.56123 5.797476 -6.297738 -19.61058 5.501724 -5.976466 -19.61058 5.976466 -5.501724 -21.66346 5.619095 -5.172741 -21.66346 6.027064 -4.691053 19.31571 -5.029815 -6.462307 17.23754 -4.717145 -7.220129 15.1658 -4.287921 -7.923385 13.09952 -3.753404 -8.556901 11.03797 -3.126528 -9.107264 8.987739 -2.421509 -9.562324 6.93374 -1.654414 -9.914363 4.882443 -0.8415035 -10.15544 2.8334 0 -10.28076 0.7863261 0.8524818 -10.28792 -1.259219 1.698229 -10.17693 -3.304132 2.519717 -9.950139 -5.34752 3.299921 -9.612341 -7.390181 4.022583 -9.170564 -9.432688 4.672481 -8.633989 -11.47549 5.235695 -8.013829 -13.51886 5.699862 -7.323183 -15.51445 6.06027 -6.583208 -17.56123 6.297738 -5.797476 -19.61058 6.410382 -4.9894 -21.66346 6.393863 -4.17732 19.31571 -4.478983 -6.855594 17.23754 -4.104801 -7.585007 15.1658 -3.618968 -8.250416 13.09952 -3.033961 -8.837628 11.03797 -2.363777 -9.334345 8.987739 -1.623588 -9.729631 6.93374 -0.8300423 -10.01712 4.882443 0 -10.19024 2.8334 0.8489785 -10.24565 0.7863261 1.69914 -10.18239 -1.259219 2.532832 -10.00193 -3.304132 3.332787 -9.708077 -5.34752 4.082431 -9.307005 -7.390181 4.766142 -8.80706 -9.432688 5.369511 -8.218649 -11.47549 5.87959 -7.554097 -13.51886 6.285138 -6.82748 -15.51445 6.583208 -6.06027 -17.56123 6.75498 -5.257612 -19.61058 6.800508 -4.442994 -21.66346 6.716985 -3.635051 19.31571 -3.897554 -7.20205 17.23754 -3.464416 -7.898073 15.1658 -2.925293 -8.52109 13.09952 -2.293793 -9.057986 11.03797 -1.584879 -9.497663 8.987739 -0.8145763 -9.830474 6.93374 0 -10.05145 4.882443 0.8415035 -10.15544 2.8334 1.692158 -10.14054 0.7863261 2.534192 -10.0073 -1.259219 3.350134 -9.758608 -3.304132 4.12309 -9.3997 -5.34752 4.837053 -8.938093 -7.390181 5.477145 -8.383395 -9.432688 6.029862 -7.747167 -11.47549 6.48332 -7.042763 -13.51886 6.82748 -6.285138 -15.51445 7.061176 -5.495934 -17.56123 7.166078 -4.681832 -19.61058 7.144181 -3.866237 -21.66346 6.994223 -3.067951 19.31571 -3.289502 -7.499309 17.23754 -2.800365 -8.157186 15.1658 -2.211636 -8.733554 13.09952 -1.537956 -9.216468 11.03797 -0.7951557 -9.596101 8.987739 0 -9.864165 6.93374 0.8300423 -10.01712 4.882443 1.677259 -10.05126 2.8334 2.523778 -9.966174 0.7863261 3.351932 -9.763846 -1.259219 4.144551 -9.448626 -3.304132 4.885229 -9.027112 -5.34752 5.558634 -8.508124 -7.390181 6.150732 -7.902461 -9.432688 6.649023 -7.222764 -11.47549 7.042763 -6.48332 -13.51886 7.323183 -5.699862 -15.51445 7.49091 -4.894055 -17.56123 7.528225 -4.074071 -19.61058 7.439051 -3.26307 -21.66346 7.223684 -2.479894 19.31571 5.029815 -6.462307 19.31571 5.546289 -6.024876 17.23754 5.841204 -6.345239 17.23754 6.345239 -5.841204 15.1658 6.628309 -6.101788 15.1658 7.109552 -5.533586 13.09952 7.373655 -5.739146 13.09952 7.822404 -5.110632 11.03797 8.061068 -5.266558 11.03797 8.468444 -4.582892 8.987739 8.675274 -4.694824 8.987739 9.03334 -3.96239 6.93374 9.204851 -4.037622 6.93374 9.506836 -3.263701 4.882443 9.638107 -3.308766 4.882443 9.878423 -2.501556 2.8334 9.966174 -2.523778 2.8334 10.14054 -1.692158 0.7863261 10.18239 -1.69914 0.7863261 10.28792 -0.8524818 -1.259219 10.28241 -0.8520245 -1.259219 10.31765 0 -3.304132 10.26422 0 -3.304132 10.22916 0.8476126 -5.34752 10.12829 0.8392539 -5.34752 10.02439 1.672775 -7.390181 9.877432 1.648252 -7.390181 9.707585 2.458294 -9.432688 9.516817 2.409985 -9.432688 9.285298 3.187647 -11.47549 9.053894 3.108206 -11.47549 8.766298 3.845255 -13.51886 8.49833 3.727713 -13.51886 8.161471 4.416767 -15.51445 7.869472 4.258745 -15.51445 7.49091 4.894055 -17.56123 7.166078 4.681832 -17.56123 6.75498 5.257612 -19.61058 6.410382 4.9894 -19.61058 5.976466 5.501724 -21.66346 5.619095 5.172741 -21.66346 5.172741 5.619095 19.31571 6.024876 -5.546289 17.23754 6.80593 -5.297268 15.1658 7.542229 -4.927584 13.09952 8.21772 -4.447208 11.03797 8.817972 -3.867921 8.987739 9.329697 -3.202889 6.93374 9.74388 -2.467485 4.882443 10.05126 -1.677259 2.8334 10.24565 -0.8489785 0.7863261 10.32318 0 -1.259219 10.28241 0.8520245 -3.304132 10.12423 1.689435 -5.34752 9.852016 2.494869 -7.390181 9.471425 3.251544 -9.432688 8.990349 3.943533 -11.47549 8.418818 4.556036 -13.51886 7.768861 5.07565 -15.51445 7.061176 5.495934 -17.56123 6.297738 5.797476 -19.61058 5.501724 5.976466 -21.66346 4.691053 6.027064 19.31571 6.462307 -5.029815 17.23754 7.220129 -4.717145 15.1658 7.923385 -4.287921 13.09952 8.556901 -3.753404 11.03797 9.107264 -3.126528 8.987739 9.562324 -2.421509 6.93374 9.914363 -1.654414 4.882443 10.15544 -0.8415035 2.8334 10.28076 0 0.7863261 10.28792 0.8524818 -1.259219 10.17693 1.698229 -3.304132 9.950139 2.519717 -5.34752 9.612341 3.299921 -7.390181 9.170564 4.022583 -9.432688 8.633989 4.672481 -11.47549 8.013829 5.235695 -13.51886 7.323183 5.699862 -15.51445 6.583208 6.06027 -17.56123 5.797476 6.297738 -19.61058 4.9894 6.410382 -21.66346 4.17732 6.393863 19.31571 6.855594 -4.478983 17.23754 7.585007 -4.104801 15.1658 8.250416 -3.618968 13.09952 8.837628 -3.033961 11.03797 9.334345 -2.363777 8.987739 9.729631 -1.623588 6.93374 10.01712 -0.8300423 4.882443 10.19024 0 2.8334 10.24565 0.8489785 0.7863261 10.18239 1.69914 -1.259219 10.00193 2.532832 -3.304132 9.708077 3.332787 -5.34752 9.307005 4.082431 -7.390181 8.80706 4.766142 -9.432688 8.218649 5.369511 -11.47549 7.554097 5.87959 -13.51886 6.82748 6.285138 -15.51445 6.06027 6.583208 -17.56123 5.257612 6.75498 -19.61058 4.442994 6.800508 -21.66346 3.635051 6.716985 19.31571 7.20205 -3.897554 17.23754 7.898073 -3.464416 15.1658 8.52109 -2.925293 13.09952 9.057986 -2.293793 11.03797 9.497663 -1.584879 8.987739 9.830474 -0.8145763 6.93374 10.05145 0 4.882443 10.15544 0.8415035 2.8334 10.14054 1.692158 0.7863261 10.0073 2.534192 -1.259219 9.758608 3.350134 -3.304132 9.3997 4.12309 -5.34752 8.938093 4.837053 -7.390181 8.383395 5.477145 -9.432688 7.747167 6.029862 -11.47549 7.042763 6.48332 -13.51886 6.285138 6.82748 -15.51445 5.495934 7.061176 -17.56123 4.681832 7.166078 -19.61058 3.866237 7.144181 -21.66346 3.067951 6.994223 19.31571 7.499309 -3.289502 17.23754 8.157186 -2.800365 15.1658 8.733554 -2.211636 13.09952 9.216468 -1.537956 11.03797 9.596101 -0.7951557 8.987739 9.864165 0 6.93374 10.01712 0.8300423 4.882443 10.05126 1.677259 2.8334 9.966174 2.523778 0.7863261 9.763846 3.351932 -1.259219 9.448626 4.144551 -3.304132 9.027112 4.885229 -5.34752 8.508124 5.558634 -7.390181 7.902461 6.150732 -9.432688 7.222764 6.649023 -11.47549 6.48332 7.042763 -13.51886 5.699862 7.323183 -15.51445 4.894055 7.49091 -17.56123 4.074071 7.528225 -19.61058 3.26307 7.439051 -21.66346 2.479894 7.223684 19.31571 6.462307 5.029815 19.31571 6.024876 5.546289 17.23754 6.345239 5.841204 17.23754 5.841204 6.345239 15.1658 6.101788 6.628309 15.1658 5.533586 7.109552 13.09952 5.739146 7.373655 13.09952 5.110632 7.822404 11.03797 5.266558 8.061068 11.03797 4.582892 8.468444 8.987739 4.694824 8.675274 8.987739 3.96239 9.03334 6.93374 4.037622 9.204851 6.93374 3.263701 9.506836 4.882443 3.308766 9.638107 4.882443 2.501556 9.878423 2.8334 2.523778 9.966174 2.8334 1.692158 10.14054 0.7863261 1.69914 10.18239 0.7863261 0.8524818 10.28792 -1.259219 0.8520245 10.28241 -1.259219 0 10.31765 -3.304132 0 10.26422 -3.304132 -0.8476126 10.22916 -5.34752 -0.8392539 10.12829 -5.34752 -1.672775 10.02439 -7.390181 -1.648252 9.877432 -7.390181 -2.458294 9.707585 -9.432688 -2.409985 9.516817 -9.432688 -3.187647 9.285298 -11.47549 -3.108206 9.053894 -11.47549 -3.845255 8.766298 -13.51886 -3.727713 8.49833 -13.51886 -4.416767 8.161471 -15.51445 -4.258745 7.869472 -15.51445 -4.894055 7.49091 -17.56123 -4.681832 7.166078 -17.56123 -5.257612 6.75498 -19.61058 -4.9894 6.410382 -19.61058 -5.501724 5.976466 -21.66346 -5.172741 5.619095 -21.66346 -5.619095 5.172741 19.31571 5.546289 6.024876 17.23754 5.297268 6.80593 15.1658 4.927584 7.542229 13.09952 4.447208 8.21772 11.03797 3.867921 8.817972 8.987739 3.202889 9.329697 6.93374 2.467485 9.74388 4.882443 1.677259 10.05126 2.8334 0.8489785 10.24565 0.7863261 0 10.32318 -1.259219 -0.8520245 10.28241 -3.304132 -1.689435 10.12423 -5.34752 -2.494869 9.852016 -7.390181 -3.251544 9.471425 -9.432688 -3.943533 8.990349 -11.47549 -4.556036 8.418818 -13.51886 -5.07565 7.768861 -15.51445 -5.495934 7.061176 -17.56123 -5.797476 6.297738 -19.61058 -5.976466 5.501724 -21.66346 -6.027064 4.691053 19.31571 5.029815 6.462307 17.23754 4.717145 7.220129 15.1658 4.287921 7.923385 13.09952 3.753404 8.556901 11.03797 3.126528 9.107264 8.987739 2.421509 9.562324 6.93374 1.654414 9.914363 4.882443 0.8415035 10.15544 2.8334 0 10.28076 0.7863261 -0.8524818 10.28792 -1.259219 -1.698229 10.17693 -3.304132 -2.519717 9.950139 -5.34752 -3.299921 9.612341 -7.390181 -4.022583 9.170564 -9.432688 -4.672481 8.633989 -11.47549 -5.235695 8.013829 -13.51886 -5.699862 7.323183 -15.51445 -6.06027 6.583208 -17.56123 -6.297738 5.797476 -19.61058 -6.410382 4.9894 -21.66346 -6.393863 4.17732 19.31571 4.478983 6.855594 17.23754 4.104801 7.585007 15.1658 3.618968 8.250416 13.09952 3.033961 8.837628 11.03797 2.363777 9.334345 8.987739 1.623588 9.729631 6.93374 0.8300423 10.01712 4.882443 0 10.19024 2.8334 -0.8489785 10.24565 0.7863261 -1.69914 10.18239 -1.259219 -2.532832 10.00193 -3.304132 -3.332787 9.708077 -5.34752 -4.082431 9.307005 -7.390181 -4.766142 8.80706 -9.432688 -5.369511 8.218649 -11.47549 -5.87959 7.554097 -13.51886 -6.285138 6.82748 -15.51445 -6.583208 6.06027 -17.56123 -6.75498 5.257612 -19.61058 -6.800508 4.442994 -21.66346 -6.716985 3.635051 19.31571 3.897554 7.20205 17.23754 3.464416 7.898073 15.1658 2.925293 8.52109 13.09952 2.293793 9.057986 11.03797 1.584879 9.497663 8.987739 0.8145763 9.830474 6.93374 0 10.05145 4.882443 -0.8415035 10.15544 2.8334 -1.692158 10.14054 0.7863261 -2.534192 10.0073 -1.259219 -3.350134 9.758608 -3.304132 -4.12309 9.3997 -5.34752 -4.837053 8.938093 -7.390181 -5.477145 8.383395 -9.432688 -6.029862 7.747167 -11.47549 -6.48332 7.042763 -13.51886 -6.82748 6.285138 -15.51445 -7.061176 5.495934 -17.56123 -7.166078 4.681832 -19.61058 -7.144181 3.866237 -21.66346 -6.994223 3.067951 19.31571 3.289502 7.499309 17.23754 2.800365 8.157186 15.1658 2.211636 8.733554 13.09952 1.537956 9.216468 11.03797 0.7951557 9.596101 8.987739 0 9.864165 6.93374 -0.8300423 10.01712 4.882443 -1.677259 10.05126 2.8334 -2.523778 9.966174 0.7863261 -3.351932 9.763846 -1.259219 -4.144551 9.448626 -3.304132 -4.885229 9.027112 -5.34752 -5.558634 8.508124 -7.390181 -6.150732 7.902461 -9.432688 -6.649023 7.222764 -11.47549 -7.042763 6.48332 -13.51886 -7.323183 5.699862 -15.51445 -7.49091 4.894055 -17.56123 -7.528225 4.074071 -19.61058 -7.439051 3.26307 -21.66346 -7.223684 2.479894 19.31571 -5.546289 6.024876 19.31571 -6.024876 5.546289 17.23754 -6.345239 5.841204 17.23754 -6.80593 5.297268 15.1658 -7.109552 5.533586 15.1658 -7.542229 4.927584 13.09952 -7.822404 5.110632 13.09952 -8.21772 4.447208 11.03797 -8.468444 4.582892 11.03797 -8.817972 3.867921 8.987739 -9.03334 3.96239 8.987739 -9.329697 3.202889 6.93374 -9.506836 3.263701 6.93374 -9.74388 2.467485 4.882443 -9.878423 2.501556 4.882443 -10.05126 1.677259 2.8334 -10.14054 1.692158 2.8334 -10.24565 0.8489785 0.7863261 -10.28792 0.8524818 0.7863261 -10.32318 0 -1.259219 -10.31765 0 -1.259219 -10.28241 -0.8520245 -3.304132 -10.22916 -0.8476126 -3.304132 -10.12423 -1.689435 -5.34752 -10.02439 -1.672775 -5.34752 -9.852016 -2.494869 -7.390181 -9.707585 -2.458294 -7.390181 -9.471425 -3.251544 -9.432688 -9.285298 -3.187647 -9.432688 -8.990349 -3.943533 -11.47549 -8.766298 -3.845255 -11.47549 -8.418818 -4.556036 -13.51886 -8.161471 -4.416767 -13.51886 -7.768861 -5.07565 -15.51445 -7.49091 -4.894055 -15.51445 -7.061176 -5.495934 -17.56123 -6.75498 -5.257612 -17.56123 -6.297738 -5.797476 -19.61058 -5.976466 -5.501724 -19.61058 -5.501724 -5.976466 -21.66346 -5.172741 -5.619095 -21.66346 -4.691053 -6.027064 19.31571 -6.462307 5.029815 17.23754 -7.220129 4.717145 15.1658 -7.923385 4.287921 13.09952 -8.556901 3.753404 11.03797 -9.107264 3.126528 8.987739 -9.562324 2.421509 6.93374 -9.914363 1.654414 4.882443 -10.15544 0.8415035 2.8334 -10.28076 0 0.7863261 -10.28792 -0.8524818 -1.259219 -10.17693 -1.698229 -3.304132 -9.950139 -2.519717 -5.34752 -9.612341 -3.299921 -7.390181 -9.170564 -4.022583 -9.432688 -8.633989 -4.672481 -11.47549 -8.013829 -5.235695 -13.51886 -7.323183 -5.699862 -15.51445 -6.583208 -6.06027 -17.56123 -5.797476 -6.297738 -19.61058 -4.9894 -6.410382 -21.66346 -4.17732 -6.393863 19.31571 -6.855594 4.478983 17.23754 -7.585007 4.104801 15.1658 -8.250416 3.618968 13.09952 -8.837628 3.033961 11.03797 -9.334345 2.363777 8.987739 -9.729631 1.623588 6.93374 -10.01712 0.8300423 4.882443 -10.19024 0 2.8334 -10.24565 -0.8489785 0.7863261 -10.18239 -1.69914 -1.259219 -10.00193 -2.532832 -3.304132 -9.708077 -3.332787 -5.34752 -9.307005 -4.082431 -7.390181 -8.80706 -4.766142 -9.432688 -8.218649 -5.369511 -11.47549 -7.554097 -5.87959 -13.51886 -6.82748 -6.285138 -15.51445 -6.06027 -6.583208 -17.56123 -5.257612 -6.75498 -19.61058 -4.442994 -6.800508 -21.66346 -3.635051 -6.716985 19.31571 -7.20205 3.897554 17.23754 -7.898073 3.464416 15.1658 -8.52109 2.925293 13.09952 -9.057986 2.293793 11.03797 -9.497663 1.584879 8.987739 -9.830474 0.8145763 6.93374 -10.05145 0 4.882443 -10.15544 -0.8415035 2.8334 -10.14054 -1.692158 0.7863261 -10.0073 -2.534192 -1.259219 -9.758608 -3.350134 -3.304132 -9.3997 -4.12309 -5.34752 -8.938093 -4.837053 -7.390181 -8.383395 -5.477145 -9.432688 -7.747167 -6.029862 -11.47549 -7.042763 -6.48332 -13.51886 -6.285138 -6.82748 -15.51445 -5.495934 -7.061176 -17.56123 -4.681832 -7.166078 -19.61058 -3.866237 -7.144181 -21.66346 -3.067951 -6.994223 19.31571 -7.499309 3.289502 17.23754 -8.157186 2.800365 15.1658 -8.733554 2.211636 13.09952 -9.216468 1.537956 11.03797 -9.596101 0.7951557 8.987739 -9.864165 0 6.93374 -10.01712 -0.8300423 4.882443 -10.05126 -1.677259 2.8334 -9.966174 -2.523778 0.7863261 -9.763846 -3.351932 -1.259219 -9.448626 -4.144551 -3.304132 -9.027112 -4.885229 -5.34752 -8.508124 -5.558634 -7.390181 -7.902461 -6.150732 -9.432688 -7.222764 -6.649023 -11.47549 -6.48332 -7.042763 -13.51886 -5.699862 -7.323183 -15.51445 -4.894055 -7.49091 -17.56123 -4.074071 -7.528225 -19.61058 -3.26307 -7.439051 -21.66346 -2.479894 -7.223684 19.31571 -8.161076 0.6762459 19.31571 -8.189045 0 17.23754 -8.624485 0 17.23754 -8.595027 -0.7122043 15.1658 -8.978464 -0.7439767 15.1658 -8.88636 -1.482871 13.09952 -9.216468 -1.537956 13.09952 -9.057986 -2.293793 11.03797 -9.334345 -2.363777 11.03797 -9.107264 -3.126528 8.987739 -9.329697 -3.202889 8.987739 -9.03334 -3.96239 6.93374 -9.204851 -4.037622 6.93374 -8.839987 -4.783962 4.882443 -8.962051 -4.850019 4.882443 -8.530929 -5.573534 2.8334 -8.606709 -5.623044 2.8334 -8.112966 -6.314574 0.7863261 -8.146443 -6.340631 0.7863261 -7.595013 -6.991702 -1.259219 -7.590939 -6.987951 -1.259219 -6.987951 -7.590939 -3.304132 -6.951767 -7.551632 -3.304132 -6.304415 -8.099913 -5.34752 -6.242244 -8.020035 -5.34752 -5.558634 -8.508124 -7.390181 -5.477145 -8.383395 -7.390181 -4.766142 -8.80706 -9.432688 -4.672481 -8.633989 -9.432688 -3.943533 -8.990349 -11.47549 -3.845255 -8.766298 -11.47549 -3.108206 -9.053894 -13.51886 -3.013194 -8.777135 -13.51886 -2.278093 -8.995985 -15.51445 -2.196588 -8.674129 -15.51445 -1.472781 -8.825896 -17.56123 -1.408916 -8.443175 -17.56123 -0.7068726 -8.530683 -19.61058 -0.6708123 -8.0955 -19.61058 0 -8.123246 -21.66346 0 -7.637505 -21.66346 0.6307002 -7.611419 -23.48052 0 -7.167253 -23.48052 0.5918672 -7.142774 19.31571 -8.161076 -0.6762459 17.23754 -8.506857 -1.419543 15.1658 -8.733554 -2.211636 13.09952 -8.837628 -3.033961 11.03797 -8.817972 -3.867921 8.987739 -8.675274 -4.694824 6.93374 -8.414738 -5.497623 4.882443 -8.041533 -6.258976 2.8334 -7.563802 -6.96297 0.7863261 -6.991702 -7.595013 -1.259219 -6.337229 -8.142073 -3.304132 -5.613996 -8.592863 -5.34752 -4.837053 -8.938093 -7.390181 -4.022583 -9.170564 -9.432688 -3.187647 -9.285298 -11.47549 -2.349925 -9.279645 -13.51886 -1.527429 -9.153382 -15.51445 -0.7389145 -8.917372 -17.56123 0 -8.559921 -19.61058 0.6708123 -8.0955 -21.66346 1.257092 -7.533339 -23.48052 1.179691 -7.069501 19.31571 -8.077358 -1.347872 17.23754 -8.360577 -2.117186 15.1658 -8.52109 -2.925293 13.09952 -8.556901 -3.753404 11.03797 -8.468444 -4.582892 8.987739 -8.257948 -5.395186 6.93374 -7.932007 -6.173729 4.882443 -7.497205 -6.901663 2.8334 -6.96297 -7.563802 0.7863261 -6.340631 -8.146443 -1.259219 -5.643218 -8.637588 -3.304132 -4.885229 -9.027112 -5.34752 -4.082431 -9.307005 -7.390181 -3.251544 -9.471425 -9.432688 -2.409985 -9.516817 -11.47549 -1.575592 -9.442006 -13.51886 -0.766332 -9.248252 -15.51445 0 -8.947934 -17.56123 0.7068726 -8.530683 -19.61058 1.337042 -8.012454 -21.66346 1.874897 -7.4038 -23.48052 1.759457 -6.947937 19.31571 -7.938462 -2.010292 17.23754 -8.157186 -2.800365 15.1658 -8.250416 -3.618968 13.09952 -8.21772 -4.447208 11.03797 -8.061068 -5.266558 8.987739 -7.784212 -6.058695 6.93374 -7.395093 -6.807662 4.882443 -6.901663 -7.497205 2.8334 -6.314574 -8.112966 0.7863261 -5.646246 -8.642223 -1.259219 -4.910657 -9.074099 -3.304132 -4.12309 -9.3997 -5.34752 -3.299921 -9.612341 -7.390181 -2.458294 -9.707585 -9.432688 -1.615862 -9.683327 -11.47549 -0.7904959 -9.539868 -13.51886 0 -9.279948 -15.51445 0.7389145 -8.917372 -17.56123 1.408916 -8.443175 -19.61058 1.994139 -7.874676 19.31571 -7.745339 -2.658978 17.23754 -7.898073 -3.464416 15.1658 -7.923385 -4.287921 13.09952 -7.822404 -5.110632 11.03797 -7.598626 -5.914247 8.987739 -7.257302 -6.680817 6.93374 -6.807662 -7.395093 4.882443 -6.258976 -8.041533 2.8334 -5.623044 -8.606709 0.7863261 -4.913292 -9.078969 -1.259219 -4.144551 -9.448626 -3.304132 -3.332787 -9.708077 -5.34752 -2.494869 -9.852016 -7.390181 -1.648252 -9.877432 -9.432688 -0.8106997 -9.783691 -11.47549 0 -9.572564 -13.51886 0.766332 -9.248252 -15.51445 1.472781 -8.825896 -17.56123 2.101336 -8.297988 -19.61058 2.637613 -7.683105 -21.66346 3.067951 -6.994223 -23.48052 2.879053 -6.56358 19.31571 -7.499309 -3.289502 17.23754 -7.585007 -4.104801 15.1658 -7.542229 -4.927584 13.09952 -7.373655 -5.739146 11.03797 -7.084278 -6.521537 8.987739 -6.680817 -7.257302 6.93374 -6.173729 -7.932007 4.882443 -5.573534 -8.530929 2.8334 -4.893102 -9.04166 0.7863261 -4.146776 -9.453697 -1.259219 -3.350134 -9.758608 -3.304132 -2.519717 -9.950139 -5.34752 -1.672775 -10.02439 -7.390181 -0.8269504 -9.979808 -9.432688 0 -9.817222 -11.47549 0.7904959 -9.539868 -13.51886 1.527429 -9.153382 -15.51445 2.196588 -8.674129 -17.56123 2.779401 -8.096119 -19.61058 3.26307 -7.439051 -21.66346 3.635051 -6.716985 -23.48052 3.411236 -6.303411 19.31571 -7.20205 -3.897554 17.23754 -7.220129 -4.717145 15.1658 -7.109552 -5.533586 13.09952 -6.874535 -6.328455 11.03797 -6.521537 -7.084278 8.987739 -6.058695 -7.784212 6.93374 -5.497623 -8.414738 4.882443 -4.850019 -8.962051 2.8334 -4.129735 -9.414848 0.7863261 -3.351932 -9.763846 -1.259219 -2.532832 -10.00193 -3.304132 -1.689435 -10.12423 -5.34752 -0.8392539 -10.12829 -7.390181 0 -10.01401 -9.432688 0.8106997 -9.783691 -11.47549 1.575592 -9.442006 -13.51886 2.278093 -8.995985 -15.51445 2.905389 -8.46311 -17.56123 3.438481 -7.838946 -19.61058 3.866237 -7.144181 -21.66346 4.17732 -6.393863 -23.48052 3.920116 -6.000185 19.31571 -6.855594 -4.478983 17.23754 -6.80593 -5.297268 15.1658 -6.628309 -6.101788 13.09952 -6.328455 -6.874535 11.03797 -5.914247 -7.598626 8.987739 -5.395186 -8.257948 6.93374 -4.783962 -8.839987 4.882443 -4.093374 -9.331953 2.8334 -3.338158 -9.723722 0.7863261 -2.534192 -10.0073 -1.259219 -1.698229 -10.17693 -3.304132 -0.8476126 -10.22916 -5.34752 0 -10.163 -7.390181 0.8269504 -9.979808 -9.432688 1.615862 -9.683327 -11.47549 2.349925 -9.279645 -13.51886 3.013194 -8.777135 -15.51445 3.594344 -8.194278 -17.56123 4.074071 -7.528225 -19.61058 4.442994 -6.800508 -21.66346 4.691053 -6.027064 -23.48052 4.402218 -5.655971 21.40142 -6.448023 -4.212704 19.31571 -6.462307 -5.029815 17.23754 -6.345239 -5.841204 15.1658 -6.101788 -6.628309 13.09952 -5.739146 -7.373655 11.03797 -5.266558 -8.061068 8.987739 -4.694824 -8.675274 6.93374 -4.037622 -9.204851 4.882443 -3.308766 -9.638107 2.8334 -2.523778 -9.966174 0.7863261 -1.69914 -10.18239 -1.259219 -0.8520245 -10.28241 -3.304132 0 -10.26422 -5.34752 0.8392539 -10.12829 -7.390181 1.648252 -9.877432 -9.432688 2.409985 -9.516817 -11.47549 3.108206 -9.053894 -13.51886 3.727713 -8.49833 -15.51445 4.258745 -7.869472 -17.56123 4.681832 -7.166078 -19.61058 4.9894 -6.410382 -21.66346 5.172741 -5.619095 -23.48052 4.854249 -5.27312 -23.48052 5.068014 -5.068014 -23.48052 5.27312 -4.854249 -23.48052 5.655971 -4.402218 -23.48052 6.000185 -3.920116 -23.48052 6.303411 -3.411236 -23.48052 6.56358 -2.879053 -23.48052 6.778912 -2.327203 -23.48052 6.858634 -2.080544 19.31571 -2.658978 -7.745339 17.23754 -2.117186 -8.360577 15.1658 -1.482871 -8.88636 13.09952 -0.7716137 -9.311992 11.03797 0 -9.62899 8.987739 0.8145763 -9.830474 6.93374 1.654414 -9.914363 4.882443 2.501556 -9.878423 2.8334 3.338158 -9.723722 0.7863261 4.146776 -9.453697 -1.259219 4.910657 -9.074099 -3.304132 5.613996 -8.592863 -5.34752 6.242244 -8.020035 -7.390181 6.782305 -7.367547 -9.432688 7.222764 -6.649023 -11.47549 7.554097 -5.87959 -13.51886 7.768861 -5.07565 -15.51445 7.869472 -4.258745 -17.56123 7.838946 -3.438481 -19.61058 7.683105 -2.637613 -21.66346 7.4038 -1.874897 -23.48052 6.947937 -1.759457 19.31571 -2.010292 -7.938462 17.23754 -1.419543 -8.506857 15.1658 -0.7439767 -8.978464 13.09952 0 -9.343907 11.03797 0.7951557 -9.596101 8.987739 1.623588 -9.729631 6.93374 2.467485 -9.74388 4.882443 3.308766 -9.638107 2.8334 4.129735 -9.414848 0.7863261 4.913292 -9.078969 -1.259219 5.643218 -8.637588 -3.304132 6.304415 -8.099913 -5.34752 6.883213 -7.477162 -7.390181 7.367547 -6.782305 -9.432688 7.747167 -6.029862 -11.47549 8.013829 -5.235695 -13.51886 8.161471 -4.416767 -15.51445 8.194278 -3.594344 -17.56123 8.096119 -2.779401 -19.61058 7.874676 -1.994139 -21.66346 7.533339 -1.257092 -23.48052 7.069501 -1.179691 19.31571 -1.347872 -8.077358 17.23754 -0.7122043 -8.595027 15.1658 0 -9.009235 13.09952 0.7716137 -9.311992 11.03797 1.584879 -9.497663 8.987739 2.421509 -9.562324 6.93374 3.263701 -9.506836 4.882443 4.093374 -9.331953 2.8334 4.893102 -9.04166 0.7863261 5.646246 -8.642223 -1.259219 6.337229 -8.142073 -3.304132 6.951767 -7.551632 -5.34752 7.477162 -6.883213 -7.390181 7.902461 -6.150732 -9.432688 8.218649 -5.369511 -11.47549 8.418818 -4.556036 -13.51886 8.49833 -3.727713 -15.51445 8.46311 -2.905389 -17.56123 8.297988 -2.101336 -19.61058 8.012454 -1.337042 -21.66346 7.611419 -0.6307002 -23.48052 7.142774 -0.5918672 19.31571 -0.6762459 -8.161076 17.23754 0 -8.624485 15.1658 0.7439767 -8.978464 13.09952 1.537956 -9.216468 11.03797 2.363777 -9.334345 8.987739 3.202889 -9.329697 6.93374 4.037622 -9.204851 4.882443 4.850019 -8.962051 2.8334 5.623044 -8.606709 0.7863261 6.340631 -8.146443 -1.259219 6.987951 -7.590939 -3.304132 7.551632 -6.951767 -5.34752 8.020035 -6.242244 -7.390181 8.383395 -5.477145 -9.432688 8.633989 -4.672481 -11.47549 8.766298 -3.845255 -13.51886 8.777135 -3.013194 -15.51445 8.674129 -2.196588 -17.56123 8.443175 -1.408916 -19.61058 8.0955 -0.6708123 -21.66346 7.637505 0 -23.48052 7.167253 0 19.31571 0 -8.189045 17.23754 0.7122043 -8.595027 15.1658 1.482871 -8.88636 13.09952 2.293793 -9.057986 11.03797 3.126528 -9.107264 8.987739 3.96239 -9.03334 6.93374 4.783962 -8.839987 4.882443 5.573534 -8.530929 2.8334 6.314574 -8.112966 0.7863261 6.991702 -7.595013 -1.259219 7.590939 -6.987951 -3.304132 8.099913 -6.304415 -5.34752 8.508124 -5.558634 -7.390181 8.80706 -4.766142 -9.432688 8.990349 -3.943533 -11.47549 9.053894 -3.108206 -13.51886 8.995985 -2.278093 -15.51445 8.825896 -1.472781 -17.56123 8.530683 -0.7068726 -19.61058 8.123246 0 -21.66346 7.611419 0.6307002 -23.48052 7.142774 0.5918672 19.31571 0.6762459 -8.161076 17.23754 1.419543 -8.506857 15.1658 2.211636 -8.733554 13.09952 3.033961 -8.837628 11.03797 3.867921 -8.817972 8.987739 4.694824 -8.675274 6.93374 5.497623 -8.414738 4.882443 6.258976 -8.041533 2.8334 6.96297 -7.563802 0.7863261 7.595013 -6.991702 -1.259219 8.142073 -6.337229 -3.304132 8.592863 -5.613996 -5.34752 8.938093 -4.837053 -7.390181 9.170564 -4.022583 -9.432688 9.285298 -3.187647 -11.47549 9.279645 -2.349925 -13.51886 9.153382 -1.527429 -15.51445 8.917372 -0.7389145 -17.56123 8.559921 0 -19.61058 8.0955 0.6708123 -21.66346 7.533339 1.257092 -23.48052 7.069501 1.179691 19.31571 1.347872 -8.077358 17.23754 2.117186 -8.360577 15.1658 2.925293 -8.52109 13.09952 3.753404 -8.556901 11.03797 4.582892 -8.468444 8.987739 5.395186 -8.257948 6.93374 6.173729 -7.932007 4.882443 6.901663 -7.497205 2.8334 7.563802 -6.96297 0.7863261 8.146443 -6.340631 -1.259219 8.637588 -5.643218 -3.304132 9.027112 -4.885229 -5.34752 9.307005 -4.082431 -7.390181 9.471425 -3.251544 -9.432688 9.516817 -2.409985 -11.47549 9.442006 -1.575592 -13.51886 9.248252 -0.766332 -15.51445 8.947934 0 -17.56123 8.530683 0.7068726 -19.61058 8.012454 1.337042 -21.66346 7.4038 1.874897 -23.48052 6.947937 1.759457 19.31571 2.010292 -7.938462 17.23754 2.800365 -8.157186 15.1658 3.618968 -8.250416 13.09952 4.447208 -8.21772 11.03797 5.266558 -8.061068 8.987739 6.058695 -7.784212 6.93374 6.807662 -7.395093 4.882443 7.497205 -6.901663 2.8334 8.112966 -6.314574 0.7863261 8.642223 -5.646246 -1.259219 9.074099 -4.910657 -3.304132 9.3997 -4.12309 -5.34752 9.612341 -3.299921 -7.390181 9.707585 -2.458294 -9.432688 9.683327 -1.615862 -11.47549 9.539868 -0.7904959 -13.51886 9.279948 0 -15.51445 8.917372 0.7389145 -17.56123 8.443175 1.408916 -19.61058 7.874676 1.994139 19.31571 2.658978 -7.745339 17.23754 3.464416 -7.898073 15.1658 4.287921 -7.923385 13.09952 5.110632 -7.822404 11.03797 5.914247 -7.598626 8.987739 6.680817 -7.257302 6.93374 7.395093 -6.807662 4.882443 8.041533 -6.258976 2.8334 8.606709 -5.623044 0.7863261 9.078969 -4.913292 -1.259219 9.448626 -4.144551 -3.304132 9.708077 -3.332787 -5.34752 9.852016 -2.494869 -7.390181 9.877432 -1.648252 -9.432688 9.783691 -0.8106997 -11.47549 9.572564 0 -13.51886 9.248252 0.766332 -15.51445 8.825896 1.472781 -17.56123 8.297988 2.101336 -19.61058 7.683105 2.637613 -21.66346 6.994223 3.067951 -23.48052 6.56358 2.879053 19.31571 3.289502 -7.499309 17.23754 4.104801 -7.585007 15.1658 4.927584 -7.542229 13.09952 5.739146 -7.373655 11.03797 6.521537 -7.084278 8.987739 7.257302 -6.680817 6.93374 7.932007 -6.173729 4.882443 8.530929 -5.573534 2.8334 9.04166 -4.893102 0.7863261 9.453697 -4.146776 -1.259219 9.758608 -3.350134 -3.304132 9.950139 -2.519717 -5.34752 10.02439 -1.672775 -7.390181 9.979808 -0.8269504 -9.432688 9.817222 0 -11.47549 9.539868 0.7904959 -13.51886 9.153382 1.527429 -15.51445 8.674129 2.196588 -17.56123 8.096119 2.779401 -19.61058 7.439051 3.26307 -21.66346 6.716985 3.635051 -23.48052 6.303411 3.411236 19.31571 3.897554 -7.20205 17.23754 4.717145 -7.220129 15.1658 5.533586 -7.109552 13.09952 6.328455 -6.874535 11.03797 7.084278 -6.521537 8.987739 7.784212 -6.058695 6.93374 8.414738 -5.497623 4.882443 8.962051 -4.850019 2.8334 9.414848 -4.129735 0.7863261 9.763846 -3.351932 -1.259219 10.00193 -2.532832 -3.304132 10.12423 -1.689435 -5.34752 10.12829 -0.8392539 -7.390181 10.01401 0 -9.432688 9.783691 0.8106997 -11.47549 9.442006 1.575592 -13.51886 8.995985 2.278093 -15.51445 8.46311 2.905389 -17.56123 7.838946 3.438481 -19.61058 7.144181 3.866237 -21.66346 6.393863 4.17732 -23.48052 6.000185 3.920116 21.40142 3.665842 -6.773882 19.31571 4.478983 -6.855594 17.23754 5.297268 -6.80593 15.1658 6.101788 -6.628309 13.09952 6.874535 -6.328455 11.03797 7.598626 -5.914247 8.987739 8.257948 -5.395186 6.93374 8.839987 -4.783962 4.882443 9.331953 -4.093374 2.8334 9.723722 -3.338158 0.7863261 10.0073 -2.534192 -1.259219 10.17693 -1.698229 -3.304132 10.22916 -0.8476126 -5.34752 10.163 0 -7.390181 9.979808 0.8269504 -9.432688 9.683327 1.615862 -11.47549 9.279645 2.349925 -13.51886 8.777135 3.013194 -15.51445 8.194278 3.594344 -17.56123 7.528225 4.074071 -19.61058 6.800508 4.442994 -21.66346 6.027064 4.691053 -23.48052 5.655971 4.402218 -23.48052 5.27312 4.854249 -23.48052 5.068014 5.068014 -23.48052 4.854249 5.27312 -23.48052 4.402218 5.655971 -23.48052 3.920116 6.000185 -23.48052 3.411236 6.303411 -23.48052 2.879053 6.56358 -23.48052 2.327203 6.778912 -23.48052 2.080544 6.858634 19.31571 7.745339 -2.658978 17.23754 8.360577 -2.117186 15.1658 8.88636 -1.482871 13.09952 9.311992 -0.7716137 11.03797 9.62899 0 8.987739 9.830474 0.8145763 6.93374 9.914363 1.654414 4.882443 9.878423 2.501556 2.8334 9.723722 3.338158 0.7863261 9.453697 4.146776 -1.259219 9.074099 4.910657 -3.304132 8.592863 5.613996 -5.34752 8.020035 6.242244 -7.390181 7.367547 6.782305 -9.432688 6.649023 7.222764 -11.47549 5.87959 7.554097 -13.51886 5.07565 7.768861 -15.51445 4.258745 7.869472 -17.56123 3.438481 7.838946 -19.61058 2.637613 7.683105 -21.66346 1.874897 7.4038 -23.48052 1.759457 6.947937 19.31571 7.938462 -2.010292 17.23754 8.506857 -1.419543 15.1658 8.978464 -0.7439767 13.09952 9.343907 0 11.03797 9.596101 0.7951557 8.987739 9.729631 1.623588 6.93374 9.74388 2.467485 4.882443 9.638107 3.308766 2.8334 9.414848 4.129735 0.7863261 9.078969 4.913292 -1.259219 8.637588 5.643218 -3.304132 8.099913 6.304415 -5.34752 7.477162 6.883213 -7.390181 6.782305 7.367547 -9.432688 6.029862 7.747167 -11.47549 5.235695 8.013829 -13.51886 4.416767 8.161471 -15.51445 3.594344 8.194278 -17.56123 2.779401 8.096119 -19.61058 1.994139 7.874676 -21.66346 1.257092 7.533339 -23.48052 1.179691 7.069501 19.31571 8.077358 -1.347872 17.23754 8.595027 -0.7122043 15.1658 9.009235 0 13.09952 9.311992 0.7716137 11.03797 9.497663 1.584879 8.987739 9.562324 2.421509 6.93374 9.506836 3.263701 4.882443 9.331953 4.093374 2.8334 9.04166 4.893102 0.7863261 8.642223 5.646246 -1.259219 8.142073 6.337229 -3.304132 7.551632 6.951767 -5.34752 6.883213 7.477162 -7.390181 6.150732 7.902461 -9.432688 5.369511 8.218649 -11.47549 4.556036 8.418818 -13.51886 3.727713 8.49833 -15.51445 2.905389 8.46311 -17.56123 2.101336 8.297988 -19.61058 1.337042 8.012454 -21.66346 0.6307002 7.611419 -23.48052 0.5918672 7.142774 19.31571 8.161076 -0.6762459 17.23754 8.624485 0 15.1658 8.978464 0.7439767 13.09952 9.216468 1.537956 11.03797 9.334345 2.363777 8.987739 9.329697 3.202889 6.93374 9.204851 4.037622 4.882443 8.962051 4.850019 2.8334 8.606709 5.623044 0.7863261 8.146443 6.340631 -1.259219 7.590939 6.987951 -3.304132 6.951767 7.551632 -5.34752 6.242244 8.020035 -7.390181 5.477145 8.383395 -9.432688 4.672481 8.633989 -11.47549 3.845255 8.766298 -13.51886 3.013194 8.777135 -15.51445 2.196588 8.674129 -17.56123 1.408916 8.443175 -19.61058 0.6708123 8.0955 -21.66346 0 7.637505 -23.48052 0 7.167253 19.31571 8.189045 0 17.23754 8.595027 0.7122043 15.1658 8.88636 1.482871 13.09952 9.057986 2.293793 11.03797 9.107264 3.126528 8.987739 9.03334 3.96239 6.93374 8.839987 4.783962 4.882443 8.530929 5.573534 2.8334 8.112966 6.314574 0.7863261 7.595013 6.991702 -1.259219 6.987951 7.590939 -3.304132 6.304415 8.099913 -5.34752 5.558634 8.508124 -7.390181 4.766142 8.80706 -9.432688 3.943533 8.990349 -11.47549 3.108206 9.053894 -13.51886 2.278093 8.995985 -15.51445 1.472781 8.825896 -17.56123 0.7068726 8.530683 -19.61058 0 8.123246 -21.66346 -0.6307002 7.611419 -23.48052 -0.5918672 7.142774 19.31571 8.161076 0.6762459 17.23754 8.506857 1.419543 15.1658 8.733554 2.211636 13.09952 8.837628 3.033961 11.03797 8.817972 3.867921 8.987739 8.675274 4.694824 6.93374 8.414738 5.497623 4.882443 8.041533 6.258976 2.8334 7.563802 6.96297 0.7863261 6.991702 7.595013 -1.259219 6.337229 8.142073 -3.304132 5.613996 8.592863 -5.34752 4.837053 8.938093 -7.390181 4.022583 9.170564 -9.432688 3.187647 9.285298 -11.47549 2.349925 9.279645 -13.51886 1.527429 9.153382 -15.51445 0.7389145 8.917372 -17.56123 0 8.559921 -19.61058 -0.6708123 8.0955 -21.66346 -1.257092 7.533339 -23.48052 -1.179691 7.069501 19.31571 8.077358 1.347872 17.23754 8.360577 2.117186 15.1658 8.52109 2.925293 13.09952 8.556901 3.753404 11.03797 8.468444 4.582892 8.987739 8.257948 5.395186 6.93374 7.932007 6.173729 4.882443 7.497205 6.901663 2.8334 6.96297 7.563802 0.7863261 6.340631 8.146443 -1.259219 5.643218 8.637588 -3.304132 4.885229 9.027112 -5.34752 4.082431 9.307005 -7.390181 3.251544 9.471425 -9.432688 2.409985 9.516817 -11.47549 1.575592 9.442006 -13.51886 0.766332 9.248252 -15.51445 0 8.947934 -17.56123 -0.7068726 8.530683 -19.61058 -1.337042 8.012454 -21.66346 -1.874897 7.4038 -23.48052 -1.759457 6.947937 19.31571 7.938462 2.010292 17.23754 8.157186 2.800365 15.1658 8.250416 3.618968 13.09952 8.21772 4.447208 11.03797 8.061068 5.266558 8.987739 7.784212 6.058695 6.93374 7.395093 6.807662 4.882443 6.901663 7.497205 2.8334 6.314574 8.112966 0.7863261 5.646246 8.642223 -1.259219 4.910657 9.074099 -3.304132 4.12309 9.3997 -5.34752 3.299921 9.612341 -7.390181 2.458294 9.707585 -9.432688 1.615862 9.683327 -11.47549 0.7904959 9.539868 -13.51886 0 9.279948 -15.51445 -0.7389145 8.917372 -17.56123 -1.408916 8.443175 -19.61058 -1.994139 7.874676 19.31571 7.745339 2.658978 17.23754 7.898073 3.464416 15.1658 7.923385 4.287921 13.09952 7.822404 5.110632 11.03797 7.598626 5.914247 8.987739 7.257302 6.680817 6.93374 6.807662 7.395093 4.882443 6.258976 8.041533 2.8334 5.623044 8.606709 0.7863261 4.913292 9.078969 -1.259219 4.144551 9.448626 -3.304132 3.332787 9.708077 -5.34752 2.494869 9.852016 -7.390181 1.648252 9.877432 -9.432688 0.8106997 9.783691 -11.47549 0 9.572564 -13.51886 -0.766332 9.248252 -15.51445 -1.472781 8.825896 -17.56123 -2.101336 8.297988 -19.61058 -2.637613 7.683105 -21.66346 -3.067951 6.994223 -23.48052 -2.879053 6.56358 19.31571 7.499309 3.289502 17.23754 7.585007 4.104801 15.1658 7.542229 4.927584 13.09952 7.373655 5.739146 11.03797 7.084278 6.521537 8.987739 6.680817 7.257302 6.93374 6.173729 7.932007 4.882443 5.573534 8.530929 2.8334 4.893102 9.04166 0.7863261 4.146776 9.453697 -1.259219 3.350134 9.758608 -3.304132 2.519717 9.950139 -5.34752 1.672775 10.02439 -7.390181 0.8269504 9.979808 -9.432688 0 9.817222 -11.47549 -0.7904959 9.539868 -13.51886 -1.527429 9.153382 -15.51445 -2.196588 8.674129 -17.56123 -2.779401 8.096119 -19.61058 -3.26307 7.439051 -21.66346 -3.635051 6.716985 -23.48052 -3.411236 6.303411 19.31571 7.20205 3.897554 17.23754 7.220129 4.717145 15.1658 7.109552 5.533586 13.09952 6.874535 6.328455 11.03797 6.521537 7.084278 8.987739 6.058695 7.784212 6.93374 5.497623 8.414738 4.882443 4.850019 8.962051 2.8334 4.129735 9.414848 0.7863261 3.351932 9.763846 -1.259219 2.532832 10.00193 -3.304132 1.689435 10.12423 -5.34752 0.8392539 10.12829 -7.390181 0 10.01401 -9.432688 -0.8106997 9.783691 -11.47549 -1.575592 9.442006 -13.51886 -2.278093 8.995985 -15.51445 -2.905389 8.46311 -17.56123 -3.438481 7.838946 -19.61058 -3.866237 7.144181 -21.66346 -4.17732 6.393863 -23.48052 -3.920116 6.000185 21.40142 6.773882 3.665842 19.31571 6.855594 4.478983 17.23754 6.80593 5.297268 15.1658 6.628309 6.101788 13.09952 6.328455 6.874535 11.03797 5.914247 7.598626 8.987739 5.395186 8.257948 6.93374 4.783962 8.839987 4.882443 4.093374 9.331953 2.8334 3.338158 9.723722 0.7863261 2.534192 10.0073 -1.259219 1.698229 10.17693 -3.304132 0.8476126 10.22916 -5.34752 0 10.163 -7.390181 -0.8269504 9.979808 -9.432688 -1.615862 9.683327 -11.47549 -2.349925 9.279645 -13.51886 -3.013194 8.777135 -15.51445 -3.594344 8.194278 -17.56123 -4.074071 7.528225 -19.61058 -4.442994 6.800508 -21.66346 -4.691053 6.027064 -23.48052 -4.402218 5.655971 -23.48052 -4.854249 5.27312 -23.48052 -5.068014 5.068014 -23.48052 -5.27312 4.854249 -23.48052 -5.655971 4.402218 -23.48052 -6.000185 3.920116 -23.48052 -6.303411 3.411236 -23.48052 -6.56358 2.879053 -23.48052 -6.778912 2.327203 -23.48052 -6.858634 2.080544 19.31571 2.658978 7.745339 17.23754 2.117186 8.360577 15.1658 1.482871 8.88636 13.09952 0.7716137 9.311992 11.03797 0 9.62899 8.987739 -0.8145763 9.830474 6.93374 -1.654414 9.914363 4.882443 -2.501556 9.878423 2.8334 -3.338158 9.723722 0.7863261 -4.146776 9.453697 -1.259219 -4.910657 9.074099 -3.304132 -5.613996 8.592863 -5.34752 -6.242244 8.020035 -7.390181 -6.782305 7.367547 -9.432688 -7.222764 6.649023 -11.47549 -7.554097 5.87959 -13.51886 -7.768861 5.07565 -15.51445 -7.869472 4.258745 -17.56123 -7.838946 3.438481 -19.61058 -7.683105 2.637613 -21.66346 -7.4038 1.874897 -23.48052 -6.947937 1.759457 19.31571 2.010292 7.938462 17.23754 1.419543 8.506857 15.1658 0.7439767 8.978464 13.09952 0 9.343907 11.03797 -0.7951557 9.596101 8.987739 -1.623588 9.729631 6.93374 -2.467485 9.74388 4.882443 -3.308766 9.638107 2.8334 -4.129735 9.414848 0.7863261 -4.913292 9.078969 -1.259219 -5.643218 8.637588 -3.304132 -6.304415 8.099913 -5.34752 -6.883213 7.477162 -7.390181 -7.367547 6.782305 -9.432688 -7.747167 6.029862 -11.47549 -8.013829 5.235695 -13.51886 -8.161471 4.416767 -15.51445 -8.194278 3.594344 -17.56123 -8.096119 2.779401 -19.61058 -7.874676 1.994139 -21.66346 -7.533339 1.257092 -23.48052 -7.069501 1.179691 19.31571 1.347872 8.077358 17.23754 0.7122043 8.595027 15.1658 0 9.009235 13.09952 -0.7716137 9.311992 11.03797 -1.584879 9.497663 8.987739 -2.421509 9.562324 6.93374 -3.263701 9.506836 4.882443 -4.093374 9.331953 2.8334 -4.893102 9.04166 0.7863261 -5.646246 8.642223 -1.259219 -6.337229 8.142073 -3.304132 -6.951767 7.551632 -5.34752 -7.477162 6.883213 -7.390181 -7.902461 6.150732 -9.432688 -8.218649 5.369511 -11.47549 -8.418818 4.556036 -13.51886 -8.49833 3.727713 -15.51445 -8.46311 2.905389 -17.56123 -8.297988 2.101336 -19.61058 -8.012454 1.337042 -21.66346 -7.611419 0.6307002 -23.48052 -7.142774 0.5918672 19.31571 0.6762459 8.161076 17.23754 0 8.624485 15.1658 -0.7439767 8.978464 13.09952 -1.537956 9.216468 11.03797 -2.363777 9.334345 8.987739 -3.202889 9.329697 6.93374 -4.037622 9.204851 4.882443 -4.850019 8.962051 2.8334 -5.623044 8.606709 0.7863261 -6.340631 8.146443 -1.259219 -6.987951 7.590939 -3.304132 -7.551632 6.951767 -5.34752 -8.020035 6.242244 -7.390181 -8.383395 5.477145 -9.432688 -8.633989 4.672481 -11.47549 -8.766298 3.845255 -13.51886 -8.777135 3.013194 -15.51445 -8.674129 2.196588 -17.56123 -8.443175 1.408916 -19.61058 -8.0955 0.6708123 -21.66346 -7.637505 0 -23.48052 -7.167253 0 19.31571 0 8.189045 17.23754 -0.7122043 8.595027 15.1658 -1.482871 8.88636 13.09952 -2.293793 9.057986 11.03797 -3.126528 9.107264 8.987739 -3.96239 9.03334 6.93374 -4.783962 8.839987 4.882443 -5.573534 8.530929 2.8334 -6.314574 8.112966 0.7863261 -6.991702 7.595013 -1.259219 -7.590939 6.987951 -3.304132 -8.099913 6.304415 -5.34752 -8.508124 5.558634 -7.390181 -8.80706 4.766142 -9.432688 -8.990349 3.943533 -11.47549 -9.053894 3.108206 -13.51886 -8.995985 2.278093 -15.51445 -8.825896 1.472781 -17.56123 -8.530683 0.7068726 -19.61058 -8.123246 0 -21.66346 -7.611419 -0.6307002 -23.48052 -7.142774 -0.5918672 19.31571 -0.6762459 8.161076 17.23754 -1.419543 8.506857 15.1658 -2.211636 8.733554 13.09952 -3.033961 8.837628 11.03797 -3.867921 8.817972 8.987739 -4.694824 8.675274 6.93374 -5.497623 8.414738 4.882443 -6.258976 8.041533 2.8334 -6.96297 7.563802 0.7863261 -7.595013 6.991702 -1.259219 -8.142073 6.337229 -3.304132 -8.592863 5.613996 -5.34752 -8.938093 4.837053 -7.390181 -9.170564 4.022583 -9.432688 -9.285298 3.187647 -11.47549 -9.279645 2.349925 -13.51886 -9.153382 1.527429 -15.51445 -8.917372 0.7389145 -17.56123 -8.559921 0 -19.61058 -8.0955 -0.6708123 -21.66346 -7.533339 -1.257092 -23.48052 -7.069501 -1.179691 19.31571 -1.347872 8.077358 17.23754 -2.117186 8.360577 15.1658 -2.925293 8.52109 13.09952 -3.753404 8.556901 11.03797 -4.582892 8.468444 8.987739 -5.395186 8.257948 6.93374 -6.173729 7.932007 4.882443 -6.901663 7.497205 2.8334 -7.563802 6.96297 0.7863261 -8.146443 6.340631 -1.259219 -8.637588 5.643218 -3.304132 -9.027112 4.885229 -5.34752 -9.307005 4.082431 -7.390181 -9.471425 3.251544 -9.432688 -9.516817 2.409985 -11.47549 -9.442006 1.575592 -13.51886 -9.248252 0.766332 -15.51445 -8.947934 0 -17.56123 -8.530683 -0.7068726 -19.61058 -8.012454 -1.337042 -21.66346 -7.4038 -1.874897 -23.48052 -6.947937 -1.759457 19.31571 -2.010292 7.938462 17.23754 -2.800365 8.157186 15.1658 -3.618968 8.250416 13.09952 -4.447208 8.21772 11.03797 -5.266558 8.061068 8.987739 -6.058695 7.784212 6.93374 -6.807662 7.395093 4.882443 -7.497205 6.901663 2.8334 -8.112966 6.314574 0.7863261 -8.642223 5.646246 -1.259219 -9.074099 4.910657 -3.304132 -9.3997 4.12309 -5.34752 -9.612341 3.299921 -7.390181 -9.707585 2.458294 -9.432688 -9.683327 1.615862 -11.47549 -9.539868 0.7904959 -13.51886 -9.279948 0 -15.51445 -8.917372 -0.7389145 -17.56123 -8.443175 -1.408916 -19.61058 -7.874676 -1.994139 19.31571 -2.658978 7.745339 17.23754 -3.464416 7.898073 15.1658 -4.287921 7.923385 13.09952 -5.110632 7.822404 11.03797 -5.914247 7.598626 8.987739 -6.680817 7.257302 6.93374 -7.395093 6.807662 4.882443 -8.041533 6.258976 2.8334 -8.606709 5.623044 0.7863261 -9.078969 4.913292 -1.259219 -9.448626 4.144551 -3.304132 -9.708077 3.332787 -5.34752 -9.852016 2.494869 -7.390181 -9.877432 1.648252 -9.432688 -9.783691 0.8106997 -11.47549 -9.572564 0 -13.51886 -9.248252 -0.766332 -15.51445 -8.825896 -1.472781 -17.56123 -8.297988 -2.101336 -19.61058 -7.683105 -2.637613 -21.66346 -6.994223 -3.067951 -23.48052 -6.56358 -2.879053 19.31571 -3.289502 7.499309 17.23754 -4.104801 7.585007 15.1658 -4.927584 7.542229 13.09952 -5.739146 7.373655 11.03797 -6.521537 7.084278 8.987739 -7.257302 6.680817 6.93374 -7.932007 6.173729 4.882443 -8.530929 5.573534 2.8334 -9.04166 4.893102 0.7863261 -9.453697 4.146776 -1.259219 -9.758608 3.350134 -3.304132 -9.950139 2.519717 -5.34752 -10.02439 1.672775 -7.390181 -9.979808 0.8269504 -9.432688 -9.817222 0 -11.47549 -9.539868 -0.7904959 -13.51886 -9.153382 -1.527429 -15.51445 -8.674129 -2.196588 -17.56123 -8.096119 -2.779401 -19.61058 -7.439051 -3.26307 -21.66346 -6.716985 -3.635051 -23.48052 -6.303411 -3.411236 19.31571 -3.897554 7.20205 17.23754 -4.717145 7.220129 15.1658 -5.533586 7.109552 13.09952 -6.328455 6.874535 11.03797 -7.084278 6.521537 8.987739 -7.784212 6.058695 6.93374 -8.414738 5.497623 4.882443 -8.962051 4.850019 2.8334 -9.414848 4.129735 0.7863261 -9.763846 3.351932 -1.259219 -10.00193 2.532832 -3.304132 -10.12423 1.689435 -5.34752 -10.12829 0.8392539 -7.390181 -10.01401 0 -9.432688 -9.783691 -0.8106997 -11.47549 -9.442006 -1.575592 -13.51886 -8.995985 -2.278093 -15.51445 -8.46311 -2.905389 -17.56123 -7.838946 -3.438481 -19.61058 -7.144181 -3.866237 -21.66346 -6.393863 -4.17732 -23.48052 -6.000185 -3.920116 19.31571 -4.478983 6.855594 17.23754 -5.297268 6.80593 15.1658 -6.101788 6.628309 13.09952 -6.874535 6.328455 11.03797 -7.598626 5.914247 8.987739 -8.257948 5.395186 6.93374 -8.839987 4.783962 4.882443 -9.331953 4.093374 2.8334 -9.723722 3.338158 0.7863261 -10.0073 2.534192 -1.259219 -10.17693 1.698229 -3.304132 -10.22916 0.8476126 -5.34752 -10.163 0 -7.390181 -9.979808 -0.8269504 -9.432688 -9.683327 -1.615862 -11.47549 -9.279645 -2.349925 -13.51886 -8.777135 -3.013194 -15.51445 -8.194278 -3.594344 -17.56123 -7.528225 -4.074071 -19.61058 -6.800508 -4.442994 -21.66346 -6.027064 -4.691053 -23.48052 -5.655971 -4.402218 21.40142 -4.212704 6.448023 19.31571 -5.029815 6.462307 17.23754 -5.841204 6.345239 15.1658 -6.628309 6.101788 13.09952 -7.373655 5.739146 11.03797 -8.061068 5.266558 8.987739 -8.675274 4.694824 6.93374 -9.204851 4.037622 4.882443 -9.638107 3.308766 2.8334 -9.966174 2.523778 0.7863261 -10.18239 1.69914 -1.259219 -10.28241 0.8520245 -3.304132 -10.26422 0 -5.34752 -10.12829 -0.8392539 -7.390181 -9.877432 -1.648252 -9.432688 -9.516817 -2.409985 -11.47549 -9.053894 -3.108206 -13.51886 -8.49833 -3.727713 -15.51445 -7.869472 -4.258745 -17.56123 -7.166078 -4.681832 -19.61058 -6.410382 -4.9894 -21.66346 -5.619095 -5.172741 -23.48052 -5.27312 -4.854249 -23.48052 -5.068014 -5.068014 -23.48052 -4.854249 -5.27312 -23.48052 -4.402218 -5.655971 -23.48052 -3.920116 -6.000185 -23.48052 -3.411236 -6.303411 -23.48052 -2.879053 -6.56358 -23.48052 -2.327203 -6.778912 -23.48052 -2.080544 -6.858634 19.31571 -7.745339 2.658978 17.23754 -8.360577 2.117186 15.1658 -8.88636 1.482871 13.09952 -9.311992 0.7716137 11.03797 -9.62899 0 8.987739 -9.830474 -0.8145763 6.93374 -9.914363 -1.654414 4.882443 -9.878423 -2.501556 2.8334 -9.723722 -3.338158 0.7863261 -9.453697 -4.146776 -1.259219 -9.074099 -4.910657 -3.304132 -8.592863 -5.613996 -5.34752 -8.020035 -6.242244 -7.390181 -7.367547 -6.782305 -9.432688 -6.649023 -7.222764 -11.47549 -5.87959 -7.554097 -13.51886 -5.07565 -7.768861 -15.51445 -4.258745 -7.869472 -17.56123 -3.438481 -7.838946 -19.61058 -2.637613 -7.683105 -21.66346 -1.874897 -7.4038 -23.48052 -1.759457 -6.947937 19.31571 -7.938462 2.010292 17.23754 -8.506857 1.419543 15.1658 -8.978464 0.7439767 13.09952 -9.343907 0 11.03797 -9.596101 -0.7951557 8.987739 -9.729631 -1.623588 6.93374 -9.74388 -2.467485 4.882443 -9.638107 -3.308766 2.8334 -9.414848 -4.129735 0.7863261 -9.078969 -4.913292 -1.259219 -8.637588 -5.643218 -3.304132 -8.099913 -6.304415 -5.34752 -7.477162 -6.883213 -7.390181 -6.782305 -7.367547 -9.432688 -6.029862 -7.747167 -11.47549 -5.235695 -8.013829 -13.51886 -4.416767 -8.161471 -15.51445 -3.594344 -8.194278 -17.56123 -2.779401 -8.096119 -19.61058 -1.994139 -7.874676 -21.66346 -1.257092 -7.533339 -23.48052 -1.179691 -7.069501 19.31571 -8.077358 1.347872 17.23754 -8.595027 0.7122043 15.1658 -9.009235 0 13.09952 -9.311992 -0.7716137 11.03797 -9.497663 -1.584879 8.987739 -9.562324 -2.421509 6.93374 -9.506836 -3.263701 4.882443 -9.331953 -4.093374 2.8334 -9.04166 -4.893102 0.7863261 -8.642223 -5.646246 -1.259219 -8.142073 -6.337229 -3.304132 -7.551632 -6.951767 -5.34752 -6.883213 -7.477162 -7.390181 -6.150732 -7.902461 -9.432688 -5.369511 -8.218649 -11.47549 -4.556036 -8.418818 -13.51886 -3.727713 -8.49833 -15.51445 -2.905389 -8.46311 -17.56123 -2.101336 -8.297988 -19.61058 -1.337042 -8.012454 -21.66346 -0.6307002 -7.611419 -23.48052 -0.5918672 -7.142774 -24.17594 3.400652 -5.089436 -24.29705 3.176169 -4.753473 -24.29705 3.626797 -4.419265 -24.17594 2.885425 -5.398251 -24.29705 2.694953 -5.041903 -24.17594 2.34241 -5.655078 -24.29705 2.187783 -5.281776 -24.17594 1.776836 -5.857443 -24.29705 1.659544 -5.470783 -24.17594 1.19415 -6.003399 -24.29705 1.115322 -5.607104 -24.17594 0.5999642 -6.091538 -24.29705 0.5603594 -5.689425 -24.17594 0 -6.121012 -24.29705 0 -5.716953 -24.17594 -0.5999642 -6.091538 -24.29705 -0.5603594 -5.689425 -24.17594 -1.19415 -6.003399 -24.29705 -1.115322 -5.607104 -24.17594 -1.776836 -5.857443 -24.29705 -1.659544 -5.470783 -24.17594 -2.34241 -5.655078 -24.29705 -2.187783 -5.281776 -24.17594 -2.885425 -5.398251 -24.29705 -2.694953 -5.041903 -24.17594 -3.400652 -5.089436 -24.29705 -3.176169 -4.753473 -24.17594 -3.883129 -4.731606 -24.29705 -3.626797 -4.419265 -24.17594 -4.328209 -4.328209 -24.29705 -4.042497 -4.042497 -24.17594 -4.731606 -3.883129 -24.29705 -4.419265 -3.626797 -24.17594 -5.089436 -3.400652 -24.29705 -4.753473 -3.176169 -24.17594 -5.398251 -2.885425 -24.29705 -5.041903 -2.694953 -24.17594 -5.655078 -2.34241 -24.29705 -5.281776 -2.187783 -24.17594 3.883129 -4.731606 -24.29705 4.042497 -4.042497 -24.17594 4.328209 -4.328209 -24.29705 4.419265 -3.626797 -24.17594 4.731606 -3.883129 -24.29705 4.753473 -3.176169 -24.17594 5.089436 -3.400652 -24.29705 5.041903 -2.694953 -24.17594 5.398251 -2.885425 -24.29705 5.281776 -2.187783 -24.17594 5.655078 -2.34241 -24.29705 5.470783 -1.659544 -24.17594 5.857443 -1.776836 -24.29705 5.607104 -1.115322 -24.17594 6.003399 -1.19415 -24.29705 5.689425 -0.5603594 -24.17594 6.091538 -0.5999642 -24.29705 5.716953 0 -24.17594 6.121012 0 -24.29705 5.689425 0.5603594 -24.17594 6.091538 0.5999642 -24.29705 5.607104 1.115322 -24.17594 6.003399 1.19415 -24.29705 5.470783 1.659544 -24.17594 5.857443 1.776836 -24.29705 -3.176169 4.753473 -24.17594 -2.885425 5.398251 -24.29705 -2.694953 5.041903 -24.17594 -2.34241 5.655078 -24.29705 -2.187783 5.281776 -24.17594 -1.776836 5.857443 -24.29705 -1.659544 5.470783 -24.17594 -1.19415 6.003399 -24.29705 -1.115322 5.607104 -24.17594 -0.5999642 6.091538 -24.29705 -0.5603594 5.689425 -24.17594 0 6.121012 -24.29705 0 5.716953 -24.17594 0.5999642 6.091538 -24.29705 0.5603594 5.689425 -24.17594 1.19415 6.003399 -24.29705 1.115322 5.607104 -24.17594 1.776836 5.857443 -24.29705 1.659544 5.470783 -24.17594 2.34241 5.655078 -24.29705 2.187783 5.281776 -24.17594 2.885425 5.398251 -24.29705 2.694953 5.041903 -24.17594 3.400652 5.089436 -24.29705 3.176169 4.753473 -24.17594 3.883129 4.731606 -24.29705 3.626797 4.419265 -24.17594 4.328209 4.328209 -24.29705 4.042497 4.042497 -24.17594 4.731606 3.883129 -24.29705 4.419265 3.626797 -24.17594 5.089436 3.400652 -24.29705 4.753473 3.176169 -24.17594 5.398251 2.885425 -24.29705 5.041903 2.694953 -24.17594 5.655078 2.34241 -24.29705 5.281776 2.187783 -24.29705 -4.042497 4.042497 -24.17594 -3.883129 4.731606 -24.29705 -3.626797 4.419265 -24.17594 -3.400652 5.089436 -24.29705 -4.340769 3.720387 -24.17594 -4.731606 3.883129 -24.17594 -4.328209 4.328209 -24.29705 -4.419265 3.626797 -24.29705 -4.753473 3.176169 -24.17594 -5.089436 3.400652 -24.29705 -5.041903 2.694953 -24.17594 -5.398251 2.885425 -24.29705 -5.281776 2.187783 -24.17594 -5.655078 2.34241 -24.29705 -5.470783 1.659544 -24.17594 -5.857443 1.776836 -24.29705 -5.607104 1.115322 -24.17594 -6.003399 1.19415 -24.29705 -5.689425 0.5603594 -24.17594 -6.091538 0.5999642 -24.29705 -5.716953 0 -24.17594 -6.121012 0 -24.29705 -5.689425 -0.5603594 -24.17594 -6.091538 -0.5999642 -24.29705 -5.607104 -1.115322 -24.17594 -6.003399 -1.19415 -24.29705 -5.470783 -1.659544 -24.17594 -5.857443 -1.776836 -23.99668 2.488532 -6.007848 -23.99668 1.887677 -6.222837 -23.99668 1.268643 -6.377897 -23.99668 0.6373906 -6.471535 -23.99668 0 -6.502848 -23.99668 -0.6373906 -6.471535 -23.99668 -1.268643 -6.377897 -23.99668 -1.887677 -6.222837 -23.99668 -2.488532 -6.007848 -23.99668 -3.065421 -5.735 -23.99668 -3.612789 -5.40692 -23.99668 -4.125363 -5.026769 -23.99668 -4.598208 -4.598208 -23.99668 -5.026769 -4.125363 -23.99668 -5.40692 -3.612789 -23.99668 -5.735 -3.065421 -23.99668 -6.007848 -2.488532 -23.99668 3.065421 -5.735 -23.99668 3.612789 -5.40692 -23.99668 4.125363 -5.026769 -23.99668 4.598208 -4.598208 -23.99668 5.026769 -4.125363 -23.99668 5.40692 -3.612789 -23.99668 5.735 -3.065421 -23.99668 6.007848 -2.488532 -23.99668 6.222837 -1.887677 -23.99668 6.377897 -1.268643 -23.99668 6.471535 -0.6373906 -23.99668 6.502848 0 -23.99668 6.471535 0.6373906 -23.99668 6.377897 1.268643 -23.99668 6.222837 1.887677 -23.99668 -2.488532 6.007848 -23.99668 -1.887677 6.222837 -23.99668 -1.268643 6.377897 -23.99668 -0.6373906 6.471535 -23.99668 0 6.502848 -23.99668 0.6373906 6.471535 -23.99668 1.268643 6.377897 -23.99668 1.887677 6.222837 -23.99668 2.488532 6.007848 -23.99668 3.065421 5.735 -23.99668 3.612789 5.40692 -23.99668 4.125363 5.026769 -23.99668 4.598208 4.598208 -23.99668 5.026769 4.125363 -23.99668 5.40692 3.612789 -23.99668 5.735 3.065421 -23.99668 6.007848 2.488532 -23.99668 -3.065421 5.735 -23.99668 -3.612789 5.40692 -23.99668 -4.125363 5.026769 -23.99668 -4.598208 4.598208 -23.99668 -5.026769 4.125363 -23.99668 -5.40692 3.612789 -23.99668 -5.735 3.065421 -23.99668 -6.007848 2.488532 -23.99668 -6.222837 1.887677 -23.99668 -6.377897 1.268643 -23.99668 -6.471535 0.6373906 -23.99668 -6.502848 0 -23.99668 -6.471535 -0.6373906 -23.99668 -6.377897 -1.268643 -23.99668 -6.222837 -1.887677 -23.76318 1.989653 -6.559008 -23.76318 1.337177 -6.722444 -23.76318 0.6718237 -6.82114 -23.76318 0 -6.854145 -23.76318 -0.6718237 -6.82114 -23.76318 -1.337177 -6.722444 -23.76318 -1.989653 -6.559008 -23.76318 -2.622967 -6.332404 -23.76318 -3.231022 -6.044816 -23.76318 -3.807959 -5.699013 -23.76318 -4.348224 -5.298326 -23.76318 -4.846612 -4.846612 -23.76318 -5.298326 -4.348224 -23.76318 -5.699013 -3.807959 -23.76318 -6.044816 -3.231022 -23.76318 -6.332404 -2.622967 -23.76318 2.622967 -6.332404 -23.76318 3.231022 -6.044816 -23.76318 3.807959 -5.699013 -23.76318 4.348224 -5.298326 -23.76318 4.846612 -4.846612 -23.76318 5.298326 -4.348224 -23.76318 5.699013 -3.807959 -23.76318 6.044816 -3.231022 -23.76318 6.332404 -2.622967 -23.76318 6.559008 -1.989653 -23.76318 6.722444 -1.337177 -23.76318 6.82114 -0.6718237 -23.76318 6.854145 0 -23.76318 6.82114 0.6718237 -23.76318 6.722444 1.337177 -23.76318 6.559008 1.989653 -23.76318 -1.989653 6.559008 -23.76318 -1.337177 6.722444 -23.76318 -0.6718237 6.82114 -23.76318 0 6.854145 -23.76318 0.6718237 6.82114 -23.76318 1.337177 6.722444 -23.76318 1.989653 6.559008 -23.76318 2.622967 6.332404 -23.76318 3.231022 6.044816 -23.76318 3.807959 5.699013 -23.76318 4.348224 5.298326 -23.76318 4.846612 4.846612 -23.76318 5.298326 4.348224 -23.76318 5.699013 3.807959 -23.76318 6.044816 3.231022 -23.76318 6.332404 2.622967 -23.76318 -2.622967 6.332404 -23.76318 -3.231022 6.044816 -23.76318 -3.807959 5.699013 -23.76318 -4.348224 5.298326 -23.76318 -4.846612 4.846612 -23.76318 -5.298326 4.348224 -23.76318 -5.699013 3.807959 -23.76318 -6.044816 3.231022 -23.76318 -6.332404 2.622967 -23.76318 -6.559008 1.989653 -23.76318 -6.722444 1.337177 -23.76318 -6.82114 0.6718237 -23.76318 -6.854145 0 -23.76318 -6.82114 -0.6718237 -23.76318 -6.722444 -1.337177 -23.76318 -6.559008 -1.989653 -23.48052 0 -7.167253 -23.48052 7.167253 0 -23.48052 0 7.167253 -24.29705 -0.5447188 3.290102 -24.29705 -1.107764 3.145529 -24.29705 -3.334707 0.03487688 -24.29705 -3.290102 -0.5447188 -24.29705 -1.637149 2.90538 -24.29705 -2.90538 -1.637149 -24.29705 -3.145529 -1.107764 -24.29705 -2.576952 -2.116791 -24.29705 -0.6134129 -3.277989 -24.29705 -1.17331 -3.121671 -24.29705 -1.697558 -2.870503 -24.29705 3.277989 -0.6134129 -24.29705 3.334707 -0.03487688 -24.29705 2.90538 1.637149 -24.29705 3.145529 1.107764 -24.29705 3.290102 0.5447188 -24.29705 2.170226 2.532115 -24.29705 1.697558 2.870503 -24.29705 0.6134129 3.277989 -24.29705 0.03487688 3.334707 -24.29705 -2.116791 2.576952 -24.29705 -3.277989 0.6134129 -24.29705 -3.121671 1.17331 -24.29705 -2.870503 1.697558 -24.29705 -5.716953 0 -24.29705 -2.170226 -2.532115 -24.29705 3.121671 -1.17331 -24.29705 2.870503 -1.697558 -24.29705 2.576952 2.116791 -24.29705 1.17331 3.121671 -24.29705 0 5.716953 -24.29705 -2.532115 2.170226 -24.29705 -0.03487688 -3.334707 -24.29705 1.637149 -2.90538 -24.29705 1.107764 -3.145529 -24.29705 0.5447188 -3.290102 -24.29705 2.116791 -2.576952 -24.29705 2.532115 -2.170226 -24.29705 5.716953 0 -24.29705 0 -5.716953 -25.24988 -2.870503 1.697558 -25.24988 -3.121671 1.17331 -25.24988 -3.277989 0.6134129 -25.24988 -3.334707 0.03487688 -25.24988 -3.290102 -0.5447188 -25.24988 -3.145529 -1.107764 -25.24988 -2.90538 -1.637149 -25.24988 -2.576952 -2.116791 -25.24988 -2.170226 -2.532115 -25.24988 -1.697558 -2.870503 -25.24988 -1.17331 -3.121671 -25.24988 -0.6134129 -3.277989 -25.24988 -0.03487688 -3.334707 -25.24988 0.5447188 -3.290102 -25.24988 1.107764 -3.145529 -25.24988 1.637149 -2.90538 -25.24988 2.116791 -2.576952 -25.24988 2.532115 -2.170226 -25.24988 2.870503 -1.697558 -25.24988 3.121671 -1.17331 -25.24988 3.277989 -0.6134129 -25.24988 3.334707 -0.03487688 -25.24988 3.290102 0.5447188 -25.24988 3.145529 1.107764 -25.24988 2.90538 1.637149 -25.24988 2.576952 2.116791 -25.24988 2.170226 2.532115 -25.24988 1.697558 2.870503 -25.24988 1.17331 3.121671 -25.24988 0.6134129 3.277989 -25.24988 0.03487688 3.334707 -25.24988 -0.5447188 3.290102 -25.24988 -1.107764 3.145529 -25.24988 -1.637149 2.90538 -25.24988 -2.116791 2.576952 -25.24988 -2.532115 2.170226 -25.24988 -0.3309128 1.8767 -25.24988 0 1.905651 -25.24988 0.3309128 1.8767 -25.24988 0.6517711 1.790726 -25.24988 0.9528256 1.650342 -25.24988 1.224929 1.459814 -25.24988 1.459814 1.224929 -25.24988 1.650342 0.9528256 -25.24988 1.790726 0.6517711 -25.24988 1.8767 0.3309128 -25.24988 1.905651 0 -25.24988 1.8767 -0.3309128 -25.24988 1.790726 -0.6517711 -25.24988 1.650342 -0.9528256 -25.24988 1.459814 -1.224929 -25.24988 1.224929 -1.459814 -25.24988 0.9528256 -1.650342 -25.24988 0.6517711 -1.790726 -25.24988 0.3309128 -1.8767 -25.24988 0 -1.905651 -25.24988 -0.3309128 -1.8767 -25.24988 -0.6517711 -1.790726 -25.24988 -0.9528256 -1.650342 -25.24988 -1.224929 -1.459814 -25.24988 -1.459814 -1.224929 -25.24988 -1.650342 -0.9528256 -25.24988 -1.790726 -0.6517711 -25.24988 -1.8767 -0.3309128 -25.24988 -1.905651 0 -25.24988 -1.8767 0.3309128 -25.24988 -1.790726 0.6517711 -25.24988 -1.650342 0.9528256 -25.24988 -1.459814 1.224929 -25.24988 -1.224929 1.459814 -25.24988 -0.9528256 1.650342 -25.24988 -0.6517711 1.790726 -30.01401 0.9528256 -1.650342 -30.01401 -0.9528256 -1.650342 -30.01401 1.905651 0 -30.01401 -1.905651 0 -30.01401 0.9528256 1.650342 -30.01401 -0.9528256 1.650342 -30.96683 -0.9528256 -1.650342 -30.96683 0.9528256 -1.650342 -30.01401 -1.905651 0 -30.96683 -1.905651 0 -30.96683 -0.9528256 1.650342 -30.96683 -1.905651 0 -30.96683 0.9528256 1.650342 -30.01401 1.905651 0 -30.96683 1.905651 0 -30.96683 1.905651 0 -30.96683 -1.837393 2.18972 -30.96683 -1.429238 2.475514 -30.96683 -0.9776567 -2.686089 -30.96683 -1.429238 -2.475514 -30.96683 -2.81505 -0.4963693 -30.96683 -2.858477 0 -30.96683 -2.18972 1.837393 -30.96683 0.4963693 2.81505 -30.96683 0.9776567 2.686089 -30.96683 1.429238 2.475514 -30.96683 1.837393 2.18972 -30.96683 -2.686089 -0.9776567 -30.96683 1.837393 -2.18972 -30.96683 1.429238 -2.475514 -30.96683 0.9776567 -2.686089 -30.96683 2.81505 0.4963693 -30.96683 2.858477 0 -30.96683 1.905651 0 -30.96683 2.81505 -0.4963693 -30.96683 -2.81505 0.4963693 -30.96683 -2.686089 0.9776567 -30.96683 -2.475514 1.429238 -30.96683 2.18972 1.837393 -30.96683 2.475514 1.429238 -30.96683 2.686089 0.9776567 -30.96683 -0.9776567 2.686089 -30.96683 -0.4963693 2.81505 -30.96683 0 2.858477 -30.96683 -1.837393 -2.18972 -30.96683 -2.18972 -1.837393 -30.96683 -2.475514 -1.429238 -30.96683 0.4963693 -2.81505 -30.96683 0 -2.858477 -30.96683 -0.4963693 -2.81505 -30.96683 2.686089 -0.9776567 -30.96683 2.475514 -1.429238 -30.96683 2.18972 -1.837393 -30.49042 0 -3.33489 -30.49042 0.5790975 -3.284225 -30.49042 1.140599 -3.133771 -30.49042 1.667445 -2.888099 -30.49042 2.143626 -2.554674 -30.49042 2.554674 -2.143626 -30.49042 2.888099 -1.667445 -30.49042 3.133771 -1.140599 -30.49042 3.284225 -0.5790975 -30.96683 2.858477 0 -30.49042 3.33489 0 -30.49042 3.284225 0.5790975 -30.49042 3.133771 1.140599 -30.49042 2.888099 1.667445 -30.49042 2.554674 2.143626 -30.49042 2.143626 2.554674 -30.49042 1.667445 2.888099 -30.49042 1.140599 3.133771 -30.49042 0.5790975 3.284225 -30.96683 0 2.858477 -30.49042 0 3.33489 -30.49042 -0.5790975 3.284225 -30.49042 -1.140599 3.133771 -30.49042 -1.667445 2.888099 -30.49042 -2.143626 2.554674 -30.49042 -2.554674 2.143626 -30.49042 -2.888099 1.667445 -30.49042 -3.133771 1.140599 -30.49042 -3.284225 0.5790975 -30.96683 -2.858477 0 -30.49042 -3.33489 0 -30.49042 -3.284225 -0.5790975 -30.49042 -3.133771 -1.140599 -30.49042 -2.888099 -1.667445 -30.49042 -2.554674 -2.143626 -30.49042 -2.143626 -2.554674 -30.49042 -1.667445 -2.888099 -30.49042 -1.140599 -3.133771 -30.49042 -0.5790975 -3.284225 -30.49042 0 3.33489 -27.15553 0.5790975 3.284225 -27.15553 1.140599 3.133771 -27.15553 1.667445 2.888099 -27.15553 2.143626 2.554674 -27.15553 2.554674 2.143626 -27.15553 2.888099 1.667445 -27.15553 3.133771 1.140599 -27.15553 3.284225 0.5790975 -27.15553 3.33489 0 -30.49042 3.33489 0 -27.15553 3.284225 -0.5790975 -27.15553 3.133771 -1.140599 -27.15553 2.888099 -1.667445 -27.15553 2.554674 -2.143626 -27.15553 2.143626 -2.554674 -27.15553 1.667445 -2.888099 -27.15553 1.140599 -3.133771 -27.15553 0.5790975 -3.284225 -27.15553 0 -3.33489 -30.49042 0 -3.33489 -27.15553 -0.5790975 -3.284225 -27.15553 -1.140599 -3.133771 -27.15553 -1.667445 -2.888099 -27.15553 -2.143626 -2.554674 -27.15553 -2.554674 -2.143626 -27.15553 -2.888099 -1.667445 -27.15553 -3.133771 -1.140599 -27.15553 -3.284225 -0.5790975 -27.15553 -3.33489 0 -30.49042 -3.33489 0 -27.15553 -3.284225 0.5790975 -27.15553 -3.133771 1.140599 -27.15553 -2.888099 1.667445 -27.15553 -2.554674 2.143626 -27.15553 -2.143626 2.554674 -27.15553 -1.667445 2.888099 -27.15553 -1.140599 3.133771 -27.15553 -0.5790975 3.284225 -27.15553 0 3.33489 -27.15553 1.650342 -0.9528256 -27.15553 1.790726 -0.6517711 -27.15553 1.8767 -0.3309128 -27.15553 1.905651 0 -27.15553 1.8767 0.3309128 -27.15553 1.790726 0.6517711 -27.15553 1.650342 0.9528256 -27.15553 1.459814 1.224929 -27.15553 1.224929 1.459814 -27.15553 0.9528256 1.650342 -27.15553 0.6517711 1.790726 -27.15553 0.3309128 1.8767 -27.15553 0 1.905651 -27.15553 0 3.33489 -27.15553 -0.3309128 1.8767 -27.15553 -0.6517711 1.790726 -27.15553 -0.9528256 1.650342 -27.15553 -1.224929 1.459814 -27.15553 -1.459814 1.224929 -27.15553 -1.650342 0.9528256 -27.15553 -1.790726 0.6517711 -27.15553 -1.8767 0.3309128 -27.15553 -1.905651 0 -27.15553 -1.8767 -0.3309128 -27.15553 -1.790726 -0.6517711 -27.15553 -1.650342 -0.9528256 -27.15553 -1.459814 -1.224929 -27.15553 -1.224929 -1.459814 -27.15553 -0.9528256 -1.650342 -27.15553 -0.6517711 -1.790726 -27.15553 -0.3309128 -1.8767 -27.15553 0 -1.905651 -27.15553 0 -3.33489 -27.15553 0.3309128 -1.8767 -27.15553 0.6517711 -1.790726 -27.15553 0.9528256 -1.650342 -27.15553 1.224929 -1.459814 -27.15553 1.459814 -1.224929 -27.15553 0 1.905651 -25.24988 1.905651 0 -25.24988 0 -1.905651 -27.15553 0 -1.905651 -25.24988 -1.905651 0 -25.24988 0 1.905651</float_array>
          <technique_common>
            <accessor source="#roller_model-mesh-positions-array" count="3674" stride="3">
              <param name="X" type="float"/>
              <param name="Y" type="float"/>
              <param name="Z" type="float"/>
            </accessor>
          </technique_common>
        </source>
        <source id="roller_model-mesh-normals">
          <float_array id="roller_model-mesh-normals-array" count="21714">0 0.08715587 0.9961947 0 0.2588192 0.9659258 0 0.2588192 0.9659258 0 0.422618 0.9063078 0 0.422618 0.9063078 0 0.5735763 0.8191522 0 0.5735763 0.8191522 0 0.7071067 0.7071067 0 0.7071067 0.7071067 0 0.8191522 0.5735763 0 0.8191522 0.5735763 0 0.9063078 0.422618 0 0.9063078 0.422618 0 0.9659258 0.2588192 0 0.9659258 0.2588192 0 0.9961947 0.08715587 0 0.9961947 0.08715587 0 0.9961947 -0.08715587 0 0.9961947 -0.08715587 0 0.9659258 -0.2588192 0 0.9659258 -0.2588192 0 0.9063078 -0.422618 0 0.9063078 -0.422618 0 0.8191522 -0.5735763 0 0.8191522 -0.5735763 0 0.7071067 -0.7071067 0 0.7071067 -0.7071067 0 0.5735763 -0.8191522 0 0.5735763 -0.8191522 0 0.422618 -0.9063078 0 0.422618 -0.9063078 0 0.2588192 -0.9659258 0 0.2588192 -0.9659258 0 0.08715587 -0.9961947 0 0.08715587 -0.9961947 0 -0.08715587 -0.9961947 0 -0.08715587 -0.9961947 0 -0.2588192 -0.9659258 0 -0.2588192 -0.9659258 0 -0.422618 -0.9063078 0 -0.422618 -0.9063078 0 -0.5735763 -0.8191522 0 -0.5735763 -0.8191522 0 -0.7071067 -0.7071067 0 -0.7071067 -0.7071067 0 -0.8191522 -0.5735763 0 -0.8191522 -0.5735763 0 -0.9063078 -0.422618 0 -0.9063078 -0.422618 0 -0.9659258 -0.2588192 0 -0.9659258 -0.2588192 0 -0.9961947 -0.08715587 0 -0.9961947 -0.08715587 0 -0.9961947 0.08715587 0 -0.9961947 0.08715587 0 -0.9659258 0.2588192 0 -0.9659258 0.2588192 0 -0.9063078 0.422618 0 -0.9063078 0.422618 0 -0.8191522 0.5735763 0 -0.8191522 0.5735763 0 -0.7071067 0.7071067 0 -0.7071067 0.7071067 0 -0.5735763 0.8191522 0 -0.5735763 0.8191522 0 -0.422618 0.9063078 0 -0.422618 0.9063078 0 -0.2588192 0.9659258 0 -0.2588192 0.9659258 0 -0.08715587 0.9961947 0 -0.08715587 0.9961947 0 0.08715587 0.9961947 1 0 0 1 0 0 1 0 0 1 0 0 1 0 0 1 0 0 1 0 0 1 0 0 1 0 0 1 0 0 1 0 0 1 0 0 1 0 0 1 0 0 1 0 0 1 0 0 1 0 0 1 0 0 1 0 0 1 0 0 1 0 0 1 0 0 1 0 0 1 0 0 1 0 0 1 0 0 1 0 0 1 0 0 1 0 0 1 0 0 1 0 0 1 0 0 1 0 0 1 0 0 1 0 0 1 0 0 0.7057564 0.06174594 0.7057588 0.7057564 0.1833616 0.6843146 0.7057564 0.1833617 0.6843146 0.7057563 0.2994058 0.642078 0.7057564 0.2994057 0.6420781 0.7057564 0.4063528 0.5803322 0.7057564 0.4063527 0.5803321 0.7057564 0.500953 0.500953 0.7057564 0.500953 0.500953 0.7057564 0.5803321 0.4063527 0.7057564 0.5803321 0.4063528 0.7057564 0.642078 0.2994058 0.7057563 0.6420781 0.2994057 0.7057563 0.6843147 0.1833616 0.7057564 0.6843147 0.1833616 0.7057563 0.7057588 0.06174564 0.7057566 0.7057586 0.06174594 0.7057566 0.7057586 -0.06174564 0.7057564 0.7057588 -0.06174594 0.7057564 0.6843146 -0.1833616 0.7057564 0.6843146 -0.1833617 0.7057564 0.642078 -0.2994058 0.7057564 0.6420781 -0.2994057 0.7057564 0.5803322 -0.4063528 0.7057564 0.5803321 -0.4063527 0.7057564 0.500953 -0.500953 0.7057564 0.500953 -0.500953 0.7057564 0.4063527 -0.5803321 0.7057564 0.4063528 -0.5803321 0.7057564 0.2994058 -0.642078 0.7057563 0.2994057 -0.6420781 0.7057563 0.1833616 -0.6843146 0.7057564 0.1833616 -0.6843147 0.7057563 0.06174564 -0.7057588 0.7057566 0.06174594 -0.7057586 0.7057566 -0.06174564 -0.7057586 0.7057564 -0.06174594 -0.7057588 0.7057564 -0.1833616 -0.6843146 0.7057564 -0.1833617 -0.6843146 0.7057563 -0.2994058 -0.642078 0.7057564 -0.2994057 -0.6420781 0.7057564 -0.4063528 -0.5803322 0.7057564 -0.4063527 -0.5803321 0.7057564 -0.500953 -0.500953 0.7057564 -0.500953 -0.500953 0.7057564 -0.5803321 -0.4063527 0.7057564 -0.5803321 -0.4063528 0.7057564 -0.642078 -0.2994058 0.7057563 -0.6420781 -0.2994057 0.7057563 -0.6843147 -0.1833616 0.7057564 -0.6843147 -0.1833616 0.7057563 -0.7057588 -0.06174564 0.7057566 -0.7057586 -0.06174594 0.7057566 -0.7057586 0.06174564 0.7057564 -0.7057588 0.06174594 0.7057564 -0.6843146 0.1833616 0.7057564 -0.6843146 0.1833617 0.7057564 -0.642078 0.2994058 0.7057564 -0.6420781 0.2994057 0.7057564 -0.5803322 0.4063528 0.7057564 -0.5803321 0.4063527 0.7057564 -0.500953 0.500953 0.7057564 -0.500953 0.500953 0.7057564 -0.4063527 0.5803321 0.7057564 -0.4063528 0.5803321 0.7057564 -0.2994058 0.642078 0.7057563 -0.2994057 0.6420781 0.7057563 -0.1833616 0.6843146 0.7057564 -0.1833616 0.6843147 0.7057563 -0.06174564 0.7057588 0.7057566 -0.06174594 0.7057586 0.7057566 0.06174564 0.7057586 0 0.08715587 0.9961947 0 0.2588192 0.9659258 0 0.2588192 0.9659258 0 0.422618 0.9063079 0 0.422618 0.9063079 0 0.5735763 0.8191522 0 0.5735763 0.8191522 0 0.7071068 0.7071068 0 0.7071068 0.7071068 0 0.8191522 0.5735763 0 0.8191522 0.5735763 0 0.9063079 0.422618 0 0.9063079 0.422618 0 0.9659258 0.2588192 0 0.9659258 0.2588192 0 0.9961947 0.08715587 0 0.9961947 0.08715587 0 0.9961947 -0.08715587 0 0.9961947 -0.08715587 0 0.9659258 -0.2588192 0 0.9659258 -0.2588192 0 0.9063079 -0.422618 0 0.9063079 -0.422618 0 0.8191522 -0.5735763 0 0.8191522 -0.5735763 0 0.7071068 -0.7071068 0 0.7071068 -0.7071068 0 0.5735763 -0.8191522 0 0.5735763 -0.8191522 0 0.422618 -0.9063079 0 0.422618 -0.9063079 0 0.2588192 -0.9659258 0 0.2588192 -0.9659258 0 0.08715587 -0.9961947 0 0.08715587 -0.9961947 0 -0.08715587 -0.9961947 0 -0.08715587 -0.9961947 0 -0.2588192 -0.9659258 0 -0.2588192 -0.9659258 0 -0.422618 -0.9063079 0 -0.422618 -0.9063079 0 -0.5735763 -0.8191522 0 -0.5735763 -0.8191522 0 -0.7071068 -0.7071068 0 -0.7071068 -0.7071068 0 -0.8191522 -0.5735763 0 -0.8191522 -0.5735763 0 -0.9063079 -0.422618 0 -0.9063079 -0.422618 0 -0.9659258 -0.2588192 0 -0.9659258 -0.2588192 0 -0.9961947 -0.08715587 0 -0.9961947 -0.08715587 0 -0.9961947 0.08715587 0 -0.9961947 0.08715587 0 -0.9659258 0.2588192 0 -0.9659258 0.2588192 0 -0.9063079 0.422618 0 -0.9063079 0.422618 0 -0.8191522 0.5735763 0 -0.8191522 0.5735763 0 -0.7071068 0.7071068 0 -0.7071068 0.7071068 0 -0.5735763 0.8191522 0 -0.5735763 0.8191522 0 -0.422618 0.9063079 0 -0.422618 0.9063079 0 -0.2588192 0.9659258 0 -0.2588192 0.9659258 0 -0.08715587 0.9961947 0 -0.08715587 0.9961947 0 0.08715587 0.9961947 1 0 0 1 0 0 1 0 0 1 0 0 1 0 0 1 0 0 1 0 0 1 0 0 1 0 0 1 0 0 1 0 0 1 0 0 1 0 0 1 0 0 1 0 0 1 0 0 1 0 0 1 0 0 1 0 0 1 0 0 1 0 0 1 0 0 1 0 0 1 0 0 1 0 0 1 0 0 1 0 0 1 0 0 1 0 0 1 0 0 1 0 0 1 0 0 1 0 0 1 0 0 1 0 0 1 0 0 1 0 0 1 0 0 1 0 0 1 0 0 1 0 0 1 0 0 1 0 0 1 0 0 1 0 0 1 0 0 1 0 0 1 0 0 1 0 0 1 0 0 1 0 0 1 0 0 1 0 0 1 0 0 1 0 0 1 0 0 1 0 0 1 0 0 1 0 0 1 0 0 1 0 0 1 0 0 1 0 0 1 0 0 1 0 0 1 0 0 1 0 0 1 0 0 1 0 0 1 0 0 1 0 0 1 0 0 0 -0.4060965 0.9138302 0 -0.4060965 0.9138302 0 -0.5586116 0.8294293 0 -0.5586116 0.8294293 0 -0.694154 0.7198265 0 -0.694154 0.7198265 0 -0.8086048 0.5883522 0 -0.8086048 0.5883522 0 -0.8984867 0.4390008 0 -0.8984867 0.4390008 0 -0.9610682 0.2763114 0 -0.9610682 0.2763114 0 -0.9944484 0.1052249 0 -0.9944484 0.1052249 0 -0.9976127 -0.06905698 0 -0.9976127 -0.06905698 0 -0.970465 -0.2412418 0 -0.970465 -0.2412418 0 -0.9138302 -0.4060965 0 -0.9138302 -0.4060965 0 -0.8294293 -0.5586116 0 -0.8294293 -0.5586116 0 -0.7198265 -0.694154 0 -0.7198265 -0.694154 0 -0.5883522 -0.8086048 0 -0.5883522 -0.8086048 0 -0.4390008 -0.8984867 0 -0.4390008 -0.8984867 0 -0.2763114 -0.9610682 0 -0.2763114 -0.9610682 0 -0.1052249 -0.9944484 0 -0.1052249 -0.9944484 0 0.06905698 -0.9976127 0 0.06905698 -0.9976127 0 0.2412418 -0.970465 0 0.2412418 -0.970465 0 0.4060965 -0.9138302 0 0.4060965 -0.9138302 0 0.5586116 -0.8294293 0 0.5586116 -0.8294293 0 0.694154 -0.7198265 0 0.694154 -0.7198265 0 0.8086048 -0.5883522 0 0.8086048 -0.5883522 0 0.8984867 -0.4390008 0 0.8984867 -0.4390008 0 0.9610682 -0.2763114 0 0.9610682 -0.2763114 0 0.9944484 -0.1052249 0 0.9944484 -0.1052249 0 0.9976127 0.06905698 0 0.9976127 0.06905698 0 0.970465 0.2412418 0 0.970465 0.2412418 0 0.9138302 0.4060965 0 0.9138302 0.4060965 0 0.8294293 0.5586116 0 0.8294293 0.5586116 0 0.7198265 0.694154 0 0.7198265 0.694154 0 0.5883522 0.8086048 0 0.5883522 0.8086048 0 0.4390008 0.8984867 0 0.4390008 0.8984867 0 0.2763114 0.9610682 0 0.2763114 0.9610682 0 0.1052249 0.9944484 0 0.1052249 0.9944484 0 -0.06905698 0.9976127 0 -0.06905698 0.9976127 0 -0.2412418 0.970465 0 -0.2412418 0.970465 1 0 0 1 0 0 1 0 0 1 0 0 1 0 0 1 0 0 1 0 0 1 0 0 1 0 0 1 0 0 1 0 0 1 0 0 1 0 0 1 0 0 1 0 0 1 0 0 1 0 0 1 0 0 1 0 0 1 0 0 1 0 0 1 0 0 1 0 0 1 0 0 1 0 0 1 0 0 1 0 0 1 0 0 1 0 0 1 0 0 1 0 0 1 0 0 1 0 0 1 0 0 1 0 0 1 0 0 1 0 0 1 0 0 1 0 0 1 0 0 1 0 0 1 0 0 1 0 0 1 0 0 1 0 0 1 0 0 1 0 0 1 0 0 1 0 0 1 0 0 1 0 0 1 0 0 1 0 0 1 0 0 1 0 0 1 0 0 1 0 0 1 0 0 1 0 0 1 0 0 1 0 0 1 0 0 1 0 0 1 0 0 1 0 0 1 0 0 1 0 0 1 0 0 1 0 0 1 0 0 1 0 0 1 0 0 1 0 0 1 0 0 1 0 0 1 0 0 1 0 0 1 0 0 1 0 0 1 0 0 0.08702188 0.5299962 -0.8435232 0.08708804 0.6566122 -0.7491836 0.08715355 0.8575938 -0.5068896 0.08698159 0.950604 -0.2979703 0.08702188 0.8435232 0.5299962 0.08708804 0.7491836 0.6566122 0.08715355 0.5068896 0.8575938 0.08698159 0.2979703 0.950604 0.08702188 -0.5299962 0.8435232 0.08708804 -0.6566122 0.7491836 0.08715355 -0.8575938 0.5068896 0.08698159 -0.950604 0.2979703 0.08702188 -0.8435232 -0.5299962 0.08708804 -0.7491836 -0.6566122 0.08715355 -0.5068896 -0.8575938 0.08698159 -0.2979703 -0.950604 0.9961742 0.0101763 -0.08679509 0.9961742 0.0101763 -0.08679509 0.9657636 0.03020924 -0.2576591 0.9657636 0.03020924 -0.2576591 0.905895 0.04931569 -0.4206212 0.9058948 0.04931563 -0.4206215 0.8184551 0.06690704 -0.5706617 0.8184555 0.06690728 -0.570661 0.7062082 0.08244544 -0.7031875 0.7062085 0.08244556 -0.7031872 0.5725907 0.09546881 -0.8142639 0.5725895 0.09546834 -0.8142647 0.4217371 0.1055848 -0.9005497 0.4217371 0.1055849 -0.9005496 0.258203 0.1124986 -0.9595182 0.2582049 0.1124992 -0.9595177 0.9961742 -0.05893123 -0.06452935 0.9961742 -0.05893123 -0.06452935 0.9657635 -0.174943 -0.1915615 0.9657635 -0.174943 -0.1915616 0.9058949 -0.2855896 -0.3127189 0.9058949 -0.2855895 -0.3127189 0.8184555 -0.3874619 -0.4242686 0.8184554 -0.3874622 -0.4242688 0.7062084 -0.4774435 -0.5227977 0.7062093 -0.4774425 -0.5227974 0.5725896 -0.5528613 -0.6053805 0.5725893 -0.5528615 -0.6053806 0.4217383 -0.611446 -0.6695303 0.4217373 -0.6114466 -0.6695303 0.2582036 -0.6514844 -0.7133715 0.2582033 -0.6514846 -0.7133716 0.9961742 -0.08679509 -0.0101763 0.9961742 -0.08679509 -0.0101763 0.9657636 -0.2576591 -0.03020924 0.9657636 -0.2576591 -0.03020924 0.905895 -0.4206212 -0.04931569 0.9058948 -0.4206215 -0.04931563 0.8184551 -0.5706617 -0.06690704 0.8184555 -0.570661 -0.06690728 0.7062082 -0.7031875 -0.08244544 0.7062085 -0.7031872 -0.08244556 0.5725907 -0.8142639 -0.09546881 0.5725895 -0.8142647 -0.09546834 0.4217371 -0.9005497 -0.1055848 0.4217371 -0.9005496 -0.1055849 0.258203 -0.9595182 -0.1124986 0.2582049 -0.9595176 -0.1124992 0.9961742 -0.06452935 0.05893123 0.9961742 -0.06452935 0.05893123 0.9657635 -0.1915615 0.174943 0.9657635 -0.1915616 0.174943 0.9058949 -0.3127189 0.2855896 0.9058949 -0.3127189 0.2855895 0.8184555 -0.4242686 0.3874619 0.8184553 -0.4242687 0.3874621 0.7062084 -0.5227977 0.4774435 0.7062093 -0.5227974 0.4774425 0.5725896 -0.6053805 0.5528613 0.5725893 -0.6053806 0.5528615 0.4217383 -0.6695303 0.611446 0.4217373 -0.6695303 0.6114466 0.2582036 -0.7133715 0.6514844 0.2582033 -0.7133716 0.6514846 0.9961742 -0.0101763 0.08679509 0.9961742 -0.0101763 0.08679509 0.9657636 -0.03020924 0.2576591 0.9657636 -0.03020924 0.2576591 0.905895 -0.04931569 0.4206212 0.9058948 -0.04931563 0.4206215 0.8184551 -0.06690704 0.5706617 0.8184555 -0.06690728 0.570661 0.7062082 -0.08244544 0.7031875 0.7062085 -0.08244556 0.7031872 0.5725907 -0.09546881 0.8142639 0.5725895 -0.09546834 0.8142647 0.4217371 -0.1055848 0.9005497 0.4217371 -0.1055849 0.9005496 0.258203 -0.1124986 0.9595182 0.2582049 -0.1124992 0.9595177 0.9961742 0.05893123 0.06452935 0.9961742 0.05893123 0.06452935 0.9657635 0.174943 0.1915615 0.9657635 0.174943 0.1915616 0.9058949 0.2855896 0.3127189 0.9058949 0.2855895 0.3127189 0.8184555 0.3874619 0.4242686 0.8184554 0.3874622 0.4242688 0.7062084 0.4774435 0.5227977 0.7062093 0.4774425 0.5227974 0.5725896 0.5528613 0.6053805 0.5725893 0.5528615 0.6053806 0.4217383 0.611446 0.6695303 0.4217373 0.6114466 0.6695303 0.2582036 0.6514844 0.7133715 0.2582033 0.6514846 0.7133716 0.9961742 0.08679509 0.0101763 0.9961742 0.08679509 0.0101763 0.9657636 0.2576591 0.03020924 0.9657636 0.2576591 0.03020924 0.905895 0.4206212 0.04931569 0.9058948 0.4206215 0.04931563 0.8184551 0.5706617 0.06690704 0.8184555 0.570661 0.06690728 0.7062082 0.7031875 0.08244544 0.7062085 0.7031872 0.08244556 0.5725907 0.8142639 0.09546881 0.5725895 0.8142647 0.09546834 0.4217371 0.9005497 0.1055848 0.4217371 0.9005496 0.1055849 0.258203 0.9595182 0.1124986 0.2582049 0.9595176 0.1124992 0.9961742 0.06452935 -0.05893123 0.9961742 0.06452935 -0.05893123 0.9657635 0.1915615 -0.174943 0.9657635 0.1915616 -0.174943 0.9058949 0.3127189 -0.2855896 0.9058949 0.3127189 -0.2855895 0.8184555 0.4242686 -0.3874619 0.8184553 0.4242687 -0.3874621 0.7062084 0.5227977 -0.4774435 0.7062093 0.5227974 -0.4774425 0.5725896 0.6053805 -0.5528613 0.5725893 0.6053806 -0.5528615 0.4217383 0.6695303 -0.611446 0.4217373 0.6695303 -0.6114466 0.2582036 0.7133715 -0.6514844 0.2582033 0.7133716 -0.6514846 0.9961742 0.02242493 -0.08446341 0.9961742 0.02242493 -0.08446335 0.9657636 0.06657046 -0.250737 0.9657636 0.06657046 -0.2507372 0.9058947 0.1086745 -0.4093222 0.9058949 0.1086747 -0.4093215 0.8184555 0.14744 -0.5553306 0.8184551 0.1474399 -0.5553312 0.7062085 0.1816801 -0.6842967 0.7062082 0.18168 -0.6842969 0.5725897 0.2103786 -0.7923899 0.5725906 0.2103788 -0.7923892 0.4217389 0.2326719 -0.8763561 0.421737 0.2326714 -0.8763572 0.2582024 0.2479069 -0.9337417 0.258203 0.2479072 -0.9337415 0.08693593 0.2556371 -0.9628561 0.08693605 0.2556372 -0.962856 0.08705872 -0.1440291 -0.9857365 0.08693629 -0.02598643 -0.995875 0.2582026 -0.02520066 -0.965762 0.258205 -0.02519977 -0.9657614 0.4217383 -0.02365106 -0.9064092 0.4217371 -0.02365154 -0.9064096 0.5725893 -0.02138537 -0.8195634 0.5725895 -0.02138531 -0.8195633 0.7062091 -0.01846802 -0.7077624 0.7062085 -0.01846837 -0.707763 0.8184552 -0.01498776 -0.5743749 0.8184556 -0.01498746 -0.5743743 0.9058948 -0.01104694 -0.4233586 0.9058949 -0.01104688 -0.4233586 0.9657635 -0.006766974 -0.2593361 0.9657635 -0.006766796 -0.2593356 0.9961742 -0.00227946 -0.08735966 0.9961742 -0.002279579 -0.0873599 0.1740722 -0.05690652 -0.9830872 0.08711212 0.01352667 -0.9961066 0.08693528 0.1160071 -0.9894365 0.1308996 0.09980881 -0.9863587 0.08714556 0.170743 -0.9814542 0.08713126 -0.2139838 -0.9729435 0.1310258 -0.1666358 -0.9772741 0.258204 -0.1623852 -0.9523454 0.2582026 -0.1623858 -0.9523457 0.4217373 -0.1524061 -0.8938177 0.4217382 -0.1524056 -0.8938173 0.5725904 -0.1378031 -0.8081773 0.5725893 -0.1378037 -0.808178 0.7062086 -0.1190053 -0.6979306 0.7062091 -0.1190049 -0.6979302 0.8184548 -0.09657686 -0.5663962 0.8184551 -0.09657657 -0.5663957 0.9058951 -0.07118427 -0.417477 0.9058948 -0.07118451 -0.4174773 0.9657636 -0.04360526 -0.2557329 0.9657635 -0.04360556 -0.2557333 0.9961742 -0.0146889 -0.08614611 0.9961743 -0.0146889 -0.08614605 0.08715307 -0.365023 -0.9269102 0.1066059 -0.3049172 -0.9463935 0.2582032 -0.296266 -0.9195421 0.258204 -0.2962657 -0.919542 0.4217377 -0.2780582 -0.8630301 0.4217373 -0.2780584 -0.8630303 0.5725906 -0.2514164 -0.7803396 0.5725904 -0.2514165 -0.7803397 0.7062087 -0.2171198 -0.6738904 0.7062086 -0.2171198 -0.6738905 0.818455 -0.1762006 -0.5468865 0.8184549 -0.1762007 -0.5468866 0.9058947 -0.1298735 -0.4030975 0.905895 -0.1298731 -0.403097 0.9657636 -0.0795561 -0.2469244 0.9657636 -0.07955598 -0.2469242 0.9961742 -0.0267992 -0.08317881 0.9961742 -0.0267992 -0.08317881 0.9961742 -0.03836405 -0.07851821 0.9961742 -0.03836411 -0.07851827 0.9657635 -0.1138875 -0.233089 0.9657636 -0.1138874 -0.2330889 0.9058948 -0.1859182 -0.3805117 0.9058949 -0.185918 -0.3805115 0.818455 -0.252237 -0.5162441 0.8184549 -0.2522372 -0.5162442 0.7062087 -0.3108144 -0.6361319 0.7062093 -0.3108139 -0.6361316 0.5725905 -0.3599109 -0.7366167 0.5725901 -0.3599112 -0.7366169 0.4217377 -0.3980499 -0.814674 0.4217364 -0.3980506 -0.8146742 0.2582032 -0.424115 -0.8680194 0.2582036 -0.4241148 -0.8680193 0.08693546 -0.4373391 -0.8950849 0.08693581 -0.4373388 -0.8950848 0.08698135 -0.5667861 -0.8192605 0.1066056 -0.5591953 -0.8221532 0.2582036 -0.5433296 -0.7988265 0.2582035 -0.5433296 -0.7988266 0.4217383 -0.5099383 -0.7497332 0.4217365 -0.5099393 -0.7497335 0.5725896 -0.46108 -0.6778985 0.5725901 -0.4610797 -0.6778984 0.7062085 -0.398182 -0.5854237 0.7062092 -0.3981812 -0.5854232 0.8184555 -0.3231382 -0.4750918 0.8184549 -0.323139 -0.4750923 0.9058949 -0.2381782 -0.3501794 0.9058948 -0.2381783 -0.3501794 0.9657635 -0.1459003 -0.2145087 0.9657636 -0.1459001 -0.2145085 0.9961742 -0.0491479 -0.07225936 0.9961742 -0.04914784 -0.0722593 0.08693575 -0.6717982 -0.735615 0.1526001 -0.6836314 -0.7136957 0.08713084 -0.6360238 -0.7667346 0.08711171 -0.7941142 -0.6014932 0.1358813 -0.7654085 -0.6290359 0.2582042 -0.7463762 -0.6133947 0.2582033 -0.7463767 -0.6133946 0.4217381 -0.7005068 -0.5756973 0.4217373 -0.7005072 -0.5756972 0.572589 -0.6333895 -0.5205379 0.5725893 -0.6333891 -0.5205379 0.7062088 -0.5469854 -0.4495286 0.7062093 -0.5469849 -0.4495286 0.8184552 -0.4438983 -0.3648089 0.8184553 -0.443898 -0.3648088 0.9058949 -0.3271871 -0.2688924 0.9058949 -0.327187 -0.2688923 0.9657636 -0.2004243 -0.1647148 0.9657635 -0.2004244 -0.1647148 0.9961742 -0.06751483 -0.05548572 0.9961742 -0.06751489 -0.05548572 0.08714491 -0.8791739 -0.4684644 0.1212817 -0.8487578 -0.5146854 0.2582036 -0.8260748 -0.5009305 0.2582042 -0.8260746 -0.5009306 0.421737 -0.7753072 -0.4701453 0.4217382 -0.7753065 -0.4701454 0.5725904 -0.7010214 -0.425099 0.5725889 -0.7010228 -0.425099 0.7062088 -0.6053926 -0.3671091 0.7062088 -0.6053924 -0.367109 0.8184549 -0.4912981 -0.2979224 0.8184552 -0.4912977 -0.2979224 0.9058951 -0.3621239 -0.2195915 0.9058949 -0.3621245 -0.2195916 0.9657635 -0.2218257 -0.1345147 0.9657635 -0.2218257 -0.1345147 0.9961742 -0.07472413 -0.04531258 0.9961742 -0.07472413 -0.04531258 0.9961742 -0.08041214 -0.03421705 0.9961742 -0.08041232 -0.03421705 0.9657635 -0.2387114 -0.1015765 0.9657636 -0.2387108 -0.1015765 0.9058951 -0.3896891 -0.1658208 0.9058948 -0.3896899 -0.1658208 0.8184549 -0.5286964 -0.2249708 0.8184554 -0.5286954 -0.2249709 0.7062088 -0.6514754 -0.2772164 0.7062084 -0.6514759 -0.2772164 0.5725905 -0.7543841 -0.321006 0.5725897 -0.7543846 -0.3210058 0.421737 -0.8343246 -0.3550219 0.4217388 -0.8343235 -0.3550223 0.2582037 -0.8889561 -0.3782696 0.2582026 -0.8889566 -0.3782693 0.08693534 -0.9166746 -0.390064 0.08693581 -0.9166745 -0.390064 0.9961742 -0.08446341 -0.02242493 0.9961742 -0.08446335 -0.02242493 0.9657636 -0.250737 -0.06657046 0.9657636 -0.2507372 -0.06657046 0.9058947 -0.4093222 -0.1086745 0.9058949 -0.4093215 -0.1086747 0.8184555 -0.5553306 -0.14744 0.8184551 -0.5553312 -0.1474399 0.7062085 -0.6842967 -0.1816801 0.7062082 -0.6842969 -0.18168 0.5725897 -0.7923899 -0.2103786 0.5725906 -0.7923892 -0.2103788 0.4217389 -0.8763562 -0.232672 0.421737 -0.8763571 -0.2326714 0.2582024 -0.9337418 -0.247907 0.258203 -0.9337415 -0.2479072 0.08693593 -0.9628561 -0.2556371 0.08693605 -0.962856 -0.2556372 0.08705872 -0.9857365 0.1440291 0.08693629 -0.995875 0.02598643 0.2582026 -0.965762 0.02520066 0.258205 -0.9657614 0.02519977 0.4217383 -0.9064092 0.02365106 0.4217371 -0.9064096 0.02365154 0.5725893 -0.8195635 0.02138537 0.5725895 -0.8195633 0.02138531 0.7062091 -0.7077624 0.01846802 0.7062085 -0.707763 0.01846837 0.8184552 -0.5743749 0.01498776 0.8184556 -0.5743743 0.01498746 0.9058948 -0.4233586 0.01104694 0.9058949 -0.4233586 0.01104688 0.9657635 -0.2593361 0.006766974 0.9657635 -0.2593356 0.006766796 0.9961742 -0.08735966 0.00227946 0.9961742 -0.0873599 0.002279579 0.1740722 -0.9830872 0.05690652 0.08711212 -0.9961066 -0.01352667 0.08693528 -0.9894365 -0.1160071 0.1308996 -0.9863587 -0.09980881 0.08714556 -0.9814542 -0.170743 0.08713126 -0.9729435 0.2139838 0.1310258 -0.9772741 0.1666358 0.258204 -0.9523454 0.1623852 0.2582026 -0.9523457 0.1623858 0.4217373 -0.8938177 0.1524061 0.4217382 -0.8938173 0.1524056 0.5725904 -0.8081773 0.1378031 0.5725893 -0.808178 0.1378037 0.7062086 -0.6979306 0.1190053 0.7062091 -0.6979302 0.1190049 0.8184548 -0.5663962 0.09657686 0.8184551 -0.5663957 0.09657657 0.9058951 -0.417477 0.07118427 0.9058949 -0.4174774 0.07118451 0.9657636 -0.2557329 0.04360526 0.9657635 -0.2557333 0.04360556 0.9961742 -0.08614611 0.0146889 0.9961743 -0.08614605 0.0146889 0.08715307 -0.9269102 0.365023 0.1066059 -0.9463935 0.3049172 0.2582032 -0.9195421 0.296266 0.258204 -0.9195419 0.2962656 0.4217377 -0.8630301 0.2780582 0.4217373 -0.8630303 0.2780584 0.5725906 -0.7803396 0.2514164 0.5725904 -0.7803397 0.2514165 0.7062087 -0.6738904 0.2171198 0.7062086 -0.6738905 0.2171198 0.818455 -0.5468865 0.1762006 0.8184549 -0.5468866 0.1762007 0.9058947 -0.4030975 0.1298735 0.905895 -0.403097 0.1298731 0.9657636 -0.2469244 0.0795561 0.9657636 -0.2469242 0.07955598 0.9961742 -0.08317881 0.0267992 0.9961742 -0.08317881 0.0267992 0.9961742 -0.07851821 0.03836405 0.9961742 -0.07851827 0.03836411 0.9657635 -0.233089 0.1138875 0.9657636 -0.2330889 0.1138874 0.9058948 -0.3805117 0.1859182 0.9058949 -0.3805115 0.185918 0.818455 -0.5162441 0.252237 0.8184549 -0.5162442 0.2522372 0.7062086 -0.6361318 0.3108143 0.7062093 -0.6361316 0.3108139 0.5725905 -0.7366167 0.3599109 0.5725901 -0.7366169 0.3599112 0.4217377 -0.814674 0.3980499 0.4217364 -0.8146742 0.3980506 0.2582032 -0.8680194 0.424115 0.2582036 -0.8680193 0.4241148 0.08693546 -0.8950849 0.4373391 0.08693581 -0.8950848 0.4373388 0.08698135 -0.8192605 0.5667861 0.1066056 -0.8221532 0.5591953 0.2582036 -0.7988265 0.5433296 0.2582035 -0.7988266 0.5433296 0.4217383 -0.7497332 0.5099383 0.4217365 -0.7497335 0.5099393 0.5725896 -0.6778985 0.46108 0.5725901 -0.6778983 0.4610796 0.7062084 -0.5854236 0.3981819 0.7062092 -0.5854232 0.3981812 0.8184555 -0.4750918 0.3231382 0.8184549 -0.4750923 0.323139 0.9058949 -0.3501794 0.2381782 0.9058949 -0.3501795 0.2381783 0.9657635 -0.2145087 0.1459003 0.9657636 -0.2145085 0.1459001 0.9961742 -0.07225936 0.0491479 0.9961742 -0.0722593 0.04914784 0.08693575 -0.735615 0.6717982 0.1526001 -0.7136957 0.6836314 0.08713084 -0.7667346 0.6360238 0.08711171 -0.6014932 0.7941142 0.1358813 -0.6290359 0.7654085 0.2582042 -0.6133947 0.7463762 0.2582033 -0.6133946 0.7463767 0.4217381 -0.5756973 0.7005068 0.4217373 -0.5756972 0.7005072 0.572589 -0.5205379 0.6333895 0.5725893 -0.5205379 0.6333892 0.7062089 -0.4495287 0.5469855 0.7062093 -0.4495286 0.5469849 0.8184552 -0.3648089 0.4438983 0.8184553 -0.3648088 0.443898 0.9058949 -0.2688924 0.3271871 0.9058949 -0.2688923 0.327187 0.9657636 -0.1647148 0.2004243 0.9657635 -0.1647148 0.2004244 0.9961742 -0.05548572 0.06751483 0.9961742 -0.05548572 0.06751489 0.08714491 -0.4684644 0.8791739 0.1212817 -0.5146854 0.8487578 0.2582036 -0.5009305 0.8260748 0.2582042 -0.5009306 0.8260746 0.421737 -0.4701453 0.7753072 0.4217382 -0.4701454 0.7753065 0.5725904 -0.425099 0.7010214 0.5725889 -0.425099 0.7010228 0.7062088 -0.3671091 0.6053926 0.7062088 -0.367109 0.6053924 0.8184549 -0.2979224 0.4912981 0.8184552 -0.2979224 0.4912977 0.9058951 -0.2195915 0.3621239 0.9058949 -0.2195916 0.3621245 0.9657635 -0.1345147 0.2218257 0.9657635 -0.1345147 0.2218257 0.9961742 -0.04531258 0.07472413 0.9961742 -0.04531258 0.07472413 0.9961742 -0.03421705 0.08041214 0.9961742 -0.03421705 0.08041232 0.9657635 -0.1015765 0.2387114 0.9657636 -0.1015765 0.2387108 0.9058951 -0.1658208 0.3896891 0.9058948 -0.1658208 0.3896899 0.8184549 -0.2249708 0.5286964 0.8184554 -0.2249709 0.5286954 0.7062088 -0.2772164 0.6514754 0.7062084 -0.2772164 0.6514759 0.5725905 -0.321006 0.7543841 0.5725897 -0.3210058 0.7543846 0.4217369 -0.3550218 0.8343245 0.4217388 -0.3550222 0.8343234 0.2582037 -0.3782696 0.8889561 0.2582026 -0.3782693 0.8889566 0.08693534 -0.390064 0.9166746 0.08693581 -0.390064 0.9166745 0.9961742 -0.02242493 0.08446341 0.9961742 -0.02242493 0.08446335 0.9657636 -0.06657046 0.250737 0.9657636 -0.06657046 0.2507372 0.9058947 -0.1086745 0.4093222 0.9058949 -0.1086747 0.4093215 0.8184555 -0.14744 0.5553306 0.8184551 -0.1474399 0.5553312 0.7062085 -0.1816801 0.6842967 0.7062082 -0.18168 0.6842969 0.5725897 -0.2103786 0.7923899 0.5725906 -0.2103788 0.7923892 0.4217389 -0.2326719 0.8763561 0.421737 -0.2326714 0.8763572 0.2582024 -0.2479069 0.9337417 0.258203 -0.2479072 0.9337415 0.08693593 -0.2556371 0.9628561 0.08693605 -0.2556372 0.962856 0.08705872 0.1440291 0.9857365 0.08693629 0.02598643 0.995875 0.2582026 0.02520066 0.965762 0.258205 0.02519977 0.9657614 0.4217383 0.02365106 0.9064092 0.4217371 0.02365154 0.9064096 0.5725893 0.02138537 0.8195634 0.5725895 0.02138531 0.8195633 0.7062091 0.01846802 0.7077624 0.7062085 0.01846837 0.707763 0.8184552 0.01498776 0.5743749 0.8184556 0.01498746 0.5743743 0.9058948 0.01104694 0.4233586 0.9058949 0.01104688 0.4233586 0.9657635 0.006766974 0.2593361 0.9657635 0.006766796 0.2593356 0.9961742 0.00227946 0.08735966 0.9961742 0.002279579 0.0873599 0.1740722 0.05690652 0.9830872 0.08711212 -0.01352667 0.9961066 0.08693528 -0.1160071 0.9894365 0.1308996 -0.09980881 0.9863587 0.08714556 -0.170743 0.9814542 0.08713126 0.2139838 0.9729435 0.1310258 0.1666358 0.9772741 0.258204 0.1623852 0.9523454 0.2582026 0.1623858 0.9523457 0.4217373 0.1524061 0.8938177 0.4217382 0.1524056 0.8938173 0.5725904 0.1378031 0.8081773 0.5725893 0.1378037 0.808178 0.7062086 0.1190053 0.6979306 0.7062091 0.1190049 0.6979302 0.8184548 0.09657686 0.5663962 0.8184551 0.09657657 0.5663957 0.9058951 0.07118427 0.417477 0.9058948 0.07118451 0.4174773 0.9657636 0.04360526 0.2557329 0.9657635 0.04360556 0.2557333 0.9961742 0.0146889 0.08614611 0.9961743 0.0146889 0.08614605 0.08715307 0.365023 0.9269102 0.1066059 0.3049172 0.9463935 0.2582032 0.296266 0.9195421 0.258204 0.2962657 0.919542 0.4217377 0.2780582 0.8630301 0.4217373 0.2780584 0.8630303 0.5725906 0.2514164 0.7803396 0.5725904 0.2514165 0.7803397 0.7062087 0.2171198 0.6738904 0.7062086 0.2171198 0.6738905 0.818455 0.1762006 0.5468865 0.8184549 0.1762007 0.5468866 0.9058947 0.1298735 0.4030975 0.905895 0.1298731 0.403097 0.9657636 0.0795561 0.2469244 0.9657636 0.07955598 0.2469242 0.9961742 0.0267992 0.08317881 0.9961742 0.0267992 0.08317881 0.9961742 0.03836405 0.07851821 0.9961742 0.03836411 0.07851827 0.9657635 0.1138875 0.233089 0.9657636 0.1138874 0.2330889 0.9058948 0.1859182 0.3805117 0.9058949 0.185918 0.3805115 0.818455 0.252237 0.5162441 0.8184549 0.2522372 0.5162442 0.7062087 0.3108144 0.6361319 0.7062093 0.3108139 0.6361316 0.5725905 0.3599109 0.7366167 0.5725901 0.3599112 0.7366169 0.4217377 0.3980499 0.814674 0.4217364 0.3980506 0.8146742 0.2582032 0.424115 0.8680194 0.2582036 0.4241148 0.8680193 0.08693546 0.4373391 0.8950849 0.08693581 0.4373388 0.8950848 0.08698135 0.5667861 0.8192605 0.1066056 0.5591953 0.8221532 0.2582036 0.5433296 0.7988265 0.2582035 0.5433296 0.7988266 0.4217383 0.5099383 0.7497332 0.4217365 0.5099393 0.7497335 0.5725896 0.46108 0.6778985 0.5725901 0.4610797 0.6778984 0.7062085 0.398182 0.5854237 0.7062092 0.3981812 0.5854232 0.8184555 0.3231382 0.4750918 0.8184549 0.323139 0.4750923 0.9058949 0.2381782 0.3501794 0.9058948 0.2381783 0.3501794 0.9657635 0.1459003 0.2145087 0.9657636 0.1459001 0.2145085 0.9961742 0.0491479 0.07225936 0.9961742 0.04914784 0.0722593 0.08693575 0.6717982 0.735615 0.1526001 0.6836314 0.7136957 0.08713084 0.6360238 0.7667346 0.08711171 0.7941142 0.6014932 0.1358813 0.7654085 0.6290359 0.2582042 0.7463762 0.6133947 0.2582033 0.7463767 0.6133946 0.4217381 0.7005068 0.5756973 0.4217373 0.7005072 0.5756972 0.572589 0.6333895 0.5205379 0.5725893 0.6333891 0.5205379 0.7062088 0.5469854 0.4495286 0.7062093 0.5469849 0.4495286 0.8184552 0.4438983 0.3648089 0.8184553 0.443898 0.3648088 0.9058949 0.3271871 0.2688924 0.9058949 0.327187 0.2688923 0.9657636 0.2004243 0.1647148 0.9657635 0.2004244 0.1647148 0.9961742 0.06751483 0.05548572 0.9961742 0.06751489 0.05548572 0.08714491 0.8791739 0.4684644 0.1212817 0.8487578 0.5146854 0.2582036 0.8260748 0.5009305 0.2582042 0.8260746 0.5009306 0.421737 0.7753072 0.4701453 0.4217382 0.7753065 0.4701454 0.5725904 0.7010214 0.425099 0.5725889 0.7010228 0.425099 0.7062088 0.6053926 0.3671091 0.7062088 0.6053924 0.367109 0.8184549 0.4912981 0.2979224 0.8184552 0.4912977 0.2979224 0.9058951 0.3621239 0.2195915 0.9058949 0.3621245 0.2195916 0.9657635 0.2218257 0.1345147 0.9657635 0.2218257 0.1345147 0.9961742 0.07472413 0.04531258 0.9961742 0.07472413 0.04531258 0.9961742 0.08041214 0.03421705 0.9961742 0.08041232 0.03421705 0.9657635 0.2387114 0.1015765 0.9657636 0.2387108 0.1015765 0.9058951 0.3896891 0.1658208 0.9058948 0.3896899 0.1658208 0.8184549 0.5286964 0.2249708 0.8184554 0.5286954 0.2249709 0.7062088 0.6514754 0.2772164 0.7062084 0.6514759 0.2772164 0.5725905 0.7543841 0.321006 0.5725897 0.7543846 0.3210058 0.421737 0.8343246 0.3550219 0.4217388 0.8343235 0.3550223 0.2582037 0.8889561 0.3782696 0.2582026 0.8889566 0.3782693 0.08693534 0.9166746 0.390064 0.08693581 0.9166745 0.390064 0.9961742 0.08446341 0.02242493 0.9961742 0.08446335 0.02242493 0.9657636 0.250737 0.06657046 0.9657636 0.2507372 0.06657046 0.9058947 0.4093222 0.1086745 0.9058949 0.4093215 0.1086747 0.8184555 0.5553306 0.14744 0.8184551 0.5553312 0.1474399 0.7062085 0.6842967 0.1816801 0.7062082 0.6842969 0.18168 0.5725897 0.7923899 0.2103786 0.5725906 0.7923892 0.2103788 0.4217389 0.8763562 0.232672 0.421737 0.8763571 0.2326714 0.2582024 0.9337418 0.247907 0.258203 0.9337415 0.2479072 0.08693593 0.9628561 0.2556371 0.08693605 0.962856 0.2556372 0.08705872 0.9857365 -0.1440291 0.08693629 0.995875 -0.02598643 0.2582026 0.965762 -0.02520066 0.258205 0.9657614 -0.02519977 0.4217383 0.9064092 -0.02365106 0.4217371 0.9064096 -0.02365154 0.5725893 0.8195635 -0.02138537 0.5725895 0.8195633 -0.02138531 0.7062091 0.7077624 -0.01846802 0.7062085 0.707763 -0.01846837 0.8184552 0.5743749 -0.01498776 0.8184556 0.5743743 -0.01498746 0.9058948 0.4233586 -0.01104694 0.9058949 0.4233586 -0.01104688 0.9657635 0.2593361 -0.006766974 0.9657635 0.2593356 -0.006766796 0.9961742 0.08735966 -0.00227946 0.9961742 0.0873599 -0.002279579 0.1740722 0.9830872 -0.05690652 0.08711212 0.9961066 0.01352667 0.08693528 0.9894365 0.1160071 0.1308996 0.9863587 0.09980881 0.08714556 0.9814542 0.170743 0.08713126 0.9729435 -0.2139838 0.1310258 0.9772741 -0.1666358 0.258204 0.9523454 -0.1623852 0.2582026 0.9523457 -0.1623858 0.4217373 0.8938177 -0.1524061 0.4217382 0.8938173 -0.1524056 0.5725904 0.8081773 -0.1378031 0.5725893 0.808178 -0.1378037 0.7062086 0.6979306 -0.1190053 0.7062091 0.6979302 -0.1190049 0.8184548 0.5663962 -0.09657686 0.8184551 0.5663957 -0.09657657 0.9058951 0.417477 -0.07118427 0.9058949 0.4174774 -0.07118451 0.9657636 0.2557329 -0.04360526 0.9657635 0.2557333 -0.04360556 0.9961742 0.08614611 -0.0146889 0.9961743 0.08614605 -0.0146889 0.08715307 0.9269102 -0.365023 0.1066059 0.9463935 -0.3049172 0.2582032 0.9195421 -0.296266 0.258204 0.9195419 -0.2962656 0.4217377 0.8630301 -0.2780582 0.4217373 0.8630303 -0.2780584 0.5725906 0.7803396 -0.2514164 0.5725904 0.7803397 -0.2514165 0.7062087 0.6738904 -0.2171198 0.7062086 0.6738905 -0.2171198 0.818455 0.5468865 -0.1762006 0.8184549 0.5468866 -0.1762007 0.9058947 0.4030975 -0.1298735 0.905895 0.403097 -0.1298731 0.9657636 0.2469244 -0.0795561 0.9657636 0.2469242 -0.07955598 0.9961742 0.08317881 -0.0267992 0.9961742 0.08317881 -0.0267992 0.9961742 0.07851821 -0.03836405 0.9961742 0.07851827 -0.03836411 0.9657635 0.233089 -0.1138875 0.9657636 0.2330889 -0.1138874 0.9058948 0.3805117 -0.1859182 0.9058949 0.3805115 -0.185918 0.818455 0.5162441 -0.252237 0.8184549 0.5162442 -0.2522372 0.7062086 0.6361318 -0.3108143 0.7062093 0.6361316 -0.3108139 0.5725905 0.7366167 -0.3599109 0.5725901 0.7366169 -0.3599112 0.4217377 0.814674 -0.3980499 0.4217364 0.8146742 -0.3980506 0.2582032 0.8680194 -0.424115 0.2582036 0.8680193 -0.4241148 0.08693546 0.8950849 -0.4373391 0.08693581 0.8950848 -0.4373388 0.08698135 0.8192605 -0.5667861 0.1066056 0.8221532 -0.5591953 0.2582036 0.7988265 -0.5433296 0.2582035 0.7988266 -0.5433296 0.4217383 0.7497332 -0.5099383 0.4217365 0.7497335 -0.5099393 0.5725896 0.6778985 -0.46108 0.5725901 0.6778983 -0.4610796 0.7062084 0.5854236 -0.3981819 0.7062092 0.5854232 -0.3981812 0.8184555 0.4750918 -0.3231382 0.8184549 0.4750923 -0.323139 0.9058949 0.3501794 -0.2381782 0.9058949 0.3501795 -0.2381783 0.9657635 0.2145087 -0.1459003 0.9657636 0.2145085 -0.1459001 0.9961742 0.07225936 -0.0491479 0.9961742 0.0722593 -0.04914784 0.08693575 0.735615 -0.6717982 0.1526001 0.7136957 -0.6836314 0.08713084 0.7667346 -0.6360238 0.08711171 0.6014932 -0.7941142 0.1358813 0.6290359 -0.7654085 0.2582042 0.6133947 -0.7463762 0.2582033 0.6133946 -0.7463767 0.4217381 0.5756973 -0.7005068 0.4217373 0.5756972 -0.7005072 0.572589 0.5205379 -0.6333895 0.5725893 0.5205379 -0.6333892 0.7062089 0.4495287 -0.5469855 0.7062093 0.4495286 -0.5469849 0.8184552 0.3648089 -0.4438983 0.8184553 0.3648088 -0.443898 0.9058949 0.2688924 -0.3271871 0.9058949 0.2688923 -0.327187 0.9657636 0.1647148 -0.2004243 0.9657635 0.1647148 -0.2004244 0.9961742 0.05548572 -0.06751483 0.9961742 0.05548572 -0.06751489 0.08714491 0.4684644 -0.8791739 0.1212817 0.5146854 -0.8487578 0.2582036 0.5009305 -0.8260748 0.2582042 0.5009306 -0.8260746 0.421737 0.4701453 -0.7753072 0.4217382 0.4701454 -0.7753065 0.5725904 0.425099 -0.7010214 0.5725889 0.425099 -0.7010228 0.7062088 0.3671091 -0.6053926 0.7062088 0.367109 -0.6053924 0.8184549 0.2979224 -0.4912981 0.8184552 0.2979224 -0.4912977 0.9058951 0.2195915 -0.3621239 0.9058949 0.2195916 -0.3621245 0.9657635 0.1345147 -0.2218257 0.9657635 0.1345147 -0.2218257 0.9961742 0.04531258 -0.07472413 0.9961742 0.04531258 -0.07472413 0.9961742 0.03421705 -0.08041214 0.9961742 0.03421705 -0.08041232 0.9657635 0.1015765 -0.2387114 0.9657636 0.1015765 -0.2387108 0.9058951 0.1658208 -0.3896891 0.9058948 0.1658208 -0.3896899 0.8184549 0.2249708 -0.5286964 0.8184554 0.2249709 -0.5286954 0.7062088 0.2772164 -0.6514754 0.7062084 0.2772164 -0.6514759 0.5725905 0.321006 -0.7543841 0.5725897 0.3210058 -0.7543846 0.4217369 0.3550218 -0.8343245 0.4217388 0.3550222 -0.8343234 0.2582037 0.3782696 -0.8889561 0.2582026 0.3782693 -0.8889566 0.08693534 0.390064 -0.9166746 0.08693581 0.390064 -0.9166745 -0.001448273 -0.4624583 -0.8866398 0 -0.5088257 -0.8608695 0 -0.5281856 -0.849129 0.002468109 -0.5689408 -0.8223748 -0.003992676 -0.6001783 -0.7998563 0 -0.6384519 -0.7696617 0 -0.6917329 -0.7221534 -0.004087388 -0.7095314 -0.704662 0.001263856 -0.7520403 -0.6591159 0 -0.7682564 -0.6401423 0 -0.7971445 -0.6037885 -0.003194808 -0.81446 -0.5802109 0.00264585 -0.8467323 -0.5320126 0 -0.8619342 -0.5070202 0 -0.897809 -0.4403851 -0.005704283 -0.8825171 -0.4702457 0.008238315 -0.9327435 -0.3604466 0 -0.9201584 -0.3915465 0 -0.9573634 -0.2888864 0.004369795 -0.9665061 -0.2566063 -0.001832187 -0.9788969 -0.2043461 0 -0.9852024 -0.1713951 0 -0.9915489 -0.1297335 0.002645969 -0.994916 -0.1006748 -0.003194808 -0.9990777 -0.04281896 0 -0.9999079 -0.01357829 0 -0.9994601 0.03285896 0.001263678 -0.998328 0.05778872 -0.004087388 -0.9927847 0.1198412 0 -0.9894934 0.144578 0 -0.976658 0.2148007 -0.003992676 -0.9650211 0.2621417 0.002468109 -0.9542176 0.299103 0 -0.9385091 0.3452547 0 -0.9304507 0.3664172 -0.001448154 -0.909711 0.4152395 0.003349125 -0.8984816 0.4389985 -5.01003e-4 -0.8700587 0.4929479 0 -0.8608695 0.5088257 0 -0.8302891 0.5573329 0.002389073 -0.8223749 0.5689408 -0.001150846 -0.7785539 0.6275768 0 -0.7696617 0.6384519 0 -0.7288647 0.6846578 0.001270294 -0.7221528 0.6917324 -0.00133115 -0.6664174 0.7455778 0 -0.6591165 0.7520409 0 -0.6081272 0.7938396 4.93384e-4 -0.6037884 0.7971445 -0.001042008 -0.5366238 0.843821 0 -0.5320144 0.8467353 0 -0.4712736 0.8819871 5.85579e-5 -0.4702534 0.8825315 -2.83888e-4 -0.3926098 0.9197051 0 -0.3915465 0.9201584 0 -0.2528871 0.9674957 -9.96038e-4 -0.2566086 0.9665149 2.10295e-4 -0.1676006 0.9858549 0 -0.1713951 0.9852024 0 -0.0930131 0.9956649 -0.001674592 -0.1006749 0.9949179 8.40628e-4 -0.005882441 0.9999824 0 -0.01357829 0.9999079 0 0.06931132 0.9975951 -0.002034664 0.05778867 0.9983268 0.001891314 0.1559932 0.9877563 0 0.144578 0.9894934 0 0.2298099 0.9732356 -0.002076625 0.2148002 0.9766558 0.003361284 0.3137567 0.9494975 0 0.2991039 0.9542205 0 0.3842524 0.9232281 -0.0018 0.3664166 0.9304492 0.003453493 0.4389984 0.8984813 -0.001423776 0.4632539 0.8862245 0 0.5088257 0.8608695 0 0.5285663 0.848892 0.002520024 0.5689407 0.8223747 -0.00395596 0.6005374 0.799587 0 0.6384519 0.7696617 0 0.6917329 0.7221534 -0.004087388 0.7095314 0.704662 0.001263856 0.7520403 0.6591159 0 0.7682564 0.6401423 0 0.7971445 0.6037885 -0.003194808 0.81446 0.5802109 0.00264585 0.8467323 0.5320126 0 0.8619342 0.5070202 0 0.897809 0.4403851 -0.005704283 0.8825171 0.4702457 0.008238315 0.9327435 0.3604466 0 0.9201584 0.3915465 0 0.9573634 0.2888864 0.004369795 0.9665061 0.2566063 -0.001832187 0.9788969 0.2043461 0 0.9852024 0.1713951 0 0.9915489 0.1297335 0.002645969 0.994916 0.1006748 -0.003194808 0.9990777 0.04281896 0 0.9999079 0.01357829 0 0.9994601 -0.03285896 0.001263678 0.998328 -0.05778872 -0.004087388 0.9927847 -0.1198412 0 0.9894934 -0.144578 0 0.976658 -0.2148007 -0.003992676 0.9650211 -0.2621417 0.002468109 0.9542176 -0.299103 0 0.9385091 -0.3452547 0 0.9304507 -0.3664172 -0.001448154 0.909711 -0.4152395 0.003349125 0.8984816 -0.4389985 -5.01003e-4 0.8700587 -0.4929479 0 0.8608695 -0.5088257 0 0.8302891 -0.5573329 0.002389073 0.8223749 -0.5689408 -0.001150846 0.7785539 -0.6275768 0 0.7696617 -0.6384519 0 0.7288647 -0.6846578 0.001270294 0.7221528 -0.6917324 -0.00133115 0.6664174 -0.7455778 0 0.6591165 -0.7520409 0 0.6081272 -0.7938396 4.93384e-4 0.6037884 -0.7971445 -0.001042008 0.5366238 -0.843821 0 0.5320144 -0.8467353 0 0.4712736 -0.8819871 5.85579e-5 0.4702534 -0.8825315 -2.83888e-4 0.3926098 -0.9197051 0 0.3915465 -0.9201584 0 0.2554913 -0.9668113 -2.88473e-4 0.2566087 -0.9665153 6.31643e-5 0.1702556 -0.9853999 0 0.1713951 -0.9852024 0 0.09524744 -0.9954536 -0.001144289 0.100675 -0.9949187 5.95626e-4 0.008125483 -0.9999668 0 0.01357829 -0.9999079 0 -0.06752061 -0.9977179 -0.001658201 -0.05778867 -0.9983274 0.001597225 -0.1542195 -0.9880354 0 -0.144578 -0.9894934 0 -0.2284992 -0.9735441 -0.001829922 -0.2148004 -0.9766563 0.003067374 -0.3124784 -0.9499199 0 -0.2991039 -0.9542205 0 -0.3834233 -0.9235727 -0.001659333 -0.3664167 -0.9304494 0.003349065 -0.4389985 -0.8984816 0.8654812 0.1279861 -0.4843158 0.8566275 -0.1813295 -0.4830208 0.8659544 -0.1917588 -0.4618999 0.8656259 -0.2315492 -0.4439334 0.8400465 -0.2689222 -0.4711719 0.8660294 -0.2640891 -0.4245586 0.8654815 -0.3006562 -0.4006838 0.8654301 0.05503791 -0.4979976 0.8068898 0.1005703 -0.5820778 0.8656259 0.04768955 -0.4984149 0.8654072 -0.02068763 -0.5006421 0.8480393 0.004305958 -0.5299159 0.8657625 -0.033791 -0.4993129 0.8658719 -0.07715487 -0.4942802 0.865871 -0.07715106 -0.4942825 0.8658711 -0.1143082 -0.4870328 0.8658718 -0.1143104 -0.4870309 0.8657623 -0.1563822 -0.4753948 0.8654817 0.483422 -0.1313184 0.8654305 0.4587966 -0.2013346 0.8068899 0.5543791 -0.2039425 0.8656256 0.4554853 -0.2079071 0.8654069 0.4232254 -0.2682372 0.8480397 0.4610727 -0.2612293 0.8657622 0.4155227 -0.2789203 0.8658717 0.3894823 -0.3139581 0.865871 0.3894853 -0.3139564 0.865871 0.3646288 -0.3425101 0.8658718 0.3646262 -0.342511 0.8657622 0.3335125 -0.3731288 0.8566279 0.3276435 -0.3985455 0.8659546 0.3041381 -0.397017 0.8656261 0.2686828 -0.4224937 0.8400465 0.2735854 -0.4684793 0.8660299 0.2356331 -0.4409866 0.8654822 0.1966739 -0.4607169 0.8654807 0.3554373 0.352998 0.8654294 0.4037604 0.2966639 0.8068946 0.4538056 0.3781293 0.865626 0.4077951 0.290508 0.8654072 0.4439125 0.2324048 0.8480393 0.4567677 0.268687 0.8657622 0.4493134 0.2203931 0.8658717 0.4666368 0.1803224 0.865871 0.4666369 0.1803258 0.8658711 0.4789369 0.1445223 0.8658717 0.4789364 0.1445201 0.8657622 0.4898952 0.1022663 0.8566275 0.5089728 0.0844748 0.8659545 0.4958963 0.06488269 0.8656259 0.5002322 0.02143919 0.8400466 0.5425075 0.00269258 0.8660305 0.4997211 -0.01642918 0.8654828 0.4973285 -0.06003361 0.8658853 0.07803452 0.4941186 0.8658854 0.07803457 0.4941185 0.8658598 0.1149684 0.4868974 0.8658607 0.1149706 0.4868955 0.8657766 0.1570143 0.4751604 0.856575 0.1824427 0.4826944 0.86595 0.1921764 0.4617347 0.8656384 0.2319374 0.4437062 0.8396388 0.2699626 0.4713032 0.8660005 0.264306 0.4244827 0.8654611 0.3008573 0.4005771 0.8654251 -0.1267061 0.4847525 0.866024 -0.08380073 0.4929298 0.8439898 -0.06715923 0.5321379 0.8655951 -0.04657578 0.4985738 0.865414 0.0227096 0.5005427 0.8477766 -0.003119766 0.5303444 0.8657419 0.03468966 0.4992871 0.8654817 -0.483422 0.1313184 0.8654305 -0.4587966 0.2013346 0.8068899 -0.5543791 0.2039425 0.8656256 -0.4554853 0.2079071 0.8654069 -0.4232254 0.2682372 0.8480397 -0.4610727 0.2612293 0.8657622 -0.4155227 0.2789203 0.8658717 -0.3894823 0.3139581 0.865871 -0.3894853 0.3139564 0.865871 -0.3646288 0.3425101 0.8658718 -0.3646262 0.342511 0.8657622 -0.3335125 0.3731288 0.8566279 -0.3276435 0.3985455 0.8659546 -0.3041381 0.397017 0.8656261 -0.2686828 0.4224937 0.8400465 -0.2735854 0.4684793 0.8660299 -0.2356331 0.4409866 0.8654822 -0.1966739 0.4607169 0.8654807 -0.3554373 -0.352998 0.8654294 -0.4037604 -0.2966639 0.8068946 -0.4538056 -0.3781293 0.865626 -0.4077951 -0.290508 0.8654072 -0.4439125 -0.2324048 0.8480393 -0.4567677 -0.268687 0.8657622 -0.4493134 -0.2203931 0.8658717 -0.4666368 -0.1803224 0.865871 -0.4666369 -0.1803258 0.8658711 -0.4789369 -0.1445223 0.8658717 -0.4789364 -0.1445201 0.8657622 -0.4898952 -0.1022663 0.8566275 -0.5089728 -0.0844748 0.8659545 -0.4958963 -0.06488269 0.8656259 -0.5002322 -0.02143919 0.8400466 -0.5425075 -0.00269258 0.8660305 -0.4997211 0.01642918 0.8654828 -0.4973285 0.06003361 0 -0.656588 -0.7542495 0 -0.656588 -0.7542495 0 -0.6565878 -0.7542496 0 -0.6565877 -0.7542498 0 -0.6565877 -0.7542498 0 -0.6565878 -0.7542495 0 -0.6565878 -0.7542496 0 -0.656588 -0.7542495 0 -0.656588 -0.7542495 0 -0.6565877 -0.7542497 0 -0.6565877 -0.7542497 0 -0.6565878 -0.7542496 0 -0.6565877 -0.7542496 0 -0.656588 -0.7542495 0 -0.656588 -0.7542494 0 -0.6565876 -0.7542498 0 0.3249049 -0.9457467 0 0.3249049 -0.9457467 0 0.3249056 -0.9457464 0 0.3249057 -0.9457464 0 0.3249055 -0.9457466 0 0.3249055 -0.9457465 -1.80718e-7 0.3249049 -0.9457467 -1.75948e-7 0.3249053 -0.9457466 0 0.3249056 -0.9457464 0 0.3249055 -0.9457465 0 0.3249057 -0.9457464 0 0.3249056 -0.9457464 0 0.3249058 -0.9457464 0 0.324905 -0.9457466 0 0.324905 -0.9457466 0 0.3249054 -0.9457466 0 0.9814931 -0.1914973 0 0.9814932 -0.1914973 0 0.9814933 -0.1914964 2.07613e-7 0.9814932 -0.191497 0 0.9814931 -0.1914973 0 0.9814932 -0.191497 0 0.9814932 -0.1914966 0 0.9814932 -0.1914969 0 0.9814932 -0.1914973 0 0.9814931 -0.1914973 0 0.9814932 -0.1914969 -1.47477e-7 0.9814933 -0.1914965 0 0.9814932 -0.191497 0 0.9814932 -0.1914967 0 0.9814932 -0.1914967 0 0.9814932 -0.1914972 0 0.656588 0.7542495 0 0.656588 0.7542495 0 0.6565878 0.7542496 0 0.6565878 0.7542496 0 0.6565877 0.7542496 0 0.6565877 0.7542497 0 0.656588 0.7542495 0 0.656588 0.7542494 0 0.6565876 0.7542498 0 0.6565878 0.7542496 0 0.6565878 0.7542495 0 0.6565877 0.7542497 0 0.656588 0.7542495 0 0.656588 0.7542494 0 0.6565877 0.7542497 0 0.6565874 0.7542499 0 -0.3249057 0.9457464 0 -0.3249057 0.9457464 0 -0.3249056 0.9457464 3.01982e-7 -0.3249049 0.9457467 0 -0.324905 0.9457467 0 -0.3249051 0.9457466 0 -0.3249058 0.9457464 0 -0.3249057 0.9457464 0 -0.3249058 0.9457464 0 -0.3249052 0.9457466 0 -0.3249049 0.9457467 -2.19501e-7 -0.3249056 0.9457465 0 -0.3249049 0.9457467 0 -0.3249055 0.9457465 0 -0.3249055 0.9457464 0 -0.3249054 0.9457466 0 -0.9814931 0.1914973 0 -0.9814931 0.1914973 0 -0.9814932 0.1914969 0 -0.9814932 0.191497 0 -0.9814932 0.1914967 0 -0.9814932 0.191497 0 -0.9814932 0.191497 0 -0.9814933 0.1914965 0 -0.9814933 0.1914964 0 -0.9814932 0.1914973 0 -0.9814931 0.1914973 0 -0.9814932 0.1914969 0 -0.9814932 0.191497 0 -0.9814931 0.1914972 0 -0.9814932 0.1914972 0 -0.9814932 0.1914967 -0.8654422 -0.497398 0.06004196 -0.8653916 -0.5008982 -0.01408982 -0.8654024 -0.5008794 -0.01408749 -0.8654025 -0.4930251 -0.08946949 -0.8654029 -0.4930244 -0.08946907 -0.8654029 -0.4738915 -0.1628023 -0.8800944 -0.4490394 -0.1542645 -0.8654401 -0.355487 -0.3530474 -0.8653897 -0.4038016 -0.2967237 -0.8654026 -0.4037889 -0.2967034 -0.8654026 -0.4439176 -0.2324122 -0.865403 -0.4439173 -0.2324114 -0.865403 -0.4738914 -0.1628024 -0.8654407 0.128004 -0.4843835 -0.8653903 0.05506908 -0.4980632 -0.8654026 0.05505847 -0.4980431 -0.8654026 -0.02068382 -0.5006501 -0.8654032 -0.02068465 -0.500649 -0.8654032 -0.09595435 -0.4918029 -0.865441 -0.3006982 -0.4007398 -0.8653904 -0.2382476 -0.4408372 -0.8654025 -0.2382395 -0.440818 -0.8654025 -0.1690298 -0.4717069 -0.8654031 -0.1690298 -0.471706 -0.865403 -0.09595465 -0.4918031 -0.8800942 -0.09092265 -0.4660121 -0.8800123 0.358759 -0.31124 -0.8654611 0.4835152 -0.1311109 -0.8654108 0.4591037 -0.2007189 -0.8654059 0.4591127 -0.2007192 -0.865406 0.4238311 -0.267282 -0.8654083 0.4238258 -0.2672829 -0.8654084 0.3789646 -0.3278018 -0.8654115 0.3789576 -0.3278021 -0.8654114 0.3255255 -0.3809151 -0.8654093 0.3255289 -0.3809168 -0.8654093 0.2647382 -0.4254179 -0.865406 0.2647417 -0.4254225 -0.865406 0.1979657 -0.4603065 -0.8654422 0.497398 -0.06004196 -0.8653916 0.5008982 0.01408982 -0.8654024 0.5008794 0.01408749 -0.8654025 0.4930251 0.08946949 -0.8654029 0.4930244 0.08946907 -0.8654029 0.4738915 0.1628023 -0.8800944 0.4490394 0.1542645 -0.8654401 0.355487 0.3530474 -0.8653897 0.4038016 0.2967237 -0.8654026 0.4037889 0.2967034 -0.8654026 0.4439176 0.2324122 -0.865403 0.4439173 0.2324114 -0.865403 0.4738914 0.1628024 -0.8800942 0.09092265 0.4660121 -0.8654407 -0.128004 0.4843835 -0.8653903 -0.05506908 0.4980632 -0.8654026 -0.05505847 0.4980431 -0.8654026 0.02068382 0.5006501 -0.8654032 0.02068465 0.500649 -0.8654032 0.09595465 0.4918028 -0.8654031 0.09595441 0.4918032 -0.8654031 0.1690298 0.471706 -0.8654025 0.1690298 0.4717069 -0.8654025 0.2382395 0.440818 -0.8653904 0.2382476 0.4408372 -0.8654411 0.3006982 0.4007398 -0.8654417 -0.1967014 0.4607812 -0.8653908 -0.2626519 0.4267465 -0.8654027 -0.2626396 0.4267302 -0.8654028 -0.3239949 0.3822373 -0.865403 -0.3239946 0.3822371 -0.865403 -0.3779368 0.3290007 -0.8800942 -0.3581171 0.3117473 -0.8654412 -0.4834895 0.1313368 -0.8653908 -0.458869 0.2013404 -0.8654023 -0.4588477 0.2013396 -0.8654024 -0.4232342 0.2682379 -0.8654031 -0.4232326 0.2682382 -0.865403 -0.3779368 0.3290007 -1 0 0 -1 0 0 -1 0 0 -1 0 0 -1 0 0 -1 0 0 -1 0 0 -1 0 0 -1 0 0 -1 0 0 -1 0 0 -1 0 0 -1 0 0 -1 0 0 -1 0 0 -1 0 0 -1 0 0 -1 0 0 -1 0 0 -1 0 0 -1 0 0 -1 0 0 -1 0 0 -1 0 0 -1 0 0 -1 0 0 -1 0 0 -1 0 0 -1 0 0 -1 0 0 -1 0 0 -1 0 0 -1 0 0 -1 0 0 -1 0 0 -1 0 0 -1 0 0 -1 0 0 -1 0 0 -1 0 0 -1 0 0 -1 0 0 -1 0 0 -1 0 0 -1 0 0 -1 0 0 -1 0 0 -1 0 0 -1 0 0 -1 0 0 -1 0 0 -1 0 0 -1 0 0 -1 0 0 -1 0 0 -1 0 0 -1 0 0 -1 0 0 -1 0 0 -1 0 0 -1 0 0 -1 0 0 -1 0 0 -1 0 0 -1 0 0 -1 0 0 -1 0 0 -1 0 0 -1 0 0 -1 0 0 -1 0 0 -1 0 0 -1 0 0 -1 0 0 -1 0 0 -1 0 0 -1 0 0 -1 0 0 0.7598714 -0.4960606 -0.4201422 0.7292634 -0.5069831 -0.459503 0.7519783 -0.5364794 -0.3830384 0.7375508 -0.5423998 -0.4022701 0.7454771 -0.5725861 -0.3411875 0.7437083 -0.5733951 -0.3436802 0.7405293 -0.6037405 -0.2951505 0.7479099 -0.6000683 -0.2838111 0.7372616 -0.6293898 -0.2455888 0.7502716 -0.6224827 -0.2227278 0.7422282 -0.637668 -0.2060995 0.7422115 -0.483572 -0.4639831 0.7422115 -0.4639831 -0.483572 0.7506623 -0.4436898 -0.4895359 0.7365614 -0.4371379 -0.5161275 0.7488974 -0.3947609 -0.5322747 0.7392486 -0.3913157 -0.5480726 0.7453195 -0.3427565 -0.5718539 0.7496479 -0.2906763 -0.5945884 0.7372616 -0.2455887 -0.6293898 0.7502717 -0.2227278 -0.6224827 0.7422281 -0.2060996 -0.637668 0.7421925 -0.1795816 -0.6456786 0.7508581 -0.1604793 -0.6406702 0.7360606 -0.1389127 -0.662509 0.7496838 -0.09710597 -0.6546332 0.7381578 -0.08344656 -0.6694474 0.7467181 -0.03263705 -0.6643394 0.7419968 -0.02770441 -0.6698307 0.7418799 0.03290164 -0.6697251 0.7474785 0.02745163 -0.6637185 0.7350348 0.0994879 -0.6706907 0.7544638 0.08118468 -0.6513015 0.7259892 0.1670987 -0.6670965 0.7627802 0.1327034 -0.6328949 0.7421925 0.1795816 -0.6456786 0.7422281 0.2060996 -0.637668 0.7502717 0.2227278 -0.6224827 0.7372616 0.2455888 -0.6293898 0.7479099 0.2838111 -0.6000684 0.7405293 0.2951505 -0.6037405 0.7437083 0.3436802 -0.573395 0.7454771 0.3411875 -0.5725861 0.7375508 0.4022701 -0.5423998 0.7519783 0.3830384 -0.5364795 0.7292634 0.4595031 -0.5069832 0.7598714 0.4201421 -0.4960606 0.7422115 0.4639831 -0.483572 0.7422115 0.483572 -0.4639831 0.7506623 0.4895359 -0.4436898 0.7365615 0.5161275 -0.4371379 0.7488975 0.5322748 -0.3947609 0.7392486 0.5480726 -0.3913157 0.7453195 0.5718539 -0.3427565 0.7436481 0.5743386 -0.3422318 0.7398299 0.6081986 -0.2876564 0.7496479 0.5945884 -0.2906763 0.7372616 0.6293898 -0.2455887 0.7502717 0.6224827 -0.2227278 0.742228 0.637668 -0.2060996 0.7421925 0.6456786 -0.1795816 0.7508581 0.6406702 -0.1604793 0.7360606 0.6625089 -0.1389127 0.7496838 0.6546332 -0.09710597 0.7381578 0.6694474 -0.08344656 0.7467181 0.6643394 -0.03263705 0.7419968 0.6698307 -0.02770441 0.7418799 0.6697251 0.03290164 0.7474785 0.6637185 0.02745163 0.7350348 0.6706907 0.0994879 0.7544637 0.6513014 0.08118468 0.7259892 0.6670965 0.1670987 0.7627803 0.632895 0.1327034 0.7421925 0.6456786 0.1795816 0.742228 0.637668 0.2060996 0.7502717 0.6224827 0.2227278 0.7372616 0.6293898 0.2455888 0.7479099 0.6000684 0.2838111 0.7405293 0.6037405 0.2951505 0.7437083 0.573395 0.3436802 0.7454771 0.5725861 0.3411875 0.7375508 0.5423998 0.4022701 0.7519783 0.5364795 0.3830384 0.7292634 0.5069832 0.4595031 0.7598713 0.4960606 0.4201421 0.7422115 0.483572 0.4639831 0.7422115 0.4639831 0.483572 0.7506623 0.4436898 0.4895359 0.7365614 0.4371379 0.5161275 0.7488974 0.3947609 0.5322747 0.7392486 0.3913157 0.5480726 0.7453195 0.3427565 0.5718539 0.7436481 0.3422318 0.5743386 0.7398299 0.2876564 0.6081986 0.7496479 0.2906763 0.5945884 0.7372616 0.2455887 0.6293898 0.7502717 0.2227278 0.6224827 0.7422281 0.2060996 0.637668 0.7421925 0.1795816 0.6456786 0.7508581 0.1604793 0.6406702 0.7360606 0.1389127 0.662509 0.7496838 0.09710597 0.6546332 0.7381578 0.08344656 0.6694474 0.7467181 0.03263705 0.6643394 0.7419968 0.02770441 0.6698307 0.7418799 -0.03290164 0.6697251 0.7474785 -0.02745163 0.6637185 0.7350348 -0.0994879 0.6706907 0.7544638 -0.08118468 0.6513015 0.7259892 -0.1670987 0.6670965 0.7627802 -0.1327034 0.6328949 0.7421925 -0.1795816 0.6456786 0.7422281 -0.2060996 0.637668 0.7502717 -0.2227278 0.6224827 0.7372616 -0.2455888 0.6293898 0.7479099 -0.2838111 0.6000684 0.7405293 -0.2951505 0.6037405 0.7437083 -0.3436802 0.573395 0.7454771 -0.3411875 0.5725861 0.7375508 -0.4022701 0.5423998 0.7519783 -0.3830384 0.5364795 0.7292634 -0.4595031 0.5069832 0.7598714 -0.4201421 0.4960606 0.7422115 -0.4639831 0.483572 0.7422115 -0.483572 0.4639831 0.7506623 -0.4895359 0.4436898 0.7365615 -0.5161275 0.4371379 0.7488975 -0.5322748 0.3947609 0.7392486 -0.5480726 0.3913157 0.7453195 -0.5718539 0.3427565 0.7436481 -0.5743386 0.3422318 0.7398299 -0.6081986 0.2876564 0.7496479 -0.5945884 0.2906763 0.7372616 -0.6293898 0.2455887 0.7502717 -0.6224827 0.2227278 0.742228 -0.637668 0.2060996 0.7421925 -0.6456786 0.1795816 0.7508581 -0.6406702 0.1604793 0.7360606 -0.6625089 0.1389127 0.7496838 -0.6546332 0.09710597 0.7381578 -0.6694474 0.08344656 0.7467181 -0.6643394 0.03263705 0.7419968 -0.6698307 0.02770441 0.7418799 -0.6697251 -0.03290164 0.7474785 -0.6637185 -0.02745163 0.7350348 -0.6706907 -0.0994879 0.7544637 -0.6513014 -0.08118468 0.7259892 -0.6670965 -0.1670987 0.7627803 -0.632895 -0.1327034 0.7421925 -0.6456786 -0.1795816 0.8325039 -0.2848227 -0.4751981 0.8325036 -0.2848232 -0.4751983 0.8325036 -0.3300293 -0.4449926 0.8325043 -0.3300279 -0.4449922 0.8325043 -0.3720558 -0.4105008 0.8325039 -0.3720567 -0.410501 0.8325039 -0.4105014 -0.3720563 0.8325043 -0.4105004 -0.3720562 0.8325045 -0.4449917 -0.3300286 0.8325036 -0.444993 -0.3300286 0.8325036 -0.4751986 -0.2848229 0.832504 -0.4751979 -0.284823 0.832504 -0.5008274 -0.2368736 0.832504 -0.5008273 -0.2368736 0.832504 -0.5216333 -0.1866432 0.8325043 -0.5216331 -0.1866433 0.8325042 -0.5374155 -0.1346158 0.8325038 -0.5374161 -0.1346155 0.8325037 -0.5480229 -0.08129155 0.832504 -0.5480226 -0.08129173 0.832504 -0.5533517 -0.02718436 0.8325042 -0.5533515 -0.02718454 0.8325042 -0.5533515 0.02718436 0.832504 -0.5533517 0.02718454 0.832504 -0.5480226 0.08129149 0.8325038 -0.5480229 0.08129179 0.8325038 -0.537416 0.1346159 0.8325042 -0.5374156 0.1346154 0.8325042 -0.5216332 0.1866431 0.832504 -0.5216333 0.1866434 0.832504 -0.5008273 0.2368735 0.8325039 -0.5008273 0.2368736 0.8325039 -0.4751981 0.2848227 0.8325036 -0.4751983 0.2848232 0.8325037 -0.4449926 0.3300293 0.8325043 -0.4449922 0.3300279 0.8325043 -0.4105008 0.3720558 0.8325039 -0.410501 0.3720567 0.8325038 -0.3720563 0.4105014 0.8325045 -0.3720563 0.4105005 0.8325045 -0.3300286 0.4449917 0.8325037 -0.3300286 0.4449931 0.8325036 -0.2848229 0.4751986 0.832504 -0.284823 0.4751979 0.832504 -0.2368736 0.5008274 0.832504 -0.2368736 0.5008273 0.832504 -0.1866432 0.5216333 0.8325043 -0.1866433 0.5216331 0.8325042 -0.1346158 0.5374155 0.8325038 -0.1346155 0.5374161 0.8325037 -0.08129155 0.5480229 0.832504 -0.08129173 0.5480226 0.832504 -0.02718436 0.5533517 0.8325042 -0.02718454 0.5533515 0.8325042 0.02718436 0.5533515 0.832504 0.02718454 0.5533517 0.832504 0.08129149 0.5480226 0.8325039 0.08129179 0.5480229 0.8325038 0.1346159 0.537416 0.8325042 0.1346154 0.5374156 0.8325042 0.1866431 0.5216332 0.832504 0.1866434 0.5216333 0.832504 0.2368735 0.5008273 0.832504 0.2368736 0.5008274 0.8325039 0.2848227 0.4751981 0.8325036 0.2848232 0.4751983 0.8325036 0.3300293 0.4449926 0.8325043 0.3300279 0.4449922 0.8325043 0.3720558 0.4105008 0.8325039 0.3720567 0.410501 0.8325039 0.4105014 0.3720563 0.8325043 0.4105004 0.3720562 0.8325045 0.4449917 0.3300286 0.8325036 0.444993 0.3300286 0.8325036 0.4751986 0.2848229 0.832504 0.4751979 0.284823 0.832504 0.5008274 0.2368736 0.832504 0.5008273 0.2368736 0.832504 0.5216333 0.1866432 0.8325043 0.5216331 0.1866433 0.8325042 0.5374155 0.1346158 0.8325038 0.5374161 0.1346155 0.8325037 0.5480229 0.08129155 0.832504 0.5480226 0.08129173 0.832504 0.5533517 0.02718436 0.8325042 0.5533515 0.02718454 0.8325042 0.5533515 -0.02718436 0.832504 0.5533517 -0.02718454 0.832504 0.5480226 -0.08129149 0.8325038 0.5480229 -0.08129179 0.8325038 0.537416 -0.1346159 0.8325042 0.5374156 -0.1346154 0.8325042 0.5216332 -0.1866431 0.832504 0.5216333 -0.1866434 0.832504 0.5008273 -0.2368735 0.8325039 0.5008273 -0.2368736 0.8325039 0.4751981 -0.2848227 0.8325036 0.4751983 -0.2848232 0.8325037 0.4449926 -0.3300293 0.8325043 0.4449922 -0.3300279 0.8325043 0.4105008 -0.3720558 0.8325039 0.410501 -0.3720567 0.8325038 0.3720563 -0.4105014 0.8325045 0.3720563 -0.4105005 0.8325045 0.3300286 -0.4449917 0.8325037 0.3300286 -0.4449931 0.8325036 0.2848229 -0.4751986 0.832504 0.284823 -0.4751979 0.832504 0.2368736 -0.5008274 0.832504 0.2368736 -0.5008273 0.832504 0.1866432 -0.5216333 0.8325043 0.1866433 -0.5216331 0.8325042 0.1346158 -0.5374155 0.8325038 0.1346155 -0.5374161 0.8325037 0.08129155 -0.5480229 0.832504 0.08129173 -0.5480226 0.832504 0.02718436 -0.5533517 0.8325042 0.02718454 -0.5533515 0.8325042 -0.02718436 -0.5533515 0.832504 -0.02718454 -0.5533517 0.832504 -0.08129149 -0.5480226 0.8325039 -0.08129179 -0.5480229 0.8325038 -0.1346159 -0.537416 0.8325042 -0.1346154 -0.5374156 0.8325042 -0.1866431 -0.5216332 0.832504 -0.1866434 -0.5216333 0.9050148 -0.2186891 -0.3648608 0.9050147 -0.218689 -0.3648608 0.9050148 -0.2533987 -0.3416686 0.9050146 -0.253399 -0.3416687 0.9050146 -0.2856679 -0.3151862 0.9050147 -0.2856678 -0.3151862 0.9050147 -0.3151862 -0.2856678 0.9050146 -0.3151863 -0.2856678 0.9050146 -0.3416688 -0.2533988 0.9050148 -0.3416685 -0.2533988 0.9050148 -0.3648608 -0.2186891 0.9050146 -0.3648608 -0.218689 0.9050148 -0.3845391 -0.1818736 0.9050146 -0.3845394 -0.1818735 0.9050146 -0.4005145 -0.1433063 0.9050146 -0.4005146 -0.1433063 0.9050145 -0.4126324 -0.1033593 0.9050145 -0.4126325 -0.1033592 0.9050145 -0.4207766 -0.06241619 0.9050145 -0.4207764 -0.06241625 0.9050146 -0.4248681 -0.02087235 0.9050146 -0.4248681 -0.02087235 0.9050146 -0.4248681 0.02087235 0.9050146 -0.4248681 0.02087241 0.9050146 -0.4207764 0.06241619 0.9050145 -0.4207766 0.06241631 0.9050145 -0.4126325 0.1033593 0.9050146 -0.4126324 0.1033592 0.9050145 -0.4005146 0.1433063 0.9050146 -0.4005146 0.1433063 0.9050146 -0.3845394 0.1818737 0.9050148 -0.3845393 0.1818734 0.9050148 -0.3648608 0.2186891 0.9050147 -0.3648608 0.218689 0.9050148 -0.3416686 0.2533987 0.9050146 -0.3416687 0.253399 0.9050147 -0.3151863 0.2856679 0.9050147 -0.3151862 0.2856678 0.9050147 -0.2856678 0.3151862 0.9050146 -0.2856678 0.3151863 0.9050146 -0.2533988 0.3416688 0.9050147 -0.2533988 0.3416684 0.9050148 -0.2186891 0.3648608 0.9050146 -0.218689 0.3648608 0.9050148 -0.1818736 0.3845391 0.9050146 -0.1818735 0.3845394 0.9050146 -0.1433063 0.4005145 0.9050146 -0.1433063 0.4005146 0.9050146 -0.1033593 0.4126324 0.9050145 -0.1033592 0.4126325 0.9050145 -0.06241619 0.4207766 0.9050146 -0.06241631 0.4207764 0.9050146 -0.02087235 0.4248681 0.9050146 -0.02087235 0.4248681 0.9050146 0.02087235 0.4248681 0.9050146 0.02087241 0.4248681 0.9050146 0.06241619 0.4207764 0.9050145 0.06241631 0.4207766 0.9050145 0.1033593 0.4126325 0.9050146 0.1033592 0.4126324 0.9050145 0.1433063 0.4005146 0.9050146 0.1433063 0.4005146 0.9050146 0.1818737 0.3845394 0.9050148 0.1818734 0.3845393 0.9050148 0.2186891 0.3648608 0.9050147 0.218689 0.3648608 0.9050148 0.2533987 0.3416686 0.9050146 0.253399 0.3416687 0.9050146 0.2856679 0.3151862 0.9050147 0.2856678 0.3151862 0.9050147 0.3151862 0.2856678 0.9050146 0.3151863 0.2856678 0.9050146 0.3416688 0.2533988 0.9050148 0.3416685 0.2533988 0.9050148 0.3648608 0.2186891 0.9050146 0.3648608 0.218689 0.9050148 0.3845391 0.1818736 0.9050146 0.3845394 0.1818735 0.9050146 0.4005145 0.1433063 0.9050146 0.4005146 0.1433063 0.9050145 0.4126324 0.1033593 0.9050145 0.4126325 0.1033592 0.9050145 0.4207766 0.06241619 0.9050145 0.4207764 0.06241625 0.9050146 0.4248681 0.02087235 0.9050146 0.4248681 0.02087235 0.9050146 0.4248681 -0.02087235 0.9050146 0.4248681 -0.02087241 0.9050146 0.4207764 -0.06241619 0.9050145 0.4207766 -0.06241631 0.9050145 0.4126325 -0.1033593 0.9050146 0.4126324 -0.1033592 0.9050145 0.4005146 -0.1433063 0.9050146 0.4005146 -0.1433063 0.9050146 0.3845394 -0.1818737 0.9050148 0.3845393 -0.1818734 0.9050148 0.3648608 -0.2186891 0.9050147 0.3648608 -0.218689 0.9050148 0.3416686 -0.2533987 0.9050146 0.3416687 -0.253399 0.9050147 0.3151863 -0.2856679 0.9050147 0.3151862 -0.2856678 0.9050147 0.2856678 -0.3151862 0.9050146 0.2856678 -0.3151863 0.9050146 0.2533988 -0.3416688 0.9050147 0.2533988 -0.3416684 0.9050148 0.2186891 -0.3648608 0.9050146 0.218689 -0.3648608 0.9050148 0.1818736 -0.3845391 0.9050146 0.1818735 -0.3845394 0.9050146 0.1433063 -0.4005145 0.9050146 0.1433063 -0.4005146 0.9050146 0.1033593 -0.4126324 0.9050145 0.1033592 -0.4126325 0.9050145 0.06241619 -0.4207766 0.9050146 0.06241631 -0.4207764 0.9050146 0.02087235 -0.4248681 0.9050146 0.02087235 -0.4248681 0.9050146 -0.02087235 -0.4248681 0.9050146 -0.02087241 -0.4248681 0.9050146 -0.06241619 -0.4207764 0.9050145 -0.06241631 -0.4207766 0.9050145 -0.1033593 -0.4126325 0.9050146 -0.1033592 -0.4126324 0.9050145 -0.1433063 -0.4005146 0.9050146 -0.1433063 -0.4005146 0.957282 -0.1224569 -0.2619457 0.9578925 -0.134212 -0.2538287 0.9577981 -0.1477746 -0.2465472 0.9577981 -0.1477746 -0.2465471 0.9577981 -0.171229 -0.2308754 0.9577981 -0.1712289 -0.2308754 0.9577981 -0.1930341 -0.2129803 0.9577981 -0.1930339 -0.2129803 0.9577981 -0.2129803 -0.193034 0.9577982 -0.2129805 -0.193034 0.9577981 -0.2308754 -0.1712289 0.9577981 -0.2308755 -0.1712289 0.9577981 -0.2465471 -0.1477746 0.9577981 -0.2465472 -0.1477746 0.9577981 -0.2598445 -0.1228973 0.9577981 -0.2598443 -0.1228973 0.9577981 -0.2706393 -0.09683609 0.9577981 -0.2706391 -0.09683614 0.9577981 -0.2788275 -0.06984269 0.9577981 -0.2788273 -0.06984275 0.9577982 -0.2843305 -0.04217654 0.9577981 -0.2843307 -0.04217636 0.9577981 -0.2870956 -0.01410388 0.9577982 -0.2870954 -0.014104 0.9577982 -0.2870954 0.01410388 0.9577981 -0.2870956 0.014104 0.9577981 -0.2843307 0.04217654 0.9577981 -0.2843305 0.04217636 0.9577982 -0.2788274 0.06984269 0.9577981 -0.2788274 0.06984281 0.9577981 -0.2706391 0.09683609 0.9577981 -0.2706392 0.0968362 0.9577981 -0.2598444 0.1228972 0.9577981 -0.2598444 0.1228973 0.9577981 -0.2465472 0.1477746 0.9577981 -0.2465471 0.1477746 0.9577981 -0.2308754 0.171229 0.9577981 -0.2308754 0.1712289 0.9577981 -0.2129803 0.1930341 0.9577982 -0.2129803 0.1930339 0.9577981 -0.193034 0.2129803 0.9577981 -0.193034 0.2129804 0.9577981 -0.1712289 0.2308754 0.9577981 -0.1712289 0.2308755 0.9577981 -0.1477746 0.2465471 0.9577981 -0.1477746 0.2465472 0.9577981 -0.1228973 0.2598445 0.9577981 -0.1228973 0.2598443 0.9577981 -0.09683609 0.2706393 0.9577981 -0.09683614 0.2706391 0.9577981 -0.06984269 0.2788275 0.9577981 -0.06984275 0.2788273 0.9577982 -0.04217654 0.2843305 0.9577981 -0.04217636 0.2843307 0.9577981 -0.01410388 0.2870956 0.9577982 -0.014104 0.2870954 0.9577982 0.01410388 0.2870954 0.9577981 0.014104 0.2870956 0.9577981 0.04217654 0.2843307 0.9577981 0.04217636 0.2843305 0.9577982 0.06984269 0.2788274 0.9577981 0.06984281 0.2788274 0.9577981 0.09683609 0.2706391 0.9577981 0.0968362 0.2706392 0.9577981 0.1228972 0.2598444 0.9577981 0.1228973 0.2598444 0.9577981 0.1477746 0.2465472 0.9577981 0.1477746 0.2465471 0.9577981 0.171229 0.2308754 0.9577981 0.1712289 0.2308754 0.9577981 0.1930341 0.2129803 0.9577981 0.1930339 0.2129803 0.9577981 0.2129803 0.193034 0.9577982 0.2129805 0.193034 0.9577981 0.2308754 0.1712289 0.9577981 0.2308755 0.1712289 0.9577981 0.2465471 0.1477746 0.9577981 0.2465472 0.1477746 0.9577981 0.2598445 0.1228973 0.9577981 0.2598443 0.1228973 0.9577981 0.2706393 0.09683609 0.9577981 0.2706391 0.09683614 0.9577981 0.2788275 0.06984269 0.9577981 0.2788273 0.06984275 0.9577982 0.2843305 0.04217654 0.9577981 0.2843307 0.04217636 0.9577981 0.2870956 0.01410388 0.9577982 0.2870954 0.014104 0.9577982 0.2870954 -0.01410388 0.9577981 0.2870956 -0.014104 0.9577981 0.2843307 -0.04217654 0.9577981 0.2843305 -0.04217636 0.9577982 0.2788274 -0.06984269 0.9577981 0.2788274 -0.06984281 0.9577981 0.2706391 -0.09683609 0.9577981 0.2706392 -0.0968362 0.9577981 0.2598444 -0.1228972 0.9577981 0.2598444 -0.1228973 0.9577981 0.2465472 -0.1477746 0.9577981 0.2465471 -0.1477746 0.9577981 0.2308754 -0.171229 0.9577981 0.2308754 -0.1712289 0.9577981 0.2129803 -0.1930341 0.9577982 0.2129803 -0.1930339 0.9577981 0.193034 -0.2129803 0.9577981 0.193034 -0.2129804 0.9577981 0.1712289 -0.2308754 0.9577981 0.1712289 -0.2308755 0.9577981 0.1477746 -0.2465471 0.9577981 0.1477746 -0.2465472 0.9577981 0.1228973 -0.2598445 0.9577981 0.1228973 -0.2598443 0.9577981 0.09683609 -0.2706393 0.9577981 0.09683614 -0.2706391 0.9577981 0.06984269 -0.2788275 0.9577981 0.06984275 -0.2788273 0.9577982 0.04217654 -0.2843305 0.9577981 0.04217636 -0.2843307 0.9577981 0.01410388 -0.2870956 0.9577982 0.014104 -0.2870954 0.9577982 -0.01410388 -0.2870954 0.9577981 -0.014104 -0.2870956 0.9577981 -0.04217654 -0.2843307 0.9577981 -0.04217636 -0.2843305 0.9577982 -0.06984269 -0.2788274 0.9577981 -0.06984281 -0.2788274 0.9577981 -0.09683609 -0.2706391 0.9577981 -0.0968362 -0.2706392 0.9577981 -0.1228973 -0.2598443 0.9050146 -0.1818737 -0.3845394 0.9050148 -0.1818734 -0.3845393 0.832504 -0.2368735 -0.5008273 0.832504 -0.2368736 -0.5008274 0.7398299 -0.2876564 -0.6081985 0.7436481 -0.3422318 -0.5743386 1 0 0 1 0 0 1 0 0 1 0 0 1 0 0 1 0 0 1 0 0 1 0 0 1 0 0 1 0 0 1 0 0 1 0 0 1 0 0 1 0 0 1 0 0 1 0 0 1 0 0 1 0 0 1 0 0 1 0 0 1 0 0 1 0 0 1 0 0 1 0 0 1 0 0 1 0 0 1 0 0 1 0 0 1 0 0 1 0 0 1 0 0 1 0 0 1 0 0 1 0 0 1 0 0 1 0 0 1 0 0 1 0 0 1 0 0 1 0 0 1 0 0 1 0 0 1 0 0 1 0 0 1 0 0 1 0 0 1 0 0 1 0 0 1 0 0 1 0 0 1 0 0 1 0 0 1 0 0 1 0 0 1 0 0 1 0 0 1 0 0 1 0 0 1 0 0 1 0 0 1 0 0 1 0 0 1 0 0 1 0 0 1 0 0 1 0 0 1 0 0 1 0 0 1 0 0 1 0 0 1 0 0 1 0 0 1 0 0 1 0 0 1 0 0 1 0 0 1 0 0 1 0 0 1 0 0 1 0 0 1 0 0 1 0 0 1 0 0 1 0 0 1 0 0 1 0 0 1 0 0 1 0 0 1 0 0 1 0 0 1 0 0 1 0 0 1 0 0 1 0 0 1 0 0 1 0 0 1 0 0 1 0 0 1 0 0 1 0 0 1 0 0 0 -0.5389344 -0.8423478 0 -0.677019 -0.7359656 0 -0.677019 -0.7359656 0 -0.7945324 -0.6072218 0 -0.7945324 -0.6072218 0 -0.8879048 -0.4600274 0 -0.8879048 -0.4600274 0 -0.9542983 -0.2988559 0 -0.9542983 -0.2988559 0 -0.9916961 -0.1286032 0 -0.9916961 -0.1286032 0 -0.9989618 0.04555672 0 -0.9989618 0.04555672 0 -0.9758744 0.2183325 0 -0.9758744 0.2183325 0 -0.9231356 0.3844746 0 -0.9231356 0.3844746 0 -0.8423478 0.5389344 0 -0.8423478 0.5389344 0 -0.7359656 0.677019 0 -0.7359656 0.677019 0 -0.6072218 0.7945324 0 -0.6072218 0.7945324 0 -0.4600274 0.8879048 0 -0.4600274 0.8879048 0 -0.2988559 0.9542983 0 -0.2988559 0.9542983 0 -0.1286032 0.9916961 0 -0.1286032 0.9916961 0 0.04555672 0.9989618 0 0.04555672 0.9989618 0 0.2183325 0.9758744 0 0.2183325 0.9758744 0 0.3844746 0.9231356 0 0.3844746 0.9231356 0 0.5389344 0.8423478 0 0.5389344 0.8423478 0 0.677019 0.7359656 0 0.677019 0.7359656 0 0.7945324 0.6072218 0 0.7945324 0.6072218 0 0.8879048 0.4600274 0 0.8879048 0.4600274 0 0.9542983 0.2988559 0 0.9542983 0.2988559 0 0.9916961 0.1286032 0 0.9916961 0.1286032 0 0.9989618 -0.04555672 0 0.9989618 -0.04555672 0 0.9758744 -0.2183325 0 0.9758744 -0.2183325 0 0.9231356 -0.3844746 0 0.9231356 -0.3844746 0 0.8423478 -0.5389344 0 0.8423478 -0.5389344 0 0.7359656 -0.677019 0 0.7359656 -0.677019 0 0.6072218 -0.7945324 0 0.6072218 -0.7945324 0 0.4600274 -0.8879048 0 0.4600274 -0.8879048 0 0.2988559 -0.9542983 0 0.2988559 -0.9542983 0 0.1286032 -0.9916961 0 0.1286032 -0.9916961 0 -0.04555672 -0.9989618 0 -0.04555672 -0.9989618 0 -0.2183325 -0.9758744 0 -0.2183325 -0.9758744 0 -0.3844746 -0.9231356 0 -0.3844746 -0.9231356 0 -0.5389344 -0.8423478 1 0 0 1 0 0 1 0 0 1 0 0 1 0 0 1 0 0 1 0 0 1 0 0 1 0 0 1 0 0 1 0 0 1 0 0 1 0 0 1 0 0 1 0 0 1 0 0 1 0 0 1 0 0 1 0 0 1 0 0 1 0 0 1 0 0 1 0 0 1 0 0 1 0 0 1 0 0 1 0 0 1 0 0 1 0 0 1 0 0 1 0 0 1 0 0 1 0 0 1 0 0 1 0 0 1 0 0 1 0 0 1 0 0 1 0 0 1 0 0 1 0 0 1 0 0 1 0 0 1 0 0 1 0 0 1 0 0 1 0 0 1 0 0 1 0 0 1 0 0 1 0 0 1 0 0 1 0 0 1 0 0 1 0 0 1 0 0 1 0 0 1 0 0 1 0 0 1 0 0 1 0 0 1 0 0 1 0 0 1 0 0 1 0 0 1 0 0 1 0 0 1 0 0 1 0 0 1 0 0 1 0 0 1 0 0 -0.2505049 -0.9211946 -0.2977377 -0.2505049 -0.2977377 0.9211946 -0.2505049 0.9211946 0.2977377 -0.2505049 0.2977377 -0.9211946 0.2491416 -0.2978459 -0.9215293 0.2491298 -0.6988196 -0.6705113 0.2491164 -0.9330571 -0.2595098 0.2491416 -0.9215293 0.2978459 0.2491298 -0.6705113 0.6988196 0.2491164 -0.2595098 0.9330571 0.2491416 0.2978459 0.9215293 0.2491298 0.6988196 0.6705113 0.2491164 0.9330571 0.2595098 0.2491416 0.9215293 -0.2978459 0.2491298 0.6705113 -0.6988196 0.2491164 0.2595098 -0.9330571 0.2489802 0.04002368 -0.9676812 0.2489804 0.1197974 -0.9610709 0.2489802 0.1987518 -0.9478959 0.2491416 0.2978459 -0.9215293 0.2489801 0.3520607 -0.9022539 0.2489802 0.4253654 -0.8700995 0.2489801 0.5627774 -0.7882199 0.2489801 0.6259466 -0.7390534 0.2491298 0.6988196 -0.6705113 0.24898 0.7390533 -0.6259466 0.24898 0.7882199 -0.5627774 0.2489801 0.832001 -0.4957653 0.24898 0.8700995 -0.4253654 0.2489802 0.9022538 -0.3520607 0.2440768 0.9342926 -0.2598534 0.2489799 0.9478959 -0.1987518 0.2489802 0.961071 -0.1197974 0.2489804 0.9676812 -0.04002368 0.2489802 0.9676812 0.04002368 0.2489804 0.9610709 0.1197974 0.2489802 0.9478959 0.1987518 0.2491416 0.9215293 0.2978459 0.2489801 0.9022539 0.3520607 0.2489802 0.8700995 0.4253654 0.2489801 0.7882199 0.5627774 0.2489801 0.7390534 0.6259466 0.2433682 0.6715248 0.699876 0.2489801 0.6259466 0.7390534 0.24898 0.5627774 0.7882199 0.2489801 0.4957653 0.832001 0.24898 0.4253654 0.8700995 0.2489802 0.3520607 0.9022539 0.2440768 0.2598534 0.9342926 0.24898 0.1987518 0.947896 0.2489802 0.1197974 0.961071 0.2489804 0.04002368 0.9676812 0.2489802 -0.04002368 0.9676812 0.2489804 -0.1197974 0.9610709 0.2489802 -0.1987518 0.9478959 0.2491416 -0.2978459 0.9215293 0.2489801 -0.3520607 0.9022539 0.2489802 -0.4253654 0.8700995 0.2489799 -0.4957653 0.832001 0.2489801 -0.6259466 0.7390534 0.2433682 -0.699876 0.6715248 0.2489801 -0.7390534 0.6259466 0.24898 -0.7882199 0.5627774 0.2489801 -0.832001 0.4957653 0.24898 -0.8700995 0.4253654 0.2489802 -0.9022538 0.3520607 0.2440768 -0.9342926 0.2598534 0.2489799 -0.9478959 0.1987518 0.2489802 -0.961071 0.1197974 0.2489804 -0.9676812 0.04002368 0.2489802 -0.9676812 -0.04002368 0.2489804 -0.9610709 -0.1197974 0.2489802 -0.9478959 -0.1987518 0.2491416 -0.9215293 -0.2978459 0.2489801 -0.9022539 -0.3520607 0.2489802 -0.8700995 -0.4253654 0.2489799 -0.832001 -0.4957653 0.2489801 -0.7390534 -0.6259466 0.2491298 -0.6705113 -0.6988196 0.24898 -0.6259466 -0.7390533 0.24898 -0.5627774 -0.7882199 0.2489801 -0.4957653 -0.832001 0.24898 -0.4253654 -0.8700995 0.2489802 -0.3520607 -0.9022539 0.2440768 -0.2598534 -0.9342926 0.24898 -0.1987518 -0.947896 0.2489802 -0.1197974 -0.961071 0.2489804 -0.04002368 -0.9676812 0.2489801 -0.7390533 -0.6259467 0.227125 -0.7431411 -0.6294089 0.227125 -0.688627 -0.688627 0.2049094 -0.6921026 -0.6921026 0.2049095 -0.6325854 -0.7468921 0.1824412 -0.6354523 -0.7502771 0.1824412 -0.5713243 -0.8001899 0.1597506 -0.5736141 -0.8033969 0.1597506 -0.5053118 -0.8480211 0.1368677 -0.5070686 -0.8509693 0.1368677 -0.4350628 -0.8899369 0.1138639 -0.4363395 -0.8925485 0.1138639 -0.3611429 -0.9255327 0.09072792 -0.3620079 -0.9277493 0.09072798 -0.2841592 -0.9544747 0.06744807 -0.2846863 -0.956245 0.06744807 -0.2047493 -0.9764878 0.04409527 -0.205017 -0.9777646 0.04409527 -0.1235727 -0.9913553 0.02070116 -0.1236665 -0.9921079 0.02070116 -0.0413165 -0.9989317 -0.002704977 -0.04132521 -0.9991421 -0.002704977 0.04132503 -0.9991421 -0.02609467 0.04131108 -0.9988055 -0.02609467 0.1236513 -0.9919825 -0.04943239 0.1235421 -0.9911074 -0.04943239 0.2049641 -0.9775205 -0.07268416 0.2046722 -0.9761282 -0.07268416 0.284581 -0.9558926 -0.09582161 0.2840228 -0.9540175 -0.09582161 0.3618363 -0.927304 -0.1188162 0.360934 -0.9249915 -0.1188162 0.4360854 -0.892027 -0.1416366 0.4347689 -0.8893341 -0.1416366 0.506725 -0.8503933 -0.163982 0.5049563 -0.8474249 -0.163982 0.5732108 -0.802832 -0.1861017 0.5709255 -0.7996312 -0.1861017 0.6350091 -0.7497531 -0.2082306 0.6321326 -0.7463567 -0.2082306 0.6916068 -0.6916068 -0.2300696 0.688138 -0.688138 -0.2300696 0.7426137 -0.6289618 0.2463017 -0.6853231 -0.6853231 0.227125 -0.688627 -0.688627 0.227125 -0.6294085 -0.7431414 0.2049095 -0.6325852 -0.7468922 0.2049095 -0.5687468 -0.7965797 0.1824411 -0.5713244 -0.8001898 0.1824411 -0.5032942 -0.8446362 0.1597509 -0.5053113 -0.8480213 0.1597509 -0.4335572 -0.8868528 0.1368669 -0.4350646 -0.8899361 0.1368669 -0.3600869 -0.9228244 0.1138637 -0.3611436 -0.9255325 0.1138637 -0.2834805 -0.9521943 0.09072786 -0.2841594 -0.9544746 0.09072786 -0.2043696 -0.9746802 0.06744837 -0.2047486 -0.976488 0.06744837 -0.1234107 -0.9900608 0.04409557 -0.123572 -0.9913555 0.04409557 -0.04128396 -0.998174 0.0207017 -0.04131531 -0.9989317 0.0207017 0.0413165 -0.9989317 -0.002704918 0.04132521 -0.9991421 -0.002704918 0.1236922 -0.9923169 -0.02609497 0.1236505 -0.9919826 -0.02609497 0.2051438 -0.9783838 -0.04943299 0.2049628 -0.9775207 -0.04943293 0.2849876 -0.9572557 -0.07268387 0.2845818 -0.9558925 -0.07268387 0.3625468 -0.9291269 -0.09582191 0.3618355 -0.9273043 -0.09582197 0.4371752 -0.8942573 -0.1188164 0.4360849 -0.8920272 -0.1188164 0.5082591 -0.8529686 -0.1416367 0.5067247 -0.8503935 -0.1416367 0.5752184 -0.8056443 -0.1639822 0.5732106 -0.8028321 -0.1639822 0.6375506 -0.7527543 -0.1861019 0.6350088 -0.7497532 -0.1861019 0.694754 -0.694754 -0.2082306 0.6916068 -0.6916068 -0.2082306 0.7463572 -0.6321321 -0.2300695 0.7426138 -0.6289617 -0.2300696 0.7920167 -0.5654888 0.2489801 -0.6259467 -0.7390533 0.2271248 -0.6294089 -0.7431411 0.2271249 -0.5658912 -0.7925789 0.2049092 -0.5687474 -0.7965794 0.2049092 -0.5010232 -0.8408257 0.1824412 -0.5032939 -0.8446363 0.1824412 -0.4318248 -0.8833134 0.1597515 -0.4335554 -0.8868535 0.1597516 -0.3588383 -0.9196274 0.1368674 -0.3600859 -0.9228248 0.1368674 -0.2826517 -0.9494079 0.1138634 -0.2834812 -0.9521941 0.1138634 -0.2038812 -0.9723516 0.09072792 -0.2043695 -0.9746803 0.09072792 -0.1231819 -0.988228 0.06744843 -0.1234104 -0.9900609 0.06744843 -0.04123026 -0.9968705 0.04409551 -0.04128414 -0.998174 0.04409551 0.04128396 -0.998174 0.02070116 0.04131531 -0.9989317 0.02070116 0.1236657 -0.992108 -0.002705097 0.1236917 -0.992317 -0.002705097 0.2052149 -0.9787132 -0.02609413 0.2051457 -0.9783836 -0.02609413 0.2852404 -0.9581007 -0.04943251 0.2849887 -0.9572554 -0.04943251 0.3630632 -0.9304524 -0.0726841 0.3625461 -0.9291271 -0.0726841 0.4380353 -0.8960146 -0.09582161 0.437176 -0.8942568 -0.09582161 0.5095291 -0.8551014 -0.1188167 0.5082585 -0.8529689 -0.1188167 0.5769599 -0.8080841 -0.1416369 0.5752181 -0.8056446 -0.1416369 0.6397833 -0.7553915 -0.1639824 0.6375501 -0.7527546 -0.1639823 0.6975349 -0.6975349 -0.1861019 0.694754 -0.694754 -0.1861019 0.7497531 -0.6350091 -0.2082308 0.7463567 -0.6321326 -0.2082308 0.7960088 -0.5683395 -0.2300696 0.7920165 -0.5654891 -0.2300697 0.8360089 -0.4981537 0.2489801 -0.5627775 -0.7882199 0.2271252 -0.5658903 -0.7925795 0.2271252 -0.4985066 -0.8366034 0.2049094 -0.5010226 -0.840826 0.2049095 -0.4298776 -0.8793278 0.1824409 -0.4318258 -0.8833129 0.1824408 -0.3574083 -0.9159556 0.1597506 -0.3588407 -0.9196266 0.1597506 -0.2816722 -0.9461187 0.1368675 -0.2826515 -0.9494079 0.1368675 -0.2032842 -0.9695065 0.1138635 -0.2038807 -0.9723516 0.1138635 -0.1228884 -0.9858669 0.09072756 -0.1231827 -0.9882279 0.09072762 -0.04115515 -0.995025 0.06744796 -0.04123145 -0.9968704 0.06744796 0.04123026 -0.9968705 0.04409557 0.04128414 -0.998174 0.04409557 0.1235727 -0.9913553 0.02070152 0.1236665 -0.9921079 0.02070152 0.2051722 -0.9785069 -0.002704858 0.2052155 -0.9787131 -0.002704858 0.2853343 -0.9584243 -0.02609509 0.2852382 -0.9581014 -0.02609509 0.3633841 -0.9312738 -0.04943239 0.3630635 -0.9304522 -0.04943239 0.4386599 -0.8972926 -0.07268416 0.4380351 -0.8960146 -0.07268416 0.5105305 -0.8567821 -0.09582161 0.5095291 -0.8551014 -0.09582161 0.5784037 -0.8101033 -0.118816 0.5769613 -0.8080831 -0.118816 0.6417214 -0.7576783 -0.1416366 0.6397841 -0.7553909 -0.1416366 0.6999782 -0.6999782 -0.1639823 0.6975349 -0.6975349 -0.1639824 0.7527543 -0.6375505 -0.1861017 0.7497532 -0.6350088 -0.1861017 0.7996315 -0.5709251 -0.2082306 0.7960094 -0.5683389 -0.2082305 0.8402234 -0.5006643 -0.2300695 0.8360092 -0.4981532 -0.2300695 0.8742912 -0.4274144 0.2489799 -0.495765 -0.8320012 0.227125 -0.4985072 -0.8366031 0.227125 -0.4277186 -0.8749121 0.2049095 -0.4298774 -0.879328 0.2049095 -0.3557943 -0.9118237 0.1824414 -0.3574067 -0.9159561 0.1824414 -0.2805465 -0.9423422 0.1597511 -0.2816709 -0.946119 0.1597511 -0.20258 -0.9661474 0.1368674 -0.2032843 -0.9695065 0.1368674 -0.1225277 -0.9829824 0.113864 -0.1228873 -0.985867 0.113864 -0.04105538 -0.9926477 0.09072816 -0.04115366 -0.995025 0.09072816 0.04115515 -0.9950249 0.06744843 0.04123145 -0.9968704 0.06744843 0.1234107 -0.9900608 0.04409527 0.123572 -0.9913555 0.04409527 0.205015 -0.977765 0.02070087 0.2051706 -0.9785073 0.02070087 0.2852743 -0.9582223 -0.002704799 0.2853344 -0.9584242 -0.002704799 0.3635064 -0.9315878 -0.02609521 0.363384 -0.931274 -0.02609515 0.4390473 -0.8980849 -0.04943239 0.4386599 -0.8972926 -0.04943239 0.5112591 -0.8580038 -0.07268393 0.510531 -0.8567818 -0.07268393 0.5795405 -0.8116957 -0.09582167 0.5784036 -0.8101034 -0.09582167 0.6433252 -0.7595729 -0.1188163 0.6417209 -0.7576786 -0.1188163 0.7020978 -0.7020978 -0.1416366 0.6999783 -0.6999783 -0.1416365 0.7553915 -0.6397833 -0.1639822 0.7527547 -0.6375501 -0.1639822 0.802832 -0.5732108 -0.1861019 0.7996312 -0.5709255 -0.1861019 0.8440464 -0.5029431 -0.2082307 0.840223 -0.5006648 -0.2082307 0.8786981 -0.4295692 -0.2300696 0.874291 -0.4274147 -0.2300696 0.9066002 -0.3537569 0.2489801 0.5627775 -0.7882199 0.2271249 0.5658903 -0.7925796 0.2271248 0.6294085 -0.7431414 0.2049095 0.6325852 -0.7468922 0.2049095 0.6921026 -0.6921026 0.1824411 0.6952393 -0.6952393 0.1824411 0.7502769 -0.6354524 0.1597508 0.7532839 -0.6379992 0.1597508 0.8033972 -0.5736137 0.136868 0.8061903 -0.5756079 0.136868 0.8509697 -0.5070678 0.1138635 0.8534671 -0.508556 0.1138634 0.892548 -0.4363406 0.09072726 0.8946857 -0.4373857 0.09072721 0.9277487 -0.3620095 0.06744819 0.9294693 -0.3626809 0.06744813 0.9562451 -0.284686 0.04409617 0.9574954 -0.2850582 0.04409617 0.977765 -0.205015 0.02070152 0.9785073 -0.2051706 0.02070152 0.992108 -0.1236657 -0.002704918 0.992317 -0.1236917 -0.002704918 0.9991421 -0.04132503 -0.02609497 0.9988055 -0.04131108 -0.02609497 0.9988055 0.04131036 -0.04943281 0.9979243 0.04127389 -0.04943281 0.9911075 0.1235411 -0.07268428 0.9896959 0.1233652 -0.07268428 0.9761282 0.2046719 -0.09582191 0.9742134 0.2042704 -0.09582197 0.9540177 0.284022 -0.1188169 0.9516385 0.2833138 -0.1188169 0.9249921 0.3609324 -0.1416364 0.9221997 0.3598427 -0.1416364 0.8893338 0.4347695 -0.1639822 0.8862295 0.4332519 -0.1639822 0.8474251 0.5049561 -0.1861019 0.8440465 0.5029429 -0.1861019 0.7996315 0.5709251 -0.2082308 0.7960093 0.5683389 -0.2082308 0.7463571 0.6321321 -0.2300696 0.7426138 0.6289617 -0.2300696 0.688138 0.688138 0.2489801 0.6259467 -0.7390533 0.227125 0.6294089 -0.7431411 0.227125 0.688627 -0.688627 0.2049094 0.6921026 -0.6921026 0.2049095 0.7468921 -0.6325854 0.1824412 0.7502771 -0.6354523 0.1824412 0.8001898 -0.5713242 0.1597506 0.8033969 -0.5736141 0.1597506 0.8480211 -0.5053118 0.1368677 0.8509693 -0.5070686 0.1368677 0.8899369 -0.4350628 0.1138639 0.8925485 -0.4363395 0.1138639 0.9255327 -0.3611429 0.09072792 0.9277493 -0.3620079 0.09072798 0.9544747 -0.2841592 0.06744807 0.956245 -0.2846863 0.06744807 0.9764878 -0.2047493 0.04409527 0.9777646 -0.205017 0.04409527 0.9913553 -0.1235727 0.02070116 0.9921079 -0.1236665 0.02070116 0.9989317 -0.0413165 -0.002704977 0.9991421 -0.04132521 -0.002704977 0.9991421 0.04132503 -0.02609467 0.9988055 0.04131108 -0.02609467 0.9919825 0.1236513 -0.04943239 0.9911074 0.1235421 -0.04943239 0.9775204 0.2049641 -0.07268416 0.9761282 0.2046722 -0.07268416 0.9558926 0.284581 -0.09582161 0.9540175 0.2840228 -0.09582161 0.927304 0.3618363 -0.1188162 0.9249915 0.360934 -0.1188162 0.892027 0.4360854 -0.1416366 0.8893341 0.4347689 -0.1416366 0.8503933 0.506725 -0.163982 0.8474249 0.5049563 -0.163982 0.802832 0.5732108 -0.1861017 0.7996312 0.5709255 -0.1861017 0.7497531 0.6350091 -0.2082306 0.7463567 0.6321326 -0.2082306 0.6916068 0.6916068 -0.2300696 0.688138 0.688138 -0.2300696 0.6289618 0.7426137 0.2463017 0.6853231 -0.6853231 0.227125 0.688627 -0.688627 0.227125 0.7431414 -0.6294085 0.2049095 0.7468922 -0.6325852 0.2049095 0.7965797 -0.5687468 0.1824411 0.8001898 -0.5713244 0.1824411 0.8446362 -0.5032942 0.1597509 0.8480213 -0.5053113 0.1597509 0.8868528 -0.4335572 0.1368669 0.8899361 -0.4350646 0.1368669 0.9228244 -0.3600869 0.1138636 0.9255325 -0.3611436 0.1138636 0.9521942 -0.2834805 0.09072786 0.9544746 -0.2841594 0.09072786 0.9746802 -0.2043696 0.06744837 0.976488 -0.2047486 0.06744837 0.9900608 -0.1234107 0.04409557 0.9913555 -0.123572 0.04409557 0.998174 -0.04128396 0.0207017 0.9989317 -0.04131531 0.0207017 0.9989317 0.0413165 -0.002704918 0.9991421 0.04132521 -0.002704918 0.992317 0.1236922 -0.02609497 0.9919826 0.1236505 -0.02609497 0.9783838 0.2051438 -0.04943299 0.9775207 0.2049628 -0.04943293 0.9572557 0.2849876 -0.07268387 0.9558925 0.2845818 -0.07268387 0.929127 0.3625468 -0.09582191 0.9273043 0.3618355 -0.09582197 0.8942573 0.4371752 -0.1188164 0.8920273 0.436085 -0.1188164 0.8529686 0.5082591 -0.1416367 0.8503935 0.5067247 -0.1416367 0.8056443 0.5752184 -0.1639822 0.8028321 0.5732106 -0.1639822 0.7527543 0.6375506 -0.1861019 0.7497532 0.6350088 -0.1861019 0.694754 0.694754 -0.2082306 0.6916068 0.6916068 -0.2082306 0.6321321 0.7463572 -0.2300695 0.6289617 0.7426138 -0.2300696 0.5654888 0.7920167 0.2489801 0.7390533 -0.6259467 0.2271248 0.7431412 -0.629409 0.2271249 0.792579 -0.5658913 0.2049092 0.7965794 -0.5687474 0.2049092 0.8408257 -0.5010232 0.1824412 0.8446363 -0.5032939 0.1824412 0.8833134 -0.4318248 0.1597515 0.8868535 -0.4335554 0.1597516 0.9196274 -0.3588383 0.1368674 0.9228248 -0.3600859 0.1368674 0.9494079 -0.2826517 0.1138634 0.9521941 -0.2834812 0.1138634 0.9723516 -0.2038812 0.09072792 0.9746803 -0.2043695 0.09072792 0.988228 -0.1231819 0.06744843 0.9900609 -0.1234104 0.06744843 0.9968705 -0.04123026 0.04409551 0.998174 -0.04128414 0.04409551 0.998174 0.04128396 0.02070116 0.9989317 0.04131531 0.02070116 0.992108 0.1236657 -0.002705097 0.992317 0.1236917 -0.002705097 0.9787132 0.2052149 -0.02609413 0.9783836 0.2051457 -0.02609413 0.9581007 0.2852404 -0.04943251 0.9572554 0.2849887 -0.04943251 0.9304524 0.3630632 -0.0726841 0.9291272 0.3625462 -0.0726841 0.8960146 0.4380353 -0.09582161 0.8942568 0.437176 -0.09582161 0.8551014 0.5095291 -0.1188167 0.8529689 0.5082585 -0.1188167 0.8080841 0.5769599 -0.1416369 0.8056446 0.5752181 -0.1416369 0.7553915 0.6397833 -0.1639824 0.7527546 0.6375501 -0.1639823 0.6975349 0.6975349 -0.1861019 0.694754 0.694754 -0.1861019 0.6350091 0.749753 -0.2082308 0.6321326 0.7463567 -0.2082308 0.5683395 0.7960088 -0.2300696 0.5654891 0.7920165 -0.2300697 0.4981537 0.8360089 0.2489801 0.7882199 -0.5627775 0.2271252 0.7925795 -0.5658903 0.2271252 0.8366034 -0.4985066 0.2049094 0.840826 -0.5010226 0.2049095 0.8793278 -0.4298776 0.1824409 0.8833129 -0.4318258 0.1824408 0.9159556 -0.3574083 0.1597506 0.9196266 -0.3588407 0.1597506 0.9461187 -0.2816722 0.1368675 0.9494079 -0.2826515 0.1368675 0.9695066 -0.2032842 0.1138635 0.9723517 -0.2038808 0.1138635 0.9858669 -0.1228884 0.09072756 0.988228 -0.1231827 0.09072762 0.995025 -0.04115515 0.06744796 0.9968704 -0.04123145 0.06744796 0.9968705 0.04123026 0.04409557 0.998174 0.04128414 0.04409557 0.9913553 0.1235727 0.02070152 0.9921079 0.1236665 0.02070152 0.9785069 0.2051722 -0.002704858 0.9787131 0.2052155 -0.002704858 0.9584243 0.2853343 -0.02609509 0.9581014 0.2852382 -0.02609509 0.9312738 0.3633841 -0.04943239 0.9304523 0.3630636 -0.04943239 0.8972926 0.4386599 -0.07268416 0.8960146 0.4380351 -0.07268416 0.8567821 0.5105305 -0.09582161 0.8551014 0.5095291 -0.09582161 0.8101033 0.5784037 -0.118816 0.8080831 0.5769613 -0.118816 0.7576783 0.6417214 -0.1416366 0.7553909 0.6397841 -0.1416366 0.6999782 0.6999782 -0.1639823 0.6975349 0.6975349 -0.1639824 0.6375505 0.7527543 -0.1861017 0.6350088 0.7497532 -0.1861017 0.5709251 0.7996315 -0.2082306 0.5683389 0.7960094 -0.2082305 0.5006643 0.8402234 -0.2300695 0.4981532 0.8360092 -0.2300695 0.4274144 0.8742912 0.2489799 0.8320012 -0.495765 0.227125 0.8366031 -0.4985072 0.227125 0.8749121 -0.4277186 0.2049095 0.879328 -0.4298774 0.2049095 0.9118237 -0.3557943 0.1824414 0.9159561 -0.3574067 0.1824414 0.9423421 -0.2805465 0.1597511 0.946119 -0.2816709 0.1597511 0.9661474 -0.20258 0.1368674 0.9695066 -0.2032843 0.1368674 0.9829824 -0.1225277 0.113864 0.985867 -0.1228873 0.113864 0.9926477 -0.04105538 0.09072816 0.995025 -0.04115366 0.09072816 0.995025 0.04115515 0.06744843 0.9968704 0.04123145 0.06744843 0.9900608 0.1234107 0.04409527 0.9913555 0.123572 0.04409527 0.977765 0.205015 0.02070087 0.9785073 0.2051706 0.02070087 0.9582223 0.2852743 -0.002704799 0.9584242 0.2853344 -0.002704799 0.9315878 0.3635064 -0.02609521 0.931274 0.363384 -0.02609515 0.8980849 0.4390473 -0.04943239 0.8972926 0.4386599 -0.04943239 0.8580038 0.5112591 -0.07268393 0.8567818 0.510531 -0.07268393 0.8116957 0.5795405 -0.09582167 0.8101034 0.5784036 -0.09582167 0.7595729 0.6433252 -0.1188163 0.7576786 0.6417209 -0.1188163 0.7020978 0.7020978 -0.1416366 0.6999783 0.6999783 -0.1416365 0.6397833 0.7553915 -0.1639822 0.6375501 0.7527547 -0.1639822 0.5732108 0.802832 -0.1861019 0.5709255 0.7996312 -0.1861019 0.5029431 0.8440464 -0.2082307 0.5006648 0.840223 -0.2082307 0.4295692 0.8786981 -0.2300696 0.4274147 0.874291 -0.2300696 0.3537569 0.9066002 0.2489801 0.7882199 0.5627775 0.2271249 0.7925796 0.5658903 0.2271248 0.7431414 0.6294085 0.2049095 0.7468922 0.6325852 0.2049095 0.6921026 0.6921026 0.1824411 0.6952393 0.6952393 0.1824411 0.6354524 0.7502769 0.1597508 0.6379992 0.7532839 0.1597508 0.5736137 0.8033972 0.136868 0.5756079 0.8061903 0.136868 0.5070678 0.8509697 0.1138634 0.5085559 0.8534671 0.1138634 0.4363406 0.892548 0.09072726 0.4373856 0.8946856 0.09072721 0.3620095 0.9277487 0.06744819 0.3626809 0.9294694 0.06744813 0.284686 0.9562451 0.04409617 0.2850582 0.9574954 0.04409617 0.205015 0.977765 0.02070152 0.2051706 0.9785073 0.02070152 0.1236657 0.992108 -0.002704918 0.1236917 0.992317 -0.002704918 0.04132503 0.9991421 -0.02609497 0.04131108 0.9988055 -0.02609497 -0.04131036 0.9988055 -0.04943281 -0.04127389 0.9979243 -0.04943281 -0.1235411 0.9911075 -0.07268428 -0.1233652 0.9896959 -0.07268428 -0.2046719 0.9761282 -0.09582191 -0.2042704 0.9742134 -0.09582197 -0.284022 0.9540176 -0.1188169 -0.2833138 0.9516385 -0.1188169 -0.3609324 0.9249921 -0.1416364 -0.3598427 0.9221997 -0.1416364 -0.4347695 0.8893338 -0.1639822 -0.4332519 0.8862295 -0.1639822 -0.5049561 0.8474251 -0.1861019 -0.5029429 0.8440465 -0.1861019 -0.5709251 0.7996315 -0.2082308 -0.5683389 0.7960093 -0.2082308 -0.6321321 0.7463571 -0.2300696 -0.6289617 0.7426138 -0.2300696 -0.688138 0.688138 0.2489801 0.7390533 0.6259467 0.227125 0.7431411 0.6294089 0.227125 0.688627 0.688627 0.2049094 0.6921026 0.6921026 0.2049095 0.6325854 0.7468921 0.1824412 0.6354523 0.7502771 0.1824412 0.5713243 0.8001899 0.1597506 0.5736141 0.8033969 0.1597506 0.5053118 0.8480211 0.1368677 0.5070686 0.8509693 0.1368677 0.4350628 0.8899369 0.1138639 0.4363395 0.8925485 0.1138639 0.3611429 0.9255327 0.09072792 0.3620079 0.9277493 0.09072798 0.2841592 0.9544747 0.06744807 0.2846863 0.956245 0.06744807 0.2047493 0.9764878 0.04409527 0.205017 0.9777646 0.04409527 0.1235727 0.9913553 0.02070116 0.1236665 0.9921079 0.02070116 0.0413165 0.9989317 -0.002704977 0.04132521 0.9991421 -0.002704977 -0.04132503 0.9991421 -0.02609467 -0.04131108 0.9988055 -0.02609467 -0.1236513 0.9919825 -0.04943239 -0.1235421 0.9911074 -0.04943239 -0.2049641 0.9775205 -0.07268416 -0.2046722 0.9761282 -0.07268416 -0.284581 0.9558926 -0.09582161 -0.2840228 0.9540175 -0.09582161 -0.3618363 0.927304 -0.1188162 -0.360934 0.9249915 -0.1188162 -0.4360854 0.892027 -0.1416366 -0.4347689 0.8893341 -0.1416366 -0.506725 0.8503933 -0.163982 -0.5049563 0.8474249 -0.163982 -0.5732108 0.802832 -0.1861017 -0.5709255 0.7996312 -0.1861017 -0.6350091 0.7497531 -0.2082306 -0.6321326 0.7463567 -0.2082306 -0.6916068 0.6916068 -0.2300696 -0.688138 0.688138 -0.2300696 -0.7426137 0.6289618 0.24898 0.684839 0.684839 0.227125 0.688627 0.688627 0.227125 0.6294085 0.7431414 0.2049095 0.6325852 0.7468922 0.2049095 0.5687468 0.7965797 0.1824411 0.5713244 0.8001898 0.1824411 0.5032942 0.8446362 0.1597509 0.5053113 0.8480213 0.1597509 0.4335572 0.8868528 0.1368669 0.4350646 0.8899361 0.1368669 0.3600869 0.9228244 0.1138637 0.3611436 0.9255325 0.1138637 0.2834805 0.9521943 0.09072786 0.2841594 0.9544746 0.09072786 0.2043696 0.9746802 0.06744837 0.2047486 0.976488 0.06744837 0.1234107 0.9900608 0.04409557 0.123572 0.9913555 0.04409557 0.04128396 0.998174 0.0207017 0.04131531 0.9989317 0.0207017 -0.0413165 0.9989317 -0.002704918 -0.04132521 0.9991421 -0.002704918 -0.1236922 0.9923169 -0.02609497 -0.1236505 0.9919826 -0.02609497 -0.2051438 0.9783838 -0.04943299 -0.2049628 0.9775207 -0.04943293 -0.2849876 0.9572557 -0.07268387 -0.2845818 0.9558925 -0.07268387 -0.3625468 0.9291269 -0.09582191 -0.3618355 0.9273043 -0.09582197 -0.4371752 0.8942573 -0.1188164 -0.4360849 0.8920272 -0.1188164 -0.5082591 0.8529686 -0.1416367 -0.5067247 0.8503935 -0.1416367 -0.5752184 0.8056443 -0.1639822 -0.5732106 0.8028321 -0.1639822 -0.6375506 0.7527543 -0.1861019 -0.6350088 0.7497532 -0.1861019 -0.694754 0.694754 -0.2082306 -0.6916068 0.6916068 -0.2082306 -0.7463572 0.6321321 -0.2300695 -0.7426138 0.6289617 -0.2300696 -0.7920167 0.5654888 0.2489801 0.6259467 0.7390533 0.2271248 0.6294089 0.7431411 0.2271249 0.5658912 0.7925789 0.2049092 0.5687474 0.7965794 0.2049092 0.5010232 0.8408257 0.1824412 0.5032939 0.8446363 0.1824412 0.4318248 0.8833134 0.1597515 0.4335554 0.8868535 0.1597516 0.3588383 0.9196274 0.1368674 0.3600859 0.9228248 0.1368674 0.2826517 0.9494079 0.1138634 0.2834812 0.9521941 0.1138634 0.2038812 0.9723516 0.09072792 0.2043695 0.9746803 0.09072792 0.1231819 0.988228 0.06744843 0.1234104 0.9900609 0.06744843 0.04123026 0.9968705 0.04409551 0.04128414 0.998174 0.04409551 -0.04128396 0.998174 0.02070116 -0.04131531 0.9989317 0.02070116 -0.1236657 0.992108 -0.002705097 -0.1236917 0.992317 -0.002705097 -0.2052149 0.9787132 -0.02609413 -0.2051457 0.9783836 -0.02609413 -0.2852404 0.9581007 -0.04943251 -0.2849887 0.9572554 -0.04943251 -0.3630632 0.9304524 -0.0726841 -0.3625461 0.9291271 -0.0726841 -0.4380353 0.8960146 -0.09582161 -0.437176 0.8942568 -0.09582161 -0.5095291 0.8551014 -0.1188167 -0.5082585 0.8529689 -0.1188167 -0.5769599 0.8080841 -0.1416369 -0.5752181 0.8056446 -0.1416369 -0.6397833 0.7553915 -0.1639824 -0.6375501 0.7527546 -0.1639823 -0.6975349 0.6975349 -0.1861019 -0.694754 0.694754 -0.1861019 -0.7497531 0.6350091 -0.2082308 -0.7463567 0.6321326 -0.2082308 -0.7960088 0.5683395 -0.2300696 -0.7920165 0.5654891 -0.2300697 -0.8360089 0.4981537 0.2489801 0.5627775 0.7882199 0.2271252 0.5658903 0.7925795 0.2271252 0.4985066 0.8366034 0.2049094 0.5010226 0.840826 0.2049095 0.4298776 0.8793278 0.1824409 0.4318258 0.8833129 0.1824408 0.3574083 0.9159556 0.1597506 0.3588407 0.9196266 0.1597506 0.2816722 0.9461187 0.1368675 0.2826515 0.9494079 0.1368675 0.2032842 0.9695065 0.1138635 0.2038807 0.9723516 0.1138635 0.1228884 0.9858669 0.09072756 0.1231827 0.9882279 0.09072762 0.04115515 0.995025 0.06744796 0.04123145 0.9968704 0.06744796 -0.04123026 0.9968705 0.04409557 -0.04128414 0.998174 0.04409557 -0.1235727 0.9913553 0.02070152 -0.1236665 0.9921079 0.02070152 -0.2051722 0.9785069 -0.002704858 -0.2052155 0.9787131 -0.002704858 -0.2853343 0.9584243 -0.02609509 -0.2852382 0.9581014 -0.02609509 -0.3633841 0.9312738 -0.04943239 -0.3630635 0.9304522 -0.04943239 -0.4386599 0.8972926 -0.07268416 -0.4380351 0.8960146 -0.07268416 -0.5105305 0.8567821 -0.09582161 -0.5095291 0.8551014 -0.09582161 -0.5784037 0.8101033 -0.118816 -0.5769613 0.8080831 -0.118816 -0.6417214 0.7576783 -0.1416366 -0.6397841 0.7553909 -0.1416366 -0.6999782 0.6999782 -0.1639823 -0.6975349 0.6975349 -0.1639824 -0.7527543 0.6375505 -0.1861017 -0.7497532 0.6350088 -0.1861017 -0.7996315 0.5709251 -0.2082306 -0.7960094 0.5683389 -0.2082305 -0.8402234 0.5006643 -0.2300695 -0.8360092 0.4981532 -0.2300695 -0.8742912 0.4274144 0.2489799 0.495765 0.8320012 0.227125 0.4985072 0.8366031 0.227125 0.4277186 0.8749121 0.2049095 0.4298774 0.879328 0.2049095 0.3557943 0.9118237 0.1824414 0.3574067 0.9159561 0.1824414 0.2805465 0.9423422 0.1597511 0.2816709 0.946119 0.1597511 0.20258 0.9661474 0.1368674 0.2032843 0.9695065 0.1368674 0.1225277 0.9829824 0.113864 0.1228873 0.985867 0.113864 0.04105538 0.9926477 0.09072816 0.04115366 0.995025 0.09072816 -0.04115515 0.9950249 0.06744843 -0.04123145 0.9968704 0.06744843 -0.1234107 0.9900608 0.04409527 -0.123572 0.9913555 0.04409527 -0.205015 0.977765 0.02070087 -0.2051706 0.9785073 0.02070087 -0.2852743 0.9582223 -0.002704799 -0.2853344 0.9584242 -0.002704799 -0.3635064 0.9315878 -0.02609521 -0.363384 0.931274 -0.02609515 -0.4390473 0.8980849 -0.04943239 -0.4386599 0.8972926 -0.04943239 -0.5112591 0.8580038 -0.07268393 -0.510531 0.8567818 -0.07268393 -0.5795405 0.8116957 -0.09582167 -0.5784036 0.8101034 -0.09582167 -0.6433252 0.7595729 -0.1188163 -0.6417209 0.7576786 -0.1188163 -0.7020978 0.7020978 -0.1416366 -0.6999783 0.6999783 -0.1416365 -0.7553915 0.6397833 -0.1639822 -0.7527547 0.6375501 -0.1639822 -0.802832 0.5732108 -0.1861019 -0.7996312 0.5709255 -0.1861019 -0.8440464 0.5029431 -0.2082307 -0.840223 0.5006648 -0.2082307 -0.8786981 0.4295692 -0.2300696 -0.874291 0.4274147 -0.2300696 -0.9066002 0.3537569 0.2489801 -0.6259467 0.7390533 0.227125 -0.6294089 0.7431411 0.227125 -0.688627 0.688627 0.2049094 -0.6921026 0.6921026 0.2049095 -0.7468921 0.6325854 0.1824412 -0.7502771 0.6354523 0.1824412 -0.8001898 0.5713242 0.1597506 -0.8033969 0.5736141 0.1597506 -0.8480211 0.5053118 0.1368677 -0.8509693 0.5070686 0.1368677 -0.8899369 0.4350628 0.1138639 -0.8925485 0.4363395 0.1138639 -0.9255327 0.3611429 0.09072792 -0.9277493 0.3620079 0.09072798 -0.9544747 0.2841592 0.06744807 -0.956245 0.2846863 0.06744807 -0.9764878 0.2047493 0.04409527 -0.9777646 0.205017 0.04409527 -0.9913553 0.1235727 0.02070116 -0.9921079 0.1236665 0.02070116 -0.9989317 0.0413165 -0.002704977 -0.9991421 0.04132521 -0.002704977 -0.9991421 -0.04132503 -0.02609467 -0.9988055 -0.04131108 -0.02609467 -0.9919825 -0.1236513 -0.04943239 -0.9911074 -0.1235421 -0.04943239 -0.9775204 -0.2049641 -0.07268416 -0.9761282 -0.2046722 -0.07268416 -0.9558926 -0.284581 -0.09582161 -0.9540175 -0.2840228 -0.09582161 -0.927304 -0.3618363 -0.1188162 -0.9249915 -0.360934 -0.1188162 -0.892027 -0.4360854 -0.1416366 -0.8893341 -0.4347689 -0.1416366 -0.8503933 -0.506725 -0.163982 -0.8474249 -0.5049563 -0.163982 -0.802832 -0.5732108 -0.1861017 -0.7996312 -0.5709255 -0.1861017 -0.7497531 -0.6350091 -0.2082306 -0.7463567 -0.6321326 -0.2082306 -0.6916068 -0.6916068 -0.2300696 -0.688138 -0.688138 -0.2300696 -0.6289618 -0.7426137 0.24898 -0.684839 0.684839 0.227125 -0.688627 0.688627 0.227125 -0.7431414 0.6294085 0.2049095 -0.7468922 0.6325852 0.2049095 -0.7965797 0.5687468 0.1824411 -0.8001898 0.5713244 0.1824411 -0.8446362 0.5032942 0.1597509 -0.8480213 0.5053113 0.1597509 -0.8868528 0.4335572 0.1368669 -0.8899361 0.4350646 0.1368669 -0.9228244 0.3600869 0.1138636 -0.9255325 0.3611436 0.1138636 -0.9521942 0.2834805 0.09072786 -0.9544746 0.2841594 0.09072786 -0.9746802 0.2043696 0.06744837 -0.976488 0.2047486 0.06744837 -0.9900608 0.1234107 0.04409557 -0.9913555 0.123572 0.04409557 -0.998174 0.04128396 0.0207017 -0.9989317 0.04131531 0.0207017 -0.9989317 -0.0413165 -0.002704918 -0.9991421 -0.04132521 -0.002704918 -0.992317 -0.1236922 -0.02609497 -0.9919826 -0.1236505 -0.02609497 -0.9783838 -0.2051438 -0.04943299 -0.9775207 -0.2049628 -0.04943293 -0.9572557 -0.2849876 -0.07268387 -0.9558925 -0.2845818 -0.07268387 -0.929127 -0.3625468 -0.09582191 -0.9273043 -0.3618355 -0.09582197 -0.8942573 -0.4371752 -0.1188164 -0.8920273 -0.436085 -0.1188164 -0.8529686 -0.5082591 -0.1416367 -0.8503935 -0.5067247 -0.1416367 -0.8056443 -0.5752184 -0.1639822 -0.8028321 -0.5732106 -0.1639822 -0.7527543 -0.6375506 -0.1861019 -0.7497532 -0.6350088 -0.1861019 -0.694754 -0.694754 -0.2082306 -0.6916068 -0.6916068 -0.2082306 -0.6321321 -0.7463572 -0.2300695 -0.6289617 -0.7426138 -0.2300696 -0.5654888 -0.7920167 0.2489801 -0.7390533 0.6259467 0.2271248 -0.7431412 0.629409 0.2271249 -0.792579 0.5658913 0.2049092 -0.7965794 0.5687474 0.2049092 -0.8408257 0.5010232 0.1824412 -0.8446363 0.5032939 0.1824412 -0.8833134 0.4318248 0.1597515 -0.8868535 0.4335554 0.1597516 -0.9196274 0.3588383 0.1368674 -0.9228248 0.3600859 0.1368674 -0.9494079 0.2826517 0.1138634 -0.9521941 0.2834812 0.1138634 -0.9723516 0.2038812 0.09072792 -0.9746803 0.2043695 0.09072792 -0.988228 0.1231819 0.06744843 -0.9900609 0.1234104 0.06744843 -0.9968705 0.04123026 0.04409551 -0.998174 0.04128414 0.04409551 -0.998174 -0.04128396 0.02070116 -0.9989317 -0.04131531 0.02070116 -0.992108 -0.1236657 -0.002705097 -0.992317 -0.1236917 -0.002705097 -0.9787132 -0.2052149 -0.02609413 -0.9783836 -0.2051457 -0.02609413 -0.9581007 -0.2852404 -0.04943251 -0.9572554 -0.2849887 -0.04943251 -0.9304524 -0.3630632 -0.0726841 -0.9291272 -0.3625462 -0.0726841 -0.8960146 -0.4380353 -0.09582161 -0.8942568 -0.437176 -0.09582161 -0.8551014 -0.5095291 -0.1188167 -0.8529689 -0.5082585 -0.1188167 -0.8080841 -0.5769599 -0.1416369 -0.8056446 -0.5752181 -0.1416369 -0.7553915 -0.6397833 -0.1639824 -0.7527546 -0.6375501 -0.1639823 -0.6975349 -0.6975349 -0.1861019 -0.694754 -0.694754 -0.1861019 -0.6350091 -0.749753 -0.2082308 -0.6321326 -0.7463567 -0.2082308 -0.5683395 -0.7960088 -0.2300696 -0.5654891 -0.7920165 -0.2300697 -0.4981537 -0.8360089 0.2489801 -0.7882199 0.5627775 0.2271252 -0.7925795 0.5658903 0.2271252 -0.8366034 0.4985066 0.2049094 -0.840826 0.5010226 0.2049095 -0.8793278 0.4298776 0.1824409 -0.8833129 0.4318258 0.1824408 -0.9159556 0.3574083 0.1597506 -0.9196266 0.3588407 0.1597506 -0.9461187 0.2816722 0.1368675 -0.9494079 0.2826515 0.1368675 -0.9695066 0.2032842 0.1138635 -0.9723517 0.2038808 0.1138635 -0.9858669 0.1228884 0.09072756 -0.988228 0.1231827 0.09072762 -0.995025 0.04115515 0.06744796 -0.9968704 0.04123145 0.06744796 -0.9968705 -0.04123026 0.04409557 -0.998174 -0.04128414 0.04409557 -0.9913553 -0.1235727 0.02070152 -0.9921079 -0.1236665 0.02070152 -0.9785069 -0.2051722 -0.002704858 -0.9787131 -0.2052155 -0.002704858 -0.9584243 -0.2853343 -0.02609509 -0.9581014 -0.2852382 -0.02609509 -0.9312738 -0.3633841 -0.04943239 -0.9304523 -0.3630636 -0.04943239 -0.8972926 -0.4386599 -0.07268416 -0.8960146 -0.4380351 -0.07268416 -0.8567821 -0.5105305 -0.09582161 -0.8551014 -0.5095291 -0.09582161 -0.8101033 -0.5784037 -0.118816 -0.8080831 -0.5769613 -0.118816 -0.7576783 -0.6417214 -0.1416366 -0.7553909 -0.6397841 -0.1416366 -0.6999782 -0.6999782 -0.1639823 -0.6975349 -0.6975349 -0.1639824 -0.6375505 -0.7527543 -0.1861017 -0.6350088 -0.7497532 -0.1861017 -0.5709251 -0.7996315 -0.2082306 -0.5683389 -0.7960094 -0.2082305 -0.5006643 -0.8402234 -0.2300695 -0.4981532 -0.8360092 -0.2300695 -0.4274144 -0.8742912 0.2489799 -0.8320012 0.495765 0.227125 -0.8366031 0.4985072 0.227125 -0.8749121 0.4277186 0.2049095 -0.879328 0.4298774 0.2049095 -0.9118237 0.3557943 0.1824414 -0.9159561 0.3574067 0.1824414 -0.9423421 0.2805465 0.1597511 -0.946119 0.2816709 0.1597511 -0.9661474 0.20258 0.1368674 -0.9695066 0.2032843 0.1368674 -0.9829824 0.1225277 0.113864 -0.985867 0.1228873 0.113864 -0.9926477 0.04105538 0.09072816 -0.995025 0.04115366 0.09072816 -0.995025 -0.04115515 0.06744843 -0.9968704 -0.04123145 0.06744843 -0.9900608 -0.1234107 0.04409527 -0.9913555 -0.123572 0.04409527 -0.977765 -0.205015 0.02070087 -0.9785073 -0.2051706 0.02070087 -0.9582223 -0.2852743 -0.002704799 -0.9584242 -0.2853344 -0.002704799 -0.9315878 -0.3635064 -0.02609521 -0.931274 -0.363384 -0.02609515 -0.8980849 -0.4390473 -0.04943239 -0.8972926 -0.4386599 -0.04943239 -0.8580038 -0.5112591 -0.07268393 -0.8567818 -0.510531 -0.07268393 -0.8116957 -0.5795405 -0.09582167 -0.8101034 -0.5784036 -0.09582167 -0.7595729 -0.6433252 -0.1188163 -0.7576786 -0.6417209 -0.1188163 -0.7020978 -0.7020978 -0.1416366 -0.6999783 -0.6999783 -0.1416365 -0.6397833 -0.7553915 -0.1639822 -0.6375501 -0.7527547 -0.1639822 -0.5732108 -0.802832 -0.1861019 -0.5709255 -0.7996312 -0.1861019 -0.5029431 -0.8440464 -0.2082307 -0.5006648 -0.840223 -0.2082307 -0.4295692 -0.8786981 -0.2300696 -0.4274147 -0.874291 -0.2300696 -0.3537569 -0.9066002 0.2489804 -0.9610709 0.1197981 0.227125 -0.9663867 0.1204607 0.2271251 -0.9730337 0.0402444 0.2049093 -0.9779449 0.04044753 0.2049093 -0.9779449 -0.04044824 0.1824412 -0.9823768 -0.04063153 0.1824412 -0.9756662 -0.1216177 0.1597515 -0.9795764 -0.1221051 0.1597515 -0.9661474 -0.20258 0.1368675 -0.9695066 -0.2032843 0.1368674 -0.9494079 -0.2826517 0.1138636 -0.952194 -0.2834812 0.1138637 -0.9255327 -0.3611429 0.09072721 -0.9277493 -0.3620079 0.09072726 -0.8946858 -0.4373853 0.06744873 -0.8963451 -0.4381965 0.06744873 -0.8570973 -0.51072 0.04409581 -0.858218 -0.5113878 0.04409581 -0.8130574 -0.5805112 0.02070111 -0.8136746 -0.5809519 0.02070111 -0.7629202 -0.6461612 -0.00270456 -0.7630809 -0.6462973 -0.00270456 -0.7071042 -0.7071042 -0.02609479 -0.706866 -0.706866 -0.02609479 -0.6460795 -0.7628239 -0.04943287 -0.6455094 -0.7621509 -0.04943293 -0.5803668 -0.8128535 -0.07268393 -0.5795403 -0.8116959 -0.07268393 -0.5105305 -0.8567821 -0.09582161 -0.5095291 -0.8551014 -0.09582161 -0.4371752 -0.8942573 -0.1188162 -0.436085 -0.8920273 -0.1188162 -0.3609324 -0.9249922 -0.1416363 -0.3598427 -0.9221997 -0.1416362 -0.2824596 -0.9487653 -0.1639824 -0.2814736 -0.9454535 -0.1639824 -0.2024381 -0.9654681 -0.1861017 -0.201631 -0.961619 -0.1861017 -0.1215298 -0.9749855 -0.2082304 -0.1209792 -0.9705689 -0.2082304 -0.04041945 -0.9772443 -0.2300696 -0.04021674 -0.9723428 -0.2300696 0.0402162 -0.9723428 -0.2503428 0.0400089 -0.9673302 -0.2503429 0.04000914 -0.9673301 0.2489802 -0.9676813 0.04002314 0.227125 -0.9730337 0.04024451 0.227125 -0.9730337 -0.0402444 0.2049091 -0.9779449 -0.04044753 0.2049091 -0.9712646 -0.1210684 0.1824409 -0.9756662 -0.1216171 0.182441 -0.9622911 -0.2017704 0.1597511 -0.9661477 -0.2025791 0.1597511 -0.9461186 -0.2816722 0.1368674 -0.9494079 -0.2826515 0.1368674 -0.9228244 -0.3600869 0.1138639 -0.9255325 -0.3611436 0.1138639 -0.892548 -0.4363406 0.09072738 -0.8946856 -0.4373856 0.09072738 -0.8555114 -0.5097733 0.06744813 -0.8570981 -0.5107188 0.06744813 -0.8119955 -0.5797535 0.04409599 -0.8130571 -0.5805115 0.04409593 -0.7623416 -0.6456708 0.02070099 -0.7629203 -0.646161 0.02070099 -0.7069553 -0.7069553 -0.00270456 -0.7071042 -0.7071042 -0.00270456 -0.646297 -0.7630811 -0.02609473 -0.6460793 -0.7628241 -0.02609473 -0.5808792 -0.8135714 -0.04943287 -0.5803667 -0.8128535 -0.04943287 -0.5112591 -0.8580038 -0.07268416 -0.510531 -0.8567818 -0.07268416 -0.4380353 -0.8960146 -0.09582197 -0.437176 -0.8942568 -0.09582197 -0.3618363 -0.927304 -0.1188169 -0.3609339 -0.9249914 -0.1188169 -0.2833161 -0.9516378 -0.1416367 -0.2824608 -0.948765 -0.1416367 -0.2031461 -0.9688502 -0.163982 -0.202437 -0.9654683 -0.163982 -0.1220183 -0.9788879 -0.1861024 -0.1215318 -0.9749851 -0.1861024 -0.04060477 -0.981691 -0.2082309 -0.04042088 -0.9772441 -0.2082309 0.04041945 -0.9772441 -0.2300694 0.04021674 -0.9723429 -0.2300694 0.1203745 -0.9657008 -0.2503429 0.119754 -0.9607224 -0.2503429 0.119754 -0.9607223 0.2489804 -0.9676812 -0.04002314 0.2271251 -0.9730337 -0.04024451 0.2271251 -0.9663869 -0.1204602 0.204909 -0.9712645 -0.1210682 0.204909 -0.9579494 -0.200861 0.1824412 -0.9622907 -0.2017713 0.1824413 -0.9423422 -0.2805465 0.1597506 -0.946119 -0.2816709 0.1597506 -0.9196275 -0.3588383 0.1368669 -0.9228248 -0.3600859 0.136867 -0.8899369 -0.4350628 0.1138634 -0.8925486 -0.4363395 0.1138634 -0.8534668 -0.5085563 0.0907278 -0.8555108 -0.5097743 0.09072786 -0.8104922 -0.5786803 0.06744813 -0.8119955 -0.5797536 0.06744819 -0.7613468 -0.6448271 0.04409557 -0.7623422 -0.6456702 0.04409557 -0.706419 -0.706419 0.02070099 -0.7069553 -0.7069553 0.02070099 -0.6461612 -0.7629202 -0.002704739 -0.6462973 -0.7630809 -0.002704739 -0.5810747 -0.8138457 -0.02609455 -0.580879 -0.8135716 -0.02609455 -0.5117097 -0.8587621 -0.04943239 -0.5112582 -0.8580044 -0.04943239 -0.4386599 -0.8972926 -0.0726841 -0.4380351 -0.8960146 -0.0726841 -0.3625468 -0.9291269 -0.09582161 -0.3618355 -0.9273043 -0.09582167 -0.284022 -0.9540177 -0.118816 -0.2833138 -0.9516386 -0.118816 -0.2037611 -0.9717841 -0.1416366 -0.2031459 -0.9688502 -0.1416366 -0.1224455 -0.9823167 -0.1639819 -0.1220181 -0.9788879 -0.1639819 -0.04076516 -0.9856207 -0.1861017 -0.04060262 -0.9816913 -0.1861017 0.04060482 -0.9816911 -0.2082304 0.04042088 -0.9772442 -0.2082304 0.1209819 -0.9705686 -0.2300692 0.1203752 -0.9657008 -0.2300692 0.1997103 -0.9524621 -0.2503429 0.1986806 -0.9475518 -0.2503429 0.1986805 -0.9475519 0.2489802 -0.9610709 -0.1197981 0.2271252 -0.9663867 -0.1204607 0.2271252 -0.9531385 -0.1998526 0.2049091 -0.9579494 -0.2008613 0.2049092 -0.9380908 -0.2792812 0.1824414 -0.9423421 -0.2805469 0.1824414 -0.9159555 -0.3574083 0.1597516 -0.9196264 -0.3588407 0.1597515 -0.8868526 -0.4335572 0.1368677 -0.889936 -0.4350646 0.1368677 -0.8509697 -0.5070678 0.1138632 -0.8534671 -0.508556 0.1138632 -0.8085561 -0.5772974 0.09072768 -0.8104925 -0.57868 0.09072768 -0.7599369 -0.6436337 0.06744843 -0.7613463 -0.6448275 0.06744843 -0.7054965 -0.7054965 0.04409557 -0.706419 -0.706419 0.04409557 -0.6456708 -0.7623416 0.02070111 -0.646161 -0.7629203 0.02070111 -0.5809515 -0.8136748 -0.002704262 -0.5810739 -0.8138464 -0.002704262 -0.5118829 -0.859051 -0.02609491 -0.5117104 -0.8587616 -0.02609497 -0.4390473 -0.8980849 -0.04943233 -0.4386599 -0.8972926 -0.04943233 -0.3630632 -0.9304524 -0.07268387 -0.3625462 -0.9291272 -0.07268387 -0.284581 -0.9558926 -0.09582191 -0.2840228 -0.9540175 -0.09582197 -0.2042714 -0.9742133 -0.1188163 -0.203762 -0.9717838 -0.1188163 -0.1228166 -0.9852913 -0.1416367 -0.1224458 -0.9823167 -0.1416367 -0.04090785 -0.9890731 -0.1639819 -0.0407651 -0.9856207 -0.1639819 0.04076516 -0.9856207 -0.1861024 0.04060262 -0.9816911 -0.1861024 0.1215297 -0.9749854 -0.2082313 0.1209792 -0.9705688 -0.2082313 0.2007157 -0.9572633 -0.2300696 0.199709 -0.9524622 -0.2300696 0.2776821 -0.9327167 -0.2503428 0.2762506 -0.9279084 -0.2447661 0.2598055 -0.9341256 0.2489799 -0.9478957 -0.1987526 0.227125 -0.9531388 -0.1998519 0.2271249 -0.9333794 -0.2778797 0.2049095 -0.9380904 -0.2792822 0.2049095 -0.9118237 -0.3557943 0.1824408 -0.9159562 -0.3574068 0.1824409 -0.8833135 -0.4318248 0.1597509 -0.8868536 -0.4335555 0.1597509 -0.848021 -0.5053118 0.136868 -0.8509693 -0.5070686 0.136868 -0.8061897 -0.5756087 0.1138635 -0.8085556 -0.577298 0.1138635 -0.758121 -0.6420963 0.0907278 -0.7599366 -0.643634 0.0907278 -0.7041905 -0.7041905 0.06744843 -0.7054966 -0.7054966 0.06744843 -0.644827 -0.7613467 0.04409593 -0.6456702 -0.7623422 0.04409593 -0.5805112 -0.8130574 0.02070087 -0.5809519 -0.8136746 0.02070087 -0.5117763 -0.8588693 -0.002704858 -0.5118841 -0.8590502 -0.002704858 -0.4391957 -0.8983873 -0.02609515 -0.4390478 -0.8980847 -0.02609515 -0.3633841 -0.9312738 -0.04943251 -0.3630635 -0.9304522 -0.04943251 -0.2849876 -0.9572557 -0.07268416 -0.2845818 -0.9558924 -0.07268416 -0.2046719 -0.9761283 -0.09582155 -0.2042704 -0.9742134 -0.09582155 -0.123124 -0.9877544 -0.1188164 -0.1228169 -0.9852912 -0.1188164 -0.04103296 -0.992068 -0.1416372 -0.04090911 -0.989073 -0.1416372 0.04090785 -0.989073 -0.1639819 0.0407651 -0.9856207 -0.1639819 0.1220183 -0.9788879 -0.1861017 0.1215318 -0.9749853 -0.1861017 0.201632 -0.9616187 -0.2082304 0.2007186 -0.9572628 -0.2082303 0.2790818 -0.9374185 -0.2300696 0.277682 -0.9327169 -0.2300696 0.3537569 -0.9066002 -0.2503427 0.3519332 -0.9019265 -0.2503427 0.3519331 -0.9019267 0.2463437 -0.9288911 -0.2765428 0.2271248 -0.9333797 -0.2778791 0.2271248 -0.9072446 -0.3540077 0.2049095 -0.9118236 -0.3557944 0.2049095 -0.8793278 -0.4298776 0.1824412 -0.8833129 -0.4318258 0.1824412 -0.8446361 -0.5032941 0.1597506 -0.8480214 -0.5053113 0.1597506 -0.8033972 -0.5736137 0.1368676 -0.8061903 -0.5756079 0.1368676 -0.7559028 -0.6402173 0.1138635 -0.7581211 -0.6420962 0.1138635 -0.7025081 -0.7025081 0.0907278 -0.7041904 -0.7041904 0.0907278 -0.6436337 -0.7599369 0.06744819 -0.6448275 -0.7613463 0.06744813 -0.5797535 -0.8119955 0.04409581 -0.5805115 -0.8130571 0.04409581 -0.5113871 -0.8582184 0.02070134 -0.5117753 -0.8588699 0.02070134 -0.4391025 -0.8981984 -0.00270456 -0.439195 -0.8983877 -0.00270456 -0.3635064 -0.9315878 -0.02609509 -0.363384 -0.931274 -0.02609509 -0.2852404 -0.9581007 -0.04943299 -0.2849887 -0.9572554 -0.04943293 -0.2049641 -0.9775204 -0.07268428 -0.2046722 -0.9761282 -0.07268428 -0.1233664 -0.9896958 -0.09582173 -0.1231244 -0.9877543 -0.09582173 -0.04113531 -0.9945482 -0.1188163 -0.04103273 -0.992068 -0.1188163 0.04103296 -0.992068 -0.1416367 0.04090911 -0.989073 -0.1416367 0.1224455 -0.9823167 -0.163982 0.1220181 -0.9788879 -0.163982 0.2024381 -0.9654681 -0.186102 0.201631 -0.961619 -0.186102 0.2803519 -0.9416841 -0.2082303 0.279082 -0.9374185 -0.2082303 0.3555401 -0.9111704 -0.2300696 0.3537569 -0.9066003 -0.2300696 0.4274144 -0.8742911 -0.2503426 0.425211 -0.869784 -0.2503427 0.4252111 -0.8697839 0.2489802 -0.9022539 -0.3520606 0.2271249 -0.9072446 -0.354008 0.2271249 -0.8749121 -0.4277186 0.2049094 -0.879328 -0.4298774 0.2049095 -0.8408257 -0.5010232 0.1824411 -0.8446363 -0.5032939 0.1824411 -0.8001899 -0.5713243 0.1597508 -0.8033969 -0.5736141 0.1597508 -0.7532841 -0.637999 0.1368675 -0.755903 -0.6402171 0.1368675 -0.7004525 -0.7004525 0.1138635 -0.702508 -0.702508 0.1138635 -0.6420963 -0.758121 0.09072768 -0.643634 -0.7599367 0.09072768 -0.5786803 -0.8104922 0.06744813 -0.5797535 -0.8119954 0.06744813 -0.51072 -0.8570973 0.04409545 -0.5113878 -0.858218 0.04409545 -0.4387701 -0.8975168 0.02070105 -0.4391032 -0.8981981 0.02070105 -0.3634303 -0.9313914 -0.002704799 -0.3635069 -0.9315876 -0.002704799 -0.2853343 -0.9584243 -0.02609413 -0.2852382 -0.9581014 -0.02609413 -0.2051438 -0.9783839 -0.04943239 -0.2049628 -0.9775207 -0.04943239 -0.1235411 -0.9911075 -0.07268375 -0.1233652 -0.989696 -0.07268375 -0.04121524 -0.9965031 -0.09582138 -0.04113435 -0.9945483 -0.09582138 0.04113531 -0.9945483 -0.1188164 0.04103273 -0.992068 -0.1188164 0.1228166 -0.9852913 -0.1416366 0.1224458 -0.9823167 -0.1416366 0.2031461 -0.9688502 -0.1639824 0.202437 -0.9654683 -0.1639824 0.2814728 -0.9454538 -0.1861025 0.2803505 -0.9416844 -0.1861025 0.357157 -0.9153168 -0.2082306 0.3555392 -0.9111707 -0.2082306 0.4295692 -0.8786981 -0.2300695 0.4274147 -0.874291 -0.2300695 0.4981537 -0.8360089 -0.2503427 0.4955856 -0.8316991 -0.2503426 0.4955855 -0.8316992 0.2489799 -0.8700992 -0.4253661 0.227125 -0.8749119 -0.4277188 0.227125 -0.8366035 -0.4985066 0.2049092 -0.840826 -0.5010226 0.2049092 -0.7965797 -0.5687468 0.1824412 -0.8001898 -0.5713244 0.1824412 -0.7502769 -0.6354524 0.1597509 -0.7532839 -0.6379992 0.1597509 -0.6980257 -0.6980257 0.1368675 -0.7004525 -0.7004525 0.1368675 -0.6402173 -0.7559028 0.1138635 -0.6420962 -0.7581211 0.1138635 -0.5772973 -0.808556 0.09072786 -0.57868 -0.8104925 0.0907278 -0.5097733 -0.8555114 0.06744873 -0.5107188 -0.8570981 0.06744873 -0.4381965 -0.8963451 0.04409575 -0.4387695 -0.897517 0.04409575 -0.3631541 -0.9306851 0.02070128 -0.3634298 -0.9313916 0.02070128 -0.2852743 -0.9582223 -0.002704858 -0.2853344 -0.9584242 -0.002704858 -0.2052149 -0.9787132 -0.02609497 -0.2051457 -0.9783836 -0.02609497 -0.1236513 -0.9919825 -0.04943281 -0.1235421 -0.9911074 -0.04943281 -0.04127448 -0.9979242 -0.07268393 -0.04121571 -0.996503 -0.07268393 0.04121524 -0.9965031 -0.09582173 0.04113435 -0.9945482 -0.09582173 0.123124 -0.9877544 -0.1188163 0.1228169 -0.9852912 -0.1188163 0.2037611 -0.9717839 -0.1416367 0.2031459 -0.9688502 -0.1416367 0.2824596 -0.9487653 -0.163982 0.2814737 -0.9454537 -0.163982 0.3585886 -0.91898 -0.1861017 0.3571591 -0.9153162 -0.1861017 0.4315235 -0.8826968 -0.2082308 0.4295687 -0.8786982 -0.2082307 0.5006642 -0.8402233 -0.2300696 0.4981532 -0.8360092 -0.2300697 0.5654888 -0.7920167 -0.2503426 0.5625736 -0.7879337 -0.2503425 0.5625732 -0.787934 0.2489801 -0.8320012 -0.495765 0.2271252 -0.8366031 -0.4985072 0.2271252 -0.7925789 -0.5658912 0.2049095 -0.7965793 -0.5687474 0.2049095 -0.7468921 -0.6325854 0.1824411 -0.7502771 -0.6354523 0.1824411 -0.6952393 -0.6952393 0.1597509 -0.6980257 -0.6980257 0.1597509 -0.6379989 -0.753284 0.1368676 -0.6402171 -0.755903 0.1368676 -0.5756087 -0.8061897 0.1138632 -0.577298 -0.8085556 0.1138632 -0.5085563 -0.8534668 0.09072738 -0.5097743 -0.8555108 0.09072738 -0.4373853 -0.8946858 0.06744873 -0.4381965 -0.8963451 0.06744873 -0.3626796 -0.9294699 0.04409581 -0.3631538 -0.9306851 0.04409581 -0.2850589 -0.9574951 0.02070087 -0.2852753 -0.9582221 0.02070087 -0.2051722 -0.978507 -0.002705097 -0.2052155 -0.9787131 -0.002705097 -0.1236922 -0.9923169 -0.02609467 -0.1236505 -0.9919826 -0.02609467 -0.04131036 -0.9988055 -0.04943257 -0.04127389 -0.9979243 -0.04943257 0.04127448 -0.9979243 -0.07268375 0.04121571 -0.9965031 -0.07268375 0.1233664 -0.9896959 -0.09582155 0.1231244 -0.9877544 -0.09582155 0.2042714 -0.9742133 -0.118816 0.203762 -0.9717838 -0.118816 0.2833161 -0.9516379 -0.1416363 0.2824608 -0.948765 -0.1416363 0.359843 -0.9221996 -0.1639827 0.3585869 -0.9189804 -0.1639827 0.4332505 -0.8862301 -0.1861019 0.4315232 -0.8826969 -0.1861019 0.5029431 -0.8440464 -0.2082306 0.5006648 -0.840223 -0.2082306 0.5683396 -0.7960089 -0.2300696 0.5654891 -0.7920165 -0.2300695 0.6289618 -0.7426137 -0.2503426 0.6257194 -0.7387854 -0.2503426 0.6257195 -0.7387853 -0.2503426 0.6845906 -0.6845906 -0.2300696 0.688138 -0.688138 -0.2300696 0.6289617 -0.7426138 -0.2082308 0.6321321 -0.7463571 -0.2082308 0.5683389 -0.7960093 -0.1861019 0.5709251 -0.7996315 -0.1861019 0.5029429 -0.8440465 -0.1639822 0.5049561 -0.8474251 -0.1639822 0.4332519 -0.8862295 -0.1416364 0.4347695 -0.8893338 -0.1416364 0.3598427 -0.9221997 -0.1188169 0.3609324 -0.9249921 -0.1188169 0.2833138 -0.9516385 -0.09582197 0.284022 -0.9540176 -0.09582191 0.2042704 -0.9742134 -0.07268428 0.2046719 -0.9761282 -0.07268428 0.1233652 -0.9896959 -0.04943281 0.1235411 -0.9911075 -0.04943281 0.04127389 -0.9979243 -0.02609497 0.04131036 -0.9988055 -0.02609497 -0.04131108 -0.9988055 -0.002704918 -0.04132503 -0.9991421 -0.002704918 -0.1236917 -0.992317 0.02070152 -0.1236657 -0.992108 0.02070152 -0.2051706 -0.9785073 0.04409617 -0.205015 -0.977765 0.04409617 -0.2850582 -0.9574954 0.06744813 -0.284686 -0.9562451 0.06744819 -0.3626809 -0.9294694 0.09072721 -0.3620095 -0.9277487 0.09072726 -0.4373856 -0.8946856 0.1138634 -0.4363406 -0.892548 0.1138634 -0.508556 -0.8534671 0.136868 -0.5070678 -0.8509697 0.136868 -0.5756079 -0.8061903 0.1597508 -0.5736137 -0.8033972 0.1597508 -0.6379992 -0.7532839 0.1824411 -0.6354524 -0.7502769 0.1824411 -0.6952393 -0.6952393 0.2049094 -0.6921026 -0.6921026 0.2049094 -0.7468922 -0.6325852 0.2271248 -0.7431414 -0.6294085 0.2271249 -0.7925796 -0.5658903 0.2489801 -0.7882199 -0.5627775 0.2489801 -0.7882199 -0.5627774 -0.2439616 0.6714231 -0.6997668 -0.250493 0.6985643 -0.6702694 -0.2503426 0.7387854 -0.6257194 -0.2503425 0.7387853 -0.6257195 -0.2503425 0.7879338 -0.5625737 -0.2503427 0.787934 -0.5625732 -0.2503426 0.8316991 -0.4955856 -0.2503427 0.8316992 -0.4955855 -0.2503427 0.8697839 -0.425211 -0.2503426 0.8697839 -0.4252111 -0.2503426 0.9019265 -0.3519331 -0.2503427 0.9019267 -0.3519331 -0.2505049 0.9211946 -0.2977377 0.2489802 -0.4253661 -0.8700992 0.2271249 -0.4277188 -0.8749119 0.2271249 -0.3540077 -0.9072446 0.2049095 -0.3557944 -0.9118238 0.2049095 -0.2792811 -0.9380906 0.1824413 -0.2805469 -0.9423421 0.1824413 -0.2017704 -0.962291 0.1597515 -0.202579 -0.9661476 0.1597515 -0.1221032 -0.9795765 0.1368674 -0.1225277 -0.9829823 0.1368674 -0.0409367 -0.9897432 0.1138634 -0.04105687 -0.9926477 0.1138634 0.04105538 -0.9926478 0.09072762 0.04115366 -0.995025 0.09072762 0.1231819 -0.9882281 0.06744831 0.1234104 -0.9900609 0.06744837 0.2047493 -0.9764878 0.04409617 0.205017 -0.9777645 0.04409617 0.2850589 -0.9574951 0.02070128 0.2852753 -0.958222 0.02070128 0.3634303 -0.9313914 -0.00270456 0.3635069 -0.9315876 -0.00270456 0.4391957 -0.8983873 -0.02609497 0.4390478 -0.8980847 -0.02609497 0.5117096 -0.858762 -0.04943287 0.5112582 -0.8580043 -0.04943287 0.5803668 -0.8128535 -0.07268404 0.5795403 -0.8116959 -0.07268404 0.6445895 -0.761066 -0.09582179 0.643325 -0.759573 -0.09582179 0.703853 -0.703853 -0.1188163 0.7020978 -0.7020978 -0.1188163 0.7576783 -0.6417214 -0.1416369 0.7553908 -0.639784 -0.1416369 0.8056443 -0.5752184 -0.163982 0.8028321 -0.5732106 -0.163982 0.8474251 -0.5049561 -0.1861019 0.8440465 -0.5029429 -0.1861019 0.8826968 -0.4315235 -0.2082306 0.8786982 -0.4295687 -0.2082306 0.9111703 -0.35554 -0.2300696 0.9066003 -0.3537569 -0.2300696 0.9327167 -0.2776821 -0.2473289 0.9286506 -0.2764715 -0.25048 0.9327186 -0.2594142 0.2489801 -0.3520606 -0.9022539 0.2271248 -0.354008 -0.9072446 0.2271248 -0.2778797 -0.9333794 0.2049092 -0.2792822 -0.9380905 0.2049091 -0.200861 -0.9579494 0.182441 -0.2017713 -0.9622909 0.182441 -0.1216177 -0.9756662 0.1597508 -0.1221051 -0.9795764 0.1597508 -0.0407949 -0.9863141 0.1368674 -0.04093676 -0.9897432 0.1368674 0.0409367 -0.9897432 0.113864 0.04105687 -0.9926477 0.113864 0.1228884 -0.9858669 0.09072792 0.1231827 -0.9882279 0.09072786 0.2043696 -0.9746802 0.06744807 0.2047486 -0.976488 0.06744807 0.284686 -0.9562451 0.04409587 0.2850582 -0.9574954 0.04409581 0.3631541 -0.9306851 0.02070105 0.3634298 -0.9313916 0.02070105 0.4391025 -0.8981984 -0.002704858 0.439195 -0.8983877 -0.002704858 0.5118829 -0.859051 -0.02609455 0.5117105 -0.8587617 -0.02609461 0.5808792 -0.8135714 -0.04943293 0.5803667 -0.8128535 -0.04943287 0.6455088 -0.7621514 -0.07268404 0.6445895 -0.761066 -0.07268404 0.7052366 -0.7052366 -0.09582179 0.703853 -0.703853 -0.09582179 0.7595729 -0.6433252 -0.118816 0.7576787 -0.641721 -0.118816 0.8080841 -0.5769599 -0.1416367 0.8056446 -0.5752181 -0.1416367 0.8503933 -0.506725 -0.1639822 0.8474249 -0.5049563 -0.1639822 0.8862302 -0.4332506 -0.1861017 0.8826969 -0.4315232 -0.1861017 0.9153168 -0.3571571 -0.2082303 0.9111707 -0.3555392 -0.2082303 0.9374185 -0.2790818 -0.2300696 0.9327169 -0.277682 -0.2300696 0.952462 -0.1997102 -0.2503429 0.9475518 -0.1986806 -0.2503429 0.9475519 -0.1986805 0.2489799 -0.2763505 -0.9282453 0.227125 -0.2778791 -0.9333796 0.227125 -0.1998526 -0.9531386 0.204909 -0.2008613 -0.9579494 0.204909 -0.1210684 -0.9712646 0.1824412 -0.1216171 -0.9756662 0.1824412 -0.04063159 -0.9823769 0.1597509 -0.04079443 -0.9863141 0.1597509 0.0407949 -0.9863141 0.1368674 0.04093676 -0.9897432 0.1368674 0.1225277 -0.9829824 0.1138635 0.1228873 -0.9858671 0.1138635 0.2038812 -0.9723516 0.09072786 0.2043695 -0.9746803 0.09072786 0.2841592 -0.9544747 0.06744819 0.2846863 -0.956245 0.06744819 0.3626796 -0.9294699 0.04409575 0.3631538 -0.9306851 0.04409575 0.4387701 -0.8975168 0.02070134 0.4391032 -0.8981981 0.02070134 0.5117763 -0.8588693 -0.002704262 0.5118841 -0.8590502 -0.002704262 0.5810747 -0.8138457 -0.02609473 0.580879 -0.8135716 -0.02609473 0.6460795 -0.7628239 -0.04943257 0.6455094 -0.7621509 -0.04943251 0.7062423 -0.7062423 -0.07268404 0.7052365 -0.7052365 -0.07268404 0.761066 -0.6445895 -0.09582167 0.759573 -0.643325 -0.09582167 0.8101033 -0.5784037 -0.1188167 0.8080831 -0.5769612 -0.1188167 0.8529686 -0.5082591 -0.1416366 0.8503935 -0.5067247 -0.1416366 0.8893338 -0.4347695 -0.1639827 0.8862293 -0.4332518 -0.1639827 0.9189798 -0.3585886 -0.1861025 0.915316 -0.357159 -0.1861025 0.9416839 -0.2803518 -0.2082304 0.9374185 -0.279082 -0.2082303 0.9572634 -0.2007157 -0.2300692 0.9524623 -0.1997091 -0.2300692 0.9657009 -0.1203745 -0.2503429 0.9607224 -0.119754 -0.2503429 0.9607223 -0.119754 0.2489802 -0.1987526 -0.9478957 0.2271252 -0.1998519 -0.9531387 0.2271252 -0.1204602 -0.9663869 0.2049091 -0.1210682 -0.9712645 0.2049091 -0.04044824 -0.9779449 0.1824412 -0.04063153 -0.9823768 0.1824412 0.04063159 -0.9823769 0.1597508 0.04079443 -0.9863141 0.1597508 0.1221032 -0.9795767 0.1368674 0.1225277 -0.9829823 0.1368674 0.2032842 -0.9695066 0.1138634 0.2038808 -0.9723517 0.1138634 0.2834805 -0.9521943 0.09072798 0.2841594 -0.9544746 0.09072792 0.3620095 -0.9277487 0.06744873 0.3626809 -0.9294693 0.06744873 0.4381965 -0.8963451 0.04409545 0.4387695 -0.897517 0.04409545 0.5113871 -0.8582184 0.02070087 0.5117753 -0.8588699 0.02070087 0.5809515 -0.8136748 -0.002704739 0.5810739 -0.8138464 -0.002704739 0.646297 -0.7630811 -0.02609479 0.6460793 -0.7628241 -0.02609479 0.706866 -0.706866 -0.04943251 0.7062423 -0.7062423 -0.04943257 0.7621515 -0.6455088 -0.07268404 0.761066 -0.6445895 -0.07268404 0.8116957 -0.5795405 -0.09582161 0.8101034 -0.5784036 -0.09582161 0.8551014 -0.5095291 -0.1188164 0.8529689 -0.5082585 -0.1188164 0.892027 -0.4360854 -0.1416364 0.8893341 -0.4347689 -0.1416364 0.9221996 -0.359843 -0.163982 0.9189805 -0.358587 -0.163982 0.9454538 -0.2814728 -0.186102 0.9416844 -0.2803505 -0.186102 0.9616187 -0.201632 -0.2082313 0.9572626 -0.2007186 -0.2082313 0.9705685 -0.1209819 -0.2300694 0.9657007 -0.1203752 -0.2300694 0.9723429 -0.0402162 -0.2503429 0.9673302 -0.0400089 -0.2503428 0.9673301 -0.04000914 0.2489804 -0.1197981 -0.9610709 0.227125 -0.1204607 -0.9663867 0.2271251 -0.0402444 -0.9730337 0.2049093 -0.04044753 -0.9779449 0.2049093 0.04044824 -0.9779449 0.1824412 0.04063153 -0.9823768 0.1824412 0.1216177 -0.9756662 0.1597515 0.1221051 -0.9795764 0.1597515 0.20258 -0.9661474 0.1368675 0.2032843 -0.9695065 0.1368674 0.2826517 -0.9494079 0.1138636 0.2834812 -0.952194 0.1138637 0.3611429 -0.9255327 0.09072721 0.3620079 -0.9277493 0.09072726 0.4373853 -0.8946858 0.06744873 0.4381965 -0.8963451 0.06744873 0.51072 -0.8570973 0.04409581 0.5113878 -0.858218 0.04409581 0.5805113 -0.8130574 0.02070111 0.5809519 -0.8136746 0.02070111 0.6461612 -0.7629202 -0.00270456 0.6462973 -0.7630809 -0.00270456 0.7071042 -0.7071042 -0.02609479 0.706866 -0.706866 -0.02609479 0.7628239 -0.6460795 -0.04943287 0.7621509 -0.6455094 -0.04943293 0.8128535 -0.5803668 -0.07268393 0.8116959 -0.5795403 -0.07268393 0.8567821 -0.5105305 -0.09582161 0.8551014 -0.5095291 -0.09582161 0.8942573 -0.4371752 -0.1188162 0.8920273 -0.436085 -0.1188162 0.9249922 -0.3609324 -0.1416363 0.9221998 -0.3598428 -0.1416362 0.9487653 -0.2824596 -0.1639824 0.9454535 -0.2814736 -0.1639824 0.9654681 -0.2024381 -0.1861017 0.961619 -0.201631 -0.1861017 0.9749855 -0.1215298 -0.2082304 0.9705689 -0.1209792 -0.2082304 0.9772443 -0.04041945 -0.2300696 0.9723428 -0.04021674 -0.2300696 0.9723428 0.0402162 -0.2503428 0.9673302 0.0400089 -0.2503429 0.9673301 0.04000914 0.2489802 -0.04002314 -0.9676812 0.227125 -0.04024451 -0.9730337 0.227125 0.0402444 -0.9730337 0.2049091 0.04044753 -0.9779449 0.2049091 0.1210684 -0.9712646 0.1824409 0.1216171 -0.9756662 0.182441 0.2017704 -0.9622911 0.1597511 0.2025791 -0.9661477 0.1597511 0.2816722 -0.9461186 0.1368674 0.2826515 -0.9494079 0.1368674 0.3600869 -0.9228244 0.1138639 0.3611436 -0.9255325 0.1138639 0.4363406 -0.892548 0.09072738 0.4373856 -0.8946856 0.09072738 0.5097733 -0.8555114 0.06744813 0.5107188 -0.8570981 0.06744813 0.5797535 -0.8119955 0.04409599 0.5805115 -0.8130571 0.04409593 0.6456708 -0.7623416 0.02070099 0.646161 -0.7629203 0.02070099 0.7069553 -0.7069553 -0.00270456 0.7071042 -0.7071042 -0.00270456 0.7630811 -0.646297 -0.02609473 0.7628241 -0.6460793 -0.02609473 0.8135714 -0.5808792 -0.04943287 0.8128535 -0.5803667 -0.04943287 0.8580038 -0.5112591 -0.07268416 0.8567818 -0.510531 -0.07268416 0.8960146 -0.4380353 -0.09582197 0.8942568 -0.437176 -0.09582197 0.927304 -0.3618363 -0.1188169 0.9249914 -0.3609339 -0.1188169 0.9516378 -0.2833161 -0.1416367 0.948765 -0.2824608 -0.1416367 0.9688502 -0.2031461 -0.163982 0.9654683 -0.202437 -0.163982 0.9788879 -0.1220183 -0.1861024 0.9749851 -0.1215318 -0.1861024 0.981691 -0.04060477 -0.2082309 0.9772441 -0.04042088 -0.2082309 0.9772441 0.04041945 -0.2300694 0.9723429 0.04021674 -0.2300694 0.9657008 0.1203745 -0.2503429 0.9607224 0.119754 -0.2503429 0.9607223 0.119754 0.2489804 0.04002314 -0.9676812 0.2271251 0.04024451 -0.9730337 0.2271251 0.1204602 -0.9663869 0.204909 0.1210682 -0.9712645 0.204909 0.200861 -0.9579494 0.1824413 0.2017713 -0.9622908 0.1824413 0.2805465 -0.9423422 0.1597506 0.2816709 -0.946119 0.1597506 0.3588383 -0.9196275 0.1368669 0.3600859 -0.9228248 0.136867 0.4350628 -0.8899369 0.1138634 0.4363395 -0.8925486 0.1138634 0.5085563 -0.8534668 0.0907278 0.5097742 -0.8555107 0.09072786 0.5786803 -0.8104922 0.06744813 0.5797535 -0.8119954 0.06744819 0.6448271 -0.7613468 0.04409557 0.6456702 -0.7623422 0.04409557 0.706419 -0.706419 0.02070099 0.7069553 -0.7069553 0.02070099 0.7629202 -0.6461612 -0.002704739 0.7630809 -0.6462973 -0.002704739 0.8138457 -0.5810747 -0.02609455 0.8135716 -0.580879 -0.02609455 0.8587621 -0.5117097 -0.04943239 0.8580044 -0.5112582 -0.04943239 0.8972926 -0.4386599 -0.0726841 0.8960146 -0.4380351 -0.0726841 0.9291269 -0.3625468 -0.09582161 0.9273043 -0.3618355 -0.09582167 0.9540177 -0.284022 -0.118816 0.9516386 -0.2833138 -0.118816 0.9717841 -0.2037611 -0.1416366 0.9688502 -0.2031459 -0.1416366 0.9823167 -0.1224455 -0.163982 0.978888 -0.1220181 -0.1639819 0.9856207 -0.04076516 -0.1861017 0.9816912 -0.04060262 -0.1861016 0.9816911 0.04060477 -0.2082304 0.9772442 0.04042088 -0.2082304 0.9705686 0.1209819 -0.2300692 0.9657008 0.1203752 -0.2300692 0.9524621 0.1997103 -0.2503429 0.9475518 0.1986806 -0.2503429 0.9475519 0.1986805 0.2489802 0.1197981 -0.9610709 0.2271252 0.1204607 -0.9663867 0.2271252 0.1998526 -0.9531385 0.2049091 0.2008613 -0.9579494 0.2049092 0.2792812 -0.9380908 0.1824414 0.2805469 -0.9423421 0.1824414 0.3574083 -0.9159555 0.1597516 0.3588407 -0.9196264 0.1597515 0.4335572 -0.8868526 0.1368677 0.4350645 -0.889936 0.1368677 0.5070678 -0.8509697 0.1138632 0.508556 -0.8534671 0.1138632 0.5772974 -0.8085561 0.09072768 0.57868 -0.8104925 0.09072768 0.6436337 -0.7599369 0.06744843 0.6448275 -0.7613463 0.06744843 0.7054965 -0.7054965 0.04409557 0.706419 -0.706419 0.04409557 0.7623416 -0.6456708 0.02070111 0.7629203 -0.646161 0.02070111 0.8136749 -0.5809515 -0.002704262 0.8138464 -0.5810739 -0.002704262 0.8590511 -0.5118829 -0.02609491 0.8587616 -0.5117104 -0.02609497 0.8980849 -0.4390473 -0.04943233 0.8972926 -0.4386599 -0.04943233 0.9304524 -0.3630632 -0.07268387 0.9291272 -0.3625462 -0.07268387 0.9558926 -0.284581 -0.09582191 0.9540175 -0.2840228 -0.09582197 0.9742133 -0.2042714 -0.1188163 0.9717838 -0.203762 -0.1188163 0.9852913 -0.1228166 -0.1416367 0.9823167 -0.1224458 -0.1416367 0.9890731 -0.04090785 -0.1639819 0.9856207 -0.0407651 -0.1639819 0.9856207 0.04076516 -0.1861024 0.981691 0.04060262 -0.1861024 0.9749854 0.1215297 -0.2082313 0.9705688 0.1209792 -0.2082313 0.9572632 0.2007157 -0.2300696 0.9524622 0.199709 -0.2300696 0.9327169 0.2776821 -0.2503428 0.9279084 0.2762506 -0.2447661 0.9341256 0.2598055 0.2489799 0.1987526 -0.9478957 0.227125 0.1998519 -0.9531388 0.2271249 0.2778797 -0.9333794 0.2049095 0.2792822 -0.9380904 0.2049095 0.3557943 -0.9118238 0.1824408 0.3574068 -0.9159562 0.1824409 0.4318248 -0.8833135 0.1597509 0.4335555 -0.8868536 0.1597509 0.5053118 -0.848021 0.136868 0.5070685 -0.8509692 0.136868 0.5756087 -0.8061897 0.1138635 0.577298 -0.8085556 0.1138635 0.6420963 -0.758121 0.0907278 0.643634 -0.7599366 0.0907278 0.7041905 -0.7041905 0.06744843 0.7054966 -0.7054966 0.06744843 0.7613467 -0.644827 0.04409593 0.7623422 -0.6456702 0.04409593 0.8130574 -0.5805112 0.02070087 0.8136746 -0.5809519 0.02070087 0.8588693 -0.5117763 -0.002704858 0.8590503 -0.5118842 -0.002704858 0.8983873 -0.4391957 -0.02609515 0.8980847 -0.4390478 -0.02609515 0.9312738 -0.3633841 -0.04943251 0.9304522 -0.3630635 -0.04943251 0.9572557 -0.2849876 -0.07268416 0.9558924 -0.2845818 -0.07268416 0.9761282 -0.2046719 -0.09582155 0.9742134 -0.2042704 -0.09582155 0.9877544 -0.123124 -0.1188164 0.9852911 -0.1228169 -0.1188164 0.992068 -0.04103296 -0.1416372 0.9890729 -0.04090911 -0.1416372 0.9890731 0.04090785 -0.1639819 0.9856207 0.0407651 -0.1639819 0.9788879 0.1220183 -0.1861017 0.9749853 0.1215318 -0.1861017 0.9616187 0.201632 -0.2082304 0.9572628 0.2007186 -0.2082303 0.9374185 0.2790818 -0.2300696 0.9327169 0.277682 -0.2300696 0.9066002 0.3537569 -0.2503427 0.9019265 0.3519332 -0.2503427 0.9019267 0.3519331 0.2463437 0.2765428 -0.9288911 0.2271248 0.2778791 -0.9333797 0.2271248 0.3540077 -0.9072446 0.2049095 0.3557944 -0.9118238 0.2049095 0.4298776 -0.8793278 0.1824412 0.4318258 -0.8833129 0.1824412 0.5032942 -0.8446362 0.1597506 0.5053113 -0.8480214 0.1597506 0.5736137 -0.8033972 0.1368676 0.5756079 -0.8061903 0.1368676 0.6402173 -0.7559028 0.1138635 0.6420962 -0.7581211 0.1138635 0.7025081 -0.7025081 0.0907278 0.7041904 -0.7041904 0.0907278 0.7599369 -0.6436337 0.06744819 0.7613463 -0.6448275 0.06744813 0.8119955 -0.5797535 0.04409581 0.8130571 -0.5805115 0.04409581 0.8582184 -0.5113871 0.02070134 0.8588699 -0.5117753 0.02070134 0.8981984 -0.4391025 -0.00270456 0.8983877 -0.439195 -0.00270456 0.9315878 -0.3635064 -0.02609509 0.931274 -0.363384 -0.02609509 0.9581007 -0.2852404 -0.04943299 0.9572554 -0.2849887 -0.04943293 0.9775204 -0.2049641 -0.07268428 0.9761282 -0.2046722 -0.07268428 0.9896958 -0.1233664 -0.09582173 0.9877543 -0.1231244 -0.09582173 0.9945482 -0.04113531 -0.1188163 0.9920681 -0.04103273 -0.1188163 0.992068 0.04103296 -0.1416367 0.989073 0.04090911 -0.1416367 0.9823167 0.1224455 -0.163982 0.9788879 0.1220181 -0.163982 0.9654681 0.2024381 -0.186102 0.961619 0.201631 -0.186102 0.9416841 0.2803519 -0.2082303 0.9374185 0.279082 -0.2082303 0.9111703 0.35554 -0.2300696 0.9066003 0.3537569 -0.2300696 0.8742911 0.4274144 -0.2503426 0.869784 0.425211 -0.2503427 0.8697839 0.4252111 0.2489802 0.3520606 -0.9022539 0.2271249 0.354008 -0.9072446 0.2271249 0.4277186 -0.8749121 0.2049094 0.4298774 -0.879328 0.2049095 0.5010232 -0.8408257 0.1824411 0.5032939 -0.8446363 0.1824411 0.5713243 -0.8001899 0.1597508 0.5736141 -0.8033969 0.1597508 0.637999 -0.7532841 0.1368675 0.6402171 -0.755903 0.1368675 0.7004525 -0.7004525 0.1138635 0.702508 -0.702508 0.1138635 0.758121 -0.6420963 0.09072768 0.7599367 -0.643634 0.09072768 0.8104922 -0.5786803 0.06744813 0.8119955 -0.5797536 0.06744813 0.8570973 -0.51072 0.04409545 0.858218 -0.5113878 0.04409545 0.8975168 -0.4387701 0.02070105 0.8981981 -0.4391032 0.02070105 0.9313914 -0.3634303 -0.002704799 0.9315876 -0.3635069 -0.002704799 0.9584243 -0.2853343 -0.02609413 0.9581014 -0.2852382 -0.02609413 0.9783838 -0.2051438 -0.04943239 0.9775207 -0.2049628 -0.04943239 0.9911075 -0.1235411 -0.07268375 0.989696 -0.1233652 -0.07268375 0.9965031 -0.04121524 -0.09582138 0.9945483 -0.04113435 -0.09582138 0.9945483 0.04113531 -0.1188164 0.992068 0.04103273 -0.1188164 0.9852913 0.1228166 -0.1416366 0.9823167 0.1224458 -0.1416366 0.9688502 0.2031461 -0.1639824 0.9654683 0.202437 -0.1639824 0.9454538 0.2814728 -0.1861025 0.9416844 0.2803505 -0.1861025 0.9153168 0.357157 -0.2082306 0.9111707 0.3555392 -0.2082306 0.8786981 0.4295692 -0.2300695 0.874291 0.4274147 -0.2300695 0.8360089 0.4981537 -0.2503427 0.8316991 0.4955856 -0.2503426 0.8316992 0.4955855 0.2489799 0.4253661 -0.8700992 0.227125 0.4277188 -0.8749119 0.227125 0.4985066 -0.8366035 0.2049092 0.5010227 -0.8408261 0.2049092 0.5687468 -0.7965797 0.1824412 0.5713244 -0.8001897 0.1824412 0.6354524 -0.7502769 0.1597509 0.6379992 -0.7532839 0.1597509 0.6980257 -0.6980257 0.1368675 0.7004525 -0.7004525 0.1368675 0.7559028 -0.6402173 0.1138635 0.7581211 -0.6420962 0.1138635 0.808556 -0.5772973 0.09072786 0.8104925 -0.57868 0.0907278 0.8555114 -0.5097733 0.06744873 0.857098 -0.5107187 0.06744873 0.8963451 -0.4381965 0.04409575 0.897517 -0.4387695 0.04409575 0.9306851 -0.3631541 0.02070128 0.9313915 -0.3634297 0.02070128 0.9582223 -0.2852743 -0.002704858 0.9584242 -0.2853344 -0.002704858 0.9787132 -0.2052149 -0.02609497 0.9783836 -0.2051457 -0.02609497 0.9919825 -0.1236513 -0.04943281 0.9911074 -0.1235421 -0.04943281 0.9979242 -0.04127448 -0.07268393 0.996503 -0.04121571 -0.07268393 0.9965031 0.04121524 -0.09582173 0.9945482 0.04113435 -0.09582173 0.9877544 0.123124 -0.1188163 0.9852912 0.1228169 -0.1188163 0.9717839 0.2037611 -0.1416367 0.9688502 0.2031459 -0.1416367 0.9487653 0.2824596 -0.163982 0.9454535 0.2814737 -0.163982 0.91898 0.3585886 -0.1861017 0.9153161 0.357159 -0.1861017 0.8826968 0.4315235 -0.2082308 0.8786982 0.4295687 -0.2082307 0.8402233 0.5006642 -0.2300696 0.8360092 0.4981532 -0.2300697 0.7920167 0.5654888 -0.2503426 0.7879337 0.5625736 -0.2503425 0.787934 0.5625732 -0.2503426 0.7387854 0.6257194 -0.2300695 0.7426137 0.6289618 -0.2300696 0.7920165 0.5654891 -0.2082306 0.7960089 0.5683396 -0.2082306 0.840223 0.5006648 -0.1861019 0.8440464 0.5029431 -0.1861019 0.8826969 0.4315232 -0.1639827 0.8862301 0.4332505 -0.1639827 0.9189804 0.3585869 -0.1416363 0.9221996 0.359843 -0.1416362 0.948765 0.2824608 -0.118816 0.951638 0.2833161 -0.118816 0.9717838 0.203762 -0.09582155 0.9742133 0.2042714 -0.09582155 0.9877544 0.1231244 -0.07268375 0.9896959 0.1233664 -0.07268375 0.996503 0.04121571 -0.04943257 0.9979242 0.04127448 -0.04943257 0.9979243 -0.04127389 -0.02609467 0.9988055 -0.04131036 -0.02609467 0.9919826 -0.1236505 -0.002705097 0.992317 -0.1236922 -0.002705097 0.9787131 -0.2052155 0.02070087 0.978507 -0.2051722 0.02070087 0.9582221 -0.2852753 0.04409581 0.9574951 -0.2850589 0.04409581 0.9306851 -0.3631538 0.06744873 0.9294698 -0.3626796 0.06744873 0.8963451 -0.4381965 0.09072738 0.8946858 -0.4373853 0.09072738 0.8555108 -0.5097743 0.1138632 0.8534668 -0.5085563 0.1138632 0.8085557 -0.5772981 0.1368677 0.8061897 -0.5756087 0.1368676 0.755903 -0.6402171 0.1597509 0.753284 -0.6379989 0.1597509 0.6980257 -0.6980257 0.1824411 0.6952393 -0.6952393 0.1824411 0.6354523 -0.7502771 0.2049095 0.6325854 -0.7468921 0.2049095 0.5687474 -0.7965793 0.2271252 0.5658912 -0.7925789 0.2271252 0.4985072 -0.8366031 0.2489801 0.495765 -0.8320012 0.2489799 0.4957653 -0.832001 -0.2503426 0.7387853 0.6257195 -0.250493 0.6985643 0.6702694 -0.2472812 0.6851467 0.6851467 -0.250493 0.6702694 0.6985643 -0.2503426 0.6257194 0.7387854 -0.2503425 0.6257195 0.7387853 -0.2503425 0.5625736 0.7879337 -0.2503427 0.5625732 0.787934 -0.2503426 0.4955856 0.8316991 -0.2503427 0.4955855 0.8316992 -0.2503427 0.425211 0.8697839 -0.2503426 0.4252111 0.8697839 -0.2503427 0.3519332 0.9019266 -0.2503427 0.3519331 0.9019267 -0.2505049 0.2977377 0.9211946 0.2489802 0.8700992 -0.4253661 0.2271249 0.8749119 -0.4277188 0.2271249 0.9072446 -0.3540077 0.2049095 0.9118238 -0.3557944 0.2049095 0.9380906 -0.2792811 0.1824413 0.9423421 -0.2805469 0.1824413 0.962291 -0.2017704 0.1597515 0.9661476 -0.202579 0.1597515 0.9795765 -0.1221032 0.1368674 0.9829823 -0.1225277 0.1368674 0.9897432 -0.0409367 0.1138634 0.9926477 -0.04105687 0.1138634 0.9926478 0.04105538 0.09072762 0.995025 0.04115366 0.09072762 0.9882281 0.1231819 0.06744831 0.9900609 0.1234104 0.06744837 0.9764878 0.2047493 0.04409617 0.9777645 0.205017 0.04409617 0.9574951 0.2850589 0.02070128 0.958222 0.2852753 0.02070128 0.9313914 0.3634303 -0.00270456 0.9315876 0.3635069 -0.00270456 0.8983873 0.4391957 -0.02609497 0.8980847 0.4390478 -0.02609497 0.8587621 0.5117097 -0.04943287 0.8580043 0.5112582 -0.04943287 0.8128535 0.5803668 -0.07268404 0.8116959 0.5795403 -0.07268404 0.761066 0.6445895 -0.09582179 0.759573 0.643325 -0.09582179 0.703853 0.703853 -0.1188163 0.7020978 0.7020978 -0.1188163 0.6417214 0.7576783 -0.1416369 0.639784 0.7553908 -0.1416369 0.5752184 0.8056443 -0.163982 0.5732106 0.8028321 -0.163982 0.5049561 0.8474251 -0.1861019 0.5029429 0.8440465 -0.1861019 0.4315235 0.8826968 -0.2082306 0.4295687 0.8786982 -0.2082306 0.35554 0.9111703 -0.2300696 0.3537569 0.9066003 -0.2300696 0.2776821 0.9327167 -0.2473289 0.2764715 0.9286506 -0.25048 0.2594142 0.9327186 0.2489801 0.9022539 -0.3520606 0.2271248 0.9072446 -0.354008 0.2271248 0.9333795 -0.2778797 0.2049092 0.9380905 -0.2792822 0.2049091 0.9579494 -0.200861 0.1824409 0.9622908 -0.2017713 0.182441 0.9756662 -0.1216177 0.1597508 0.9795764 -0.1221051 0.1597508 0.9863141 -0.0407949 0.1368674 0.9897432 -0.04093676 0.1368674 0.9897432 0.0409367 0.113864 0.9926477 0.04105687 0.113864 0.9858669 0.1228884 0.09072792 0.9882279 0.1231827 0.09072786 0.9746802 0.2043696 0.06744807 0.976488 0.2047486 0.06744807 0.9562451 0.284686 0.04409587 0.9574954 0.2850582 0.04409581 0.9306851 0.3631541 0.02070105 0.9313916 0.3634298 0.02070105 0.8981984 0.4391025 -0.002704858 0.8983877 0.439195 -0.002704858 0.8590511 0.5118829 -0.02609455 0.8587616 0.5117104 -0.02609461 0.8135714 0.5808792 -0.04943293 0.8128535 0.5803667 -0.04943287 0.7621514 0.6455088 -0.07268404 0.761066 0.6445895 -0.07268404 0.7052366 0.7052366 -0.09582179 0.703853 0.703853 -0.09582179 0.6433252 0.7595729 -0.118816 0.641721 0.7576787 -0.118816 0.5769599 0.8080841 -0.1416367 0.5752181 0.8056446 -0.1416367 0.506725 0.8503933 -0.1639822 0.5049563 0.8474249 -0.1639822 0.4332506 0.8862302 -0.1861017 0.4315232 0.8826969 -0.1861017 0.3571571 0.9153168 -0.2082303 0.3555392 0.9111707 -0.2082303 0.2790818 0.9374185 -0.2300696 0.277682 0.9327169 -0.2300696 0.1997102 0.952462 -0.2503429 0.1986806 0.9475518 -0.2503429 0.1986805 0.9475519 0.2489799 0.9282453 -0.2763505 0.227125 0.9333796 -0.2778791 0.227125 0.9531386 -0.1998526 0.204909 0.9579494 -0.2008613 0.204909 0.9712646 -0.1210684 0.1824412 0.9756662 -0.1216171 0.1824412 0.9823769 -0.04063159 0.1597509 0.9863141 -0.04079443 0.1597509 0.9863141 0.0407949 0.1368674 0.9897432 0.04093676 0.1368674 0.9829824 0.1225277 0.1138635 0.9858671 0.1228873 0.1138635 0.9723516 0.2038812 0.09072786 0.9746803 0.2043695 0.09072786 0.9544747 0.2841592 0.06744819 0.956245 0.2846863 0.06744819 0.9294699 0.3626796 0.04409575 0.9306851 0.3631538 0.04409575 0.8975168 0.4387701 0.02070134 0.8981981 0.4391032 0.02070134 0.8588693 0.5117762 -0.002704262 0.8590503 0.5118842 -0.002704262 0.8138457 0.5810747 -0.02609473 0.8135716 0.580879 -0.02609473 0.7628239 0.6460795 -0.04943257 0.7621509 0.6455094 -0.04943251 0.7062423 0.7062423 -0.07268404 0.7052365 0.7052365 -0.07268404 0.6445895 0.761066 -0.09582167 0.643325 0.759573 -0.09582167 0.5784037 0.8101033 -0.1188167 0.5769612 0.8080831 -0.1188167 0.5082591 0.8529686 -0.1416366 0.5067247 0.8503935 -0.1416366 0.4347695 0.8893338 -0.1639827 0.4332518 0.8862293 -0.1639827 0.3585886 0.9189798 -0.1861025 0.357159 0.915316 -0.1861025 0.2803519 0.941684 -0.2082304 0.279082 0.9374185 -0.2082303 0.2007157 0.9572634 -0.2300692 0.1997091 0.9524623 -0.2300692 0.1203745 0.9657009 -0.2503429 0.119754 0.9607224 -0.2503429 0.119754 0.9607223 0.2489802 0.9478957 -0.1987526 0.2271252 0.9531388 -0.1998519 0.2271252 0.9663869 -0.1204602 0.2049091 0.9712645 -0.1210682 0.2049091 0.9779449 -0.04044824 0.1824412 0.9823768 -0.04063153 0.1824412 0.9823769 0.04063159 0.1597508 0.9863141 0.04079443 0.1597508 0.9795767 0.1221032 0.1368674 0.9829823 0.1225277 0.1368674 0.9695066 0.2032842 0.1138634 0.9723517 0.2038808 0.1138634 0.9521943 0.2834805 0.09072798 0.9544746 0.2841594 0.09072792 0.9277487 0.3620095 0.06744873 0.9294693 0.3626809 0.06744873 0.8963451 0.4381965 0.04409545 0.897517 0.4387695 0.04409545 0.8582184 0.5113871 0.02070087 0.85887 0.5117753 0.02070087 0.8136749 0.5809515 -0.002704739 0.8138464 0.5810739 -0.002704739 0.7630811 0.646297 -0.02609479 0.7628241 0.6460793 -0.02609479 0.706866 0.706866 -0.04943251 0.7062423 0.7062423 -0.04943257 0.6455088 0.7621515 -0.07268404 0.6445895 0.761066 -0.07268404 0.5795404 0.8116956 -0.09582161 0.5784036 0.8101034 -0.09582161 0.5095291 0.8551014 -0.1188164 0.5082585 0.8529689 -0.1188164 0.4360854 0.892027 -0.1416364 0.4347689 0.8893341 -0.1416364 0.359843 0.9221996 -0.163982 0.358587 0.9189805 -0.163982 0.2814728 0.9454538 -0.186102 0.2803505 0.9416844 -0.186102 0.201632 0.9616187 -0.2082313 0.2007186 0.9572626 -0.2082313 0.1209819 0.9705685 -0.2300694 0.1203752 0.9657007 -0.2300694 0.0402162 0.9723429 -0.2503429 0.0400089 0.9673302 -0.2503429 0.04000914 0.9673302 0.2489804 0.9610709 -0.1197981 0.227125 0.9663867 -0.1204607 0.2271251 0.9730337 -0.0402444 0.2049093 0.9779449 -0.04044753 0.2049093 0.9779449 0.04044824 0.1824412 0.9823768 0.04063153 0.1824412 0.9756662 0.1216177 0.1597515 0.9795764 0.1221051 0.1597515 0.9661474 0.20258 0.1368675 0.9695066 0.2032843 0.1368674 0.9494079 0.2826517 0.1138636 0.952194 0.2834812 0.1138637 0.9255327 0.3611429 0.09072721 0.9277493 0.3620079 0.09072726 0.8946858 0.4373853 0.06744873 0.8963451 0.4381965 0.06744873 0.8570973 0.51072 0.04409581 0.858218 0.5113878 0.04409581 0.8130574 0.5805112 0.02070111 0.8136746 0.5809519 0.02070111 0.7629202 0.6461612 -0.00270456 0.7630809 0.6462973 -0.00270456 0.7071042 0.7071042 -0.02609479 0.706866 0.706866 -0.02609479 0.6460795 0.7628239 -0.04943287 0.6455094 0.7621509 -0.04943293 0.5803668 0.8128535 -0.07268393 0.5795403 0.8116959 -0.07268393 0.5105305 0.8567821 -0.09582161 0.5095291 0.8551014 -0.09582161 0.4371752 0.8942573 -0.1188162 0.436085 0.8920273 -0.1188162 0.3609324 0.9249922 -0.1416363 0.3598427 0.9221997 -0.1416362 0.2824596 0.9487653 -0.1639824 0.2814736 0.9454535 -0.1639824 0.2024381 0.9654681 -0.1861017 0.201631 0.961619 -0.1861017 0.1215298 0.9749855 -0.2082304 0.1209792 0.9705689 -0.2082304 0.04041945 0.9772443 -0.2300696 0.04021674 0.9723428 -0.2300696 -0.0402162 0.9723428 -0.2503428 -0.0400089 0.9673302 -0.2503429 -0.04000914 0.9673301 0.2489802 0.9676813 -0.04002314 0.227125 0.9730337 -0.04024451 0.227125 0.9730337 0.0402444 0.2049091 0.9779449 0.04044753 0.2049091 0.9712646 0.1210684 0.1824409 0.9756662 0.1216171 0.182441 0.9622911 0.2017704 0.1597511 0.9661477 0.2025791 0.1597511 0.9461186 0.2816722 0.1368674 0.9494079 0.2826515 0.1368674 0.9228244 0.3600869 0.1138639 0.9255325 0.3611436 0.1138639 0.892548 0.4363406 0.09072738 0.8946856 0.4373856 0.09072738 0.8555114 0.5097733 0.06744813 0.8570981 0.5107188 0.06744813 0.8119955 0.5797535 0.04409599 0.8130571 0.5805115 0.04409593 0.7623416 0.6456708 0.02070099 0.7629203 0.646161 0.02070099 0.7069553 0.7069553 -0.00270456 0.7071042 0.7071042 -0.00270456 0.646297 0.7630811 -0.02609473 0.6460793 0.7628241 -0.02609473 0.5808792 0.8135714 -0.04943287 0.5803667 0.8128535 -0.04943287 0.5112591 0.8580038 -0.07268416 0.510531 0.8567818 -0.07268416 0.4380353 0.8960146 -0.09582197 0.437176 0.8942568 -0.09582197 0.3618363 0.927304 -0.1188169 0.3609339 0.9249914 -0.1188169 0.2833161 0.9516378 -0.1416367 0.2824608 0.948765 -0.1416367 0.2031461 0.9688502 -0.163982 0.202437 0.9654683 -0.163982 0.1220183 0.9788879 -0.1861024 0.1215318 0.9749851 -0.1861024 0.04060477 0.981691 -0.2082309 0.04042088 0.9772441 -0.2082309 -0.04041945 0.9772441 -0.2300694 -0.04021674 0.9723429 -0.2300694 -0.1203745 0.9657008 -0.2503429 -0.119754 0.9607224 -0.2503429 -0.119754 0.9607223 0.2489804 0.9676812 0.04002314 0.2271251 0.9730337 0.04024451 0.2271251 0.9663869 0.1204602 0.204909 0.9712645 0.1210682 0.204909 0.9579494 0.200861 0.1824412 0.9622907 0.2017713 0.1824413 0.9423422 0.2805465 0.1597506 0.946119 0.2816709 0.1597506 0.9196275 0.3588383 0.1368669 0.9228248 0.3600859 0.136867 0.8899369 0.4350628 0.1138634 0.8925486 0.4363395 0.1138634 0.8534668 0.5085563 0.0907278 0.8555108 0.5097743 0.09072786 0.8104922 0.5786803 0.06744813 0.8119955 0.5797536 0.06744819 0.7613468 0.6448271 0.04409557 0.7623422 0.6456702 0.04409557 0.706419 0.706419 0.02070099 0.7069553 0.7069553 0.02070099 0.6461612 0.7629202 -0.002704739 0.6462973 0.7630809 -0.002704739 0.5810747 0.8138457 -0.02609455 0.580879 0.8135716 -0.02609455 0.5117097 0.8587621 -0.04943239 0.5112582 0.8580044 -0.04943239 0.4386599 0.8972926 -0.0726841 0.4380351 0.8960146 -0.0726841 0.3625468 0.9291269 -0.09582161 0.3618355 0.9273043 -0.09582167 0.284022 0.9540177 -0.118816 0.2833138 0.9516386 -0.118816 0.2037611 0.9717841 -0.1416366 0.2031459 0.9688502 -0.1416366 0.1224455 0.9823167 -0.1639819 0.1220181 0.9788879 -0.1639819 0.04076516 0.9856207 -0.1861017 0.04060262 0.9816913 -0.1861017 -0.04060482 0.9816911 -0.2082304 -0.04042088 0.9772442 -0.2082304 -0.1209819 0.9705686 -0.2300692 -0.1203752 0.9657008 -0.2300692 -0.1997103 0.9524621 -0.2503429 -0.1986806 0.9475518 -0.2503429 -0.1986805 0.9475519 0.2489802 0.9610709 0.1197981 0.2271252 0.9663867 0.1204607 0.2271252 0.9531385 0.1998526 0.2049091 0.9579494 0.2008613 0.2049092 0.9380908 0.2792812 0.1824414 0.9423421 0.2805469 0.1824414 0.9159555 0.3574083 0.1597516 0.9196264 0.3588407 0.1597515 0.8868526 0.4335572 0.1368677 0.889936 0.4350646 0.1368677 0.8509697 0.5070678 0.1138632 0.8534671 0.508556 0.1138632 0.8085561 0.5772974 0.09072768 0.8104925 0.57868 0.09072768 0.7599369 0.6436337 0.06744843 0.7613463 0.6448275 0.06744843 0.7054965 0.7054965 0.04409557 0.706419 0.706419 0.04409557 0.6456708 0.7623416 0.02070111 0.646161 0.7629203 0.02070111 0.5809515 0.8136748 -0.002704262 0.5810739 0.8138464 -0.002704262 0.5118829 0.859051 -0.02609491 0.5117104 0.8587616 -0.02609497 0.4390473 0.8980849 -0.04943233 0.4386599 0.8972926 -0.04943233 0.3630632 0.9304524 -0.07268387 0.3625462 0.9291272 -0.07268387 0.284581 0.9558926 -0.09582191 0.2840228 0.9540175 -0.09582197 0.2042714 0.9742133 -0.1188163 0.203762 0.9717838 -0.1188163 0.1228166 0.9852913 -0.1416367 0.1224458 0.9823167 -0.1416367 0.04090785 0.9890731 -0.1639819 0.0407651 0.9856207 -0.1639819 -0.04076516 0.9856207 -0.1861024 -0.04060262 0.9816911 -0.1861024 -0.1215297 0.9749854 -0.2082313 -0.1209792 0.9705688 -0.2082313 -0.2007157 0.9572633 -0.2300696 -0.199709 0.9524622 -0.2300696 -0.2776821 0.9327167 -0.2503428 -0.2762506 0.9279084 -0.2447661 -0.2598055 0.9341256 0.2489799 0.9478957 0.1987526 0.227125 0.9531388 0.1998519 0.2271249 0.9333794 0.2778797 0.2049095 0.9380904 0.2792822 0.2049095 0.9118237 0.3557943 0.1824408 0.9159562 0.3574068 0.1824409 0.8833135 0.4318248 0.1597509 0.8868536 0.4335555 0.1597509 0.848021 0.5053118 0.136868 0.8509693 0.5070686 0.136868 0.8061897 0.5756087 0.1138635 0.8085556 0.577298 0.1138635 0.758121 0.6420963 0.0907278 0.7599366 0.643634 0.0907278 0.7041905 0.7041905 0.06744843 0.7054966 0.7054966 0.06744843 0.644827 0.7613467 0.04409593 0.6456702 0.7623422 0.04409593 0.5805112 0.8130574 0.02070087 0.5809519 0.8136746 0.02070087 0.5117763 0.8588693 -0.002704858 0.5118841 0.8590502 -0.002704858 0.4391957 0.8983873 -0.02609515 0.4390478 0.8980847 -0.02609515 0.3633841 0.9312738 -0.04943251 0.3630635 0.9304522 -0.04943251 0.2849876 0.9572557 -0.07268416 0.2845818 0.9558924 -0.07268416 0.2046719 0.9761283 -0.09582155 0.2042704 0.9742134 -0.09582155 0.123124 0.9877544 -0.1188164 0.1228169 0.9852912 -0.1188164 0.04103296 0.992068 -0.1416372 0.04090911 0.989073 -0.1416372 -0.04090785 0.989073 -0.1639819 -0.0407651 0.9856207 -0.1639819 -0.1220183 0.9788879 -0.1861017 -0.1215318 0.9749853 -0.1861017 -0.201632 0.9616187 -0.2082304 -0.2007186 0.9572628 -0.2082303 -0.2790818 0.9374185 -0.2300696 -0.277682 0.9327169 -0.2300696 -0.3537569 0.9066002 -0.2503427 -0.3519332 0.9019265 -0.2503427 -0.3519331 0.9019267 0.2463437 0.9288911 0.2765428 0.2271248 0.9333797 0.2778791 0.2271248 0.9072446 0.3540077 0.2049095 0.9118236 0.3557944 0.2049095 0.8793278 0.4298776 0.1824412 0.8833129 0.4318258 0.1824412 0.8446361 0.5032941 0.1597506 0.8480214 0.5053113 0.1597506 0.8033972 0.5736137 0.1368676 0.8061903 0.5756079 0.1368676 0.7559028 0.6402173 0.1138635 0.7581211 0.6420962 0.1138635 0.7025081 0.7025081 0.0907278 0.7041904 0.7041904 0.0907278 0.6436337 0.7599369 0.06744819 0.6448275 0.7613463 0.06744813 0.5797535 0.8119955 0.04409581 0.5805115 0.8130571 0.04409581 0.5113871 0.8582184 0.02070134 0.5117753 0.8588699 0.02070134 0.4391025 0.8981984 -0.00270456 0.439195 0.8983877 -0.00270456 0.3635064 0.9315878 -0.02609509 0.363384 0.931274 -0.02609509 0.2852404 0.9581007 -0.04943299 0.2849887 0.9572554 -0.04943293 0.2049641 0.9775204 -0.07268428 0.2046722 0.9761282 -0.07268428 0.1233664 0.9896958 -0.09582173 0.1231244 0.9877543 -0.09582173 0.04113531 0.9945482 -0.1188163 0.04103273 0.992068 -0.1188163 -0.04103296 0.992068 -0.1416367 -0.04090911 0.989073 -0.1416367 -0.1224455 0.9823167 -0.163982 -0.1220181 0.9788879 -0.163982 -0.2024381 0.9654681 -0.186102 -0.201631 0.961619 -0.186102 -0.2803519 0.9416841 -0.2082303 -0.279082 0.9374185 -0.2082303 -0.3555401 0.9111704 -0.2300696 -0.3537569 0.9066003 -0.2300696 -0.4274144 0.8742911 -0.2503426 -0.425211 0.869784 -0.2503427 -0.4252111 0.8697839 0.2489802 0.9022539 0.3520606 0.2271249 0.9072446 0.354008 0.2271249 0.8749121 0.4277186 0.2049094 0.879328 0.4298774 0.2049095 0.8408257 0.5010232 0.1824411 0.8446363 0.5032939 0.1824411 0.8001899 0.5713243 0.1597508 0.8033969 0.5736141 0.1597508 0.7532841 0.637999 0.1368675 0.755903 0.6402171 0.1368675 0.7004525 0.7004525 0.1138635 0.702508 0.702508 0.1138635 0.6420963 0.758121 0.09072768 0.643634 0.7599367 0.09072768 0.5786803 0.8104922 0.06744813 0.5797535 0.8119954 0.06744813 0.51072 0.8570973 0.04409545 0.5113878 0.858218 0.04409545 0.4387701 0.8975168 0.02070105 0.4391032 0.8981981 0.02070105 0.3634303 0.9313914 -0.002704799 0.3635069 0.9315876 -0.002704799 0.2853343 0.9584243 -0.02609413 0.2852382 0.9581014 -0.02609413 0.2051438 0.9783839 -0.04943239 0.2049628 0.9775207 -0.04943239 0.1235411 0.9911075 -0.07268375 0.1233652 0.989696 -0.07268375 0.04121524 0.9965031 -0.09582138 0.04113435 0.9945483 -0.09582138 -0.04113531 0.9945483 -0.1188164 -0.04103273 0.992068 -0.1188164 -0.1228166 0.9852913 -0.1416366 -0.1224458 0.9823167 -0.1416366 -0.2031461 0.9688502 -0.1639824 -0.202437 0.9654683 -0.1639824 -0.2814728 0.9454538 -0.1861025 -0.2803505 0.9416844 -0.1861025 -0.357157 0.9153168 -0.2082306 -0.3555392 0.9111707 -0.2082306 -0.4295692 0.8786981 -0.2300695 -0.4274147 0.874291 -0.2300695 -0.4981537 0.8360089 -0.2503427 -0.4955856 0.8316991 -0.2503426 -0.4955855 0.8316992 0.2489799 0.8700992 0.4253661 0.227125 0.8749119 0.4277188 0.227125 0.8366035 0.4985066 0.2049092 0.840826 0.5010226 0.2049092 0.7965797 0.5687468 0.1824412 0.8001898 0.5713244 0.1824412 0.7502769 0.6354524 0.1597509 0.7532839 0.6379992 0.1597509 0.6980257 0.6980257 0.1368675 0.7004525 0.7004525 0.1368675 0.6402173 0.7559028 0.1138635 0.6420962 0.7581211 0.1138635 0.5772973 0.808556 0.09072786 0.57868 0.8104925 0.0907278 0.5097733 0.8555114 0.06744873 0.5107188 0.8570981 0.06744873 0.4381965 0.8963451 0.04409575 0.4387695 0.897517 0.04409575 0.3631541 0.9306851 0.02070128 0.3634298 0.9313916 0.02070128 0.2852743 0.9582223 -0.002704858 0.2853344 0.9584242 -0.002704858 0.2052149 0.9787132 -0.02609497 0.2051457 0.9783836 -0.02609497 0.1236513 0.9919825 -0.04943281 0.1235421 0.9911074 -0.04943281 0.04127448 0.9979242 -0.07268393 0.04121571 0.996503 -0.07268393 -0.04121524 0.9965031 -0.09582173 -0.04113435 0.9945482 -0.09582173 -0.123124 0.9877544 -0.1188163 -0.1228169 0.9852912 -0.1188163 -0.2037611 0.9717839 -0.1416367 -0.2031459 0.9688502 -0.1416367 -0.2824596 0.9487653 -0.163982 -0.2814737 0.9454537 -0.163982 -0.3585886 0.91898 -0.1861017 -0.3571591 0.9153162 -0.1861017 -0.4315235 0.8826968 -0.2082308 -0.4295687 0.8786982 -0.2082307 -0.5006642 0.8402233 -0.2300696 -0.4981532 0.8360092 -0.2300697 -0.5654888 0.7920167 -0.2503426 -0.5625736 0.7879337 -0.2503425 -0.5625732 0.787934 -0.2503426 -0.6257194 0.7387854 -0.2300695 -0.6289618 0.7426137 -0.2300696 -0.5654891 0.7920165 -0.2082306 -0.5683396 0.7960089 -0.2082306 -0.5006648 0.840223 -0.1861019 -0.5029431 0.8440464 -0.1861019 -0.4315232 0.8826969 -0.1639827 -0.4332505 0.8862301 -0.1639827 -0.358587 0.9189805 -0.1416363 -0.359843 0.9221996 -0.1416363 -0.2824608 0.948765 -0.118816 -0.2833161 0.9516379 -0.118816 -0.203762 0.9717838 -0.09582155 -0.2042714 0.9742133 -0.09582155 -0.1231244 0.9877544 -0.07268375 -0.1233664 0.9896959 -0.07268375 -0.04121571 0.9965031 -0.04943257 -0.04127448 0.9979243 -0.04943257 0.04127389 0.9979243 -0.02609467 0.04131036 0.9988055 -0.02609467 0.1236505 0.9919826 -0.002705097 0.1236922 0.9923169 -0.002705097 0.2052155 0.9787131 0.02070087 0.2051722 0.978507 0.02070087 0.2852753 0.9582221 0.04409581 0.2850589 0.9574951 0.04409581 0.3631538 0.9306851 0.06744873 0.3626796 0.9294699 0.06744873 0.4381965 0.8963451 0.09072738 0.4373853 0.8946858 0.09072738 0.5097743 0.8555108 0.1138632 0.5085563 0.8534668 0.1138632 0.577298 0.8085556 0.1368677 0.5756087 0.8061897 0.1368676 0.6402171 0.755903 0.1597509 0.6379989 0.753284 0.1597509 0.6980257 0.6980257 0.1824411 0.6952393 0.6952393 0.1824411 0.7502771 0.6354523 0.2049095 0.7468921 0.6325854 0.2049095 0.7965793 0.5687474 0.2271252 0.7925789 0.5658912 0.2271252 0.8366031 0.4985072 0.2489801 0.8320012 0.495765 0.2489799 0.832001 0.4957653 -0.2503426 -0.6257195 0.7387853 -0.250493 -0.6702694 0.6985643 -0.2472812 -0.6851467 0.6851467 -0.250493 -0.6985643 0.6702694 -0.2503426 -0.7387854 0.6257194 -0.2503425 -0.7387853 0.6257195 -0.2503425 -0.7879338 0.5625737 -0.2503427 -0.787934 0.5625732 -0.2503426 -0.8316991 0.4955856 -0.2503427 -0.8316992 0.4955855 -0.2503427 -0.8697839 0.425211 -0.2503426 -0.8697839 0.4252111 -0.2503426 -0.9019265 0.3519331 -0.2503427 -0.9019267 0.3519331 -0.2505049 -0.9211946 0.2977377 0.2489802 0.4253661 0.8700992 0.2271249 0.4277188 0.8749119 0.2271249 0.3540077 0.9072446 0.2049095 0.3557944 0.9118238 0.2049095 0.2792811 0.9380906 0.1824413 0.2805469 0.9423421 0.1824413 0.2017704 0.962291 0.1597515 0.202579 0.9661476 0.1597515 0.1221032 0.9795765 0.1368674 0.1225277 0.9829823 0.1368674 0.0409367 0.9897432 0.1138634 0.04105687 0.9926477 0.1138634 -0.04105538 0.9926478 0.09072762 -0.04115366 0.995025 0.09072762 -0.1231819 0.9882281 0.06744831 -0.1234104 0.9900609 0.06744837 -0.2047493 0.9764878 0.04409617 -0.205017 0.9777645 0.04409617 -0.2850589 0.9574951 0.02070128 -0.2852753 0.958222 0.02070128 -0.3634303 0.9313914 -0.00270456 -0.3635069 0.9315876 -0.00270456 -0.4391957 0.8983873 -0.02609497 -0.4390478 0.8980847 -0.02609497 -0.5117096 0.858762 -0.04943287 -0.5112582 0.8580043 -0.04943287 -0.5803668 0.8128535 -0.07268404 -0.5795403 0.8116959 -0.07268404 -0.6445895 0.761066 -0.09582179 -0.643325 0.759573 -0.09582179 -0.703853 0.703853 -0.1188163 -0.7020978 0.7020978 -0.1188163 -0.7576783 0.6417214 -0.1416369 -0.7553908 0.639784 -0.1416369 -0.8056443 0.5752184 -0.163982 -0.8028321 0.5732106 -0.163982 -0.8474251 0.5049561 -0.1861019 -0.8440465 0.5029429 -0.1861019 -0.8826968 0.4315235 -0.2082306 -0.8786982 0.4295687 -0.2082306 -0.9111703 0.35554 -0.2300696 -0.9066003 0.3537569 -0.2300696 -0.9327167 0.2776821 -0.2473289 -0.9286506 0.2764715 -0.25048 -0.9327186 0.2594142 0.2489801 0.3520606 0.9022539 0.2271248 0.354008 0.9072446 0.2271248 0.2778797 0.9333794 0.2049092 0.2792822 0.9380905 0.2049091 0.200861 0.9579494 0.182441 0.2017713 0.9622909 0.182441 0.1216177 0.9756662 0.1597508 0.1221051 0.9795764 0.1597508 0.0407949 0.9863141 0.1368674 0.04093676 0.9897432 0.1368674 -0.0409367 0.9897432 0.113864 -0.04105687 0.9926477 0.113864 -0.1228884 0.9858669 0.09072792 -0.1231827 0.9882279 0.09072786 -0.2043696 0.9746802 0.06744807 -0.2047486 0.976488 0.06744807 -0.284686 0.9562451 0.04409587 -0.2850582 0.9574954 0.04409581 -0.3631541 0.9306851 0.02070105 -0.3634298 0.9313916 0.02070105 -0.4391025 0.8981984 -0.002704858 -0.439195 0.8983877 -0.002704858 -0.5118829 0.859051 -0.02609455 -0.5117105 0.8587617 -0.02609461 -0.5808792 0.8135714 -0.04943293 -0.5803667 0.8128535 -0.04943287 -0.6455088 0.7621514 -0.07268404 -0.6445895 0.761066 -0.07268404 -0.7052366 0.7052366 -0.09582179 -0.703853 0.703853 -0.09582179 -0.7595729 0.6433252 -0.118816 -0.7576787 0.641721 -0.118816 -0.8080841 0.5769599 -0.1416367 -0.8056446 0.5752181 -0.1416367 -0.8503933 0.506725 -0.1639822 -0.8474249 0.5049563 -0.1639822 -0.8862302 0.4332506 -0.1861017 -0.8826969 0.4315232 -0.1861017 -0.9153168 0.3571571 -0.2082303 -0.9111707 0.3555392 -0.2082303 -0.9374185 0.2790818 -0.2300696 -0.9327169 0.277682 -0.2300696 -0.952462 0.1997102 -0.2503429 -0.9475518 0.1986806 -0.2503429 -0.9475519 0.1986805 0.2489799 0.2763505 0.9282453 0.227125 0.2778791 0.9333796 0.227125 0.1998526 0.9531386 0.204909 0.2008613 0.9579494 0.204909 0.1210684 0.9712646 0.1824412 0.1216171 0.9756662 0.1824412 0.04063159 0.9823769 0.1597509 0.04079443 0.9863141 0.1597509 -0.0407949 0.9863141 0.1368674 -0.04093676 0.9897432 0.1368674 -0.1225277 0.9829824 0.1138635 -0.1228873 0.9858671 0.1138635 -0.2038812 0.9723516 0.09072786 -0.2043695 0.9746803 0.09072786 -0.2841592 0.9544747 0.06744819 -0.2846863 0.956245 0.06744819 -0.3626796 0.9294699 0.04409575 -0.3631538 0.9306851 0.04409575 -0.4387701 0.8975168 0.02070134 -0.4391032 0.8981981 0.02070134 -0.5117763 0.8588693 -0.002704262 -0.5118841 0.8590502 -0.002704262 -0.5810747 0.8138457 -0.02609473 -0.580879 0.8135716 -0.02609473 -0.6460795 0.7628239 -0.04943257 -0.6455094 0.7621509 -0.04943251 -0.7062423 0.7062423 -0.07268404 -0.7052365 0.7052365 -0.07268404 -0.761066 0.6445895 -0.09582167 -0.759573 0.643325 -0.09582167 -0.8101033 0.5784037 -0.1188167 -0.8080831 0.5769612 -0.1188167 -0.8529686 0.5082591 -0.1416366 -0.8503935 0.5067247 -0.1416366 -0.8893338 0.4347695 -0.1639827 -0.8862293 0.4332518 -0.1639827 -0.9189798 0.3585886 -0.1861025 -0.915316 0.357159 -0.1861025 -0.9416839 0.2803518 -0.2082304 -0.9374185 0.279082 -0.2082303 -0.9572634 0.2007157 -0.2300692 -0.9524623 0.1997091 -0.2300692 -0.9657009 0.1203745 -0.2503429 -0.9607224 0.119754 -0.2503429 -0.9607223 0.119754 0.2489802 0.1987526 0.9478957 0.2271252 0.1998519 0.9531387 0.2271252 0.1204602 0.9663869 0.2049091 0.1210682 0.9712645 0.2049091 0.04044824 0.9779449 0.1824412 0.04063153 0.9823768 0.1824412 -0.04063159 0.9823769 0.1597508 -0.04079443 0.9863141 0.1597508 -0.1221032 0.9795767 0.1368674 -0.1225277 0.9829823 0.1368674 -0.2032842 0.9695066 0.1138634 -0.2038808 0.9723517 0.1138634 -0.2834805 0.9521943 0.09072798 -0.2841594 0.9544746 0.09072792 -0.3620095 0.9277487 0.06744873 -0.3626809 0.9294693 0.06744873 -0.4381965 0.8963451 0.04409545 -0.4387695 0.897517 0.04409545 -0.5113871 0.8582184 0.02070087 -0.5117753 0.8588699 0.02070087 -0.5809515 0.8136748 -0.002704739 -0.5810739 0.8138464 -0.002704739 -0.646297 0.7630811 -0.02609479 -0.6460793 0.7628241 -0.02609479 -0.706866 0.706866 -0.04943251 -0.7062423 0.7062423 -0.04943257 -0.7621515 0.6455088 -0.07268404 -0.761066 0.6445895 -0.07268404 -0.8116957 0.5795405 -0.09582161 -0.8101034 0.5784036 -0.09582161 -0.8551014 0.5095291 -0.1188164 -0.8529689 0.5082585 -0.1188164 -0.892027 0.4360854 -0.1416364 -0.8893341 0.4347689 -0.1416364 -0.9221996 0.359843 -0.163982 -0.9189805 0.358587 -0.163982 -0.9454538 0.2814728 -0.186102 -0.9416844 0.2803505 -0.186102 -0.9616187 0.201632 -0.2082313 -0.9572626 0.2007186 -0.2082313 -0.9705685 0.1209819 -0.2300694 -0.9657007 0.1203752 -0.2300694 -0.9723429 0.0402162 -0.2503429 -0.9673302 0.0400089 -0.2503428 -0.9673301 0.04000914 0.2489804 0.1197981 0.9610709 0.227125 0.1204607 0.9663867 0.2271251 0.0402444 0.9730337 0.2049093 0.04044753 0.9779449 0.2049093 -0.04044824 0.9779449 0.1824412 -0.04063153 0.9823768 0.1824412 -0.1216177 0.9756662 0.1597515 -0.1221051 0.9795764 0.1597515 -0.20258 0.9661474 0.1368675 -0.2032843 0.9695065 0.1368674 -0.2826517 0.9494079 0.1138636 -0.2834812 0.952194 0.1138637 -0.3611429 0.9255327 0.09072721 -0.3620079 0.9277493 0.09072726 -0.4373853 0.8946858 0.06744873 -0.4381965 0.8963451 0.06744873 -0.51072 0.8570973 0.04409581 -0.5113878 0.858218 0.04409581 -0.5805113 0.8130574 0.02070111 -0.5809519 0.8136746 0.02070111 -0.6461612 0.7629202 -0.00270456 -0.6462973 0.7630809 -0.00270456 -0.7071042 0.7071042 -0.02609479 -0.706866 0.706866 -0.02609479 -0.7628239 0.6460795 -0.04943287 -0.7621509 0.6455094 -0.04943293 -0.8128535 0.5803668 -0.07268393 -0.8116959 0.5795403 -0.07268393 -0.8567821 0.5105305 -0.09582161 -0.8551014 0.5095291 -0.09582161 -0.8942573 0.4371752 -0.1188162 -0.8920273 0.436085 -0.1188162 -0.9249922 0.3609324 -0.1416363 -0.9221998 0.3598428 -0.1416362 -0.9487653 0.2824596 -0.1639824 -0.9454535 0.2814736 -0.1639824 -0.9654681 0.2024381 -0.1861017 -0.961619 0.201631 -0.1861017 -0.9749855 0.1215298 -0.2082304 -0.9705689 0.1209792 -0.2082304 -0.9772443 0.04041945 -0.2300696 -0.9723428 0.04021674 -0.2300696 -0.9723428 -0.0402162 -0.2503428 -0.9673302 -0.0400089 -0.2503429 -0.9673301 -0.04000914 0.2489802 0.04002314 0.9676812 0.227125 0.04024451 0.9730337 0.227125 -0.0402444 0.9730337 0.2049091 -0.04044753 0.9779449 0.2049091 -0.1210684 0.9712646 0.1824409 -0.1216171 0.9756662 0.182441 -0.2017704 0.9622911 0.1597511 -0.2025791 0.9661477 0.1597511 -0.2816722 0.9461186 0.1368674 -0.2826515 0.9494079 0.1368674 -0.3600869 0.9228244 0.1138639 -0.3611436 0.9255325 0.1138639 -0.4363406 0.892548 0.09072738 -0.4373856 0.8946856 0.09072738 -0.5097733 0.8555114 0.06744813 -0.5107188 0.8570981 0.06744813 -0.5797535 0.8119955 0.04409599 -0.5805115 0.8130571 0.04409593 -0.6456708 0.7623416 0.02070099 -0.646161 0.7629203 0.02070099 -0.7069553 0.7069553 -0.00270456 -0.7071042 0.7071042 -0.00270456 -0.7630811 0.646297 -0.02609473 -0.7628241 0.6460793 -0.02609473 -0.8135714 0.5808792 -0.04943287 -0.8128535 0.5803667 -0.04943287 -0.8580038 0.5112591 -0.07268416 -0.8567818 0.510531 -0.07268416 -0.8960146 0.4380353 -0.09582197 -0.8942568 0.437176 -0.09582197 -0.927304 0.3618363 -0.1188169 -0.9249914 0.3609339 -0.1188169 -0.9516378 0.2833161 -0.1416367 -0.948765 0.2824608 -0.1416367 -0.9688502 0.2031461 -0.163982 -0.9654683 0.202437 -0.163982 -0.9788879 0.1220183 -0.1861024 -0.9749851 0.1215318 -0.1861024 -0.981691 0.04060477 -0.2082309 -0.9772441 0.04042088 -0.2082309 -0.9772441 -0.04041945 -0.2300694 -0.9723429 -0.04021674 -0.2300694 -0.9657008 -0.1203745 -0.2503429 -0.9607224 -0.119754 -0.2503429 -0.9607223 -0.119754 0.2489804 -0.04002314 0.9676812 0.2271251 -0.04024451 0.9730337 0.2271251 -0.1204602 0.9663869 0.204909 -0.1210682 0.9712645 0.204909 -0.200861 0.9579494 0.1824413 -0.2017713 0.9622908 0.1824413 -0.2805465 0.9423422 0.1597506 -0.2816709 0.946119 0.1597506 -0.3588383 0.9196275 0.1368669 -0.3600859 0.9228248 0.136867 -0.4350628 0.8899369 0.1138634 -0.4363395 0.8925486 0.1138634 -0.5085563 0.8534668 0.0907278 -0.5097742 0.8555107 0.09072786 -0.5786803 0.8104922 0.06744813 -0.5797535 0.8119954 0.06744819 -0.6448271 0.7613468 0.04409557 -0.6456702 0.7623422 0.04409557 -0.706419 0.706419 0.02070099 -0.7069553 0.7069553 0.02070099 -0.7629202 0.6461612 -0.002704739 -0.7630809 0.6462973 -0.002704739 -0.8138457 0.5810747 -0.02609455 -0.8135716 0.580879 -0.02609455 -0.8587621 0.5117097 -0.04943239 -0.8580044 0.5112582 -0.04943239 -0.8972926 0.4386599 -0.0726841 -0.8960146 0.4380351 -0.0726841 -0.9291269 0.3625468 -0.09582161 -0.9273043 0.3618355 -0.09582167 -0.9540177 0.284022 -0.118816 -0.9516386 0.2833138 -0.118816 -0.9717841 0.2037611 -0.1416366 -0.9688502 0.2031459 -0.1416366 -0.9823167 0.1224455 -0.163982 -0.978888 0.1220181 -0.1639819 -0.9856207 0.04076516 -0.1861017 -0.9816912 0.04060262 -0.1861016 -0.9816911 -0.04060477 -0.2082304 -0.9772442 -0.04042088 -0.2082304 -0.9705686 -0.1209819 -0.2300692 -0.9657008 -0.1203752 -0.2300692 -0.9524621 -0.1997103 -0.2503429 -0.9475518 -0.1986806 -0.2503429 -0.9475519 -0.1986805 0.2489802 -0.1197981 0.9610709 0.2271252 -0.1204607 0.9663867 0.2271252 -0.1998526 0.9531385 0.2049091 -0.2008613 0.9579494 0.2049092 -0.2792812 0.9380908 0.1824414 -0.2805469 0.9423421 0.1824414 -0.3574083 0.9159555 0.1597516 -0.3588407 0.9196264 0.1597515 -0.4335572 0.8868526 0.1368677 -0.4350645 0.889936 0.1368677 -0.5070678 0.8509697 0.1138632 -0.508556 0.8534671 0.1138632 -0.5772974 0.8085561 0.09072768 -0.57868 0.8104925 0.09072768 -0.6436337 0.7599369 0.06744843 -0.6448275 0.7613463 0.06744843 -0.7054965 0.7054965 0.04409557 -0.706419 0.706419 0.04409557 -0.7623416 0.6456708 0.02070111 -0.7629203 0.646161 0.02070111 -0.8136749 0.5809515 -0.002704262 -0.8138464 0.5810739 -0.002704262 -0.8590511 0.5118829 -0.02609491 -0.8587616 0.5117104 -0.02609497 -0.8980849 0.4390473 -0.04943233 -0.8972926 0.4386599 -0.04943233 -0.9304524 0.3630632 -0.07268387 -0.9291272 0.3625462 -0.07268387 -0.9558926 0.284581 -0.09582191 -0.9540175 0.2840228 -0.09582197 -0.9742133 0.2042714 -0.1188163 -0.9717838 0.203762 -0.1188163 -0.9852913 0.1228166 -0.1416367 -0.9823167 0.1224458 -0.1416367 -0.9890731 0.04090785 -0.1639819 -0.9856207 0.0407651 -0.1639819 -0.9856207 -0.04076516 -0.1861024 -0.981691 -0.04060262 -0.1861024 -0.9749854 -0.1215297 -0.2082313 -0.9705688 -0.1209792 -0.2082313 -0.9572632 -0.2007157 -0.2300696 -0.9524622 -0.199709 -0.2300696 -0.9327169 -0.2776821 -0.2503428 -0.9279084 -0.2762506 -0.2447661 -0.9341256 -0.2598055 0.2489799 -0.1987526 0.9478957 0.227125 -0.1998519 0.9531388 0.2271249 -0.2778797 0.9333794 0.2049095 -0.2792822 0.9380904 0.2049095 -0.3557943 0.9118238 0.1824408 -0.3574068 0.9159562 0.1824409 -0.4318248 0.8833135 0.1597509 -0.4335555 0.8868536 0.1597509 -0.5053118 0.848021 0.136868 -0.5070685 0.8509692 0.136868 -0.5756087 0.8061897 0.1138635 -0.577298 0.8085556 0.1138635 -0.6420963 0.758121 0.0907278 -0.643634 0.7599366 0.0907278 -0.7041905 0.7041905 0.06744843 -0.7054966 0.7054966 0.06744843 -0.7613467 0.644827 0.04409593 -0.7623422 0.6456702 0.04409593 -0.8130574 0.5805112 0.02070087 -0.8136746 0.5809519 0.02070087 -0.8588693 0.5117763 -0.002704858 -0.8590503 0.5118842 -0.002704858 -0.8983873 0.4391957 -0.02609515 -0.8980847 0.4390478 -0.02609515 -0.9312738 0.3633841 -0.04943251 -0.9304522 0.3630635 -0.04943251 -0.9572557 0.2849876 -0.07268416 -0.9558924 0.2845818 -0.07268416 -0.9761282 0.2046719 -0.09582155 -0.9742134 0.2042704 -0.09582155 -0.9877544 0.123124 -0.1188164 -0.9852911 0.1228169 -0.1188164 -0.992068 0.04103296 -0.1416372 -0.9890729 0.04090911 -0.1416372 -0.9890731 -0.04090785 -0.1639819 -0.9856207 -0.0407651 -0.1639819 -0.9788879 -0.1220183 -0.1861017 -0.9749853 -0.1215318 -0.1861017 -0.9616187 -0.201632 -0.2082304 -0.9572628 -0.2007186 -0.2082303 -0.9374185 -0.2790818 -0.2300696 -0.9327169 -0.277682 -0.2300696 -0.9066002 -0.3537569 -0.2503427 -0.9019265 -0.3519332 -0.2503427 -0.9019267 -0.3519331 0.2463437 -0.2765428 0.9288911 0.2271248 -0.2778791 0.9333797 0.2271248 -0.3540077 0.9072446 0.2049095 -0.3557944 0.9118238 0.2049095 -0.4298776 0.8793278 0.1824412 -0.4318258 0.8833129 0.1824412 -0.5032942 0.8446362 0.1597506 -0.5053113 0.8480214 0.1597506 -0.5736137 0.8033972 0.1368676 -0.5756079 0.8061903 0.1368676 -0.6402173 0.7559028 0.1138635 -0.6420962 0.7581211 0.1138635 -0.7025081 0.7025081 0.0907278 -0.7041904 0.7041904 0.0907278 -0.7599369 0.6436337 0.06744819 -0.7613463 0.6448275 0.06744813 -0.8119955 0.5797535 0.04409581 -0.8130571 0.5805115 0.04409581 -0.8582184 0.5113871 0.02070134 -0.8588699 0.5117753 0.02070134 -0.8981984 0.4391025 -0.00270456 -0.8983877 0.439195 -0.00270456 -0.9315878 0.3635064 -0.02609509 -0.931274 0.363384 -0.02609509 -0.9581007 0.2852404 -0.04943299 -0.9572554 0.2849887 -0.04943293 -0.9775204 0.2049641 -0.07268428 -0.9761282 0.2046722 -0.07268428 -0.9896958 0.1233664 -0.09582173 -0.9877543 0.1231244 -0.09582173 -0.9945482 0.04113531 -0.1188163 -0.9920681 0.04103273 -0.1188163 -0.992068 -0.04103296 -0.1416367 -0.989073 -0.04090911 -0.1416367 -0.9823167 -0.1224455 -0.163982 -0.9788879 -0.1220181 -0.163982 -0.9654681 -0.2024381 -0.186102 -0.961619 -0.201631 -0.186102 -0.9416841 -0.2803519 -0.2082303 -0.9374185 -0.279082 -0.2082303 -0.9111703 -0.35554 -0.2300696 -0.9066003 -0.3537569 -0.2300696 -0.8742911 -0.4274144 -0.2503426 -0.869784 -0.425211 -0.2503427 -0.8697839 -0.4252111 0.2489802 -0.3520606 0.9022539 0.2271249 -0.354008 0.9072446 0.2271249 -0.4277186 0.8749121 0.2049094 -0.4298774 0.879328 0.2049095 -0.5010232 0.8408257 0.1824411 -0.5032939 0.8446363 0.1824411 -0.5713243 0.8001899 0.1597508 -0.5736141 0.8033969 0.1597508 -0.637999 0.7532841 0.1368675 -0.6402171 0.755903 0.1368675 -0.7004525 0.7004525 0.1138635 -0.702508 0.702508 0.1138635 -0.758121 0.6420963 0.09072768 -0.7599367 0.643634 0.09072768 -0.8104922 0.5786803 0.06744813 -0.8119955 0.5797536 0.06744813 -0.8570973 0.51072 0.04409545 -0.858218 0.5113878 0.04409545 -0.8975168 0.4387701 0.02070105 -0.8981981 0.4391032 0.02070105 -0.9313914 0.3634303 -0.002704799 -0.9315876 0.3635069 -0.002704799 -0.9584243 0.2853343 -0.02609413 -0.9581014 0.2852382 -0.02609413 -0.9783838 0.2051438 -0.04943239 -0.9775207 0.2049628 -0.04943239 -0.9911075 0.1235411 -0.07268375 -0.989696 0.1233652 -0.07268375 -0.9965031 0.04121524 -0.09582138 -0.9945483 0.04113435 -0.09582138 -0.9945483 -0.04113531 -0.1188164 -0.992068 -0.04103273 -0.1188164 -0.9852913 -0.1228166 -0.1416366 -0.9823167 -0.1224458 -0.1416366 -0.9688502 -0.2031461 -0.1639824 -0.9654683 -0.202437 -0.1639824 -0.9454538 -0.2814728 -0.1861025 -0.9416844 -0.2803505 -0.1861025 -0.9153168 -0.357157 -0.2082306 -0.9111707 -0.3555392 -0.2082306 -0.8786981 -0.4295692 -0.2300695 -0.874291 -0.4274147 -0.2300695 -0.8360089 -0.4981537 -0.2503427 -0.8316991 -0.4955856 -0.2503426 -0.8316992 -0.4955855 0.2489799 -0.4253661 0.8700992 0.227125 -0.4277188 0.8749119 0.227125 -0.4985066 0.8366035 0.2049092 -0.5010227 0.8408261 0.2049092 -0.5687468 0.7965797 0.1824412 -0.5713244 0.8001897 0.1824412 -0.6354524 0.7502769 0.1597509 -0.6379992 0.7532839 0.1597509 -0.6980257 0.6980257 0.1368675 -0.7004525 0.7004525 0.1368675 -0.7559028 0.6402173 0.1138635 -0.7581211 0.6420962 0.1138635 -0.808556 0.5772973 0.09072786 -0.8104925 0.57868 0.0907278 -0.8555114 0.5097733 0.06744873 -0.857098 0.5107187 0.06744873 -0.8963451 0.4381965 0.04409575 -0.897517 0.4387695 0.04409575 -0.9306851 0.3631541 0.02070128 -0.9313915 0.3634297 0.02070128 -0.9582223 0.2852743 -0.002704858 -0.9584242 0.2853344 -0.002704858 -0.9787132 0.2052149 -0.02609497 -0.9783836 0.2051457 -0.02609497 -0.9919825 0.1236513 -0.04943281 -0.9911074 0.1235421 -0.04943281 -0.9979242 0.04127448 -0.07268393 -0.996503 0.04121571 -0.07268393 -0.9965031 -0.04121524 -0.09582173 -0.9945482 -0.04113435 -0.09582173 -0.9877544 -0.123124 -0.1188163 -0.9852912 -0.1228169 -0.1188163 -0.9717839 -0.2037611 -0.1416367 -0.9688502 -0.2031459 -0.1416367 -0.9487653 -0.2824596 -0.163982 -0.9454535 -0.2814737 -0.163982 -0.91898 -0.3585886 -0.1861017 -0.9153161 -0.357159 -0.1861017 -0.8826968 -0.4315235 -0.2082308 -0.8786982 -0.4295687 -0.2082307 -0.8402233 -0.5006642 -0.2300696 -0.8360092 -0.4981532 -0.2300697 -0.7920167 -0.5654888 -0.2503426 -0.7879337 -0.5625736 -0.2503425 -0.787934 -0.5625732 0.2489801 -0.495765 0.8320012 0.2271252 -0.4985072 0.8366031 0.2271252 -0.5658912 0.7925789 0.2049095 -0.5687474 0.7965793 0.2049095 -0.6325854 0.7468921 0.1824411 -0.6354523 0.7502771 0.1824411 -0.6952393 0.6952393 0.1597509 -0.6980257 0.6980257 0.1597509 -0.753284 0.6379989 0.1368676 -0.755903 0.6402171 0.1368676 -0.8061897 0.5756087 0.1138632 -0.8085557 0.5772981 0.1138632 -0.8534668 0.5085563 0.09072738 -0.8555108 0.5097743 0.09072738 -0.8946858 0.4373853 0.06744873 -0.8963451 0.4381965 0.06744873 -0.9294698 0.3626796 0.04409581 -0.9306851 0.3631538 0.04409581 -0.9574951 0.2850589 0.02070087 -0.9582221 0.2852753 0.02070087 -0.978507 0.2051722 -0.002705097 -0.9787131 0.2052155 -0.002705097 -0.992317 0.1236922 -0.02609467 -0.9919826 0.1236505 -0.02609467 -0.9988055 0.04131036 -0.04943257 -0.9979243 0.04127389 -0.04943257 -0.9979242 -0.04127448 -0.07268375 -0.996503 -0.04121571 -0.07268375 -0.9896959 -0.1233664 -0.09582155 -0.9877544 -0.1231244 -0.09582155 -0.9742133 -0.2042714 -0.118816 -0.9717838 -0.203762 -0.118816 -0.951638 -0.2833161 -0.1416362 -0.948765 -0.2824608 -0.1416363 -0.9221996 -0.359843 -0.1639827 -0.9189804 -0.3585869 -0.1639827 -0.8862301 -0.4332505 -0.1861019 -0.8826969 -0.4315232 -0.1861019 -0.8440464 -0.5029431 -0.2082306 -0.840223 -0.5006648 -0.2082306 -0.7960089 -0.5683396 -0.2300696 -0.7920165 -0.5654891 -0.2300695 -0.7426137 -0.6289618 -0.2503426 -0.7387854 -0.6257194 -0.2503426 -0.7387853 -0.6257195 -0.2503426 -0.6845906 -0.6845906 -0.2300696 -0.688138 -0.688138 -0.2300696 -0.7426138 -0.6289617 -0.2082308 -0.7463571 -0.6321321 -0.2082308 -0.7960093 -0.5683389 -0.1861019 -0.7996315 -0.5709251 -0.1861019 -0.8440465 -0.5029429 -0.1639822 -0.8474251 -0.5049561 -0.1639822 -0.8862295 -0.4332519 -0.1416364 -0.8893338 -0.4347695 -0.1416364 -0.9221997 -0.3598427 -0.1188169 -0.9249921 -0.3609324 -0.1188169 -0.9516385 -0.2833138 -0.09582197 -0.9540177 -0.284022 -0.09582191 -0.9742134 -0.2042704 -0.07268428 -0.9761282 -0.2046719 -0.07268428 -0.9896959 -0.1233652 -0.04943281 -0.9911075 -0.1235411 -0.04943281 -0.9979243 -0.04127389 -0.02609497 -0.9988055 -0.04131036 -0.02609497 -0.9988055 0.04131108 -0.002704918 -0.9991421 0.04132503 -0.002704918 -0.992317 0.1236917 0.02070152 -0.992108 0.1236657 0.02070152 -0.9785073 0.2051706 0.04409617 -0.977765 0.205015 0.04409617 -0.9574954 0.2850582 0.06744813 -0.9562451 0.284686 0.06744819 -0.9294693 0.3626809 0.09072721 -0.9277487 0.3620095 0.09072726 -0.8946857 0.4373857 0.1138634 -0.892548 0.4363406 0.1138634 -0.8534671 0.508556 0.136868 -0.8509697 0.5070678 0.136868 -0.8061903 0.5756079 0.1597508 -0.8033972 0.5736137 0.1597508 -0.7532839 0.6379992 0.1824411 -0.7502769 0.6354524 0.1824411 -0.6952393 0.6952393 0.2049094 -0.6921026 0.6921026 0.2049095 -0.6325853 0.7468923 0.2271248 -0.6294085 0.7431414 0.2271249 -0.5658903 0.7925796 0.2489801 -0.5627775 0.7882199 0.2489801 -0.5627774 0.7882199 -0.2439616 -0.6997668 -0.6714231 -0.250493 -0.6702694 -0.6985643 -0.2503426 -0.6257194 -0.7387854 -0.2503425 -0.6257195 -0.7387853 -0.2503425 -0.5625736 -0.7879337 -0.2503427 -0.5625732 -0.787934 -0.2503426 -0.4955856 -0.8316991 -0.2503427 -0.4955855 -0.8316992 -0.2503427 -0.425211 -0.8697839 -0.2503426 -0.4252111 -0.8697839 -0.2503427 -0.3519332 -0.9019266 -0.2503427 -0.3519331 -0.9019267 -0.2505049 -0.2977377 -0.9211946 0.2489802 -0.8700992 0.4253661 0.2271249 -0.8749119 0.4277188 0.2271249 -0.9072446 0.3540077 0.2049095 -0.9118238 0.3557944 0.2049095 -0.9380906 0.2792811 0.1824413 -0.9423421 0.2805469 0.1824413 -0.962291 0.2017704 0.1597515 -0.9661476 0.202579 0.1597515 -0.9795765 0.1221032 0.1368674 -0.9829823 0.1225277 0.1368674 -0.9897432 0.0409367 0.1138634 -0.9926477 0.04105687 0.1138634 -0.9926478 -0.04105538 0.09072762 -0.995025 -0.04115366 0.09072762 -0.9882281 -0.1231819 0.06744831 -0.9900609 -0.1234104 0.06744837 -0.9764878 -0.2047493 0.04409617 -0.9777645 -0.205017 0.04409617 -0.9574951 -0.2850589 0.02070128 -0.958222 -0.2852753 0.02070128 -0.9313914 -0.3634303 -0.00270456 -0.9315876 -0.3635069 -0.00270456 -0.8983873 -0.4391957 -0.02609497 -0.8980847 -0.4390478 -0.02609497 -0.8587621 -0.5117097 -0.04943287 -0.8580043 -0.5112582 -0.04943287 -0.8128535 -0.5803668 -0.07268404 -0.8116959 -0.5795403 -0.07268404 -0.761066 -0.6445895 -0.09582179 -0.759573 -0.643325 -0.09582179 -0.703853 -0.703853 -0.1188163 -0.7020978 -0.7020978 -0.1188163 -0.6417214 -0.7576783 -0.1416369 -0.639784 -0.7553908 -0.1416369 -0.5752184 -0.8056443 -0.163982 -0.5732106 -0.8028321 -0.163982 -0.5049561 -0.8474251 -0.1861019 -0.5029429 -0.8440465 -0.1861019 -0.4315235 -0.8826968 -0.2082306 -0.4295687 -0.8786982 -0.2082306 -0.35554 -0.9111703 -0.2300696 -0.3537569 -0.9066003 -0.2300696 -0.2776821 -0.9327167 -0.2473289 -0.2764715 -0.9286506 -0.25048 -0.2594142 -0.9327186 0.2489801 -0.9022539 0.3520606 0.2271248 -0.9072446 0.354008 0.2271248 -0.9333795 0.2778797 0.2049092 -0.9380905 0.2792822 0.2049091 -0.9579494 0.200861 0.1824409 -0.9622908 0.2017713 0.182441 -0.9756662 0.1216177 0.1597508 -0.9795764 0.1221051 0.1597508 -0.9863141 0.0407949 0.1368674 -0.9897432 0.04093676 0.1368674 -0.9897432 -0.0409367 0.113864 -0.9926477 -0.04105687 0.113864 -0.9858669 -0.1228884 0.09072792 -0.9882279 -0.1231827 0.09072786 -0.9746802 -0.2043696 0.06744807 -0.976488 -0.2047486 0.06744807 -0.9562451 -0.284686 0.04409587 -0.9574954 -0.2850582 0.04409581 -0.9306851 -0.3631541 0.02070105 -0.9313916 -0.3634298 0.02070105 -0.8981984 -0.4391025 -0.002704858 -0.8983877 -0.439195 -0.002704858 -0.8590511 -0.5118829 -0.02609455 -0.8587616 -0.5117104 -0.02609461 -0.8135714 -0.5808792 -0.04943293 -0.8128535 -0.5803667 -0.04943287 -0.7621514 -0.6455088 -0.07268404 -0.761066 -0.6445895 -0.07268404 -0.7052366 -0.7052366 -0.09582179 -0.703853 -0.703853 -0.09582179 -0.6433252 -0.7595729 -0.118816 -0.641721 -0.7576787 -0.118816 -0.5769599 -0.8080841 -0.1416367 -0.5752181 -0.8056446 -0.1416367 -0.506725 -0.8503933 -0.1639822 -0.5049563 -0.8474249 -0.1639822 -0.4332506 -0.8862302 -0.1861017 -0.4315232 -0.8826969 -0.1861017 -0.3571571 -0.9153168 -0.2082303 -0.3555392 -0.9111707 -0.2082303 -0.2790818 -0.9374185 -0.2300696 -0.277682 -0.9327169 -0.2300696 -0.1997102 -0.952462 -0.2503429 -0.1986806 -0.9475518 -0.2503429 -0.1986805 -0.9475519 0.2489799 -0.9282453 0.2763505 0.227125 -0.9333796 0.2778791 0.227125 -0.9531386 0.1998526 0.204909 -0.9579494 0.2008613 0.204909 -0.9712646 0.1210684 0.1824412 -0.9756662 0.1216171 0.1824412 -0.9823769 0.04063159 0.1597509 -0.9863141 0.04079443 0.1597509 -0.9863141 -0.0407949 0.1368674 -0.9897432 -0.04093676 0.1368674 -0.9829824 -0.1225277 0.1138635 -0.9858671 -0.1228873 0.1138635 -0.9723516 -0.2038812 0.09072786 -0.9746803 -0.2043695 0.09072786 -0.9544747 -0.2841592 0.06744819 -0.956245 -0.2846863 0.06744819 -0.9294699 -0.3626796 0.04409575 -0.9306851 -0.3631538 0.04409575 -0.8975168 -0.4387701 0.02070134 -0.8981981 -0.4391032 0.02070134 -0.8588693 -0.5117762 -0.002704262 -0.8590503 -0.5118842 -0.002704262 -0.8138457 -0.5810747 -0.02609473 -0.8135716 -0.580879 -0.02609473 -0.7628239 -0.6460795 -0.04943257 -0.7621509 -0.6455094 -0.04943251 -0.7062423 -0.7062423 -0.07268404 -0.7052365 -0.7052365 -0.07268404 -0.6445895 -0.761066 -0.09582167 -0.643325 -0.759573 -0.09582167 -0.5784037 -0.8101033 -0.1188167 -0.5769612 -0.8080831 -0.1188167 -0.5082591 -0.8529686 -0.1416366 -0.5067247 -0.8503935 -0.1416366 -0.4347695 -0.8893338 -0.1639827 -0.4332518 -0.8862293 -0.1639827 -0.3585886 -0.9189798 -0.1861025 -0.357159 -0.915316 -0.1861025 -0.2803519 -0.941684 -0.2082304 -0.279082 -0.9374185 -0.2082303 -0.2007157 -0.9572634 -0.2300692 -0.1997091 -0.9524623 -0.2300692 -0.1203745 -0.9657009 -0.2503429 -0.119754 -0.9607224 -0.2503429 -0.119754 -0.9607223 0.2489802 -0.9478957 0.1987526 0.2271252 -0.9531388 0.1998519 0.2271252 -0.9663869 0.1204602 0.2049091 -0.9712645 0.1210682 0.2049091 -0.9779449 0.04044824 0.1824412 -0.9823768 0.04063153 0.1824412 -0.9823769 -0.04063159 0.1597508 -0.9863141 -0.04079443 0.1597508 -0.9795767 -0.1221032 0.1368674 -0.9829823 -0.1225277 0.1368674 -0.9695066 -0.2032842 0.1138634 -0.9723517 -0.2038808 0.1138634 -0.9521943 -0.2834805 0.09072798 -0.9544746 -0.2841594 0.09072792 -0.9277487 -0.3620095 0.06744873 -0.9294693 -0.3626809 0.06744873 -0.8963451 -0.4381965 0.04409545 -0.897517 -0.4387695 0.04409545 -0.8582184 -0.5113871 0.02070087 -0.85887 -0.5117753 0.02070087 -0.8136749 -0.5809515 -0.002704739 -0.8138464 -0.5810739 -0.002704739 -0.7630811 -0.646297 -0.02609479 -0.7628241 -0.6460793 -0.02609479 -0.706866 -0.706866 -0.04943251 -0.7062423 -0.7062423 -0.04943257 -0.6455088 -0.7621515 -0.07268404 -0.6445895 -0.761066 -0.07268404 -0.5795404 -0.8116956 -0.09582161 -0.5784036 -0.8101034 -0.09582161 -0.5095291 -0.8551014 -0.1188164 -0.5082585 -0.8529689 -0.1188164 -0.4360854 -0.892027 -0.1416364 -0.4347689 -0.8893341 -0.1416364 -0.359843 -0.9221996 -0.163982 -0.358587 -0.9189805 -0.163982 -0.2814728 -0.9454538 -0.186102 -0.2803505 -0.9416844 -0.186102 -0.201632 -0.9616187 -0.2082313 -0.2007186 -0.9572626 -0.2082313 -0.1209819 -0.9705685 -0.2300694 -0.1203752 -0.9657007 -0.2300694 -0.0402162 -0.9723429 -0.2503429 -0.0400089 -0.9673302 -0.2503429 -0.04000914 -0.9673302 -0.9577981 0.171229 -0.2308754 -0.9577981 0.1477747 -0.2465472 -0.9577981 0.1228973 -0.2598444 -0.9577981 0.1228972 -0.2598444 -0.9577981 0.0968362 -0.2706392 -0.9577981 0.09683609 -0.2706391 -0.9577982 0.06984281 -0.2788275 -0.9577982 0.06984269 -0.2788273 -0.9577981 0.04217636 -0.2843305 -0.9577981 0.04217654 -0.2843307 -0.9577981 0.014104 -0.2870956 -0.9577982 0.01410388 -0.2870954 -0.9577982 -0.014104 -0.2870954 -0.9577981 -0.01410388 -0.2870956 -0.9577981 -0.04217636 -0.2843307 -0.9577982 -0.04217648 -0.2843305 -0.9577982 -0.06984275 -0.2788274 -0.9577981 -0.06984269 -0.2788275 -0.9577981 -0.09683614 -0.2706391 -0.9577981 -0.09683609 -0.2706392 -0.9577981 -0.1228973 -0.2598444 -0.9577981 -0.1228972 -0.2598444 -0.9577981 -0.1477746 -0.2465472 -0.9577981 -0.1477746 -0.2465471 -0.9577981 -0.1712291 -0.2308754 -0.957798 -0.1712291 -0.2308756 -0.9577981 -0.1930341 -0.2129807 -0.9577981 -0.193034 -0.2129803 -0.9577981 -0.2129805 -0.1930338 -0.9577981 -0.2129805 -0.1930342 -0.957798 -0.2308755 -0.1712291 -0.9577981 -0.2308754 -0.171229 -0.9577981 -0.2465472 -0.1477746 -0.9577981 -0.2465472 -0.1477747 -0.9577981 -0.2598444 -0.1228973 -0.9577981 -0.2598444 -0.1228972 -0.9577981 0.1712292 -0.2308755 -0.957798 0.1930342 -0.2129805 -0.9577981 0.1930338 -0.2129805 -0.9577981 0.2129803 -0.193034 -0.957798 0.2129807 -0.193034 -0.957798 0.2308756 -0.1712291 -0.9577981 0.2308754 -0.1712291 -0.9577981 0.2465471 -0.1477746 -0.9577981 0.2465472 -0.1477746 -0.9577981 0.2598445 -0.1228973 -0.9577981 0.2598443 -0.1228973 -0.9577981 0.2706393 -0.09683609 -0.9577981 0.2706391 -0.09683614 -0.9577981 0.2788275 -0.06984269 -0.9577981 0.2788273 -0.06984275 -0.9577982 0.2843305 -0.04217654 -0.9577981 0.2843307 -0.04217636 -0.9577981 0.2870956 -0.01410388 -0.9577982 0.2870954 -0.014104 -0.9577982 0.2870954 0.01410388 -0.9577981 0.2870956 0.014104 -0.9577981 0.2843307 0.04217654 -0.9577981 0.2843305 0.04217636 -0.9577982 0.2788274 0.06984269 -0.9577981 0.2788274 0.06984281 -0.9577981 -0.1477747 0.2465472 -0.9577981 -0.1228973 0.2598444 -0.9577981 -0.1228972 0.2598444 -0.9577981 -0.0968362 0.2706392 -0.9577981 -0.09683609 0.2706391 -0.9577982 -0.06984281 0.2788275 -0.9577982 -0.06984269 0.2788273 -0.9577981 -0.04217636 0.2843305 -0.9577981 -0.04217654 0.2843307 -0.9577981 -0.014104 0.2870956 -0.9577982 -0.01410388 0.2870954 -0.9577982 0.014104 0.2870954 -0.9577981 0.01410388 0.2870956 -0.9577981 0.04217636 0.2843307 -0.9577982 0.04217648 0.2843305 -0.9577982 0.06984275 0.2788274 -0.9577981 0.06984269 0.2788275 -0.9577981 0.09683614 0.2706391 -0.9577981 0.09683609 0.2706392 -0.9577981 0.1228973 0.2598444 -0.9577981 0.1228972 0.2598444 -0.9577981 0.1477746 0.2465472 -0.9577981 0.1477746 0.2465471 -0.9577981 0.1712291 0.2308754 -0.957798 0.1712291 0.2308756 -0.9577981 0.1930341 0.2129807 -0.9577981 0.193034 0.2129803 -0.9577981 0.2129805 0.1930338 -0.9577981 0.2129805 0.1930342 -0.957798 0.2308755 0.1712291 -0.9577981 0.2308754 0.171229 -0.9577981 0.2465472 0.1477746 -0.9577981 0.2465472 0.1477747 -0.9577981 0.2598444 0.1228973 -0.9577981 0.2598444 0.1228972 -0.9577981 -0.1930342 0.2129805 -0.957798 -0.1712291 0.2308755 -0.9577981 -0.171229 0.2308754 -0.9565503 -0.2139331 0.1981014 -0.9577981 -0.2129805 0.1930338 -0.9577981 -0.1930338 0.2129805 -0.9578888 -0.220003 0.1845202 -0.957798 -0.2308756 0.1712291 -0.9577981 -0.2308754 0.1712291 -0.9577981 -0.2465471 0.1477746 -0.9577981 -0.2465472 0.1477746 -0.9577981 -0.2598445 0.1228973 -0.9577981 -0.2598443 0.1228973 -0.9577981 -0.2706393 0.09683609 -0.9577981 -0.2706391 0.09683614 -0.9577981 -0.2788275 0.06984269 -0.9577981 -0.2788273 0.06984275 -0.9577982 -0.2843305 0.04217654 -0.9577981 -0.2843307 0.04217636 -0.9577981 -0.2870956 0.01410388 -0.9577982 -0.2870954 0.014104 -0.9577982 -0.2870954 -0.01410388 -0.9577981 -0.2870956 -0.014104 -0.9577981 -0.2843307 -0.04217654 -0.9577981 -0.2843305 -0.04217636 -0.9577982 -0.2788274 -0.06984269 -0.9577981 -0.2788274 -0.06984281 -0.9050146 0.1818737 -0.3845394 -0.9050146 0.1433063 -0.4005146 -0.9050145 0.1433063 -0.4005146 -0.9050146 0.1033592 -0.4126325 -0.9050146 0.1033593 -0.4126325 -0.9050145 0.06241631 -0.4207766 -0.9050146 0.06241619 -0.4207764 -0.9050146 0.02087235 -0.4248681 -0.9050146 0.02087235 -0.4248681 -0.9050146 -0.02087235 -0.4248681 -0.9050146 -0.02087229 -0.4248681 -0.9050146 -0.06241631 -0.4207764 -0.9050145 -0.06241619 -0.4207766 -0.9050145 -0.1033592 -0.4126325 -0.9050146 -0.1033593 -0.4126324 -0.9050146 -0.1433063 -0.4005146 -0.9050146 -0.1433063 -0.4005145 -0.9050146 -0.1818735 -0.3845395 -0.9050148 -0.1818736 -0.3845391 -0.9050148 -0.218689 -0.3648608 -0.9050148 -0.2186891 -0.3648608 -0.9050148 -0.2533988 -0.3416686 -0.9050148 -0.2533988 -0.3416683 -0.9050148 -0.2856676 -0.315186 -0.9050146 -0.2856676 -0.3151863 -0.9050146 -0.3151862 -0.2856677 -0.9050148 -0.3151862 -0.2856675 -0.9050148 -0.3416684 -0.2533988 -0.9050148 -0.3416684 -0.2533989 -0.9050146 -0.3648607 -0.218689 -0.9050148 -0.3648608 -0.2186891 -0.9050147 -0.3845392 -0.1818734 -0.9050146 -0.3845394 -0.1818737 -0.9050147 0.218689 -0.3648608 -0.9050148 0.2533989 -0.3416684 -0.9050148 0.2533988 -0.3416684 -0.9050148 0.2856675 -0.3151862 -0.9050147 0.2856678 -0.3151862 -0.9050146 0.3151863 -0.2856676 -0.9050148 0.3151862 -0.2856676 -0.9050148 0.3416683 -0.2533988 -0.9050148 0.3416685 -0.2533988 -0.9050148 0.3648608 -0.2186891 -0.9050146 0.3648608 -0.218689 -0.9050148 0.3845391 -0.1818736 -0.9050146 0.3845394 -0.1818735 -0.9050146 0.4005145 -0.1433063 -0.9050146 0.4005146 -0.1433063 -0.9050145 0.4126324 -0.1033593 -0.9050145 0.4126325 -0.1033592 -0.9050145 0.4207766 -0.06241619 -0.9050145 0.4207764 -0.06241625 -0.9050146 0.4248681 -0.02087235 -0.9050146 0.4248681 -0.02087235 -0.9050146 0.4248681 0.02087235 -0.9050146 0.4248681 0.02087241 -0.9050146 0.4207764 0.06241619 -0.9050145 0.4207766 0.06241631 -0.9050145 0.4126325 0.1033593 -0.9050146 0.4126324 0.1033592 -0.9050146 -0.1818737 0.3845394 -0.9050146 -0.1433063 0.4005146 -0.9050145 -0.1433063 0.4005146 -0.9050146 -0.1033592 0.4126325 -0.9050146 -0.1033593 0.4126325 -0.9050145 -0.06241631 0.4207766 -0.9050146 -0.06241619 0.4207764 -0.9050146 -0.02087235 0.4248681 -0.9050146 -0.02087235 0.4248681 -0.9050146 0.02087235 0.4248681 -0.9050146 0.02087229 0.4248681 -0.9050146 0.06241631 0.4207764 -0.9050145 0.06241619 0.4207766 -0.9050145 0.1033592 0.4126325 -0.9050146 0.1033593 0.4126324 -0.9050146 0.1433063 0.4005146 -0.9050146 0.1433063 0.4005145 -0.9050146 0.1818735 0.3845395 -0.9050148 0.1818736 0.3845391 -0.9050148 0.218689 0.3648608 -0.9050148 0.2186891 0.3648608 -0.9050148 0.2533988 0.3416686 -0.9050148 0.2533988 0.3416683 -0.9050148 0.2856676 0.315186 -0.9050146 0.2856676 0.3151863 -0.9050146 0.3151862 0.2856677 -0.9050148 0.3151862 0.2856675 -0.9050148 0.3416684 0.2533988 -0.9050148 0.3416684 0.2533989 -0.9050146 0.3648607 0.218689 -0.9050148 0.3648608 0.2186891 -0.9050147 0.3845392 0.1818734 -0.9050146 0.3845394 0.1818737 -0.9050147 -0.218689 0.3648608 -0.9050148 -0.2533989 0.3416684 -0.9050148 -0.2533988 0.3416684 -0.9050148 -0.2856675 0.3151862 -0.9050147 -0.2856678 0.3151862 -0.9050146 -0.3151863 0.2856676 -0.9050148 -0.3151862 0.2856676 -0.9050148 -0.3416683 0.2533988 -0.9050148 -0.3416685 0.2533988 -0.9050148 -0.3648608 0.2186891 -0.9050146 -0.3648608 0.218689 -0.9050148 -0.3845391 0.1818736 -0.9050146 -0.3845394 0.1818735 -0.9050146 -0.4005145 0.1433063 -0.9050146 -0.4005146 0.1433063 -0.9050145 -0.4126324 0.1033593 -0.9050145 -0.4126325 0.1033592 -0.9050145 -0.4207766 0.06241619 -0.9050145 -0.4207764 0.06241625 -0.9050146 -0.4248681 0.02087235 -0.9050146 -0.4248681 0.02087235 -0.9050146 -0.4248681 -0.02087235 -0.9050146 -0.4248681 -0.02087241 -0.9050146 -0.4207764 -0.06241619 -0.9050145 -0.4207766 -0.06241631 -0.9050145 -0.4126325 -0.1033593 -0.9050146 -0.4126324 -0.1033592 -0.8325042 0.1866431 -0.5216332 -0.8325042 0.1346154 -0.5374156 -0.8325038 0.1346159 -0.537416 -0.8325039 0.08129179 -0.5480229 -0.832504 0.08129155 -0.5480226 -0.832504 0.02718454 -0.5533517 -0.8325042 0.02718436 -0.5533515 -0.8325042 -0.02718454 -0.5533515 -0.832504 -0.02718436 -0.5533517 -0.832504 -0.08129173 -0.5480226 -0.8325037 -0.08129155 -0.5480229 -0.8325038 -0.1346155 -0.5374161 -0.8325042 -0.1346158 -0.5374155 -0.8325042 -0.1866433 -0.5216331 -0.832504 -0.1866432 -0.5216333 -0.832504 -0.2368736 -0.5008273 -0.8325039 -0.2368736 -0.5008274 -0.832504 -0.2848231 -0.4751979 -0.8325034 -0.284823 -0.4751986 -0.8325036 -0.3300288 -0.4449931 -0.8325042 -0.3300289 -0.444992 -0.8325041 -0.3720563 -0.410501 -0.8325039 -0.3720563 -0.4105014 -0.8325039 -0.4105012 -0.3720565 -0.8325042 -0.4105011 -0.372056 -0.8325042 -0.4449924 -0.3300283 -0.8325035 -0.4449927 -0.3300294 -0.8325035 -0.4751983 -0.2848234 -0.8325039 -0.4751981 -0.2848227 -0.8325039 -0.5008273 -0.2368736 -0.832504 -0.5008273 -0.2368735 -0.832504 0.2368736 -0.5008274 -0.8325039 0.2848227 -0.4751981 -0.8325035 0.2848234 -0.4751983 -0.8325034 0.3300294 -0.4449927 -0.8325042 0.3300283 -0.4449924 -0.8325041 0.372056 -0.4105011 -0.8325039 0.3720565 -0.4105012 -0.8325039 0.4105014 -0.3720563 -0.8325041 0.4105009 -0.3720563 -0.8325042 0.444992 -0.3300288 -0.8325035 0.4449931 -0.3300288 -0.8325035 0.4751986 -0.284823 -0.8325039 0.4751979 -0.2848231 -0.832504 0.5008274 -0.2368736 -0.832504 0.5008273 -0.2368736 -0.832504 0.5216333 -0.1866432 -0.8325043 0.5216331 -0.1866433 -0.8325042 0.5374155 -0.1346158 -0.8325038 0.5374161 -0.1346155 -0.8325037 0.5480229 -0.08129155 -0.832504 0.5480226 -0.08129173 -0.832504 0.5533517 -0.02718436 -0.8325042 0.5533515 -0.02718454 -0.8325042 0.5533515 0.02718436 -0.832504 0.5533517 0.02718454 -0.832504 0.5480226 0.08129149 -0.8325038 0.5480229 0.08129179 -0.8325038 0.537416 0.1346159 -0.8325042 0.5374156 0.1346154 -0.8325042 -0.1866431 0.5216332 -0.8325042 -0.1346154 0.5374156 -0.8325038 -0.1346159 0.537416 -0.8325039 -0.08129179 0.5480229 -0.832504 -0.08129155 0.5480226 -0.832504 -0.02718454 0.5533517 -0.8325042 -0.02718436 0.5533515 -0.8325042 0.02718454 0.5533515 -0.832504 0.02718436 0.5533517 -0.832504 0.08129173 0.5480226 -0.8325037 0.08129155 0.5480229 -0.8325038 0.1346155 0.5374161 -0.8325042 0.1346158 0.5374155 -0.8325042 0.1866433 0.5216331 -0.832504 0.1866432 0.5216333 -0.832504 0.2368736 0.5008273 -0.8325039 0.2368736 0.5008274 -0.832504 0.2848231 0.4751979 -0.8325034 0.284823 0.4751986 -0.8325036 0.3300288 0.4449931 -0.8325042 0.3300289 0.444992 -0.8325041 0.3720563 0.410501 -0.8325039 0.3720563 0.4105014 -0.8325039 0.4105012 0.3720565 -0.8325042 0.4105011 0.372056 -0.8325042 0.4449924 0.3300283 -0.8325035 0.4449927 0.3300294 -0.8325035 0.4751983 0.2848234 -0.8325039 0.4751981 0.2848227 -0.8325039 0.5008273 0.2368736 -0.832504 0.5008273 0.2368735 -0.832504 -0.2368736 0.5008274 -0.8325039 -0.2848227 0.4751981 -0.8325035 -0.2848234 0.4751983 -0.8325034 -0.3300294 0.4449927 -0.8325042 -0.3300283 0.4449924 -0.8325041 -0.372056 0.4105011 -0.8325039 -0.3720565 0.4105012 -0.8325039 -0.4105014 0.3720563 -0.8325041 -0.4105009 0.3720563 -0.8325042 -0.444992 0.3300288 -0.8325035 -0.4449931 0.3300288 -0.8325035 -0.4751986 0.284823 -0.8325039 -0.4751979 0.2848231 -0.832504 -0.5008274 0.2368736 -0.832504 -0.5008273 0.2368736 -0.832504 -0.5216333 0.1866432 -0.8325043 -0.5216331 0.1866433 -0.8325042 -0.5374155 0.1346158 -0.8325038 -0.5374161 0.1346155 -0.8325037 -0.5480229 0.08129155 -0.832504 -0.5480226 0.08129173 -0.832504 -0.5533517 0.02718436 -0.8325042 -0.5533515 0.02718454 -0.8325042 -0.5533515 -0.02718436 -0.832504 -0.5533517 -0.02718454 -0.832504 -0.5480226 -0.08129149 -0.8325038 -0.5480229 -0.08129179 -0.8325038 -0.537416 -0.1346159 -0.8325042 -0.5374156 -0.1346154 -0.7372616 -0.6293898 -0.2455888 -0.7502717 -0.6224827 -0.2227278 -0.832504 -0.5216333 -0.1866434 -0.8325042 -0.5216332 -0.1866431 -0.9050146 -0.4005146 -0.1433062 -0.9050145 -0.4005146 -0.1433063 -0.9577981 -0.2706392 -0.0968362 -0.9577981 -0.2706391 -0.09683609 -0.7496479 -0.5945884 -0.2906763 -0.73983 -0.6081985 -0.2876564 -0.7436481 -0.5743386 -0.3422318 -0.7453197 -0.5718537 -0.3427565 -0.7392487 -0.5480725 -0.3913156 -0.7488979 -0.5322744 -0.3947609 -0.7365619 -0.5161272 -0.4371377 -0.7506625 -0.4895361 -0.4436895 -0.7422107 -0.4835715 -0.4639847 -0.7421925 -0.1795806 -0.6456788 -0.7422281 -0.2060996 -0.637668 -0.7502717 -0.2227278 -0.6224827 -0.7372616 -0.2455888 -0.6293898 -0.7479099 -0.2838111 -0.6000684 -0.7405293 -0.2951505 -0.6037405 -0.7437083 -0.3436803 -0.573395 -0.7454772 -0.3411874 -0.572586 -0.7375509 -0.4022703 -0.5423995 -0.7519788 -0.3830381 -0.5364791 -0.7292639 -0.4595024 -0.5069829 -0.7598714 -0.4201421 -0.4960606 -0.7422107 -0.4639847 -0.4835715 -0.7627795 -0.1327041 -0.6328957 -0.7259892 -0.1670987 -0.6670964 -0.7544637 -0.08118462 -0.6513015 -0.7350348 -0.0994879 -0.6706907 -0.7474785 -0.02745163 -0.6637185 -0.7418799 -0.03290164 -0.6697251 -0.7419968 0.02770447 -0.6698307 -0.7467181 0.03263705 -0.6643394 -0.7381577 0.08344656 -0.6694474 -0.7496839 0.09710597 -0.6546332 -0.7360605 0.1389133 -0.662509 -0.7508577 0.1604794 -0.6406708 -0.7421925 0.1795806 -0.6456788 -0.9577981 0.1477746 -0.2465472 -0.9050148 0.2186891 -0.3648608 -0.9050147 0.1818734 -0.3845392 -0.832504 0.2368735 -0.5008273 -0.8325041 0.1866434 -0.5216333 -0.7502716 0.2227278 -0.6224827 -0.7422281 0.2060996 -0.637668 -0.7422107 0.4835715 -0.4639847 -0.7422107 0.4639847 -0.4835715 -0.7506625 0.4436895 -0.4895361 -0.7365618 0.4371377 -0.5161272 -0.7488979 0.3947609 -0.5322744 -0.7392488 0.3913156 -0.5480725 -0.7453197 0.3427565 -0.5718537 -0.7436481 0.3422318 -0.5743386 -0.7398299 0.2876564 -0.6081986 -0.7496479 0.2906763 -0.5945884 -0.7372616 0.2455887 -0.6293898 -0.7598714 0.4960606 -0.4201422 -0.7292639 0.5069829 -0.4595024 -0.7519788 0.5364791 -0.3830381 -0.737551 0.5423995 -0.4022702 -0.7454773 0.5725859 -0.3411874 -0.7437083 0.573395 -0.3436803 -0.7405293 0.6037405 -0.2951505 -0.7479099 0.6000683 -0.2838111 -0.7372616 0.6293898 -0.2455888 -0.7502716 0.6224827 -0.2227278 -0.7422282 0.637668 -0.2060995 -0.742228 0.637668 0.2060996 -0.7421925 0.6456788 0.1795806 -0.7508577 0.6406708 0.1604794 -0.7360604 0.662509 0.1389133 -0.7496838 0.6546332 0.09710597 -0.7381578 0.6694474 0.08344656 -0.7467181 0.6643394 0.03263705 -0.7419968 0.6698307 0.02770441 -0.7418799 0.6697251 -0.03290164 -0.7474785 0.6637185 -0.02745163 -0.7350348 0.6706907 -0.0994879 -0.7544637 0.6513014 -0.08118468 -0.7259892 0.6670965 -0.1670987 -0.7627795 0.6328957 -0.1327041 -0.7421925 0.6456788 -0.1795806 -0.7372616 0.6293898 0.2455888 -0.7502717 0.6224827 0.2227278 -0.832504 0.5216333 0.1866434 -0.8325042 0.5216332 0.1866431 -0.9050146 0.4005146 0.1433062 -0.9050145 0.4005146 0.1433063 -0.9577981 0.2706392 0.0968362 -0.9577981 0.2706391 0.09683609 -0.7496479 0.5945884 0.2906763 -0.73983 0.6081985 0.2876564 -0.7436481 0.5743386 0.3422318 -0.7453197 0.5718537 0.3427565 -0.7392487 0.5480725 0.3913156 -0.7488979 0.5322744 0.3947609 -0.7365619 0.5161272 0.4371377 -0.7506625 0.4895361 0.4436895 -0.7422107 0.4835715 0.4639847 -0.7421925 0.1795806 0.6456788 -0.7422281 0.2060996 0.637668 -0.7502717 0.2227278 0.6224827 -0.7372616 0.2455888 0.6293898 -0.7479099 0.2838111 0.6000684 -0.7405293 0.2951505 0.6037405 -0.7437083 0.3436803 0.573395 -0.7454772 0.3411874 0.572586 -0.7375509 0.4022703 0.5423995 -0.7519788 0.3830381 0.5364791 -0.7292639 0.4595024 0.5069829 -0.7598714 0.4201421 0.4960606 -0.7422107 0.4639847 0.4835715 -0.7627795 0.1327041 0.6328957 -0.7259892 0.1670987 0.6670964 -0.7544637 0.08118462 0.6513015 -0.7350348 0.0994879 0.6706907 -0.7474785 0.02745163 0.6637185 -0.7418799 0.03290164 0.6697251 -0.7419968 -0.02770447 0.6698307 -0.7467181 -0.03263705 0.6643394 -0.7381577 -0.08344656 0.6694474 -0.7496839 -0.09710597 0.6546332 -0.7360605 -0.1389133 0.662509 -0.7508577 -0.1604794 0.6406708 -0.7421925 -0.1795806 0.6456788 -0.9577981 -0.1477746 0.2465472 -0.9050148 -0.2186891 0.3648608 -0.9050147 -0.1818734 0.3845392 -0.832504 -0.2368735 0.5008273 -0.8325041 -0.1866434 0.5216333 -0.7502716 -0.2227278 0.6224827 -0.7422281 -0.2060996 0.637668 -0.7422107 -0.4835715 0.4639847 -0.7422107 -0.4639847 0.4835715 -0.7506625 -0.4436895 0.4895361 -0.7365618 -0.4371377 0.5161272 -0.7488979 -0.3947609 0.5322744 -0.7392488 -0.3913156 0.5480725 -0.7453197 -0.3427565 0.5718537 -0.7436481 -0.3422318 0.5743386 -0.7398299 -0.2876564 0.6081986 -0.7496479 -0.2906763 0.5945884 -0.7372616 -0.2455887 0.6293898 -0.7598714 -0.4960606 0.4201422 -0.7292639 -0.5069829 0.4595024 -0.7519788 -0.5364791 0.3830381 -0.737551 -0.5423995 0.4022702 -0.7454773 -0.5725859 0.3411874 -0.7437083 -0.573395 0.3436803 -0.7405293 -0.6037405 0.2951505 -0.7479099 -0.6000683 0.2838111 -0.7372616 -0.6293898 0.2455888 -0.7502716 -0.6224827 0.2227278 -0.7422282 -0.637668 0.2060995 -0.742228 -0.637668 -0.2060996 -0.7421925 -0.6456788 -0.1795806 -0.7508577 -0.6406708 -0.1604794 -0.7360604 -0.662509 -0.1389133 -0.7496838 -0.6546332 -0.09710597 -0.7381578 -0.6694474 -0.08344656 -0.7467181 -0.6643394 -0.03263705 -0.7419968 -0.6698307 -0.02770441 -0.7418799 -0.6697251 0.03290164 -0.7474785 -0.6637185 0.02745163 -0.7350348 -0.6706907 0.0994879 -0.7544637 -0.6513014 0.08118468 -0.7259892 -0.6670965 0.1670987 -0.7627795 -0.6328957 0.1327041 -0.7421925 -0.6456788 0.1795806 -1 0 0 -1 0 0 -1 0 0 -1 0 0 -1 0 0 -1 0 0 -1 0 0 -1 0 0 -1 0 0 -1 0 0 -1 0 0 -1 0 0 -1 0 0 -1 0 0 -1 0 0 -1 0 0 -1 0 0 -1 0 0 -1 0 0 -1 0 0 -1 0 0 -1 0 0 -1 0 0 -1 0 0 -1 0 0 -1 0 0 -1 0 0 -1 0 0 -1 0 0 -1 0 0 -1 0 0 -1 0 0 -1 0 0 -1 0 0 -1 0 0 -1 0 0 -1 0 0 -1 0 0 -1 0 0 -1 0 0 -1 0 0 -1 0 0 -1 0 0 -1 0 0 -1 0 0 -1 0 0 -1 0 0 -1 0 0 -1 0 0 -1 0 0 -1 0 0 -1 0 0 -1 0 0 -1 0 0 -1 0 0 -1 0 0 -1 0 0 -1 0 0 -1 0 0 -1 0 0 -1 0 0 -1 0 0 -1 0 0 -1 0 0 -1 0 0 -1 0 0 -1 0 0 -1 0 0 -1 0 0 -1 0 0 -1 0 0 -1 0 0 -1 0 0 -1 0 0 -1 0 0 -1 0 0 -1 0 0 -1 0 0 -1 0 0 -1 0 0 -1 0 0 -1 0 0 -1 0 0 -1 0 0 -1 0 0 -1 0 0 -1 0 0 -1 0 0 -1 0 0 -1 0 0 -1 0 0 -1 0 0 -1 0 0 -1 0 0 -1 0 0 -1 0 0 -1 0 0 -1 0 0 -1 0 0 -1 0 0 -1 0 0 0 -0.8131088 0.5821118 0 -0.9018384 0.4320735 0 -0.9018384 0.4320735 0 -0.9631662 0.268907 0 -0.9631662 0.268907 0 -0.9952287 0.0975691 0 -0.9952287 0.0975691 0 -0.9970518 -0.07673233 0 -0.9970518 -0.07673233 0 -0.9685798 -0.248703 0 -0.9685798 -0.248703 0 -0.9106779 -0.4131172 0 -0.9106779 -0.4131172 0 -0.8251058 -0.5649783 0 -0.8251058 -0.5649783 0 -0.7144634 -0.6996729 0 -0.7144634 -0.6996729 0 -0.5821118 -0.8131088 0 -0.5821118 -0.8131088 0 -0.4320735 -0.9018384 0 -0.4320735 -0.9018384 0 -0.268907 -0.9631662 0 -0.268907 -0.9631662 0 -0.0975691 -0.9952287 0 -0.0975691 -0.9952287 0 0.07673233 -0.9970518 0 0.07673233 -0.9970518 0 0.248703 -0.9685798 0 0.248703 -0.9685798 0 0.4131172 -0.9106779 0 0.4131172 -0.9106779 0 0.5649783 -0.8251058 0 0.5649783 -0.8251058 0 0.6996729 -0.7144634 0 0.6996729 -0.7144634 0 0.8131088 -0.5821118 0 0.8131088 -0.5821118 0 0.9018384 -0.4320735 0 0.9018384 -0.4320735 0 0.9631662 -0.268907 0 0.9631662 -0.268907 0 0.9952287 -0.0975691 0 0.9952287 -0.0975691 0 0.9970518 0.07673233 0 0.9970518 0.07673233 0 0.9685798 0.248703 0 0.9685798 0.248703 0 0.9106779 0.4131172 0 0.9106779 0.4131172 0 0.8251058 0.5649783 0 0.8251058 0.5649783 0 0.7144634 0.6996729 0 0.7144634 0.6996729 0 0.5821118 0.8131088 0 0.5821118 0.8131088 0 0.4320735 0.9018384 0 0.4320735 0.9018384 0 0.268907 0.9631662 0 0.268907 0.9631662 0 0.0975691 0.9952287 0 0.0975691 0.9952287 0 -0.07673233 0.9970518 0 -0.07673233 0.9970518 0 -0.248703 0.9685798 0 -0.248703 0.9685798 0 -0.4131172 0.9106779 0 -0.4131172 0.9106779 0 -0.5649783 0.8251058 0 -0.5649783 0.8251058 0 -0.6996729 0.7144634 0 -0.6996729 0.7144634 0 -0.8131088 0.5821118 -1 0 0 -1 0 0 -1 0 0 -1 0 0 -1 0 0 -1 0 0 -1 0 0 -1 0 0 -1 0 0 -1 0 0 -1 0 0 -1 0 0 -1 0 0 -1 0 0 -1 0 0 -1 0 0 -1 0 0 -1 0 0 -1 0 0 -1 0 0 -1 0 0 -1 0 0 -1 0 0 -1 0 0 -1 0 0 -1 0 0 -1 0 0 -1 0 0 -1 0 0 -1 0 0 -1 0 0 -1 0 0 -1 0 0 -1 0 0 -1 0 0 -1 0 0 -1 0 0 -1 0 0 -1 0 0 -1 0 0 -1 0 0 -1 0 0 -1 0 0 -1 0 0 -1 0 0 -1 0 0 -1 0 0 -1 0 0 -1 0 0 -1 0 0 -1 0 0 -1 0 0 -1 0 0 -1 0 0 -1 0 0 -1 0 0 -1 0 0 -1 0 0 -1 0 0 -1 0 0 -1 0 0 -1 0 0 -1 0 0 -1 0 0 -1 0 0 -1 0 0 -1 0 0 -1 0 0 -1 0 0 -1 0 0 -1 0 0 -1 0 0 -1 0 0 -1 0 0 -1 0 0 -1 0 0 0 0 1 0 0 1 0 0.8660254 0.5 0 0.8660254 0.5 0 0.8660254 -0.5 0 0.8660254 -0.5 0 0 -1 0 0 -1 0 -0.8660254 -0.5 0 -0.8660254 -0.5 0 -0.8660254 0.5 0 -0.8660254 0.5 -1 0 0 -1 0 0 -1 0 0 -1 0 0 -1 0 0 -1 0 0 -1 0 0 -1 0 0 -1 0 0 -1 0 0 -1 0 0 -1 0 0 -1 0 0 -1 0 0 -1 0 0 -1 0 0 -1 0 0 -1 0 0 -1 0 0 -1 0 0 -1 0 0 -1 0 0 -1 0 0 -1 0 0 -1 0 0 -1 0 0 -1 0 0 -1 0 0 -1 0 0 -1 0 0 -1 0 0 -1 0 0 -1 0 0 -1 0 0 -1 0 0 -1 0 0 -1 0 0 -1 0 0 -1 0 0 -1 0 0 -1 0 0 -1 0 0 -0.7057584 0.06174564 -0.7057568 -0.7057583 0.1833611 -0.6843128 -0.7057583 0.1833611 -0.6843127 -0.7057583 0.2994048 -0.6420763 -0.7057581 0.2994053 -0.6420763 -0.7057582 0.4063518 -0.5803307 -0.7057582 0.4063517 -0.5803307 -0.7057583 0.5009518 -0.5009518 -0.7057582 0.5009518 -0.5009518 -0.7057582 0.5803306 -0.4063518 -0.7057582 0.5803307 -0.4063517 -0.705758 0.6420764 -0.2994049 -0.7057583 0.642076 -0.2994052 -0.7057583 0.6843128 -0.1833611 -0.7057584 0.6843127 -0.1833611 -0.7057584 0.7057569 -0.06174546 -0.7057585 0.7057567 -0.06174564 -0.7057585 0.7057567 0.06174546 -0.7057584 0.7057568 0.06174564 -0.7057583 0.6843128 0.1833611 -0.7057583 0.6843128 0.1833611 -0.7057583 0.6420763 0.2994048 -0.7057581 0.6420763 0.2994053 -0.7057582 0.5803307 0.4063518 -0.7057582 0.5803307 0.4063517 -0.7057583 0.5009518 0.5009518 -0.7057582 0.5009518 0.5009518 -0.7057582 0.4063518 0.5803306 -0.7057582 0.4063517 0.5803307 -0.7057581 0.2994049 0.6420765 -0.7057583 0.2994052 0.6420761 -0.7057583 0.1833611 0.6843128 -0.7057584 0.1833611 0.6843127 -0.7057583 0.06174546 0.7057568 -0.7057585 0.06174564 0.7057567 -0.7057585 -0.06174546 0.7057567 -0.7057584 -0.06174564 0.7057568 -0.7057583 -0.1833611 0.6843128 -0.7057583 -0.1833611 0.6843127 -0.7057583 -0.2994048 0.6420763 -0.7057581 -0.2994053 0.6420763 -0.7057582 -0.4063518 0.5803307 -0.7057582 -0.4063517 0.5803307 -0.7057583 -0.5009518 0.5009518 -0.7057582 -0.5009518 0.5009518 -0.7057582 -0.5803306 0.4063518 -0.7057582 -0.5803307 0.4063517 -0.705758 -0.6420764 0.2994049 -0.7057583 -0.642076 0.2994052 -0.7057583 -0.6843128 0.1833611 -0.7057584 -0.6843127 0.1833611 -0.7057584 -0.7057569 0.06174546 -0.7057585 -0.7057567 0.06174564 -0.7057585 -0.7057567 -0.06174546 -0.7057584 -0.7057568 -0.06174564 -0.7057583 -0.6843128 -0.1833611 -0.7057583 -0.6843128 -0.1833611 -0.7057583 -0.6420763 -0.2994048 -0.7057581 -0.6420763 -0.2994053 -0.7057582 -0.5803307 -0.4063518 -0.7057582 -0.5803307 -0.4063517 -0.7057583 -0.5009518 -0.5009518 -0.7057582 -0.5009518 -0.5009518 -0.7057582 -0.4063518 -0.5803306 -0.7057582 -0.4063517 -0.5803307 -0.7057581 -0.2994049 -0.6420765 -0.7057583 -0.2994052 -0.6420761 -0.7057583 -0.1833611 -0.6843128 -0.7057584 -0.1833611 -0.6843127 -0.7057583 -0.06174546 -0.7057568 -0.7057585 -0.06174564 -0.7057567 -0.7057585 0.06174546 -0.7057567 0 0.08715564 0.9961947 0 0.2588192 0.9659258 0 0.2588192 0.9659258 0 0.4226185 0.9063077 0 0.4226185 0.9063077 0 0.5735763 0.8191522 0 0.5735763 0.8191522 0 0.7071068 0.7071068 0 0.7071068 0.7071068 0 0.8191522 0.5735763 0 0.8191522 0.5735763 0 0.9063077 0.4226185 0 0.9063077 0.4226185 0 0.9659258 0.2588192 0 0.9659258 0.2588192 0 0.9961947 0.08715564 0 0.9961947 0.08715564 0 0.9961947 -0.08715564 0 0.9961947 -0.08715564 0 0.9659258 -0.2588192 0 0.9659258 -0.2588192 0 0.9063077 -0.4226185 0 0.9063077 -0.4226185 0 0.8191522 -0.5735763 0 0.8191522 -0.5735763 0 0.7071068 -0.7071068 0 0.7071068 -0.7071068 0 0.5735763 -0.8191522 0 0.5735763 -0.8191522 0 0.4226185 -0.9063077 0 0.4226185 -0.9063077 0 0.2588192 -0.9659258 0 0.2588192 -0.9659258 0 0.08715564 -0.9961947 0 0.08715564 -0.9961947 0 -0.08715564 -0.9961947 0 -0.08715564 -0.9961947 0 -0.2588192 -0.9659258 0 -0.2588192 -0.9659258 0 -0.4226185 -0.9063077 0 -0.4226185 -0.9063077 0 -0.5735763 -0.8191522 0 -0.5735763 -0.8191522 0 -0.7071068 -0.7071068 0 -0.7071068 -0.7071068 0 -0.8191522 -0.5735763 0 -0.8191522 -0.5735763 0 -0.9063077 -0.4226185 0 -0.9063077 -0.4226185 0 -0.9659258 -0.2588192 0 -0.9659258 -0.2588192 0 -0.9961947 -0.08715564 0 -0.9961947 -0.08715564 0 -0.9961947 0.08715564 0 -0.9961947 0.08715564 0 -0.9659258 0.2588192 0 -0.9659258 0.2588192 0 -0.9063077 0.4226185 0 -0.9063077 0.4226185 0 -0.8191522 0.5735763 0 -0.8191522 0.5735763 0 -0.7071068 0.7071068 0 -0.7071068 0.7071068 0 -0.5735763 0.8191522 0 -0.5735763 0.8191522 0 -0.4226185 0.9063077 0 -0.4226185 0.9063077 0 -0.2588192 0.9659258 0 -0.2588192 0.9659258 0 -0.08715564 0.9961947 0 -0.08715564 0.9961947 0 0.08715564 0.9961947 1 0 0 1 0 0 1 0 0 1 0 0 1 0 0 1 0 0 1 0 0 1 0 0 1 0 0 1 0 0 1 0 0 1 0 0 1 0 0 1 0 0 1 0 0 1 0 0 1 0 0 1 0 0 1 0 0 1 0 0 1 0 0 1 0 0 1 0 0 1 0 0 1 0 0 1 0 0 1 0 0 1 0 0 1 0 0 1 0 0 1 0 0 1 0 0 1 0 0 1 0 0 1 0 0 1 0 0 1 0 0 1 0 0 1 0 0 1 0 0 1 0 0 1 0 0 1 0 0 1 0 0 1 0 0 1 0 0 1 0 0 1 0 0 1 0 0 1 0 0 1 0 0 1 0 0 1 0 0 1 0 0 1 0 0 1 0 0 1 0 0 1 0 0 1 0 0 1 0 0 1 0 0 1 0 0 1 0 0 1 0 0 1 0 0 1 0 0 1 0 0 1 0 0 1 0 0 1 0 0 1 0 0 1 0 0 0 0.08715587 0.9961947 0 0.2588192 0.9659258 0 0.2588192 0.9659258 0 0.422618 0.9063078 0 0.422618 0.9063078 0 0.5735763 0.8191522 0 0.5735763 0.8191522 0 0.7071067 0.7071067 0 0.7071067 0.7071067 0 0.8191522 0.5735763 0 0.8191522 0.5735763 0 0.9063078 0.422618 0 0.9063078 0.422618 0 0.9659258 0.2588192 0 0.9659258 0.2588192 0 0.9961947 0.08715587 0 0.9961947 0.08715587 0 0.9961947 -0.08715587 0 0.9961947 -0.08715587 0 0.9659258 -0.2588192 0 0.9659258 -0.2588192 0 0.9063078 -0.422618 0 0.9063078 -0.422618 0 0.8191522 -0.5735763 0 0.8191522 -0.5735763 0 0.7071067 -0.7071067 0 0.7071067 -0.7071067 0 0.5735763 -0.8191522 0 0.5735763 -0.8191522 0 0.422618 -0.9063078 0 0.422618 -0.9063078 0 0.2588192 -0.9659258 0 0.2588192 -0.9659258 0 0.08715587 -0.9961947 0 0.08715587 -0.9961947 0 -0.08715587 -0.9961947 0 -0.08715587 -0.9961947 0 -0.2588192 -0.9659258 0 -0.2588192 -0.9659258 0 -0.422618 -0.9063078 0 -0.422618 -0.9063078 0 -0.5735763 -0.8191522 0 -0.5735763 -0.8191522 0 -0.7071067 -0.7071067 0 -0.7071067 -0.7071067 0 -0.8191522 -0.5735763 0 -0.8191522 -0.5735763 0 -0.9063078 -0.422618 0 -0.9063078 -0.422618 0 -0.9659258 -0.2588192 0 -0.9659258 -0.2588192 0 -0.9961947 -0.08715587 0 -0.9961947 -0.08715587 0 -0.9961947 0.08715587 0 -0.9961947 0.08715587 0 -0.9659258 0.2588192 0 -0.9659258 0.2588192 0 -0.9063078 0.422618 0 -0.9063078 0.422618 0 -0.8191522 0.5735763 0 -0.8191522 0.5735763 0 -0.7071067 0.7071067 0 -0.7071067 0.7071067 0 -0.5735763 0.8191522 0 -0.5735763 0.8191522 0 -0.422618 0.9063078 0 -0.422618 0.9063078 0 -0.2588192 0.9659258 0 -0.2588192 0.9659258 0 -0.08715587 0.9961947 0 -0.08715587 0.9961947 0 0.08715587 0.9961947</float_array>
          <technique_common>
            <accessor source="#roller_model-mesh-normals-array" count="7238" stride="3">
              <param name="X" type="float"/>
              <param name="Y" type="float"/>
              <param name="Z" type="float"/>
            </accessor>
          </technique_common>
        </source>
        <vertices id="roller_model-mesh-vertices">
          <input semantic="POSITION" source="#roller_model-mesh-positions"/>
        </vertices>
        <triangles material="Material_001-material" count="4814">
          <input semantic="VERTEX" source="#roller_model-mesh-vertices" offset="0"/>
          <input semantic="NORMAL" source="#roller_model-mesh-normals" offset="1"/>
          <p>150 182 111 182 151 182 151 184 112 184 152 184 152 186 113 186 153 186 166 212 127 212 167 212 167 214 168 214 169 214 169 216 130 216 170 216 811 1453 737 1453 738 1453 787 1466 788 1466 815 1466 833 1511 773 1511 774 1511 833 1512 774 1512 775 1512 763 1513 764 1513 834 1513 834 1514 764 1514 765 1514 842 1536 761 1536 762 1536 842 1537 762 1537 763 1537 938 1808 939 1808 940 1808 940 1809 939 1809 941 1809 940 1810 941 1810 942 1810 942 1811 941 1811 943 1811 942 1812 943 1812 944 1812 944 1813 943 1813 945 1813 944 1814 945 1814 946 1814 946 1815 945 1815 947 1815 946 1816 947 1816 948 1816 948 1817 947 1817 949 1817 948 1818 949 1818 950 1818 938 1819 951 1819 939 1819 939 1820 951 1820 952 1820 939 1821 952 1821 953 1821 953 1822 952 1822 954 1822 953 1823 954 1823 955 1823 955 1824 954 1824 956 1824 955 1825 956 1825 957 1825 958 1826 959 1826 960 1826 960 1827 959 1827 961 1827 960 1828 961 1828 962 1828 961 1829 963 1829 962 1829 962 1830 963 1830 964 1830 962 1831 964 1831 965 1831 965 1832 964 1832 966 1832 965 1833 966 1833 967 1833 967 1834 966 1834 968 1834 967 1835 968 1835 969 1835 969 1836 968 1836 970 1836 969 1837 970 1837 971 1837 971 1838 970 1838 972 1838 971 1839 972 1839 973 1839 973 1840 972 1840 974 1840 973 1841 974 1841 975 1841 975 1842 974 1842 976 1842 976 1843 977 1843 975 1843 975 1844 977 1844 978 1844 975 1845 978 1845 979 1845 979 1846 978 1846 980 1846 979 1847 980 1847 981 1847 981 1848 980 1848 982 1848 981 1849 982 1849 983 1849 983 1850 982 1850 984 1850 983 1851 984 1851 985 1851 985 1852 984 1852 986 1852 985 1853 986 1853 987 1853 987 1854 986 1854 988 1854 988 1855 989 1855 987 1855 987 1856 989 1856 990 1856 987 1857 990 1857 991 1857 991 1858 990 1858 992 1858 991 1859 992 1859 993 1859 993 1860 992 1860 994 1860 993 1861 994 1861 995 1861 995 1862 994 1862 996 1862 995 1863 996 1863 997 1863 996 1864 998 1864 997 1864 997 1865 998 1865 999 1865 997 1866 999 1866 1000 1866 999 1867 1001 1867 1000 1867 1000 1868 1001 1868 1002 1868 1000 1869 1002 1869 1003 1869 1003 1870 1002 1870 1004 1870 1003 1871 1004 1871 1005 1871 1005 1872 1004 1872 1006 1872 1005 1873 1006 1873 1007 1873 1007 1874 1006 1874 1008 1874 1007 1875 1008 1875 1009 1875 1009 1876 1008 1876 1010 1876 1009 1877 1010 1877 1011 1877 1011 1878 1010 1878 1012 1878 1011 1879 1012 1879 1013 1879 1013 1880 1012 1880 1014 1880 1014 1881 1015 1881 1013 1881 1013 1882 1015 1882 1016 1882 1013 1883 1016 1883 1017 1883 1017 1884 1016 1884 1018 1884 1017 1885 1018 1885 1019 1885 1019 1886 1018 1886 1020 1886 1019 1887 1020 1887 1021 1887 1021 1888 1020 1888 1022 1888 1021 1889 1022 1889 1023 1889 1023 1890 1022 1890 1024 1890 1023 1891 1024 1891 1025 1891 1025 1892 1024 1892 1026 1892 1026 1893 1027 1893 1025 1893 1025 1894 1027 1894 1028 1894 1025 1895 1028 1895 1029 1895 1029 1896 1028 1896 1030 1896 1029 1897 1030 1897 1031 1897 1031 1898 1030 1898 1032 1898 1031 1899 1032 1899 1033 1899 1033 1900 1032 1900 1034 1900 1033 1901 1034 1901 1035 1901 1034 1902 1036 1902 1035 1902 1035 1903 1036 1903 1037 1903 1035 1904 1037 1904 1038 1904 1037 1905 1039 1905 1038 1905 1038 1906 1039 1906 1040 1906 1038 1907 1040 1907 1041 1907 1041 1908 1040 1908 1042 1908 1041 1909 1042 1909 1043 1909 1043 1910 1042 1910 1044 1910 1043 1911 1044 1911 1045 1911 1045 1912 1044 1912 1046 1912 1045 1913 1046 1913 1047 1913 1047 1914 1046 1914 1048 1914 1047 1915 1048 1915 1049 1915 1049 1916 1048 1916 1050 1916 1049 1917 1050 1917 1051 1917 1051 1918 1050 1918 1052 1918 1052 1919 1053 1919 1051 1919 1051 1920 1053 1920 1054 1920 1051 1921 1054 1921 1055 1921 1055 1922 1054 1922 1056 1922 1055 1923 1056 1923 1057 1923 1057 1924 1056 1924 1058 1924 1057 1925 1058 1925 1059 1925 1059 1926 1058 1926 1060 1926 1059 1927 1060 1927 1061 1927 1061 1928 1060 1928 1062 1928 1061 1929 1062 1929 1063 1929 1063 1930 1062 1930 1064 1930 1064 1931 1065 1931 1063 1931 1063 1932 1065 1932 1066 1932 1063 1933 1066 1933 1067 1933 1067 1934 1066 1934 1068 1934 1067 1935 1068 1935 1069 1935 1069 1936 1068 1936 1070 1936 1069 1937 1070 1937 1071 1937 1071 1938 1070 1938 1072 1938 1071 1939 1072 1939 1073 1939 1072 1940 1074 1940 1073 1940 1073 1941 1074 1941 1075 1941 1073 1942 1075 1942 1076 1942 1075 1943 1077 1943 1076 1943 1076 1944 1077 1944 1078 1944 1076 1945 1078 1945 1079 1945 1079 1946 1078 1946 1080 1946 1079 1947 1080 1947 1081 1947 1081 1948 1080 1948 1082 1948 1081 1949 1082 1949 1083 1949 1083 1950 1082 1950 1084 1950 1083 1951 1084 1951 1085 1951 1085 1952 1084 1952 1086 1952 1085 1953 1086 1953 1087 1953 1087 1954 1086 1954 1088 1954 1087 1955 1088 1955 949 1955 949 1956 1088 1956 1089 1956 949 1957 1089 1957 950 1957 957 1958 1090 1958 1091 1958 957 1959 1091 1959 955 1959 955 1960 1091 1960 1092 1960 955 1961 1092 1961 953 1961 953 1962 1092 1962 1093 1962 953 1963 1093 1963 939 1963 939 1964 1093 1964 1094 1964 939 1965 1094 1965 941 1965 941 1966 1094 1966 1095 1966 941 1967 1095 1967 943 1967 943 1968 1095 1968 1096 1968 943 1969 1096 1969 945 1969 945 1970 1096 1970 1097 1970 945 1971 1097 1971 947 1971 947 1972 1097 1972 1098 1972 947 1973 1098 1973 949 1973 949 1974 1098 1974 1099 1974 949 1975 1099 1975 1087 1975 1087 1976 1099 1976 1100 1976 1087 1977 1100 1977 1085 1977 1085 1978 1100 1978 1101 1978 1085 1979 1101 1979 1083 1979 1083 1980 1101 1980 1102 1980 1083 1981 1102 1981 1081 1981 1081 1982 1102 1982 1103 1982 1081 1983 1103 1983 1079 1983 1079 1984 1103 1984 1104 1984 1079 1985 1104 1985 1076 1985 1076 1986 1104 1986 1105 1986 1076 1987 1105 1987 1073 1987 1073 1988 1105 1988 1106 1988 1073 1989 1106 1989 1071 1989 1071 1990 1106 1990 1107 1990 1071 1991 1107 1991 1069 1991 1069 1992 1107 1992 1108 1992 1069 1993 1108 1993 1067 1993 1067 1994 1108 1994 1109 1994 1067 1995 1109 1995 1063 1995 1063 1996 1109 1996 1110 1996 1063 1997 1110 1997 1061 1997 1061 1998 1110 1998 1111 1998 1061 1999 1111 1999 1059 1999 1059 2000 1111 2000 1112 2000 1059 2001 1112 2001 1057 2001 1057 2002 1112 2002 1113 2002 1057 2003 1113 2003 1055 2003 1055 2004 1113 2004 1114 2004 1055 2005 1114 2005 1051 2005 1051 2006 1114 2006 1115 2006 1051 2007 1115 2007 1049 2007 1049 2008 1115 2008 1116 2008 1049 2009 1116 2009 1047 2009 1047 2010 1116 2010 1117 2010 1047 2011 1117 2011 1045 2011 1045 2012 1117 2012 1118 2012 1045 2013 1118 2013 1043 2013 1043 2014 1118 2014 1119 2014 1043 2015 1119 2015 1041 2015 1041 2016 1119 2016 1120 2016 1041 2017 1120 2017 1038 2017 1038 2018 1120 2018 1121 2018 1038 2019 1121 2019 1035 2019 1035 2020 1121 2020 1122 2020 1035 2021 1122 2021 1033 2021 1033 2022 1122 2022 1123 2022 1033 2023 1123 2023 1031 2023 1031 2024 1123 2024 1124 2024 1031 2025 1124 2025 1029 2025 1029 2026 1124 2026 1125 2026 1029 2027 1125 2027 1025 2027 1025 2028 1125 2028 1126 2028 1025 2029 1126 2029 1023 2029 1023 2030 1126 2030 1127 2030 1023 2031 1127 2031 1021 2031 1021 2032 1127 2032 1128 2032 1021 2033 1128 2033 1019 2033 1019 2034 1128 2034 1129 2034 1019 2035 1129 2035 1017 2035 1017 2036 1129 2036 1130 2036 1017 2037 1130 2037 1013 2037 1013 2038 1130 2038 1131 2038 1013 2039 1131 2039 1011 2039 1011 2040 1131 2040 1132 2040 1011 2041 1132 2041 1009 2041 1009 2042 1132 2042 1133 2042 1009 2043 1133 2043 1007 2043 1007 2044 1133 2044 1134 2044 1007 2045 1134 2045 1005 2045 1005 2046 1134 2046 1135 2046 1005 2047 1135 2047 1003 2047 1003 2048 1135 2048 1136 2048 1003 2049 1136 2049 1000 2049 1000 2050 1136 2050 1137 2050 1000 2051 1137 2051 997 2051 997 2052 1137 2052 1138 2052 997 2053 1138 2053 995 2053 995 2054 1138 2054 1139 2054 995 2055 1139 2055 993 2055 993 2056 1139 2056 1140 2056 993 2057 1140 2057 991 2057 991 2058 1140 2058 1141 2058 991 2059 1141 2059 987 2059 987 2060 1141 2060 1142 2060 987 2061 1142 2061 985 2061 985 2062 1142 2062 1143 2062 985 2063 1143 2063 983 2063 983 2064 1143 2064 1144 2064 983 2065 1144 2065 981 2065 981 2066 1144 2066 1145 2066 981 2067 1145 2067 979 2067 979 2068 1145 2068 1146 2068 979 2069 1146 2069 975 2069 975 2070 1146 2070 1147 2070 975 2071 1147 2071 973 2071 973 2072 1147 2072 1148 2072 973 2073 1148 2073 971 2073 971 2074 1148 2074 1149 2074 971 2075 1149 2075 969 2075 969 2076 1149 2076 1150 2076 969 2077 1150 2077 967 2077 967 2078 1150 2078 1151 2078 967 2079 1151 2079 965 2079 965 2080 1151 2080 1152 2080 965 2081 1152 2081 962 2081 962 2082 1152 2082 1153 2082 962 2083 1153 2083 960 2083 1090 2084 1154 2084 1155 2084 1090 2085 1155 2085 1091 2085 1091 2086 1155 2086 1156 2086 1091 2087 1156 2087 1092 2087 1092 2088 1156 2088 1157 2088 1092 2089 1157 2089 1093 2089 1093 2090 1157 2090 1158 2090 1093 2091 1158 2091 1094 2091 1094 2092 1158 2092 1159 2092 1094 2093 1159 2093 1095 2093 1095 2094 1159 2094 1160 2094 1095 2095 1160 2095 1096 2095 1096 2096 1160 2096 1161 2096 1096 2097 1161 2097 1097 2097 1097 2098 1161 2098 1162 2098 1097 2099 1162 2099 1098 2099 1098 2100 1162 2100 1163 2100 1098 2101 1163 2101 1099 2101 1099 2102 1163 2102 1164 2102 1099 2103 1164 2103 1100 2103 1100 2104 1164 2104 1165 2104 1100 2105 1165 2105 1101 2105 1101 2106 1165 2106 1166 2106 1101 2107 1166 2107 1102 2107 1102 2108 1166 2108 1167 2108 1102 2109 1167 2109 1103 2109 1103 2110 1167 2110 1168 2110 1103 2111 1168 2111 1104 2111 1104 2112 1168 2112 1169 2112 1104 2113 1169 2113 1105 2113 1105 2114 1169 2114 1170 2114 1105 2115 1170 2115 1106 2115 1106 2116 1170 2116 1171 2116 1106 2117 1171 2117 1107 2117 1107 2118 1171 2118 1172 2118 1107 2119 1172 2119 1108 2119 1108 2120 1172 2120 1173 2120 1108 2121 1173 2121 1109 2121 1109 2122 1173 2122 1174 2122 1109 2123 1174 2123 1110 2123 1110 2124 1174 2124 1175 2124 1110 2125 1175 2125 1111 2125 1111 2126 1175 2126 1176 2126 1111 2127 1176 2127 1112 2127 1112 2128 1176 2128 1177 2128 1112 2129 1177 2129 1113 2129 1113 2130 1177 2130 1178 2130 1113 2131 1178 2131 1114 2131 1114 2132 1178 2132 1179 2132 1114 2133 1179 2133 1115 2133 1115 2134 1179 2134 1180 2134 1115 2135 1180 2135 1116 2135 1116 2136 1180 2136 1181 2136 1116 2137 1181 2137 1117 2137 1117 2138 1181 2138 1182 2138 1117 2139 1182 2139 1118 2139 1118 2140 1182 2140 1183 2140 1118 2141 1183 2141 1119 2141 1119 2142 1183 2142 1184 2142 1119 2143 1184 2143 1120 2143 1120 2144 1184 2144 1185 2144 1120 2145 1185 2145 1121 2145 1121 2146 1185 2146 1186 2146 1121 2147 1186 2147 1122 2147 1122 2148 1186 2148 1187 2148 1122 2149 1187 2149 1123 2149 1123 2150 1187 2150 1188 2150 1123 2151 1188 2151 1124 2151 1124 2152 1188 2152 1189 2152 1124 2153 1189 2153 1125 2153 1125 2154 1189 2154 1190 2154 1125 2155 1190 2155 1126 2155 1126 2156 1190 2156 1191 2156 1126 2157 1191 2157 1127 2157 1127 2158 1191 2158 1192 2158 1127 2159 1192 2159 1128 2159 1128 2160 1192 2160 1193 2160 1128 2161 1193 2161 1129 2161 1129 2162 1193 2162 1194 2162 1129 2163 1194 2163 1130 2163 1130 2164 1194 2164 1195 2164 1130 2165 1195 2165 1131 2165 1131 2166 1195 2166 1196 2166 1131 2167 1196 2167 1132 2167 1132 2168 1196 2168 1197 2168 1132 2169 1197 2169 1133 2169 1133 2170 1197 2170 1198 2170 1133 2171 1198 2171 1134 2171 1134 2172 1198 2172 1199 2172 1134 2173 1199 2173 1135 2173 1135 2174 1199 2174 1200 2174 1135 2175 1200 2175 1136 2175 1136 2176 1200 2176 1201 2176 1136 2177 1201 2177 1137 2177 1137 2178 1201 2178 1202 2178 1137 2179 1202 2179 1138 2179 1138 2180 1202 2180 1203 2180 1138 2181 1203 2181 1139 2181 1139 2182 1203 2182 1204 2182 1139 2183 1204 2183 1140 2183 1140 2184 1204 2184 1205 2184 1140 2185 1205 2185 1141 2185 1141 2186 1205 2186 1206 2186 1141 2187 1206 2187 1142 2187 1142 2188 1206 2188 1207 2188 1142 2189 1207 2189 1143 2189 1143 2190 1207 2190 1208 2190 1143 2191 1208 2191 1144 2191 1144 2192 1208 2192 1209 2192 1144 2193 1209 2193 1145 2193 1145 2194 1209 2194 1210 2194 1145 2195 1210 2195 1146 2195 1146 2196 1210 2196 1211 2196 1146 2197 1211 2197 1147 2197 1147 2198 1211 2198 1212 2198 1147 2199 1212 2199 1148 2199 1148 2200 1212 2200 1213 2200 1148 2201 1213 2201 1149 2201 1149 2202 1213 2202 1214 2202 1149 2203 1214 2203 1150 2203 1150 2204 1214 2204 1215 2204 1150 2205 1215 2205 1151 2205 1151 2206 1215 2206 1216 2206 1151 2207 1216 2207 1152 2207 1152 2208 1216 2208 1217 2208 1152 2209 1217 2209 1153 2209 1218 2210 1219 2210 1154 2210 1219 2211 1220 2211 1154 2211 1154 2212 1220 2212 1221 2212 1154 2213 1221 2213 1155 2213 1155 2214 1221 2214 1222 2214 1155 2215 1222 2215 1156 2215 1156 2216 1222 2216 1223 2216 1156 2217 1223 2217 1157 2217 1157 2218 1223 2218 1224 2218 1157 2219 1224 2219 1158 2219 1158 2220 1224 2220 1225 2220 1158 2221 1225 2221 1159 2221 1159 2222 1225 2222 1226 2222 1159 2223 1226 2223 1160 2223 1160 2224 1226 2224 1227 2224 1160 2225 1227 2225 1161 2225 1161 2226 1227 2226 1228 2226 1161 2227 1228 2227 1162 2227 1162 2228 1228 2228 1229 2228 1162 2229 1229 2229 1163 2229 1163 2230 1229 2230 1230 2230 1163 2231 1230 2231 1164 2231 1164 2232 1230 2232 1231 2232 1164 2233 1231 2233 1165 2233 1165 2234 1231 2234 1232 2234 1165 2235 1232 2235 1166 2235 1166 2236 1232 2236 1233 2236 1166 2237 1233 2237 1167 2237 1167 2238 1233 2238 1234 2238 1167 2239 1234 2239 1168 2239 1168 2240 1234 2240 1235 2240 1168 2241 1235 2241 1169 2241 1169 2242 1235 2242 1236 2242 1169 2243 1236 2243 1170 2243 1170 2244 1236 2244 1237 2244 1170 2245 1237 2245 1171 2245 1171 2246 1237 2246 1238 2246 1171 2247 1238 2247 1172 2247 1172 2248 1238 2248 1239 2248 1172 2249 1239 2249 1173 2249 1173 2250 1239 2250 1240 2250 1173 2251 1240 2251 1174 2251 1174 2252 1240 2252 1241 2252 1174 2253 1241 2253 1175 2253 1175 2254 1241 2254 1242 2254 1175 2255 1242 2255 1176 2255 1176 2256 1242 2256 1243 2256 1176 2257 1243 2257 1177 2257 1177 2258 1243 2258 1244 2258 1177 2259 1244 2259 1178 2259 1178 2260 1244 2260 1245 2260 1178 2261 1245 2261 1179 2261 1179 2262 1245 2262 1246 2262 1179 2263 1246 2263 1180 2263 1180 2264 1246 2264 1247 2264 1180 2265 1247 2265 1181 2265 1181 2266 1247 2266 1248 2266 1181 2267 1248 2267 1182 2267 1182 2268 1248 2268 1249 2268 1182 2269 1249 2269 1183 2269 1183 2270 1249 2270 1250 2270 1183 2271 1250 2271 1184 2271 1184 2272 1250 2272 1251 2272 1184 2273 1251 2273 1185 2273 1185 2274 1251 2274 1252 2274 1185 2275 1252 2275 1186 2275 1186 2276 1252 2276 1253 2276 1186 2277 1253 2277 1187 2277 1187 2278 1253 2278 1254 2278 1187 2279 1254 2279 1188 2279 1188 2280 1254 2280 1255 2280 1188 2281 1255 2281 1189 2281 1189 2282 1255 2282 1256 2282 1189 2283 1256 2283 1190 2283 1190 2284 1256 2284 1257 2284 1190 2285 1257 2285 1191 2285 1191 2286 1257 2286 1258 2286 1191 2287 1258 2287 1192 2287 1192 2288 1258 2288 1259 2288 1192 2289 1259 2289 1193 2289 1193 2290 1259 2290 1260 2290 1193 2291 1260 2291 1194 2291 1194 2292 1260 2292 1261 2292 1194 2293 1261 2293 1195 2293 1195 2294 1261 2294 1262 2294 1195 2295 1262 2295 1196 2295 1196 2296 1262 2296 1263 2296 1196 2297 1263 2297 1197 2297 1197 2298 1263 2298 1264 2298 1197 2299 1264 2299 1198 2299 1198 2300 1264 2300 1265 2300 1198 2301 1265 2301 1199 2301 1199 2302 1265 2302 1266 2302 1199 2303 1266 2303 1200 2303 1200 2304 1266 2304 1267 2304 1200 2305 1267 2305 1201 2305 1201 2306 1267 2306 1268 2306 1201 2307 1268 2307 1202 2307 1202 2308 1268 2308 1269 2308 1202 2309 1269 2309 1203 2309 1203 2310 1269 2310 1270 2310 1203 2311 1270 2311 1204 2311 1204 2312 1270 2312 1271 2312 1204 2313 1271 2313 1205 2313 1205 2314 1271 2314 1272 2314 1205 2315 1272 2315 1206 2315 1206 2316 1272 2316 1273 2316 1206 2317 1273 2317 1207 2317 1207 2318 1273 2318 1274 2318 1207 2319 1274 2319 1208 2319 1208 2320 1274 2320 1275 2320 1208 2321 1275 2321 1209 2321 1209 2322 1275 2322 1276 2322 1209 2323 1276 2323 1210 2323 1210 2324 1276 2324 1277 2324 1210 2325 1277 2325 1211 2325 1211 2326 1277 2326 1278 2326 1211 2327 1278 2327 1212 2327 1212 2328 1278 2328 1279 2328 1212 2329 1279 2329 1213 2329 1213 2330 1279 2330 1280 2330 1213 2331 1280 2331 1214 2331 1214 2332 1280 2332 1281 2332 1214 2333 1281 2333 1215 2333 1215 2334 1281 2334 1282 2334 1215 2335 1282 2335 1216 2335 1216 2336 1282 2336 1218 2336 1216 2337 1218 2337 1217 2337 1217 2338 1218 2338 1154 2338 1217 2339 1154 2339 1153 2339 1153 2340 1154 2340 1090 2340 1153 2341 1090 2341 960 2341 960 2342 1090 2342 957 2342 960 2343 957 2343 958 2343 958 2344 957 2344 956 2344 1283 2345 1256 2345 1284 2345 1284 2346 1256 2346 1255 2346 1284 2347 1255 2347 1285 2347 1286 2348 1287 2348 1262 2348 1288 2349 1265 2349 1289 2349 1289 2350 1265 2350 1264 2350 1289 2351 1264 2351 1287 2351 1287 2352 1264 2352 1290 2352 1287 2353 1290 2353 1262 2353 1291 2354 1267 2354 1288 2354 1288 2355 1267 2355 1266 2355 1288 2356 1266 2356 1265 2356 1292 2357 1269 2357 1291 2357 1291 2358 1269 2358 1268 2358 1291 2359 1268 2359 1267 2359 1293 2360 1294 2360 1244 2360 1295 2361 1246 2361 1294 2361 1294 2362 1246 2362 1245 2362 1294 2363 1245 2363 1244 2363 1296 2364 1249 2364 1297 2364 1297 2365 1249 2365 1248 2365 1297 2366 1248 2366 1295 2366 1295 2367 1248 2367 1298 2367 1295 2368 1298 2368 1246 2368 1299 2369 1251 2369 1296 2369 1296 2370 1251 2370 1250 2370 1296 2371 1250 2371 1249 2371 1255 2372 1254 2372 1285 2372 1285 2373 1254 2373 1253 2373 1285 2374 1253 2374 1299 2374 1299 2375 1253 2375 1252 2375 1299 2376 1252 2376 1251 2376 1300 2377 1258 2377 1283 2377 1283 2378 1258 2378 1257 2378 1283 2379 1257 2379 1256 2379 1301 2380 1272 2380 1302 2380 1302 2381 1272 2381 1271 2381 1302 2382 1271 2382 1292 2382 1292 2383 1271 2383 1270 2383 1292 2384 1270 2384 1269 2384 1303 2385 1274 2385 1301 2385 1301 2386 1274 2386 1273 2386 1301 2387 1273 2387 1272 2387 1304 2388 1305 2388 1280 2388 1262 2389 1261 2389 1286 2389 1286 2390 1261 2390 1260 2390 1286 2391 1260 2391 1300 2391 1300 2392 1260 2392 1259 2392 1300 2393 1259 2393 1258 2393 1306 2394 1276 2394 1303 2394 1303 2395 1276 2395 1275 2395 1303 2396 1275 2396 1274 2396 1280 2397 1305 2397 1281 2397 1281 2398 1305 2398 1307 2398 1281 2399 1307 2399 1282 2399 1282 2400 1307 2400 1218 2400 1218 2401 1307 2401 1308 2401 1218 2402 1308 2402 1219 2402 1309 2403 1240 2403 1310 2403 1310 2404 1240 2404 1239 2404 1310 2405 1239 2405 1311 2405 1244 2406 1243 2406 1293 2406 1293 2407 1243 2407 1242 2407 1293 2408 1242 2408 1309 2408 1309 2409 1242 2409 1241 2409 1309 2410 1241 2410 1240 2410 1235 2411 1312 2411 1313 2411 1280 2412 1314 2412 1304 2412 1304 2413 1314 2413 1278 2413 1304 2414 1278 2414 1306 2414 1306 2415 1278 2415 1277 2415 1306 2416 1277 2416 1276 2416 1239 2417 1238 2417 1311 2417 1311 2418 1238 2418 1237 2418 1311 2419 1237 2419 1313 2419 1313 2420 1237 2420 1236 2420 1313 2421 1236 2421 1235 2421 1315 2422 1224 2422 1316 2422 1316 2423 1224 2423 1223 2423 1316 2424 1223 2424 1317 2424 1318 2425 1226 2425 1315 2425 1315 2426 1226 2426 1225 2426 1315 2427 1225 2427 1224 2427 1319 2428 1320 2428 1230 2428 1235 2429 1234 2429 1312 2429 1312 2430 1234 2430 1233 2430 1312 2431 1233 2431 1321 2431 1321 2432 1233 2432 1232 2432 1321 2433 1232 2433 1320 2433 1320 2434 1232 2434 1322 2434 1320 2435 1322 2435 1230 2435 1230 2436 1229 2436 1319 2436 1319 2437 1229 2437 1228 2437 1319 2438 1228 2438 1318 2438 1318 2439 1228 2439 1227 2439 1318 2440 1227 2440 1226 2440 1223 2441 1222 2441 1317 2441 1317 2442 1222 2442 1221 2442 1317 2443 1221 2443 1308 2443 1308 2444 1221 2444 1220 2444 1308 2445 1220 2445 1219 2445 1363 2590 1364 2590 1365 2590 1366 2591 1367 2591 1368 2591 1369 2592 1370 2592 1371 2592 1372 2593 1373 2593 1374 2593 963 2594 961 2594 1375 2594 951 2595 938 2595 1376 2595 950 2596 1089 2596 1377 2596 1077 2597 1075 2597 1378 2597 1065 2598 1064 2598 1379 2598 1053 2599 1052 2599 1380 2599 1039 2600 1037 2600 1381 2600 1027 2601 1026 2601 1382 2601 1015 2602 1014 2602 1383 2602 1001 2603 999 2603 1384 2603 989 2604 988 2604 1385 2604 977 2605 976 2605 1386 2605 972 2606 1387 2606 1388 2606 974 2607 972 2607 1389 2607 976 2608 974 2608 1390 2608 1391 2609 978 2609 977 2609 978 2610 1391 2610 980 2610 982 2611 980 2611 1392 2611 986 2612 984 2612 1393 2612 988 2613 986 2613 1394 2613 1395 2614 990 2614 989 2614 990 2615 1395 2615 992 2615 994 2616 992 2616 1396 2616 996 2617 994 2617 1397 2617 998 2618 996 2618 1398 2618 999 2619 998 2619 1399 2619 1001 2620 1384 2620 1002 2620 1004 2621 1002 2621 1400 2621 1006 2622 1004 2622 1401 2622 1402 2623 1006 2623 1403 2623 1010 2624 1402 2624 1404 2624 1012 2625 1010 2625 1405 2625 1014 2626 1012 2626 1406 2626 1407 2627 1016 2627 1015 2627 1016 2628 1407 2628 1018 2628 1020 2629 1018 2629 1408 2629 1024 2630 1022 2630 1409 2630 1026 2631 1024 2631 1410 2631 1027 2632 1382 2632 1028 2632 1030 2633 1028 2633 1411 2633 1032 2634 1030 2634 1412 2634 1034 2635 1032 2635 1413 2635 1036 2636 1034 2636 1414 2636 1037 2637 1036 2637 1415 2637 1039 2638 1381 2638 1040 2638 1042 2639 1040 2639 1416 2639 1044 2640 1042 2640 1417 2640 1418 2641 1044 2641 1419 2641 1048 2642 1418 2642 1420 2642 1050 2643 1048 2643 1421 2643 1052 2644 1050 2644 1422 2644 1423 2645 1054 2645 1053 2645 1054 2646 1423 2646 1056 2646 1058 2647 1056 2647 1424 2647 1060 2648 1058 2648 1425 2648 1064 2649 1062 2649 1426 2649 1065 2650 1379 2650 1066 2650 1068 2651 1066 2651 1427 2651 1070 2652 1068 2652 1428 2652 1072 2653 1070 2653 1429 2653 1074 2654 1072 2654 1430 2654 1075 2655 1074 2655 1431 2655 1077 2656 1378 2656 1078 2656 1080 2657 1078 2657 1432 2657 1082 2658 1080 2658 1433 2658 1084 2659 1082 2659 1434 2659 1086 2660 1084 2660 1435 2660 1088 2661 1086 2661 1436 2661 1089 2662 1088 2662 1437 2662 1438 2663 948 2663 950 2663 948 2664 1438 2664 946 2664 944 2665 946 2665 1439 2665 942 2666 944 2666 1440 2666 938 2667 940 2667 1441 2667 1442 2668 952 2668 951 2668 952 2669 1442 2669 954 2669 956 2670 954 2670 1443 2670 958 2671 956 2671 1444 2671 959 2672 958 2672 1445 2672 961 2673 959 2673 1446 2673 963 2674 1375 2674 964 2674 966 2675 964 2675 1447 2675 968 2676 966 2676 1448 2676 1387 2677 968 2677 1449 2677 938 2678 1441 2678 1376 2678 1376 2679 1441 2679 1450 2679 1376 2680 1450 2680 1451 2680 1451 2681 1450 2681 1452 2681 1451 2682 1452 2682 1453 2682 1453 2683 1452 2683 1454 2683 1453 2684 1454 2684 1455 2684 1455 2685 1454 2685 1456 2685 1455 2686 1456 2686 1457 2686 1457 2687 1456 2687 1458 2687 1457 2688 1458 2688 1459 2688 1459 2689 1458 2689 1460 2689 1459 2690 1460 2690 1461 2690 1461 2691 1460 2691 1462 2691 1461 2692 1462 2692 1463 2692 1463 2693 1462 2693 1464 2693 1463 2694 1464 2694 1465 2694 1465 2695 1464 2695 1466 2695 1465 2696 1466 2696 1467 2696 1467 2697 1466 2697 1468 2697 1467 2698 1468 2698 1469 2698 1469 2699 1468 2699 1470 2699 1469 2700 1470 2700 1471 2700 1471 2701 1470 2701 1472 2701 1471 2702 1472 2702 1473 2702 1473 2703 1472 2703 1474 2703 1473 2704 1474 2704 1475 2704 1475 2705 1474 2705 1476 2705 1475 2706 1476 2706 1477 2706 1477 2707 1476 2707 1478 2707 1477 2708 1478 2708 1479 2708 1479 2709 1478 2709 1480 2709 1479 2710 1480 2710 1481 2710 1481 2711 1480 2711 1482 2711 1481 2712 1482 2712 1483 2712 1483 2713 1482 2713 1484 2713 1483 2714 1484 2714 1485 2714 1485 2715 1484 2715 1486 2715 1485 2716 1486 2716 1487 2716 1487 2717 1486 2717 1488 2717 1487 2718 1488 2718 1489 2718 1489 2719 1488 2719 1490 2719 1489 2720 1490 2720 1491 2720 951 2721 1376 2721 1442 2721 1442 2722 1376 2722 1451 2722 1442 2723 1451 2723 1492 2723 1492 2724 1451 2724 1453 2724 1492 2725 1453 2725 1493 2725 1493 2726 1453 2726 1455 2726 1493 2727 1455 2727 1494 2727 1494 2728 1455 2728 1457 2728 1494 2729 1457 2729 1495 2729 1495 2730 1457 2730 1459 2730 1495 2731 1459 2731 1496 2731 1496 2732 1459 2732 1461 2732 1496 2733 1461 2733 1497 2733 1497 2734 1461 2734 1463 2734 1497 2735 1463 2735 1498 2735 1498 2736 1463 2736 1465 2736 1498 2737 1465 2737 1499 2737 1499 2738 1465 2738 1467 2738 1499 2739 1467 2739 1500 2739 1500 2740 1467 2740 1469 2740 1500 2741 1469 2741 1501 2741 1501 2742 1469 2742 1471 2742 1501 2743 1471 2743 1502 2743 1502 2744 1471 2744 1473 2744 1502 2745 1473 2745 1503 2745 1503 2746 1473 2746 1475 2746 1503 2747 1475 2747 1504 2747 1504 2748 1475 2748 1477 2748 1504 2749 1477 2749 1505 2749 1505 2750 1477 2750 1479 2750 1505 2751 1479 2751 1506 2751 1506 2752 1479 2752 1481 2752 1506 2753 1481 2753 1507 2753 1507 2754 1481 2754 1483 2754 1507 2755 1483 2755 1508 2755 1508 2756 1483 2756 1485 2756 1508 2757 1485 2757 1509 2757 1509 2758 1485 2758 1487 2758 1509 2759 1487 2759 1510 2759 1510 2760 1487 2760 1489 2760 1510 2761 1489 2761 1511 2761 1511 2762 1489 2762 1491 2762 1511 2763 1491 2763 1512 2763 954 2764 1442 2764 1443 2764 1443 2765 1442 2765 1492 2765 1443 2766 1492 2766 1513 2766 1513 2767 1492 2767 1493 2767 1513 2768 1493 2768 1514 2768 1514 2769 1493 2769 1494 2769 1514 2770 1494 2770 1515 2770 1515 2771 1494 2771 1495 2771 1515 2772 1495 2772 1516 2772 1516 2773 1495 2773 1496 2773 1516 2774 1496 2774 1517 2774 1517 2775 1496 2775 1497 2775 1517 2776 1497 2776 1518 2776 1518 2777 1497 2777 1498 2777 1518 2778 1498 2778 1519 2778 1519 2779 1498 2779 1499 2779 1519 2780 1499 2780 1520 2780 1520 2781 1499 2781 1500 2781 1520 2782 1500 2782 1521 2782 1521 2783 1500 2783 1501 2783 1521 2784 1501 2784 1522 2784 1522 2785 1501 2785 1502 2785 1522 2786 1502 2786 1523 2786 1523 2787 1502 2787 1503 2787 1523 2788 1503 2788 1524 2788 1524 2789 1503 2789 1504 2789 1524 2790 1504 2790 1525 2790 1525 2791 1504 2791 1505 2791 1525 2792 1505 2792 1526 2792 1526 2793 1505 2793 1506 2793 1526 2794 1506 2794 1527 2794 1527 2795 1506 2795 1507 2795 1527 2796 1507 2796 1528 2796 1528 2797 1507 2797 1508 2797 1528 2798 1508 2798 1529 2798 1529 2799 1508 2799 1509 2799 1529 2800 1509 2800 1530 2800 1530 2801 1509 2801 1510 2801 1530 2802 1510 2802 1531 2802 1531 2803 1510 2803 1511 2803 1531 2804 1511 2804 1532 2804 1532 2805 1511 2805 1512 2805 1532 2806 1512 2806 1533 2806 956 2807 1443 2807 1444 2807 1444 2808 1443 2808 1513 2808 1444 2809 1513 2809 1534 2809 1534 2810 1513 2810 1514 2810 1534 2811 1514 2811 1535 2811 1535 2812 1514 2812 1515 2812 1535 2813 1515 2813 1536 2813 1536 2814 1515 2814 1516 2814 1536 2815 1516 2815 1537 2815 1537 2816 1516 2816 1517 2816 1537 2817 1517 2817 1538 2817 1538 2818 1517 2818 1518 2818 1538 2819 1518 2819 1539 2819 1539 2820 1518 2820 1519 2820 1539 2821 1519 2821 1540 2821 1540 2822 1519 2822 1520 2822 1540 2823 1520 2823 1541 2823 1541 2824 1520 2824 1521 2824 1541 2825 1521 2825 1542 2825 1542 2826 1521 2826 1522 2826 1542 2827 1522 2827 1543 2827 1543 2828 1522 2828 1523 2828 1543 2829 1523 2829 1544 2829 1544 2830 1523 2830 1524 2830 1544 2831 1524 2831 1545 2831 1545 2832 1524 2832 1525 2832 1545 2833 1525 2833 1546 2833 1546 2834 1525 2834 1526 2834 1546 2835 1526 2835 1547 2835 1547 2836 1526 2836 1527 2836 1547 2837 1527 2837 1548 2837 1548 2838 1527 2838 1528 2838 1548 2839 1528 2839 1549 2839 1549 2840 1528 2840 1529 2840 1549 2841 1529 2841 1550 2841 1550 2842 1529 2842 1530 2842 1550 2843 1530 2843 1551 2843 1551 2844 1530 2844 1531 2844 1551 2845 1531 2845 1552 2845 1552 2846 1531 2846 1532 2846 1552 2847 1532 2847 1553 2847 1553 2848 1532 2848 1533 2848 1553 2849 1533 2849 1554 2849 958 2850 1444 2850 1445 2850 1445 2851 1444 2851 1534 2851 1445 2852 1534 2852 1555 2852 1555 2853 1534 2853 1535 2853 1555 2854 1535 2854 1556 2854 1556 2855 1535 2855 1536 2855 1556 2856 1536 2856 1557 2856 1557 2857 1536 2857 1537 2857 1557 2858 1537 2858 1558 2858 1558 2859 1537 2859 1538 2859 1558 2860 1538 2860 1559 2860 1559 2861 1538 2861 1539 2861 1559 2862 1539 2862 1560 2862 1560 2863 1539 2863 1540 2863 1560 2864 1540 2864 1561 2864 1561 2865 1540 2865 1541 2865 1561 2866 1541 2866 1562 2866 1562 2867 1541 2867 1542 2867 1562 2868 1542 2868 1563 2868 1563 2869 1542 2869 1543 2869 1563 2870 1543 2870 1564 2870 1564 2871 1543 2871 1544 2871 1564 2872 1544 2872 1565 2872 1565 2873 1544 2873 1545 2873 1565 2874 1545 2874 1566 2874 1566 2875 1545 2875 1546 2875 1566 2876 1546 2876 1567 2876 1567 2877 1546 2877 1547 2877 1567 2878 1547 2878 1568 2878 1568 2879 1547 2879 1548 2879 1568 2880 1548 2880 1569 2880 1569 2881 1548 2881 1549 2881 1569 2882 1549 2882 1570 2882 1570 2883 1549 2883 1550 2883 1570 2884 1550 2884 1571 2884 1571 2885 1550 2885 1551 2885 1571 2886 1551 2886 1572 2886 1572 2887 1551 2887 1552 2887 1572 2888 1552 2888 1573 2888 1573 2889 1552 2889 1553 2889 1573 2890 1553 2890 1574 2890 1574 2891 1553 2891 1554 2891 1574 2892 1554 2892 1575 2892 986 2893 1393 2893 1394 2893 1394 2894 1393 2894 1576 2894 1394 2895 1576 2895 1577 2895 1577 2896 1576 2896 1578 2896 1577 2897 1578 2897 1579 2897 1579 2898 1578 2898 1580 2898 1579 2899 1580 2899 1581 2899 1581 2900 1580 2900 1582 2900 1581 2901 1582 2901 1583 2901 1583 2902 1582 2902 1584 2902 1583 2903 1584 2903 1585 2903 1585 2904 1584 2904 1586 2904 1585 2905 1586 2905 1587 2905 1587 2906 1586 2906 1588 2906 1587 2907 1588 2907 1589 2907 1589 2908 1588 2908 1590 2908 1589 2909 1590 2909 1591 2909 1591 2910 1590 2910 1592 2910 1591 2911 1592 2911 1593 2911 1593 2912 1592 2912 1594 2912 1593 2913 1594 2913 1595 2913 1595 2914 1594 2914 1596 2914 1595 2915 1596 2915 1597 2915 1597 2916 1596 2916 1598 2916 1597 2917 1598 2917 1599 2917 1599 2918 1598 2918 1600 2918 1599 2919 1600 2919 1601 2919 1601 2920 1600 2920 1602 2920 1601 2921 1602 2921 1603 2921 1603 2922 1602 2922 1604 2922 1603 2923 1604 2923 1605 2923 1605 2924 1604 2924 1606 2924 1605 2925 1606 2925 1607 2925 1607 2926 1606 2926 1608 2926 1607 2927 1608 2927 1609 2927 1609 2928 1608 2928 1610 2928 1609 2929 1610 2929 1611 2929 1611 2930 1610 2930 1612 2930 1611 2931 1612 2931 1613 2931 1613 2932 1612 2932 1614 2932 1613 2933 1614 2933 1615 2933 1615 2934 1614 2934 1616 2934 1615 2935 1616 2935 1617 2935 988 2936 1394 2936 1385 2936 1385 2937 1394 2937 1577 2937 1385 2938 1577 2938 1618 2938 1618 2939 1577 2939 1579 2939 1618 2940 1579 2940 1619 2940 1619 2941 1579 2941 1581 2941 1619 2942 1581 2942 1620 2942 1620 2943 1581 2943 1583 2943 1620 2944 1583 2944 1621 2944 1621 2945 1583 2945 1585 2945 1621 2946 1585 2946 1622 2946 1622 2947 1585 2947 1587 2947 1622 2948 1587 2948 1623 2948 1623 2949 1587 2949 1589 2949 1623 2950 1589 2950 1624 2950 1624 2951 1589 2951 1591 2951 1624 2952 1591 2952 1625 2952 1625 2953 1591 2953 1593 2953 1625 2954 1593 2954 1626 2954 1626 2955 1593 2955 1595 2955 1626 2956 1595 2956 1627 2956 1627 2957 1595 2957 1597 2957 1627 2958 1597 2958 1628 2958 1628 2959 1597 2959 1599 2959 1628 2960 1599 2960 1629 2960 1629 2961 1599 2961 1601 2961 1629 2962 1601 2962 1630 2962 1630 2963 1601 2963 1603 2963 1630 2964 1603 2964 1631 2964 1631 2965 1603 2965 1605 2965 1631 2966 1605 2966 1632 2966 1632 2967 1605 2967 1607 2967 1632 2968 1607 2968 1633 2968 1633 2969 1607 2969 1609 2969 1633 2970 1609 2970 1634 2970 1634 2971 1609 2971 1611 2971 1634 2972 1611 2972 1635 2972 1635 2973 1611 2973 1613 2973 1635 2974 1613 2974 1636 2974 1636 2975 1613 2975 1615 2975 1636 2976 1615 2976 1637 2976 1637 2977 1615 2977 1617 2977 1637 2978 1617 2978 1638 2978 989 2979 1385 2979 1395 2979 1395 2980 1385 2980 1618 2980 1395 2981 1618 2981 1639 2981 1639 2982 1618 2982 1619 2982 1639 2983 1619 2983 1640 2983 1640 2984 1619 2984 1620 2984 1640 2985 1620 2985 1641 2985 1641 2986 1620 2986 1621 2986 1641 2987 1621 2987 1642 2987 1642 2988 1621 2988 1622 2988 1642 2989 1622 2989 1643 2989 1643 2990 1622 2990 1623 2990 1643 2991 1623 2991 1644 2991 1644 2992 1623 2992 1624 2992 1644 2993 1624 2993 1645 2993 1645 2994 1624 2994 1625 2994 1645 2995 1625 2995 1646 2995 1646 2996 1625 2996 1626 2996 1646 2997 1626 2997 1647 2997 1647 2998 1626 2998 1627 2998 1647 2999 1627 2999 1648 2999 1648 3000 1627 3000 1628 3000 1648 3001 1628 3001 1649 3001 1649 3002 1628 3002 1629 3002 1649 3003 1629 3003 1650 3003 1650 3004 1629 3004 1630 3004 1650 3005 1630 3005 1651 3005 1651 3006 1630 3006 1631 3006 1651 3007 1631 3007 1652 3007 1652 3008 1631 3008 1632 3008 1652 3009 1632 3009 1653 3009 1653 3010 1632 3010 1633 3010 1653 3011 1633 3011 1654 3011 1654 3012 1633 3012 1634 3012 1654 3013 1634 3013 1655 3013 1655 3014 1634 3014 1635 3014 1655 3015 1635 3015 1656 3015 1656 3016 1635 3016 1636 3016 1656 3017 1636 3017 1657 3017 1657 3018 1636 3018 1637 3018 1657 3019 1637 3019 1658 3019 1658 3020 1637 3020 1638 3020 1658 3021 1638 3021 1659 3021 992 3022 1395 3022 1396 3022 1396 3023 1395 3023 1639 3023 1396 3024 1639 3024 1660 3024 1660 3025 1639 3025 1640 3025 1660 3026 1640 3026 1661 3026 1661 3027 1640 3027 1641 3027 1661 3028 1641 3028 1662 3028 1662 3029 1641 3029 1642 3029 1662 3030 1642 3030 1663 3030 1663 3031 1642 3031 1643 3031 1663 3032 1643 3032 1664 3032 1664 3033 1643 3033 1644 3033 1664 3034 1644 3034 1665 3034 1665 3035 1644 3035 1645 3035 1665 3036 1645 3036 1666 3036 1666 3037 1645 3037 1646 3037 1666 3038 1646 3038 1667 3038 1667 3039 1646 3039 1647 3039 1667 3040 1647 3040 1668 3040 1668 3041 1647 3041 1648 3041 1668 3042 1648 3042 1669 3042 1669 3043 1648 3043 1649 3043 1669 3044 1649 3044 1670 3044 1670 3045 1649 3045 1650 3045 1670 3046 1650 3046 1671 3046 1671 3047 1650 3047 1651 3047 1671 3048 1651 3048 1672 3048 1672 3049 1651 3049 1652 3049 1672 3050 1652 3050 1673 3050 1673 3051 1652 3051 1653 3051 1673 3052 1653 3052 1674 3052 1674 3053 1653 3053 1654 3053 1674 3054 1654 3054 1675 3054 1675 3055 1654 3055 1655 3055 1675 3056 1655 3056 1676 3056 1676 3057 1655 3057 1656 3057 1676 3058 1656 3058 1677 3058 1677 3059 1656 3059 1657 3059 1677 3060 1657 3060 1678 3060 1678 3061 1657 3061 1658 3061 1678 3062 1658 3062 1679 3062 1679 3063 1658 3063 1659 3063 1679 3064 1659 3064 1680 3064 994 3065 1396 3065 1397 3065 1397 3066 1396 3066 1660 3066 1397 3067 1660 3067 1681 3067 1681 3068 1660 3068 1661 3068 1681 3069 1661 3069 1682 3069 1682 3070 1661 3070 1662 3070 1682 3071 1662 3071 1683 3071 1683 3072 1662 3072 1663 3072 1683 3073 1663 3073 1684 3073 1684 3074 1663 3074 1664 3074 1684 3075 1664 3075 1685 3075 1685 3076 1664 3076 1665 3076 1685 3077 1665 3077 1686 3077 1686 3078 1665 3078 1666 3078 1686 3079 1666 3079 1687 3079 1687 3080 1666 3080 1667 3080 1687 3081 1667 3081 1688 3081 1688 3082 1667 3082 1668 3082 1688 3083 1668 3083 1689 3083 1689 3084 1668 3084 1669 3084 1689 3085 1669 3085 1690 3085 1690 3086 1669 3086 1670 3086 1690 3087 1670 3087 1691 3087 1691 3088 1670 3088 1671 3088 1691 3089 1671 3089 1692 3089 1692 3090 1671 3090 1672 3090 1692 3091 1672 3091 1693 3091 1693 3092 1672 3092 1673 3092 1693 3093 1673 3093 1694 3093 1694 3094 1673 3094 1674 3094 1694 3095 1674 3095 1695 3095 1695 3096 1674 3096 1675 3096 1695 3097 1675 3097 1696 3097 1696 3098 1675 3098 1676 3098 1696 3099 1676 3099 1697 3099 1697 3100 1676 3100 1677 3100 1697 3101 1677 3101 1698 3101 1698 3102 1677 3102 1678 3102 1698 3103 1678 3103 1699 3103 1699 3104 1678 3104 1679 3104 1699 3105 1679 3105 1700 3105 1700 3106 1679 3106 1680 3106 1700 3107 1680 3107 1701 3107 996 3108 1397 3108 1398 3108 1398 3109 1397 3109 1681 3109 1398 3110 1681 3110 1702 3110 1702 3111 1681 3111 1682 3111 1702 3112 1682 3112 1703 3112 1703 3113 1682 3113 1683 3113 1703 3114 1683 3114 1704 3114 1704 3115 1683 3115 1684 3115 1704 3116 1684 3116 1705 3116 1705 3117 1684 3117 1685 3117 1705 3118 1685 3118 1706 3118 1706 3119 1685 3119 1686 3119 1706 3120 1686 3120 1707 3120 1707 3121 1686 3121 1687 3121 1707 3122 1687 3122 1708 3122 1708 3123 1687 3123 1688 3123 1708 3124 1688 3124 1709 3124 1709 3125 1688 3125 1689 3125 1709 3126 1689 3126 1710 3126 1710 3127 1689 3127 1690 3127 1710 3128 1690 3128 1711 3128 1711 3129 1690 3129 1691 3129 1711 3130 1691 3130 1712 3130 1712 3131 1691 3131 1692 3131 1712 3132 1692 3132 1713 3132 1713 3133 1692 3133 1693 3133 1713 3134 1693 3134 1714 3134 1714 3135 1693 3135 1694 3135 1714 3136 1694 3136 1715 3136 1715 3137 1694 3137 1695 3137 1715 3138 1695 3138 1716 3138 1716 3139 1695 3139 1696 3139 1716 3140 1696 3140 1717 3140 1717 3141 1696 3141 1697 3141 1717 3142 1697 3142 1718 3142 1718 3143 1697 3143 1698 3143 1718 3144 1698 3144 1719 3144 1719 3145 1698 3145 1699 3145 1719 3146 1699 3146 1720 3146 1720 3147 1699 3147 1700 3147 1720 3148 1700 3148 1721 3148 1721 3149 1700 3149 1701 3149 1721 3150 1701 3150 1722 3150 1024 3151 1409 3151 1410 3151 1410 3152 1409 3152 1723 3152 1410 3153 1723 3153 1724 3153 1724 3154 1723 3154 1725 3154 1724 3155 1725 3155 1726 3155 1726 3156 1725 3156 1727 3156 1726 3157 1727 3157 1728 3157 1728 3158 1727 3158 1729 3158 1728 3159 1729 3159 1730 3159 1730 3160 1729 3160 1731 3160 1730 3161 1731 3161 1732 3161 1732 3162 1731 3162 1733 3162 1732 3163 1733 3163 1734 3163 1734 3164 1733 3164 1735 3164 1734 3165 1735 3165 1736 3165 1736 3166 1735 3166 1737 3166 1736 3167 1737 3167 1738 3167 1738 3168 1737 3168 1739 3168 1738 3169 1739 3169 1740 3169 1740 3170 1739 3170 1741 3170 1740 3171 1741 3171 1742 3171 1742 3172 1741 3172 1743 3172 1742 3173 1743 3173 1744 3173 1744 3174 1743 3174 1745 3174 1744 3175 1745 3175 1746 3175 1746 3176 1745 3176 1747 3176 1746 3177 1747 3177 1748 3177 1748 3178 1747 3178 1749 3178 1748 3179 1749 3179 1750 3179 1750 3180 1749 3180 1751 3180 1750 3181 1751 3181 1752 3181 1752 3182 1751 3182 1753 3182 1752 3183 1753 3183 1754 3183 1754 3184 1753 3184 1755 3184 1754 3185 1755 3185 1756 3185 1756 3186 1755 3186 1757 3186 1756 3187 1757 3187 1758 3187 1758 3188 1757 3188 1759 3188 1758 3189 1759 3189 1760 3189 1760 3190 1759 3190 1761 3190 1760 3191 1761 3191 1762 3191 1762 3192 1761 3192 1763 3192 1762 3193 1763 3193 1764 3193 1026 3194 1410 3194 1382 3194 1382 3195 1410 3195 1724 3195 1382 3196 1724 3196 1765 3196 1765 3197 1724 3197 1726 3197 1765 3198 1726 3198 1766 3198 1766 3199 1726 3199 1728 3199 1766 3200 1728 3200 1767 3200 1767 3201 1728 3201 1730 3201 1767 3202 1730 3202 1768 3202 1768 3203 1730 3203 1732 3203 1768 3204 1732 3204 1769 3204 1769 3205 1732 3205 1734 3205 1769 3206 1734 3206 1770 3206 1770 3207 1734 3207 1736 3207 1770 3208 1736 3208 1771 3208 1771 3209 1736 3209 1738 3209 1771 3210 1738 3210 1772 3210 1772 3211 1738 3211 1740 3211 1772 3212 1740 3212 1773 3212 1773 3213 1740 3213 1742 3213 1773 3214 1742 3214 1774 3214 1774 3215 1742 3215 1744 3215 1774 3216 1744 3216 1775 3216 1775 3217 1744 3217 1746 3217 1775 3218 1746 3218 1776 3218 1776 3219 1746 3219 1748 3219 1776 3220 1748 3220 1777 3220 1777 3221 1748 3221 1750 3221 1777 3222 1750 3222 1778 3222 1778 3223 1750 3223 1752 3223 1778 3224 1752 3224 1779 3224 1779 3225 1752 3225 1754 3225 1779 3226 1754 3226 1780 3226 1780 3227 1754 3227 1756 3227 1780 3228 1756 3228 1781 3228 1781 3229 1756 3229 1758 3229 1781 3230 1758 3230 1782 3230 1782 3231 1758 3231 1760 3231 1782 3232 1760 3232 1783 3232 1783 3233 1760 3233 1762 3233 1783 3234 1762 3234 1784 3234 1784 3235 1762 3235 1764 3235 1784 3236 1764 3236 1785 3236 1028 3237 1382 3237 1411 3237 1411 3238 1382 3238 1765 3238 1411 3239 1765 3239 1786 3239 1786 3240 1765 3240 1766 3240 1786 3241 1766 3241 1787 3241 1787 3242 1766 3242 1767 3242 1787 3243 1767 3243 1788 3243 1788 3244 1767 3244 1768 3244 1788 3245 1768 3245 1789 3245 1789 3246 1768 3246 1769 3246 1789 3247 1769 3247 1790 3247 1790 3248 1769 3248 1770 3248 1790 3249 1770 3249 1791 3249 1791 3250 1770 3250 1771 3250 1791 3251 1771 3251 1792 3251 1792 3252 1771 3252 1772 3252 1792 3253 1772 3253 1793 3253 1793 3254 1772 3254 1773 3254 1793 3255 1773 3255 1794 3255 1794 3256 1773 3256 1774 3256 1794 3257 1774 3257 1795 3257 1795 3258 1774 3258 1775 3258 1795 3259 1775 3259 1796 3259 1796 3260 1775 3260 1776 3260 1796 3261 1776 3261 1797 3261 1797 3262 1776 3262 1777 3262 1797 3263 1777 3263 1798 3263 1798 3264 1777 3264 1778 3264 1798 3265 1778 3265 1799 3265 1799 3266 1778 3266 1779 3266 1799 3267 1779 3267 1800 3267 1800 3268 1779 3268 1780 3268 1800 3269 1780 3269 1801 3269 1801 3270 1780 3270 1781 3270 1801 3271 1781 3271 1802 3271 1802 3272 1781 3272 1782 3272 1802 3273 1782 3273 1803 3273 1803 3274 1782 3274 1783 3274 1803 3275 1783 3275 1804 3275 1804 3276 1783 3276 1784 3276 1804 3277 1784 3277 1805 3277 1805 3278 1784 3278 1785 3278 1805 3279 1785 3279 1806 3279 1030 3280 1411 3280 1412 3280 1412 3281 1411 3281 1786 3281 1412 3282 1786 3282 1807 3282 1807 3283 1786 3283 1787 3283 1807 3284 1787 3284 1808 3284 1808 3285 1787 3285 1788 3285 1808 3286 1788 3286 1809 3286 1809 3287 1788 3287 1789 3287 1809 3288 1789 3288 1810 3288 1810 3289 1789 3289 1790 3289 1810 3290 1790 3290 1811 3290 1811 3291 1790 3291 1791 3291 1811 3292 1791 3292 1812 3292 1812 3293 1791 3293 1792 3293 1812 3294 1792 3294 1813 3294 1813 3295 1792 3295 1793 3295 1813 3296 1793 3296 1814 3296 1814 3297 1793 3297 1794 3297 1814 3298 1794 3298 1815 3298 1815 3299 1794 3299 1795 3299 1815 3300 1795 3300 1816 3300 1816 3301 1795 3301 1796 3301 1816 3302 1796 3302 1817 3302 1817 3303 1796 3303 1797 3303 1817 3304 1797 3304 1818 3304 1818 3305 1797 3305 1798 3305 1818 3306 1798 3306 1819 3306 1819 3307 1798 3307 1799 3307 1819 3308 1799 3308 1820 3308 1820 3309 1799 3309 1800 3309 1820 3310 1800 3310 1821 3310 1821 3311 1800 3311 1801 3311 1821 3312 1801 3312 1822 3312 1822 3313 1801 3313 1802 3313 1822 3314 1802 3314 1823 3314 1823 3315 1802 3315 1803 3315 1823 3316 1803 3316 1824 3316 1824 3317 1803 3317 1804 3317 1824 3318 1804 3318 1825 3318 1825 3319 1804 3319 1805 3319 1825 3320 1805 3320 1826 3320 1826 3321 1805 3321 1806 3321 1826 3322 1806 3322 1827 3322 1032 3323 1412 3323 1413 3323 1413 3324 1412 3324 1807 3324 1413 3325 1807 3325 1828 3325 1828 3326 1807 3326 1808 3326 1828 3327 1808 3327 1829 3327 1829 3328 1808 3328 1809 3328 1829 3329 1809 3329 1830 3329 1830 3330 1809 3330 1810 3330 1830 3331 1810 3331 1831 3331 1831 3332 1810 3332 1811 3332 1831 3333 1811 3333 1832 3333 1832 3334 1811 3334 1812 3334 1832 3335 1812 3335 1833 3335 1833 3336 1812 3336 1813 3336 1833 3337 1813 3337 1834 3337 1834 3338 1813 3338 1814 3338 1834 3339 1814 3339 1835 3339 1835 3340 1814 3340 1815 3340 1835 3341 1815 3341 1836 3341 1836 3342 1815 3342 1816 3342 1836 3343 1816 3343 1837 3343 1837 3344 1816 3344 1817 3344 1837 3345 1817 3345 1838 3345 1838 3346 1817 3346 1818 3346 1838 3347 1818 3347 1839 3347 1839 3348 1818 3348 1819 3348 1839 3349 1819 3349 1840 3349 1840 3350 1819 3350 1820 3350 1840 3351 1820 3351 1841 3351 1841 3352 1820 3352 1821 3352 1841 3353 1821 3353 1842 3353 1842 3354 1821 3354 1822 3354 1842 3355 1822 3355 1843 3355 1843 3356 1822 3356 1823 3356 1843 3357 1823 3357 1844 3357 1844 3358 1823 3358 1824 3358 1844 3359 1824 3359 1845 3359 1845 3360 1824 3360 1825 3360 1845 3361 1825 3361 1846 3361 1846 3362 1825 3362 1826 3362 1846 3363 1826 3363 1847 3363 1847 3364 1826 3364 1827 3364 1847 3365 1827 3365 1848 3365 1034 3366 1413 3366 1414 3366 1414 3367 1413 3367 1828 3367 1414 3368 1828 3368 1849 3368 1849 3369 1828 3369 1829 3369 1849 3370 1829 3370 1850 3370 1850 3371 1829 3371 1830 3371 1850 3372 1830 3372 1851 3372 1851 3373 1830 3373 1831 3373 1851 3374 1831 3374 1852 3374 1852 3375 1831 3375 1832 3375 1852 3376 1832 3376 1853 3376 1853 3377 1832 3377 1833 3377 1853 3378 1833 3378 1854 3378 1854 3379 1833 3379 1834 3379 1854 3380 1834 3380 1855 3380 1855 3381 1834 3381 1835 3381 1855 3382 1835 3382 1856 3382 1856 3383 1835 3383 1836 3383 1856 3384 1836 3384 1857 3384 1857 3385 1836 3385 1837 3385 1857 3386 1837 3386 1858 3386 1858 3387 1837 3387 1838 3387 1858 3388 1838 3388 1859 3388 1859 3389 1838 3389 1839 3389 1859 3390 1839 3390 1860 3390 1860 3391 1839 3391 1840 3391 1860 3392 1840 3392 1861 3392 1861 3393 1840 3393 1841 3393 1861 3394 1841 3394 1862 3394 1862 3395 1841 3395 1842 3395 1862 3396 1842 3396 1863 3396 1863 3397 1842 3397 1843 3397 1863 3398 1843 3398 1864 3398 1864 3399 1843 3399 1844 3399 1864 3400 1844 3400 1865 3400 1865 3401 1844 3401 1845 3401 1865 3402 1845 3402 1866 3402 1866 3403 1845 3403 1846 3403 1866 3404 1846 3404 1867 3404 1867 3405 1846 3405 1847 3405 1867 3406 1847 3406 1868 3406 1868 3407 1847 3407 1848 3407 1868 3408 1848 3408 1869 3408 1064 3409 1426 3409 1379 3409 1379 3410 1426 3410 1870 3410 1379 3411 1870 3411 1871 3411 1871 3412 1870 3412 1872 3412 1871 3413 1872 3413 1873 3413 1873 3414 1872 3414 1874 3414 1873 3415 1874 3415 1875 3415 1875 3416 1874 3416 1876 3416 1875 3417 1876 3417 1877 3417 1877 3418 1876 3418 1878 3418 1877 3419 1878 3419 1879 3419 1879 3420 1878 3420 1880 3420 1879 3421 1880 3421 1881 3421 1881 3422 1880 3422 1882 3422 1881 3423 1882 3423 1883 3423 1883 3424 1882 3424 1884 3424 1883 3425 1884 3425 1885 3425 1885 3426 1884 3426 1886 3426 1885 3427 1886 3427 1887 3427 1887 3428 1886 3428 1888 3428 1887 3429 1888 3429 1889 3429 1889 3430 1888 3430 1890 3430 1889 3431 1890 3431 1891 3431 1891 3432 1890 3432 1892 3432 1891 3433 1892 3433 1893 3433 1893 3434 1892 3434 1894 3434 1893 3435 1894 3435 1895 3435 1895 3436 1894 3436 1896 3436 1895 3437 1896 3437 1897 3437 1897 3438 1896 3438 1898 3438 1897 3439 1898 3439 1899 3439 1899 3440 1898 3440 1900 3440 1899 3441 1900 3441 1901 3441 1901 3442 1900 3442 1902 3442 1901 3443 1902 3443 1903 3443 1903 3444 1902 3444 1904 3444 1903 3445 1904 3445 1905 3445 1905 3446 1904 3446 1906 3446 1905 3447 1906 3447 1907 3447 1907 3448 1906 3448 1908 3448 1907 3449 1908 3449 1909 3449 1909 3450 1908 3450 1910 3450 1909 3451 1910 3451 1911 3451 1066 3452 1379 3452 1427 3452 1427 3453 1379 3453 1871 3453 1427 3454 1871 3454 1912 3454 1912 3455 1871 3455 1873 3455 1912 3456 1873 3456 1913 3456 1913 3457 1873 3457 1875 3457 1913 3458 1875 3458 1914 3458 1914 3459 1875 3459 1877 3459 1914 3460 1877 3460 1915 3460 1915 3461 1877 3461 1879 3461 1915 3462 1879 3462 1916 3462 1916 3463 1879 3463 1881 3463 1916 3464 1881 3464 1917 3464 1917 3465 1881 3465 1883 3465 1917 3466 1883 3466 1918 3466 1918 3467 1883 3467 1885 3467 1918 3468 1885 3468 1919 3468 1919 3469 1885 3469 1887 3469 1919 3470 1887 3470 1920 3470 1920 3471 1887 3471 1889 3471 1920 3472 1889 3472 1921 3472 1921 3473 1889 3473 1891 3473 1921 3474 1891 3474 1922 3474 1922 3475 1891 3475 1893 3475 1922 3476 1893 3476 1923 3476 1923 3477 1893 3477 1895 3477 1923 3478 1895 3478 1924 3478 1924 3479 1895 3479 1897 3479 1924 3480 1897 3480 1925 3480 1925 3481 1897 3481 1899 3481 1925 3482 1899 3482 1926 3482 1926 3483 1899 3483 1901 3483 1926 3484 1901 3484 1927 3484 1927 3485 1901 3485 1903 3485 1927 3486 1903 3486 1928 3486 1928 3487 1903 3487 1905 3487 1928 3488 1905 3488 1929 3488 1929 3489 1905 3489 1907 3489 1929 3490 1907 3490 1930 3490 1930 3491 1907 3491 1909 3491 1930 3492 1909 3492 1931 3492 1931 3493 1909 3493 1911 3493 1931 3494 1911 3494 1932 3494 1068 3495 1427 3495 1428 3495 1428 3496 1427 3496 1912 3496 1428 3497 1912 3497 1933 3497 1933 3498 1912 3498 1913 3498 1933 3499 1913 3499 1934 3499 1934 3500 1913 3500 1914 3500 1934 3501 1914 3501 1935 3501 1935 3502 1914 3502 1915 3502 1935 3503 1915 3503 1936 3503 1936 3504 1915 3504 1916 3504 1936 3505 1916 3505 1937 3505 1937 3506 1916 3506 1917 3506 1937 3507 1917 3507 1938 3507 1938 3508 1917 3508 1918 3508 1938 3509 1918 3509 1939 3509 1939 3510 1918 3510 1919 3510 1939 3511 1919 3511 1940 3511 1940 3512 1919 3512 1920 3512 1940 3513 1920 3513 1941 3513 1941 3514 1920 3514 1921 3514 1941 3515 1921 3515 1942 3515 1942 3516 1921 3516 1922 3516 1942 3517 1922 3517 1943 3517 1943 3518 1922 3518 1923 3518 1943 3519 1923 3519 1944 3519 1944 3520 1923 3520 1924 3520 1944 3521 1924 3521 1945 3521 1945 3522 1924 3522 1925 3522 1945 3523 1925 3523 1946 3523 1946 3524 1925 3524 1926 3524 1946 3525 1926 3525 1947 3525 1947 3526 1926 3526 1927 3526 1947 3527 1927 3527 1948 3527 1948 3528 1927 3528 1928 3528 1948 3529 1928 3529 1949 3529 1949 3530 1928 3530 1929 3530 1949 3531 1929 3531 1950 3531 1950 3532 1929 3532 1930 3532 1950 3533 1930 3533 1951 3533 1951 3534 1930 3534 1931 3534 1951 3535 1931 3535 1952 3535 1952 3536 1931 3536 1932 3536 1952 3537 1932 3537 1953 3537 1070 3538 1428 3538 1429 3538 1429 3539 1428 3539 1933 3539 1429 3540 1933 3540 1954 3540 1954 3541 1933 3541 1934 3541 1954 3542 1934 3542 1955 3542 1955 3543 1934 3543 1935 3543 1955 3544 1935 3544 1956 3544 1956 3545 1935 3545 1936 3545 1956 3546 1936 3546 1957 3546 1957 3547 1936 3547 1937 3547 1957 3548 1937 3548 1958 3548 1958 3549 1937 3549 1938 3549 1958 3550 1938 3550 1959 3550 1959 3551 1938 3551 1939 3551 1959 3552 1939 3552 1960 3552 1960 3553 1939 3553 1940 3553 1960 3554 1940 3554 1961 3554 1961 3555 1940 3555 1941 3555 1961 3556 1941 3556 1962 3556 1962 3557 1941 3557 1942 3557 1962 3558 1942 3558 1963 3558 1963 3559 1942 3559 1943 3559 1963 3560 1943 3560 1964 3560 1964 3561 1943 3561 1944 3561 1964 3562 1944 3562 1965 3562 1965 3563 1944 3563 1945 3563 1965 3564 1945 3564 1966 3564 1966 3565 1945 3565 1946 3565 1966 3566 1946 3566 1967 3566 1967 3567 1946 3567 1947 3567 1967 3568 1947 3568 1968 3568 1968 3569 1947 3569 1948 3569 1968 3570 1948 3570 1969 3570 1969 3571 1948 3571 1949 3571 1969 3572 1949 3572 1970 3572 1970 3573 1949 3573 1950 3573 1970 3574 1950 3574 1971 3574 1971 3575 1950 3575 1951 3575 1971 3576 1951 3576 1972 3576 1972 3577 1951 3577 1952 3577 1972 3578 1952 3578 1973 3578 1973 3579 1952 3579 1953 3579 1973 3580 1953 3580 1974 3580 1072 3581 1429 3581 1430 3581 1430 3582 1429 3582 1954 3582 1430 3583 1954 3583 1975 3583 1975 3584 1954 3584 1955 3584 1975 3585 1955 3585 1976 3585 1976 3586 1955 3586 1956 3586 1976 3587 1956 3587 1977 3587 1977 3588 1956 3588 1957 3588 1977 3589 1957 3589 1978 3589 1978 3590 1957 3590 1958 3590 1978 3591 1958 3591 1979 3591 1979 3592 1958 3592 1959 3592 1979 3593 1959 3593 1980 3593 1980 3594 1959 3594 1960 3594 1980 3595 1960 3595 1981 3595 1981 3596 1960 3596 1961 3596 1981 3597 1961 3597 1982 3597 1982 3598 1961 3598 1962 3598 1982 3599 1962 3599 1983 3599 1983 3600 1962 3600 1963 3600 1983 3601 1963 3601 1984 3601 1984 3602 1963 3602 1964 3602 1984 3603 1964 3603 1985 3603 1985 3604 1964 3604 1965 3604 1985 3605 1965 3605 1986 3605 1986 3606 1965 3606 1966 3606 1986 3607 1966 3607 1987 3607 1987 3608 1966 3608 1967 3608 1987 3609 1967 3609 1988 3609 1988 3610 1967 3610 1968 3610 1988 3611 1968 3611 1989 3611 1989 3612 1968 3612 1969 3612 1989 3613 1969 3613 1990 3613 1990 3614 1969 3614 1970 3614 1990 3615 1970 3615 1991 3615 1991 3616 1970 3616 1971 3616 1991 3617 1971 3617 1992 3617 1992 3618 1971 3618 1972 3618 1992 3619 1972 3619 1993 3619 1993 3620 1972 3620 1973 3620 1993 3621 1973 3621 1994 3621 1994 3622 1973 3622 1974 3622 1994 3623 1974 3623 1995 3623 1082 3624 1433 3624 1434 3624 1434 3625 1433 3625 1996 3625 1434 3626 1996 3626 1997 3626 1997 3627 1996 3627 1998 3627 1997 3628 1998 3628 1999 3628 1999 3629 1998 3629 2000 3629 1999 3630 2000 3630 2001 3630 2001 3631 2000 3631 2002 3631 2001 3632 2002 3632 2003 3632 2003 3633 2002 3633 2004 3633 2003 3634 2004 3634 2005 3634 2005 3635 2004 3635 2006 3635 2005 3636 2006 3636 2007 3636 2007 3637 2006 3637 2008 3637 2007 3638 2008 3638 2009 3638 2009 3639 2008 3639 2010 3639 2009 3640 2010 3640 2011 3640 2011 3641 2010 3641 2012 3641 2011 3642 2012 3642 2013 3642 2013 3643 2012 3643 2014 3643 2013 3644 2014 3644 2015 3644 2015 3645 2014 3645 2016 3645 2015 3646 2016 3646 2017 3646 2017 3647 2016 3647 2018 3647 2017 3648 2018 3648 2019 3648 2019 3649 2018 3649 2020 3649 2019 3650 2020 3650 2021 3650 2021 3651 2020 3651 2022 3651 2021 3652 2022 3652 2023 3652 2023 3653 2022 3653 2024 3653 2023 3654 2024 3654 2025 3654 2025 3655 2024 3655 2026 3655 2025 3656 2026 3656 2027 3656 2027 3657 2026 3657 2028 3657 2027 3658 2028 3658 2029 3658 2029 3659 2028 3659 2030 3659 2029 3660 2030 3660 2031 3660 2031 3661 2030 3661 2032 3661 2031 3662 2032 3662 2033 3662 2033 3663 2032 3663 2034 3663 2033 3664 2034 3664 2035 3664 2035 3665 2034 3665 2036 3665 2035 3666 2036 3666 2037 3666 2037 3667 2036 3667 2038 3667 2037 3668 2038 3668 2039 3668 1084 3669 1434 3669 1435 3669 1435 3670 1434 3670 1997 3670 1435 3671 1997 3671 2040 3671 2040 3672 1997 3672 1999 3672 2040 3673 1999 3673 2041 3673 2041 3674 1999 3674 2001 3674 2041 3675 2001 3675 2042 3675 2042 3676 2001 3676 2003 3676 2042 3677 2003 3677 2043 3677 2043 3678 2003 3678 2005 3678 2043 3679 2005 3679 2044 3679 2044 3680 2005 3680 2007 3680 2044 3681 2007 3681 2045 3681 2045 3682 2007 3682 2009 3682 2045 3683 2009 3683 2046 3683 2046 3684 2009 3684 2011 3684 2046 3685 2011 3685 2047 3685 2047 3686 2011 3686 2013 3686 2047 3687 2013 3687 2048 3687 2048 3688 2013 3688 2015 3688 2048 3689 2015 3689 2049 3689 2049 3690 2015 3690 2017 3690 2049 3691 2017 3691 2050 3691 2050 3692 2017 3692 2019 3692 2050 3693 2019 3693 2051 3693 2051 3694 2019 3694 2021 3694 2051 3695 2021 3695 2052 3695 2052 3696 2021 3696 2023 3696 2052 3697 2023 3697 2053 3697 2053 3698 2023 3698 2025 3698 2053 3699 2025 3699 2054 3699 2054 3700 2025 3700 2027 3700 2054 3701 2027 3701 2055 3701 2055 3702 2027 3702 2029 3702 2055 3703 2029 3703 2056 3703 2056 3704 2029 3704 2031 3704 2056 3705 2031 3705 2057 3705 2057 3706 2031 3706 2033 3706 2057 3707 2033 3707 2058 3707 2058 3708 2033 3708 2035 3708 2058 3709 2035 3709 2059 3709 2059 3710 2035 3710 2037 3710 2059 3711 2037 3711 2060 3711 2060 3712 2037 3712 2039 3712 2060 3713 2039 3713 2061 3713 1086 3714 1435 3714 1436 3714 1436 3715 1435 3715 2040 3715 1436 3716 2040 3716 2062 3716 2062 3717 2040 3717 2041 3717 2062 3718 2041 3718 2063 3718 2063 3719 2041 3719 2042 3719 2063 3720 2042 3720 2064 3720 2064 3721 2042 3721 2043 3721 2064 3722 2043 3722 2065 3722 2065 3723 2043 3723 2044 3723 2065 3724 2044 3724 2066 3724 2066 3725 2044 3725 2045 3725 2066 3726 2045 3726 2067 3726 2067 3727 2045 3727 2046 3727 2067 3728 2046 3728 2068 3728 2068 3729 2046 3729 2047 3729 2068 3730 2047 3730 2069 3730 2069 3731 2047 3731 2048 3731 2069 3732 2048 3732 2070 3732 2070 3733 2048 3733 2049 3733 2070 3734 2049 3734 2071 3734 2071 3735 2049 3735 2050 3735 2071 3736 2050 3736 2072 3736 2072 3737 2050 3737 2051 3737 2072 3738 2051 3738 2073 3738 2073 3739 2051 3739 2052 3739 2073 3740 2052 3740 2074 3740 2074 3741 2052 3741 2053 3741 2074 3742 2053 3742 2075 3742 2075 3743 2053 3743 2054 3743 2075 3744 2054 3744 2076 3744 2076 3745 2054 3745 2055 3745 2076 3746 2055 3746 2077 3746 2077 3747 2055 3747 2056 3747 2077 3748 2056 3748 2078 3748 2078 3749 2056 3749 2057 3749 2078 3750 2057 3750 2079 3750 2079 3751 2057 3751 2058 3751 2079 3752 2058 3752 2080 3752 2080 3753 2058 3753 2059 3753 2080 3754 2059 3754 2081 3754 2081 3755 2059 3755 2060 3755 2081 3756 2060 3756 2082 3756 2082 3757 2060 3757 2061 3757 2082 3758 2061 3758 2083 3758 1088 3759 1436 3759 1437 3759 1437 3760 1436 3760 2062 3760 1437 3761 2062 3761 2084 3761 2084 3762 2062 3762 2063 3762 2084 3763 2063 3763 2085 3763 2085 3764 2063 3764 2064 3764 2085 3765 2064 3765 2086 3765 2086 3766 2064 3766 2065 3766 2086 3767 2065 3767 2087 3767 2087 3768 2065 3768 2066 3768 2087 3769 2066 3769 2088 3769 2088 3770 2066 3770 2067 3770 2088 3771 2067 3771 2089 3771 2089 3772 2067 3772 2068 3772 2089 3773 2068 3773 2090 3773 2090 3774 2068 3774 2069 3774 2090 3775 2069 3775 2091 3775 2091 3776 2069 3776 2070 3776 2091 3777 2070 3777 2092 3777 2092 3778 2070 3778 2071 3778 2092 3779 2071 3779 2093 3779 2093 3780 2071 3780 2072 3780 2093 3781 2072 3781 2094 3781 2094 3782 2072 3782 2073 3782 2094 3783 2073 3783 2095 3783 2095 3784 2073 3784 2074 3784 2095 3785 2074 3785 2096 3785 2096 3786 2074 3786 2075 3786 2096 3787 2075 3787 2097 3787 2097 3788 2075 3788 2076 3788 2097 3789 2076 3789 2098 3789 2098 3790 2076 3790 2077 3790 2098 3791 2077 3791 2099 3791 2099 3792 2077 3792 2078 3792 2099 3793 2078 3793 2100 3793 2100 3794 2078 3794 2079 3794 2100 3795 2079 3795 2101 3795 2101 3796 2079 3796 2080 3796 2101 3797 2080 3797 2102 3797 2102 3798 2080 3798 2081 3798 2102 3799 2081 3799 2103 3799 2103 3800 2081 3800 2082 3800 2103 3801 2082 3801 1374 3801 1374 3802 2082 3802 2083 3802 1374 3803 2083 3803 1372 3803 1089 3804 1437 3804 1377 3804 1377 3805 1437 3805 2084 3805 1377 3806 2084 3806 2104 3806 2104 3807 2084 3807 2085 3807 2104 3808 2085 3808 2105 3808 2105 3809 2085 3809 2086 3809 2105 3810 2086 3810 2106 3810 2106 3811 2086 3811 2087 3811 2106 3812 2087 3812 2107 3812 2107 3813 2087 3813 2088 3813 2107 3814 2088 3814 2108 3814 2108 3815 2088 3815 2089 3815 2108 3816 2089 3816 2109 3816 2109 3817 2089 3817 2090 3817 2109 3818 2090 3818 2110 3818 2110 3819 2090 3819 2091 3819 2110 3820 2091 3820 2111 3820 2111 3821 2091 3821 2092 3821 2111 3822 2092 3822 2112 3822 2112 3823 2092 3823 2093 3823 2112 3824 2093 3824 2113 3824 2113 3825 2093 3825 2094 3825 2113 3826 2094 3826 2114 3826 2114 3827 2094 3827 2095 3827 2114 3828 2095 3828 2115 3828 2115 3829 2095 3829 2096 3829 2115 3830 2096 3830 2116 3830 2116 3831 2096 3831 2097 3831 2116 3832 2097 3832 2117 3832 2117 3833 2097 3833 2098 3833 2117 3834 2098 3834 2118 3834 2118 3835 2098 3835 2099 3835 2118 3836 2099 3836 2119 3836 2119 3837 2099 3837 2100 3837 2119 3838 2100 3838 2120 3838 2120 3839 2100 3839 2101 3839 2120 3840 2101 3840 2121 3840 2121 3841 2101 3841 2102 3841 2121 3842 2102 3842 2122 3842 2122 3843 2102 3843 2103 3843 2122 3844 2103 3844 2123 3844 2123 3845 2103 3845 1374 3845 2123 3846 1374 3846 2124 3846 2124 3847 1374 3847 1373 3847 2124 3848 1373 3848 2125 3848 950 3849 1377 3849 1438 3849 1438 3850 1377 3850 2104 3850 1438 3851 2104 3851 2126 3851 2126 3852 2104 3852 2105 3852 2126 3853 2105 3853 2127 3853 2127 3854 2105 3854 2106 3854 2127 3855 2106 3855 2128 3855 2128 3856 2106 3856 2107 3856 2128 3857 2107 3857 2129 3857 2129 3858 2107 3858 2108 3858 2129 3859 2108 3859 2130 3859 2130 3860 2108 3860 2109 3860 2130 3861 2109 3861 2131 3861 2131 3862 2109 3862 2110 3862 2131 3863 2110 3863 2132 3863 2132 3864 2110 3864 2111 3864 2132 3865 2111 3865 2133 3865 2133 3866 2111 3866 2112 3866 2133 3867 2112 3867 2134 3867 2134 3868 2112 3868 2113 3868 2134 3869 2113 3869 2135 3869 2135 3870 2113 3870 2114 3870 2135 3871 2114 3871 2136 3871 2136 3872 2114 3872 2115 3872 2136 3873 2115 3873 2137 3873 2137 3874 2115 3874 2116 3874 2137 3875 2116 3875 2138 3875 2138 3876 2116 3876 2117 3876 2138 3877 2117 3877 2139 3877 2139 3878 2117 3878 2118 3878 2139 3879 2118 3879 2140 3879 2140 3880 2118 3880 2119 3880 2140 3881 2119 3881 2141 3881 2141 3882 2119 3882 2120 3882 2141 3883 2120 3883 2142 3883 2142 3884 2120 3884 2121 3884 2142 3885 2121 3885 2143 3885 2143 3886 2121 3886 2122 3886 2143 3887 2122 3887 2144 3887 2144 3888 2122 3888 2123 3888 2144 3889 2123 3889 2145 3889 2145 3890 2123 3890 2124 3890 2145 3891 2124 3891 2146 3891 2146 3892 2124 3892 2125 3892 2146 3893 2125 3893 2147 3893 946 3894 1438 3894 1439 3894 1439 3895 1438 3895 2126 3895 1439 3896 2126 3896 2148 3896 2148 3897 2126 3897 2127 3897 2148 3898 2127 3898 2149 3898 2149 3899 2127 3899 2128 3899 2149 3900 2128 3900 2150 3900 2150 3901 2128 3901 2129 3901 2150 3902 2129 3902 2151 3902 2151 3903 2129 3903 2130 3903 2151 3904 2130 3904 2152 3904 2152 3905 2130 3905 2131 3905 2152 3906 2131 3906 2153 3906 2153 3907 2131 3907 2132 3907 2153 3908 2132 3908 2154 3908 2154 3909 2132 3909 2133 3909 2154 3910 2133 3910 2155 3910 2155 3911 2133 3911 2134 3911 2155 3912 2134 3912 2156 3912 2156 3913 2134 3913 2135 3913 2156 3914 2135 3914 2157 3914 2157 3915 2135 3915 2136 3915 2157 3916 2136 3916 2158 3916 2158 3917 2136 3917 2137 3917 2158 3918 2137 3918 2159 3918 2159 3919 2137 3919 2138 3919 2159 3920 2138 3920 2160 3920 2160 3921 2138 3921 2139 3921 2160 3922 2139 3922 2161 3922 2161 3923 2139 3923 2140 3923 2161 3924 2140 3924 2162 3924 2162 3925 2140 3925 2141 3925 2162 3926 2141 3926 2163 3926 2163 3927 2141 3927 2142 3927 2163 3928 2142 3928 2164 3928 2164 3929 2142 3929 2143 3929 2164 3930 2143 3930 2165 3930 2165 3931 2143 3931 2144 3931 2165 3932 2144 3932 2166 3932 2166 3933 2144 3933 2145 3933 2166 3934 2145 3934 2167 3934 2167 3935 2145 3935 2146 3935 2167 3936 2146 3936 2168 3936 2168 3937 2146 3937 2147 3937 2168 3938 2147 3938 2169 3938 944 3939 1439 3939 1440 3939 1440 3940 1439 3940 2148 3940 1440 3941 2148 3941 2170 3941 2170 3942 2148 3942 2149 3942 2170 3943 2149 3943 2171 3943 2171 3944 2149 3944 2150 3944 2171 3945 2150 3945 2172 3945 2172 3946 2150 3946 2151 3946 2172 3947 2151 3947 2173 3947 2173 3948 2151 3948 2152 3948 2173 3949 2152 3949 2174 3949 2174 3950 2152 3950 2153 3950 2174 3951 2153 3951 2175 3951 2175 3952 2153 3952 2154 3952 2175 3953 2154 3953 2176 3953 2176 3954 2154 3954 2155 3954 2176 3955 2155 3955 2177 3955 2177 3956 2155 3956 2156 3956 2177 3957 2156 3957 2178 3957 2178 3958 2156 3958 2157 3958 2178 3959 2157 3959 2179 3959 2179 3960 2157 3960 2158 3960 2179 3961 2158 3961 2180 3961 2180 3962 2158 3962 2159 3962 2180 3963 2159 3963 2181 3963 2181 3964 2159 3964 2160 3964 2181 3965 2160 3965 2182 3965 2182 3966 2160 3966 2161 3966 2182 3967 2161 3967 2183 3967 2183 3968 2161 3968 2162 3968 2183 3969 2162 3969 2184 3969 2184 3970 2162 3970 2163 3970 2184 3971 2163 3971 2185 3971 2185 3972 2163 3972 2164 3972 2185 3973 2164 3973 2186 3973 2186 3974 2164 3974 2165 3974 2186 3975 2165 3975 2187 3975 2187 3976 2165 3976 2166 3976 2187 3977 2166 3977 2188 3977 2188 3978 2166 3978 2167 3978 2188 3979 2167 3979 2189 3979 2189 3980 2167 3980 2168 3980 2189 3981 2168 3981 2190 3981 2190 3982 2168 3982 2169 3982 2190 3983 2169 3983 2191 3983 942 3984 1440 3984 2192 3984 2192 3985 1440 3985 2170 3985 2192 3986 2170 3986 2193 3986 2193 3987 2170 3987 2171 3987 2193 3988 2171 3988 2194 3988 2194 3989 2171 3989 2172 3989 2194 3990 2172 3990 2195 3990 2195 3991 2172 3991 2173 3991 2195 3992 2173 3992 2196 3992 2196 3993 2173 3993 2174 3993 2196 3994 2174 3994 2197 3994 2197 3995 2174 3995 2175 3995 2197 3996 2175 3996 2198 3996 2198 3997 2175 3997 2176 3997 2198 3998 2176 3998 2199 3998 2199 3999 2176 3999 2177 3999 2199 4000 2177 4000 2200 4000 2200 4001 2177 4001 2178 4001 2200 4002 2178 4002 2201 4002 2201 4003 2178 4003 2179 4003 2201 4004 2179 4004 2202 4004 2202 4005 2179 4005 2180 4005 2202 4006 2180 4006 2203 4006 2203 4007 2180 4007 2181 4007 2203 4008 2181 4008 2204 4008 2204 4009 2181 4009 2182 4009 2204 4010 2182 4010 2205 4010 2205 4011 2182 4011 2183 4011 2205 4012 2183 4012 2206 4012 2206 4013 2183 4013 2184 4013 2206 4014 2184 4014 2207 4014 2207 4015 2184 4015 2185 4015 2207 4016 2185 4016 2208 4016 2208 4017 2185 4017 2186 4017 2208 4018 2186 4018 2209 4018 2209 4019 2186 4019 2187 4019 2209 4020 2187 4020 2210 4020 2210 4021 2187 4021 2188 4021 2210 4022 2188 4022 2211 4022 2211 4023 2188 4023 2189 4023 2211 4024 2189 4024 2212 4024 2212 4025 2189 4025 2190 4025 2212 4026 2190 4026 2213 4026 2213 4027 2190 4027 2191 4027 2213 4028 2191 4028 2214 4028 2214 4029 1490 4029 2213 4029 2213 4030 1490 4030 1488 4030 2213 4031 1488 4031 2212 4031 2212 4032 1488 4032 1486 4032 2212 4033 1486 4033 2211 4033 2211 4034 1486 4034 1484 4034 2211 4035 1484 4035 2210 4035 2210 4036 1484 4036 1482 4036 2210 4037 1482 4037 2209 4037 2209 4038 1482 4038 1480 4038 2209 4039 1480 4039 2208 4039 2208 4040 1480 4040 1478 4040 2208 4041 1478 4041 2207 4041 2207 4042 1478 4042 1476 4042 2207 4043 1476 4043 2206 4043 2206 4044 1476 4044 1474 4044 2206 4045 1474 4045 2205 4045 2205 4046 1474 4046 1472 4046 2205 4047 1472 4047 2204 4047 2204 4048 1472 4048 1470 4048 2204 4049 1470 4049 2203 4049 2203 4050 1470 4050 1468 4050 2203 4051 1468 4051 2202 4051 2202 4052 1468 4052 1466 4052 2202 4053 1466 4053 2201 4053 2201 4054 1466 4054 1464 4054 2201 4055 1464 4055 2200 4055 2200 4056 1464 4056 1462 4056 2200 4057 1462 4057 2199 4057 2199 4058 1462 4058 1460 4058 2199 4059 1460 4059 2198 4059 2198 4060 1460 4060 1458 4060 2198 4061 1458 4061 2197 4061 2197 4062 1458 4062 1456 4062 2197 4063 1456 4063 2196 4063 2196 4064 1456 4064 1454 4064 2196 4065 1454 4065 2195 4065 2195 4066 1454 4066 1452 4066 2195 4067 1452 4067 2194 4067 2194 4068 1452 4068 1450 4068 2194 4069 1450 4069 2193 4069 2193 4070 1450 4070 1441 4070 2193 4071 1441 4071 2192 4071 2192 4072 1441 4072 940 4072 2192 4073 940 4073 942 4073 2214 4074 2215 4074 1490 4074 1490 4075 2215 4075 2216 4075 1490 4076 2216 4076 1491 4076 1491 4077 2216 4077 2217 4077 1491 4078 2217 4078 1512 4078 1512 4079 2217 4079 2218 4079 1512 4080 2218 4080 1533 4080 1533 4081 2218 4081 2219 4081 1533 4082 2219 4082 1554 4082 1554 4083 2219 4083 2220 4083 1554 4084 2220 4084 1575 4084 1575 4085 2220 4085 2221 4085 1575 4086 2221 4086 2222 4086 959 4087 1445 4087 1446 4087 1446 4088 1445 4088 1555 4088 1446 4089 1555 4089 2223 4089 2223 4090 1555 4090 1556 4090 2223 4091 1556 4091 2224 4091 2224 4092 1556 4092 1557 4092 2224 4093 1557 4093 2225 4093 2225 4094 1557 4094 1558 4094 2225 4095 1558 4095 2226 4095 2226 4096 1558 4096 1559 4096 2226 4097 1559 4097 2227 4097 2227 4098 1559 4098 1560 4098 2227 4099 1560 4099 2228 4099 2228 4100 1560 4100 1561 4100 2228 4101 1561 4101 2229 4101 2229 4102 1561 4102 1562 4102 2229 4103 1562 4103 2230 4103 2230 4104 1562 4104 1563 4104 2230 4105 1563 4105 2231 4105 2231 4106 1563 4106 1564 4106 2231 4107 1564 4107 2232 4107 2232 4108 1564 4108 1565 4108 2232 4109 1565 4109 2233 4109 2233 4110 1565 4110 1566 4110 2233 4111 1566 4111 2234 4111 2234 4112 1566 4112 1567 4112 2234 4113 1567 4113 2235 4113 2235 4114 1567 4114 1568 4114 2235 4115 1568 4115 2236 4115 2236 4116 1568 4116 1569 4116 2236 4117 1569 4117 2237 4117 2237 4118 1569 4118 1570 4118 2237 4119 1570 4119 2238 4119 2238 4120 1570 4120 1571 4120 2238 4121 1571 4121 2239 4121 2239 4122 1571 4122 1572 4122 2239 4123 1572 4123 2240 4123 2240 4124 1572 4124 1573 4124 2240 4125 1573 4125 2241 4125 2241 4126 1573 4126 1574 4126 2241 4127 1574 4127 2242 4127 2242 4128 1574 4128 1575 4128 2242 4129 1575 4129 2243 4129 2243 4130 1575 4130 2222 4130 2243 4131 2222 4131 2244 4131 961 4132 1446 4132 1375 4132 1375 4133 1446 4133 2223 4133 1375 4134 2223 4134 2245 4134 2245 4135 2223 4135 2224 4135 2245 4136 2224 4136 2246 4136 2246 4137 2224 4137 2225 4137 2246 4138 2225 4138 2247 4138 2247 4139 2225 4139 2226 4139 2247 4140 2226 4140 2248 4140 2248 4141 2226 4141 2227 4141 2248 4142 2227 4142 2249 4142 2249 4143 2227 4143 2228 4143 2249 4144 2228 4144 2250 4144 2250 4145 2228 4145 2229 4145 2250 4146 2229 4146 2251 4146 2251 4147 2229 4147 2230 4147 2251 4148 2230 4148 2252 4148 2252 4149 2230 4149 2231 4149 2252 4150 2231 4150 2253 4150 2253 4151 2231 4151 2232 4151 2253 4152 2232 4152 2254 4152 2254 4153 2232 4153 2233 4153 2254 4154 2233 4154 2255 4154 2255 4155 2233 4155 2234 4155 2255 4156 2234 4156 2256 4156 2256 4157 2234 4157 2235 4157 2256 4158 2235 4158 2257 4158 2257 4159 2235 4159 2236 4159 2257 4160 2236 4160 2258 4160 2258 4161 2236 4161 2237 4161 2258 4162 2237 4162 2259 4162 2259 4163 2237 4163 2238 4163 2259 4164 2238 4164 2260 4164 2260 4165 2238 4165 2239 4165 2260 4166 2239 4166 2261 4166 2261 4167 2239 4167 2240 4167 2261 4168 2240 4168 2262 4168 2262 4169 2240 4169 2241 4169 2262 4170 2241 4170 2263 4170 2263 4171 2241 4171 2242 4171 2263 4172 2242 4172 2264 4172 2264 4173 2242 4173 2243 4173 2264 4174 2243 4174 2265 4174 2265 4175 2243 4175 2244 4175 2265 4176 2244 4176 2266 4176 964 4177 1375 4177 1447 4177 1447 4178 1375 4178 2245 4178 1447 4179 2245 4179 2267 4179 2267 4180 2245 4180 2246 4180 2267 4181 2246 4181 2268 4181 2268 4182 2246 4182 2247 4182 2268 4183 2247 4183 2269 4183 2269 4184 2247 4184 2248 4184 2269 4185 2248 4185 2270 4185 2270 4186 2248 4186 2249 4186 2270 4187 2249 4187 2271 4187 2271 4188 2249 4188 2250 4188 2271 4189 2250 4189 2272 4189 2272 4190 2250 4190 2251 4190 2272 4191 2251 4191 2273 4191 2273 4192 2251 4192 2252 4192 2273 4193 2252 4193 2274 4193 2274 4194 2252 4194 2253 4194 2274 4195 2253 4195 2275 4195 2275 4196 2253 4196 2254 4196 2275 4197 2254 4197 2276 4197 2276 4198 2254 4198 2255 4198 2276 4199 2255 4199 2277 4199 2277 4200 2255 4200 2256 4200 2277 4201 2256 4201 2278 4201 2278 4202 2256 4202 2257 4202 2278 4203 2257 4203 2279 4203 2279 4204 2257 4204 2258 4204 2279 4205 2258 4205 2280 4205 2280 4206 2258 4206 2259 4206 2280 4207 2259 4207 2281 4207 2281 4208 2259 4208 2260 4208 2281 4209 2260 4209 2282 4209 2282 4210 2260 4210 2261 4210 2282 4211 2261 4211 2283 4211 2283 4212 2261 4212 2262 4212 2283 4213 2262 4213 2284 4213 2284 4214 2262 4214 2263 4214 2284 4215 2263 4215 2285 4215 2285 4216 2263 4216 2264 4216 2285 4217 2264 4217 2286 4217 2286 4218 2264 4218 2265 4218 2286 4219 2265 4219 2287 4219 2287 4220 2265 4220 2266 4220 2287 4221 2266 4221 2288 4221 966 4222 1447 4222 1448 4222 1448 4223 1447 4223 2267 4223 1448 4224 2267 4224 2289 4224 2289 4225 2267 4225 2268 4225 2289 4226 2268 4226 2290 4226 2290 4227 2268 4227 2269 4227 2290 4228 2269 4228 2291 4228 2291 4229 2269 4229 2270 4229 2291 4230 2270 4230 2292 4230 2292 4231 2270 4231 2271 4231 2292 4232 2271 4232 2293 4232 2293 4233 2271 4233 2272 4233 2293 4234 2272 4234 2294 4234 2294 4235 2272 4235 2273 4235 2294 4236 2273 4236 2295 4236 2295 4237 2273 4237 2274 4237 2295 4238 2274 4238 2296 4238 2296 4239 2274 4239 2275 4239 2296 4240 2275 4240 2297 4240 2297 4241 2275 4241 2276 4241 2297 4242 2276 4242 2298 4242 2298 4243 2276 4243 2277 4243 2298 4244 2277 4244 2299 4244 2299 4245 2277 4245 2278 4245 2299 4246 2278 4246 2300 4246 2300 4247 2278 4247 2279 4247 2300 4248 2279 4248 2301 4248 2301 4249 2279 4249 2280 4249 2301 4250 2280 4250 2302 4250 2302 4251 2280 4251 2281 4251 2302 4252 2281 4252 2303 4252 2303 4253 2281 4253 2282 4253 2303 4254 2282 4254 2304 4254 2304 4255 2282 4255 2283 4255 2304 4256 2283 4256 2305 4256 2305 4257 2283 4257 2284 4257 2305 4258 2284 4258 2306 4258 2306 4259 2284 4259 2285 4259 2306 4260 2285 4260 2307 4260 2307 4261 2285 4261 2286 4261 2307 4262 2286 4262 2308 4262 2308 4263 2286 4263 2287 4263 2308 4264 2287 4264 2309 4264 2309 4265 2287 4265 2288 4265 2309 4266 2288 4266 2310 4266 968 4267 1448 4267 1449 4267 1449 4268 1448 4268 2289 4268 1449 4269 2289 4269 2311 4269 2311 4270 2289 4270 2290 4270 2311 4271 2290 4271 2312 4271 2312 4272 2290 4272 2291 4272 2312 4273 2291 4273 2313 4273 2313 4274 2291 4274 2292 4274 2313 4275 2292 4275 2314 4275 2314 4276 2292 4276 2293 4276 2314 4277 2293 4277 2315 4277 2315 4278 2293 4278 2294 4278 2315 4279 2294 4279 2316 4279 2316 4280 2294 4280 2295 4280 2316 4281 2295 4281 2317 4281 2317 4282 2295 4282 2296 4282 2317 4283 2296 4283 2318 4283 2318 4284 2296 4284 2297 4284 2318 4285 2297 4285 2319 4285 2319 4286 2297 4286 2298 4286 2319 4287 2298 4287 2320 4287 2320 4288 2298 4288 2299 4288 2320 4289 2299 4289 2321 4289 2321 4290 2299 4290 2300 4290 2321 4291 2300 4291 2322 4291 2322 4292 2300 4292 2301 4292 2322 4293 2301 4293 2323 4293 2323 4294 2301 4294 2302 4294 2323 4295 2302 4295 2324 4295 2324 4296 2302 4296 2303 4296 2324 4297 2303 4297 2325 4297 2325 4298 2303 4298 2304 4298 2325 4299 2304 4299 2326 4299 2326 4300 2304 4300 2305 4300 2326 4301 2305 4301 2327 4301 2327 4302 2305 4302 2306 4302 2327 4303 2306 4303 2328 4303 2328 4304 2306 4304 2307 4304 2328 4305 2307 4305 2329 4305 2329 4306 2307 4306 2308 4306 2329 4307 2308 4307 2330 4307 2330 4308 2308 4308 2309 4308 2330 4309 2309 4309 2331 4309 2331 4310 2309 4310 2310 4310 2331 4311 2310 4311 2332 4311 1387 4312 1449 4312 1388 4312 1388 4313 1449 4313 2311 4313 1388 4314 2311 4314 2333 4314 2333 4315 2311 4315 2312 4315 2333 4316 2312 4316 2334 4316 2334 4317 2312 4317 2313 4317 2334 4318 2313 4318 2335 4318 2335 4319 2313 4319 2314 4319 2335 4320 2314 4320 2336 4320 2336 4321 2314 4321 2315 4321 2336 4322 2315 4322 2337 4322 2337 4323 2315 4323 2316 4323 2337 4324 2316 4324 2338 4324 2338 4325 2316 4325 2317 4325 2338 4326 2317 4326 2339 4326 2339 4327 2317 4327 2318 4327 2339 4328 2318 4328 2340 4328 2340 4329 2318 4329 2319 4329 2340 4330 2319 4330 2341 4330 2341 4331 2319 4331 2320 4331 2341 4332 2320 4332 2342 4332 2342 4333 2320 4333 2321 4333 2342 4334 2321 4334 2343 4334 2343 4335 2321 4335 2322 4335 2343 4336 2322 4336 2344 4336 2344 4337 2322 4337 2323 4337 2344 4338 2323 4338 2345 4338 2345 4339 2323 4339 2324 4339 2345 4340 2324 4340 2346 4340 2346 4341 2324 4341 2325 4341 2346 4342 2325 4342 2347 4342 2347 4343 2325 4343 2326 4343 2347 4344 2326 4344 2348 4344 2348 4345 2326 4345 2327 4345 2348 4346 2327 4346 2349 4346 2349 4347 2327 4347 2328 4347 2349 4348 2328 4348 2350 4348 2350 4349 2328 4349 2329 4349 2350 4350 2329 4350 2351 4350 2351 4351 2329 4351 2330 4351 2351 4352 2330 4352 2352 4352 2352 4353 2330 4353 2331 4353 2352 4354 2331 4354 2353 4354 2353 4355 2331 4355 2332 4355 2353 4356 2332 4356 2354 4356 972 4357 1388 4357 1389 4357 1389 4358 1388 4358 2333 4358 1389 4359 2333 4359 2355 4359 2355 4360 2333 4360 2334 4360 2355 4361 2334 4361 2356 4361 2356 4362 2334 4362 2335 4362 2356 4363 2335 4363 2357 4363 2357 4364 2335 4364 2336 4364 2357 4365 2336 4365 2358 4365 2358 4366 2336 4366 2337 4366 2358 4367 2337 4367 2359 4367 2359 4368 2337 4368 2338 4368 2359 4369 2338 4369 2360 4369 2360 4370 2338 4370 2339 4370 2360 4371 2339 4371 2361 4371 2361 4372 2339 4372 2340 4372 2361 4373 2340 4373 2362 4373 2362 4374 2340 4374 2341 4374 2362 4375 2341 4375 2363 4375 2363 4376 2341 4376 2342 4376 2363 4377 2342 4377 2364 4377 2364 4378 2342 4378 2343 4378 2364 4379 2343 4379 2365 4379 2365 4380 2343 4380 2344 4380 2365 4381 2344 4381 2366 4381 2366 4382 2344 4382 2345 4382 2366 4383 2345 4383 2367 4383 2367 4384 2345 4384 2346 4384 2367 4385 2346 4385 2368 4385 2368 4386 2346 4386 2347 4386 2368 4387 2347 4387 2369 4387 2369 4388 2347 4388 2348 4388 2369 4389 2348 4389 2370 4389 2370 4390 2348 4390 2349 4390 2370 4391 2349 4391 2371 4391 2371 4392 2349 4392 2350 4392 2371 4393 2350 4393 2372 4393 2372 4394 2350 4394 2351 4394 2372 4395 2351 4395 2373 4395 2373 4396 2351 4396 2352 4396 2373 4397 2352 4397 2374 4397 2374 4398 2352 4398 2353 4398 2374 4399 2353 4399 2375 4399 2375 4400 2353 4400 2354 4400 2375 4401 2354 4401 2376 4401 974 4402 1389 4402 1390 4402 1390 4403 1389 4403 2355 4403 1390 4404 2355 4404 2377 4404 2377 4405 2355 4405 2356 4405 2377 4406 2356 4406 2378 4406 2378 4407 2356 4407 2357 4407 2378 4408 2357 4408 2379 4408 2379 4409 2357 4409 2358 4409 2379 4410 2358 4410 2380 4410 2380 4411 2358 4411 2359 4411 2380 4412 2359 4412 2381 4412 2381 4413 2359 4413 2360 4413 2381 4414 2360 4414 2382 4414 2382 4415 2360 4415 2361 4415 2382 4416 2361 4416 2383 4416 2383 4417 2361 4417 2362 4417 2383 4418 2362 4418 2384 4418 2384 4419 2362 4419 2363 4419 2384 4420 2363 4420 2385 4420 2385 4421 2363 4421 2364 4421 2385 4422 2364 4422 2386 4422 2386 4423 2364 4423 2365 4423 2386 4424 2365 4424 2387 4424 2387 4425 2365 4425 2366 4425 2387 4426 2366 4426 2388 4426 2388 4427 2366 4427 2367 4427 2388 4428 2367 4428 2389 4428 2389 4429 2367 4429 2368 4429 2389 4430 2368 4430 2390 4430 2390 4431 2368 4431 2369 4431 2390 4432 2369 4432 2391 4432 2391 4433 2369 4433 2370 4433 2391 4434 2370 4434 2392 4434 2392 4435 2370 4435 2371 4435 2392 4436 2371 4436 2393 4436 2393 4437 2371 4437 2372 4437 2393 4438 2372 4438 2394 4438 2394 4439 2372 4439 2373 4439 2394 4440 2373 4440 2395 4440 2395 4441 2373 4441 2374 4441 2395 4442 2374 4442 2396 4442 2396 4443 2374 4443 2375 4443 2396 4444 2375 4444 1371 4444 1371 4445 2375 4445 2376 4445 1371 4446 2376 4446 1369 4446 976 4447 1390 4447 1386 4447 1386 4448 1390 4448 2377 4448 1386 4449 2377 4449 2397 4449 2397 4450 2377 4450 2378 4450 2397 4451 2378 4451 2398 4451 2398 4452 2378 4452 2379 4452 2398 4453 2379 4453 2399 4453 2399 4454 2379 4454 2380 4454 2399 4455 2380 4455 2400 4455 2400 4456 2380 4456 2381 4456 2400 4457 2381 4457 2401 4457 2401 4458 2381 4458 2382 4458 2401 4459 2382 4459 2402 4459 2402 4460 2382 4460 2383 4460 2402 4461 2383 4461 2403 4461 2403 4462 2383 4462 2384 4462 2403 4463 2384 4463 2404 4463 2404 4464 2384 4464 2385 4464 2404 4465 2385 4465 2405 4465 2405 4466 2385 4466 2386 4466 2405 4467 2386 4467 2406 4467 2406 4468 2386 4468 2387 4468 2406 4469 2387 4469 2407 4469 2407 4470 2387 4470 2388 4470 2407 4471 2388 4471 2408 4471 2408 4472 2388 4472 2389 4472 2408 4473 2389 4473 2409 4473 2409 4474 2389 4474 2390 4474 2409 4475 2390 4475 2410 4475 2410 4476 2390 4476 2391 4476 2410 4477 2391 4477 2411 4477 2411 4478 2391 4478 2392 4478 2411 4479 2392 4479 2412 4479 2412 4480 2392 4480 2393 4480 2412 4481 2393 4481 2413 4481 2413 4482 2393 4482 2394 4482 2413 4483 2394 4483 2414 4483 2414 4484 2394 4484 2395 4484 2414 4485 2395 4485 2415 4485 2415 4486 2395 4486 2396 4486 2415 4487 2396 4487 2416 4487 2416 4488 2396 4488 1371 4488 2416 4489 1371 4489 2417 4489 2417 4490 1371 4490 1370 4490 2417 4491 1370 4491 2418 4491 977 4492 1386 4492 1391 4492 1391 4493 1386 4493 2397 4493 1391 4494 2397 4494 2419 4494 2419 4495 2397 4495 2398 4495 2419 4496 2398 4496 2420 4496 2420 4497 2398 4497 2399 4497 2420 4498 2399 4498 2421 4498 2421 4499 2399 4499 2400 4499 2421 4500 2400 4500 2422 4500 2422 4501 2400 4501 2401 4501 2422 4502 2401 4502 2423 4502 2423 4503 2401 4503 2402 4503 2423 4504 2402 4504 2424 4504 2424 4505 2402 4505 2403 4505 2424 4506 2403 4506 2425 4506 2425 4507 2403 4507 2404 4507 2425 4508 2404 4508 2426 4508 2426 4509 2404 4509 2405 4509 2426 4510 2405 4510 2427 4510 2427 4511 2405 4511 2406 4511 2427 4512 2406 4512 2428 4512 2428 4513 2406 4513 2407 4513 2428 4514 2407 4514 2429 4514 2429 4515 2407 4515 2408 4515 2429 4516 2408 4516 2430 4516 2430 4517 2408 4517 2409 4517 2430 4518 2409 4518 2431 4518 2431 4519 2409 4519 2410 4519 2431 4520 2410 4520 2432 4520 2432 4521 2410 4521 2411 4521 2432 4522 2411 4522 2433 4522 2433 4523 2411 4523 2412 4523 2433 4524 2412 4524 2434 4524 2434 4525 2412 4525 2413 4525 2434 4526 2413 4526 2435 4526 2435 4527 2413 4527 2414 4527 2435 4528 2414 4528 2436 4528 2436 4529 2414 4529 2415 4529 2436 4530 2415 4530 2437 4530 2437 4531 2415 4531 2416 4531 2437 4532 2416 4532 2438 4532 2438 4533 2416 4533 2417 4533 2438 4534 2417 4534 2439 4534 2439 4535 2417 4535 2418 4535 2439 4536 2418 4536 2440 4536 980 4537 1391 4537 1392 4537 1392 4538 1391 4538 2419 4538 1392 4539 2419 4539 2441 4539 2441 4540 2419 4540 2420 4540 2441 4541 2420 4541 2442 4541 2442 4542 2420 4542 2421 4542 2442 4543 2421 4543 2443 4543 2443 4544 2421 4544 2422 4544 2443 4545 2422 4545 2444 4545 2444 4546 2422 4546 2423 4546 2444 4547 2423 4547 2445 4547 2445 4548 2423 4548 2424 4548 2445 4549 2424 4549 2446 4549 2446 4550 2424 4550 2425 4550 2446 4551 2425 4551 2447 4551 2447 4552 2425 4552 2426 4552 2447 4553 2426 4553 2448 4553 2448 4554 2426 4554 2427 4554 2448 4555 2427 4555 2449 4555 2449 4556 2427 4556 2428 4556 2449 4557 2428 4557 2450 4557 2450 4558 2428 4558 2429 4558 2450 4559 2429 4559 2451 4559 2451 4560 2429 4560 2430 4560 2451 4561 2430 4561 2452 4561 2452 4562 2430 4562 2431 4562 2452 4563 2431 4563 2453 4563 2453 4564 2431 4564 2432 4564 2453 4565 2432 4565 2454 4565 2454 4566 2432 4566 2433 4566 2454 4567 2433 4567 2455 4567 2455 4568 2433 4568 2434 4568 2455 4569 2434 4569 2456 4569 2456 4570 2434 4570 2435 4570 2456 4571 2435 4571 2457 4571 2457 4572 2435 4572 2436 4572 2457 4573 2436 4573 2458 4573 2458 4574 2436 4574 2437 4574 2458 4575 2437 4575 2459 4575 2459 4576 2437 4576 2438 4576 2459 4577 2438 4577 2460 4577 2460 4578 2438 4578 2439 4578 2460 4579 2439 4579 2461 4579 2461 4580 2439 4580 2440 4580 2461 4581 2440 4581 2462 4581 982 4582 1392 4582 2463 4582 2463 4583 1392 4583 2441 4583 2463 4584 2441 4584 2464 4584 2464 4585 2441 4585 2442 4585 2464 4586 2442 4586 2465 4586 2465 4587 2442 4587 2443 4587 2465 4588 2443 4588 2466 4588 2466 4589 2443 4589 2444 4589 2466 4590 2444 4590 2467 4590 2467 4591 2444 4591 2445 4591 2467 4592 2445 4592 2468 4592 2468 4593 2445 4593 2446 4593 2468 4594 2446 4594 2469 4594 2469 4595 2446 4595 2447 4595 2469 4596 2447 4596 2470 4596 2470 4597 2447 4597 2448 4597 2470 4598 2448 4598 2471 4598 2471 4599 2448 4599 2449 4599 2471 4600 2449 4600 2472 4600 2472 4601 2449 4601 2450 4601 2472 4602 2450 4602 2473 4602 2473 4603 2450 4603 2451 4603 2473 4604 2451 4604 2474 4604 2474 4605 2451 4605 2452 4605 2474 4606 2452 4606 2475 4606 2475 4607 2452 4607 2453 4607 2475 4608 2453 4608 2476 4608 2476 4609 2453 4609 2454 4609 2476 4610 2454 4610 2477 4610 2477 4611 2454 4611 2455 4611 2477 4612 2455 4612 2478 4612 2478 4613 2455 4613 2456 4613 2478 4614 2456 4614 2479 4614 2479 4615 2456 4615 2457 4615 2479 4616 2457 4616 2480 4616 2480 4617 2457 4617 2458 4617 2480 4618 2458 4618 2481 4618 2481 4619 2458 4619 2459 4619 2481 4620 2459 4620 2482 4620 2482 4621 2459 4621 2460 4621 2482 4622 2460 4622 2483 4622 2483 4623 2460 4623 2461 4623 2483 4624 2461 4624 2484 4624 2484 4625 2461 4625 2462 4625 2484 4626 2462 4626 2485 4626 2485 4627 1616 4627 2484 4627 2484 4628 1616 4628 1614 4628 2484 4629 1614 4629 2483 4629 2483 4630 1614 4630 1612 4630 2483 4631 1612 4631 2482 4631 2482 4632 1612 4632 1610 4632 2482 4633 1610 4633 2481 4633 2481 4634 1610 4634 1608 4634 2481 4635 1608 4635 2480 4635 2480 4636 1608 4636 1606 4636 2480 4637 1606 4637 2479 4637 2479 4638 1606 4638 1604 4638 2479 4639 1604 4639 2478 4639 2478 4640 1604 4640 1602 4640 2478 4641 1602 4641 2477 4641 2477 4642 1602 4642 1600 4642 2477 4643 1600 4643 2476 4643 2476 4644 1600 4644 1598 4644 2476 4645 1598 4645 2475 4645 2475 4646 1598 4646 1596 4646 2475 4647 1596 4647 2474 4647 2474 4648 1596 4648 1594 4648 2474 4649 1594 4649 2473 4649 2473 4650 1594 4650 1592 4650 2473 4651 1592 4651 2472 4651 2472 4652 1592 4652 1590 4652 2472 4653 1590 4653 2471 4653 2471 4654 1590 4654 1588 4654 2471 4655 1588 4655 2470 4655 2470 4656 1588 4656 1586 4656 2470 4657 1586 4657 2469 4657 2469 4658 1586 4658 1584 4658 2469 4659 1584 4659 2468 4659 2468 4660 1584 4660 1582 4660 2468 4661 1582 4661 2467 4661 2467 4662 1582 4662 1580 4662 2467 4663 1580 4663 2466 4663 2466 4664 1580 4664 1578 4664 2466 4665 1578 4665 2465 4665 2465 4666 1578 4666 1576 4666 2465 4667 1576 4667 2464 4667 2464 4668 1576 4668 1393 4668 2464 4669 1393 4669 2463 4669 2463 4670 1393 4670 984 4670 2463 4671 984 4671 982 4671 2485 4672 2486 4672 1616 4672 1616 4673 2486 4673 2487 4673 1616 4674 2487 4674 1617 4674 1617 4675 2487 4675 2488 4675 1617 4676 2488 4676 1638 4676 1638 4677 2488 4677 2489 4677 1638 4678 2489 4678 1659 4678 1659 4679 2489 4679 2490 4679 1659 4680 2490 4680 1680 4680 1680 4681 2490 4681 2491 4681 1680 4682 2491 4682 1701 4682 1701 4683 2491 4683 2492 4683 1701 4684 2492 4684 1722 4684 1722 4685 2492 4685 2493 4685 1722 4686 2493 4686 2494 4686 998 4687 1398 4687 1399 4687 1399 4688 1398 4688 1702 4688 1399 4689 1702 4689 2495 4689 2495 4690 1702 4690 1703 4690 2495 4691 1703 4691 2496 4691 2496 4692 1703 4692 1704 4692 2496 4693 1704 4693 2497 4693 2497 4694 1704 4694 1705 4694 2497 4695 1705 4695 2498 4695 2498 4696 1705 4696 1706 4696 2498 4697 1706 4697 2499 4697 2499 4698 1706 4698 1707 4698 2499 4699 1707 4699 2500 4699 2500 4700 1707 4700 1708 4700 2500 4701 1708 4701 2501 4701 2501 4702 1708 4702 1709 4702 2501 4703 1709 4703 2502 4703 2502 4704 1709 4704 1710 4704 2502 4705 1710 4705 2503 4705 2503 4706 1710 4706 1711 4706 2503 4707 1711 4707 2504 4707 2504 4708 1711 4708 1712 4708 2504 4709 1712 4709 2505 4709 2505 4710 1712 4710 1713 4710 2505 4711 1713 4711 2506 4711 2506 4712 1713 4712 1714 4712 2506 4713 1714 4713 2507 4713 2507 4714 1714 4714 1715 4714 2507 4715 1715 4715 2508 4715 2508 4716 1715 4716 1716 4716 2508 4717 1716 4717 2509 4717 2509 4718 1716 4718 1717 4718 2509 4719 1717 4719 2510 4719 2510 4720 1717 4720 1718 4720 2510 4721 1718 4721 2511 4721 2511 4722 1718 4722 1719 4722 2511 4723 1719 4723 2512 4723 2512 4724 1719 4724 1720 4724 2512 4725 1720 4725 2513 4725 2513 4726 1720 4726 1721 4726 2513 4727 1721 4727 2514 4727 2514 4728 1721 4728 1722 4728 2514 4729 1722 4729 2515 4729 2515 4730 1722 4730 2494 4730 2515 4731 2494 4731 2516 4731 999 4732 1399 4732 1384 4732 1384 4733 1399 4733 2495 4733 1384 4734 2495 4734 2517 4734 2517 4735 2495 4735 2496 4735 2517 4736 2496 4736 2518 4736 2518 4737 2496 4737 2497 4737 2518 4738 2497 4738 2519 4738 2519 4739 2497 4739 2498 4739 2519 4740 2498 4740 2520 4740 2520 4741 2498 4741 2499 4741 2520 4742 2499 4742 2521 4742 2521 4743 2499 4743 2500 4743 2521 4744 2500 4744 2522 4744 2522 4745 2500 4745 2501 4745 2522 4746 2501 4746 2523 4746 2523 4747 2501 4747 2502 4747 2523 4748 2502 4748 2524 4748 2524 4749 2502 4749 2503 4749 2524 4750 2503 4750 2525 4750 2525 4751 2503 4751 2504 4751 2525 4752 2504 4752 2526 4752 2526 4753 2504 4753 2505 4753 2526 4754 2505 4754 2527 4754 2527 4755 2505 4755 2506 4755 2527 4756 2506 4756 2528 4756 2528 4757 2506 4757 2507 4757 2528 4758 2507 4758 2529 4758 2529 4759 2507 4759 2508 4759 2529 4760 2508 4760 2530 4760 2530 4761 2508 4761 2509 4761 2530 4762 2509 4762 2531 4762 2531 4763 2509 4763 2510 4763 2531 4764 2510 4764 2532 4764 2532 4765 2510 4765 2511 4765 2532 4766 2511 4766 2533 4766 2533 4767 2511 4767 2512 4767 2533 4768 2512 4768 2534 4768 2534 4769 2512 4769 2513 4769 2534 4770 2513 4770 2535 4770 2535 4771 2513 4771 2514 4771 2535 4772 2514 4772 2536 4772 2536 4773 2514 4773 2515 4773 2536 4774 2515 4774 2537 4774 2537 4775 2515 4775 2516 4775 2537 4776 2516 4776 2538 4776 1002 4777 1384 4777 1400 4777 1400 4778 1384 4778 2517 4778 1400 4779 2517 4779 2539 4779 2539 4780 2517 4780 2518 4780 2539 4781 2518 4781 2540 4781 2540 4782 2518 4782 2519 4782 2540 4783 2519 4783 2541 4783 2541 4784 2519 4784 2520 4784 2541 4785 2520 4785 2542 4785 2542 4786 2520 4786 2521 4786 2542 4787 2521 4787 2543 4787 2543 4788 2521 4788 2522 4788 2543 4789 2522 4789 2544 4789 2544 4790 2522 4790 2523 4790 2544 4791 2523 4791 2545 4791 2545 4792 2523 4792 2524 4792 2545 4793 2524 4793 2546 4793 2546 4794 2524 4794 2525 4794 2546 4795 2525 4795 2547 4795 2547 4796 2525 4796 2526 4796 2547 4797 2526 4797 2548 4797 2548 4798 2526 4798 2527 4798 2548 4799 2527 4799 2549 4799 2549 4800 2527 4800 2528 4800 2549 4801 2528 4801 2550 4801 2550 4802 2528 4802 2529 4802 2550 4803 2529 4803 2551 4803 2551 4804 2529 4804 2530 4804 2551 4805 2530 4805 2552 4805 2552 4806 2530 4806 2531 4806 2552 4807 2531 4807 2553 4807 2553 4808 2531 4808 2532 4808 2553 4809 2532 4809 2554 4809 2554 4810 2532 4810 2533 4810 2554 4811 2533 4811 2555 4811 2555 4812 2533 4812 2534 4812 2555 4813 2534 4813 2556 4813 2556 4814 2534 4814 2535 4814 2556 4815 2535 4815 2557 4815 2557 4816 2535 4816 2536 4816 2557 4817 2536 4817 2558 4817 2558 4818 2536 4818 2537 4818 2558 4819 2537 4819 2559 4819 2559 4820 2537 4820 2538 4820 2559 4821 2538 4821 2560 4821 1004 4822 1400 4822 1401 4822 1401 4823 1400 4823 2539 4823 1401 4824 2539 4824 2561 4824 2561 4825 2539 4825 2540 4825 2561 4826 2540 4826 2562 4826 2562 4827 2540 4827 2541 4827 2562 4828 2541 4828 2563 4828 2563 4829 2541 4829 2542 4829 2563 4830 2542 4830 2564 4830 2564 4831 2542 4831 2543 4831 2564 4832 2543 4832 2565 4832 2565 4833 2543 4833 2544 4833 2565 4834 2544 4834 2566 4834 2566 4835 2544 4835 2545 4835 2566 4836 2545 4836 2567 4836 2567 4837 2545 4837 2546 4837 2567 4838 2546 4838 2568 4838 2568 4839 2546 4839 2547 4839 2568 4840 2547 4840 2569 4840 2569 4841 2547 4841 2548 4841 2569 4842 2548 4842 2570 4842 2570 4843 2548 4843 2549 4843 2570 4844 2549 4844 2571 4844 2571 4845 2549 4845 2550 4845 2571 4846 2550 4846 2572 4846 2572 4847 2550 4847 2551 4847 2572 4848 2551 4848 2573 4848 2573 4849 2551 4849 2552 4849 2573 4850 2552 4850 2574 4850 2574 4851 2552 4851 2553 4851 2574 4852 2553 4852 2575 4852 2575 4853 2553 4853 2554 4853 2575 4854 2554 4854 2576 4854 2576 4855 2554 4855 2555 4855 2576 4856 2555 4856 2577 4856 2577 4857 2555 4857 2556 4857 2577 4858 2556 4858 2578 4858 2578 4859 2556 4859 2557 4859 2578 4860 2557 4860 2579 4860 2579 4861 2557 4861 2558 4861 2579 4862 2558 4862 2580 4862 2580 4863 2558 4863 2559 4863 2580 4864 2559 4864 2581 4864 2581 4865 2559 4865 2560 4865 2581 4866 2560 4866 2582 4866 1006 4867 1401 4867 1403 4867 1403 4868 1401 4868 2561 4868 1403 4869 2561 4869 2583 4869 2583 4870 2561 4870 2562 4870 2583 4871 2562 4871 2584 4871 2584 4872 2562 4872 2563 4872 2584 4873 2563 4873 2585 4873 2585 4874 2563 4874 2564 4874 2585 4875 2564 4875 2586 4875 2586 4876 2564 4876 2565 4876 2586 4877 2565 4877 2587 4877 2587 4878 2565 4878 2566 4878 2587 4879 2566 4879 2588 4879 2588 4880 2566 4880 2567 4880 2588 4881 2567 4881 2589 4881 2589 4882 2567 4882 2568 4882 2589 4883 2568 4883 2590 4883 2590 4884 2568 4884 2569 4884 2590 4885 2569 4885 2591 4885 2591 4886 2569 4886 2570 4886 2591 4887 2570 4887 2592 4887 2592 4888 2570 4888 2571 4888 2592 4889 2571 4889 2593 4889 2593 4890 2571 4890 2572 4890 2593 4891 2572 4891 2594 4891 2594 4892 2572 4892 2573 4892 2594 4893 2573 4893 2595 4893 2595 4894 2573 4894 2574 4894 2595 4895 2574 4895 2596 4895 2596 4896 2574 4896 2575 4896 2596 4897 2575 4897 2597 4897 2597 4898 2575 4898 2576 4898 2597 4899 2576 4899 2598 4899 2598 4900 2576 4900 2577 4900 2598 4901 2577 4901 2599 4901 2599 4902 2577 4902 2578 4902 2599 4903 2578 4903 2600 4903 2600 4904 2578 4904 2579 4904 2600 4905 2579 4905 2601 4905 2601 4906 2579 4906 2580 4906 2601 4907 2580 4907 2602 4907 2602 4908 2580 4908 2581 4908 2602 4909 2581 4909 2603 4909 2603 4910 2581 4910 2582 4910 2603 4911 2582 4911 2604 4911 1402 4912 1403 4912 1404 4912 1404 4913 1403 4913 2583 4913 1404 4914 2583 4914 2605 4914 2605 4915 2583 4915 2584 4915 2605 4916 2584 4916 2606 4916 2606 4917 2584 4917 2585 4917 2606 4918 2585 4918 2607 4918 2607 4919 2585 4919 2586 4919 2607 4920 2586 4920 2608 4920 2608 4921 2586 4921 2587 4921 2608 4922 2587 4922 2609 4922 2609 4923 2587 4923 2588 4923 2609 4924 2588 4924 2610 4924 2610 4925 2588 4925 2589 4925 2610 4926 2589 4926 2611 4926 2611 4927 2589 4927 2590 4927 2611 4928 2590 4928 2612 4928 2612 4929 2590 4929 2591 4929 2612 4930 2591 4930 2613 4930 2613 4931 2591 4931 2592 4931 2613 4932 2592 4932 2614 4932 2614 4933 2592 4933 2593 4933 2614 4934 2593 4934 2615 4934 2615 4935 2593 4935 2594 4935 2615 4936 2594 4936 2616 4936 2616 4937 2594 4937 2595 4937 2616 4938 2595 4938 2617 4938 2617 4939 2595 4939 2596 4939 2617 4940 2596 4940 2618 4940 2618 4941 2596 4941 2597 4941 2618 4942 2597 4942 2619 4942 2619 4943 2597 4943 2598 4943 2619 4944 2598 4944 2620 4944 2620 4945 2598 4945 2599 4945 2620 4946 2599 4946 2621 4946 2621 4947 2599 4947 2600 4947 2621 4948 2600 4948 2622 4948 2622 4949 2600 4949 2601 4949 2622 4950 2601 4950 2623 4950 2623 4951 2601 4951 2602 4951 2623 4952 2602 4952 2624 4952 2624 4953 2602 4953 2603 4953 2624 4954 2603 4954 2625 4954 2625 4955 2603 4955 2604 4955 2625 4956 2604 4956 2626 4956 1010 4957 1404 4957 1405 4957 1405 4958 1404 4958 2605 4958 1405 4959 2605 4959 2627 4959 2627 4960 2605 4960 2606 4960 2627 4961 2606 4961 2628 4961 2628 4962 2606 4962 2607 4962 2628 4963 2607 4963 2629 4963 2629 4964 2607 4964 2608 4964 2629 4965 2608 4965 2630 4965 2630 4966 2608 4966 2609 4966 2630 4967 2609 4967 2631 4967 2631 4968 2609 4968 2610 4968 2631 4969 2610 4969 2632 4969 2632 4970 2610 4970 2611 4970 2632 4971 2611 4971 2633 4971 2633 4972 2611 4972 2612 4972 2633 4973 2612 4973 2634 4973 2634 4974 2612 4974 2613 4974 2634 4975 2613 4975 2635 4975 2635 4976 2613 4976 2614 4976 2635 4977 2614 4977 2636 4977 2636 4978 2614 4978 2615 4978 2636 4979 2615 4979 2637 4979 2637 4980 2615 4980 2616 4980 2637 4981 2616 4981 2638 4981 2638 4982 2616 4982 2617 4982 2638 4983 2617 4983 2639 4983 2639 4984 2617 4984 2618 4984 2639 4985 2618 4985 2640 4985 2640 4986 2618 4986 2619 4986 2640 4987 2619 4987 2641 4987 2641 4988 2619 4988 2620 4988 2641 4989 2620 4989 2642 4989 2642 4990 2620 4990 2621 4990 2642 4991 2621 4991 2643 4991 2643 4992 2621 4992 2622 4992 2643 4993 2622 4993 2644 4993 2644 4994 2622 4994 2623 4994 2644 4995 2623 4995 2645 4995 2645 4996 2623 4996 2624 4996 2645 4997 2624 4997 2646 4997 2646 4998 2624 4998 2625 4998 2646 4999 2625 4999 2647 4999 2647 5000 2625 5000 2626 5000 2647 5001 2626 5001 2648 5001 1012 5002 1405 5002 1406 5002 1406 5003 1405 5003 2627 5003 1406 5004 2627 5004 2649 5004 2649 5005 2627 5005 2628 5005 2649 5006 2628 5006 2650 5006 2650 5007 2628 5007 2629 5007 2650 5008 2629 5008 2651 5008 2651 5009 2629 5009 2630 5009 2651 5010 2630 5010 2652 5010 2652 5011 2630 5011 2631 5011 2652 5012 2631 5012 2653 5012 2653 5013 2631 5013 2632 5013 2653 5014 2632 5014 2654 5014 2654 5015 2632 5015 2633 5015 2654 5016 2633 5016 2655 5016 2655 5017 2633 5017 2634 5017 2655 5018 2634 5018 2656 5018 2656 5019 2634 5019 2635 5019 2656 5020 2635 5020 2657 5020 2657 5021 2635 5021 2636 5021 2657 5022 2636 5022 2658 5022 2658 5023 2636 5023 2637 5023 2658 5024 2637 5024 2659 5024 2659 5025 2637 5025 2638 5025 2659 5026 2638 5026 2660 5026 2660 5027 2638 5027 2639 5027 2660 5028 2639 5028 2661 5028 2661 5029 2639 5029 2640 5029 2661 5030 2640 5030 2662 5030 2662 5031 2640 5031 2641 5031 2662 5032 2641 5032 2663 5032 2663 5033 2641 5033 2642 5033 2663 5034 2642 5034 2664 5034 2664 5035 2642 5035 2643 5035 2664 5036 2643 5036 2665 5036 2665 5037 2643 5037 2644 5037 2665 5038 2644 5038 2666 5038 2666 5039 2644 5039 2645 5039 2666 5040 2645 5040 2667 5040 2667 5041 2645 5041 2646 5041 2667 5042 2646 5042 2668 5042 2668 5043 2646 5043 2647 5043 2668 5044 2647 5044 1368 5044 1368 5045 2647 5045 2648 5045 1368 5046 2648 5046 1366 5046 1014 5047 1406 5047 1383 5047 1383 5048 1406 5048 2649 5048 1383 5049 2649 5049 2669 5049 2669 5050 2649 5050 2650 5050 2669 5051 2650 5051 2670 5051 2670 5052 2650 5052 2651 5052 2670 5053 2651 5053 2671 5053 2671 5054 2651 5054 2652 5054 2671 5055 2652 5055 2672 5055 2672 5056 2652 5056 2653 5056 2672 5057 2653 5057 2673 5057 2673 5058 2653 5058 2654 5058 2673 5059 2654 5059 2674 5059 2674 5060 2654 5060 2655 5060 2674 5061 2655 5061 2675 5061 2675 5062 2655 5062 2656 5062 2675 5063 2656 5063 2676 5063 2676 5064 2656 5064 2657 5064 2676 5065 2657 5065 2677 5065 2677 5066 2657 5066 2658 5066 2677 5067 2658 5067 2678 5067 2678 5068 2658 5068 2659 5068 2678 5069 2659 5069 2679 5069 2679 5070 2659 5070 2660 5070 2679 5071 2660 5071 2680 5071 2680 5072 2660 5072 2661 5072 2680 5073 2661 5073 2681 5073 2681 5074 2661 5074 2662 5074 2681 5075 2662 5075 2682 5075 2682 5076 2662 5076 2663 5076 2682 5077 2663 5077 2683 5077 2683 5078 2663 5078 2664 5078 2683 5079 2664 5079 2684 5079 2684 5080 2664 5080 2665 5080 2684 5081 2665 5081 2685 5081 2685 5082 2665 5082 2666 5082 2685 5083 2666 5083 2686 5083 2686 5084 2666 5084 2667 5084 2686 5085 2667 5085 2687 5085 2687 5086 2667 5086 2668 5086 2687 5087 2668 5087 2688 5087 2688 5088 2668 5088 1368 5088 2688 5089 1368 5089 2689 5089 2689 5090 1368 5090 1367 5090 2689 5091 1367 5091 2690 5091 1015 5092 1383 5092 1407 5092 1407 5093 1383 5093 2669 5093 1407 5094 2669 5094 2691 5094 2691 5095 2669 5095 2670 5095 2691 5096 2670 5096 2692 5096 2692 5097 2670 5097 2671 5097 2692 5098 2671 5098 2693 5098 2693 5099 2671 5099 2672 5099 2693 5100 2672 5100 2694 5100 2694 5101 2672 5101 2673 5101 2694 5102 2673 5102 2695 5102 2695 5103 2673 5103 2674 5103 2695 5104 2674 5104 2696 5104 2696 5105 2674 5105 2675 5105 2696 5106 2675 5106 2697 5106 2697 5107 2675 5107 2676 5107 2697 5108 2676 5108 2698 5108 2698 5109 2676 5109 2677 5109 2698 5110 2677 5110 2699 5110 2699 5111 2677 5111 2678 5111 2699 5112 2678 5112 2700 5112 2700 5113 2678 5113 2679 5113 2700 5114 2679 5114 2701 5114 2701 5115 2679 5115 2680 5115 2701 5116 2680 5116 2702 5116 2702 5117 2680 5117 2681 5117 2702 5118 2681 5118 2703 5118 2703 5119 2681 5119 2682 5119 2703 5120 2682 5120 2704 5120 2704 5121 2682 5121 2683 5121 2704 5122 2683 5122 2705 5122 2705 5123 2683 5123 2684 5123 2705 5124 2684 5124 2706 5124 2706 5125 2684 5125 2685 5125 2706 5126 2685 5126 2707 5126 2707 5127 2685 5127 2686 5127 2707 5128 2686 5128 2708 5128 2708 5129 2686 5129 2687 5129 2708 5130 2687 5130 2709 5130 2709 5131 2687 5131 2688 5131 2709 5132 2688 5132 2710 5132 2710 5133 2688 5133 2689 5133 2710 5134 2689 5134 2711 5134 2711 5135 2689 5135 2690 5135 2711 5136 2690 5136 2712 5136 1018 5137 1407 5137 1408 5137 1408 5138 1407 5138 2691 5138 1408 5139 2691 5139 2713 5139 2713 5140 2691 5140 2692 5140 2713 5141 2692 5141 2714 5141 2714 5142 2692 5142 2693 5142 2714 5143 2693 5143 2715 5143 2715 5144 2693 5144 2694 5144 2715 5145 2694 5145 2716 5145 2716 5146 2694 5146 2695 5146 2716 5147 2695 5147 2717 5147 2717 5148 2695 5148 2696 5148 2717 5149 2696 5149 2718 5149 2718 5150 2696 5150 2697 5150 2718 5151 2697 5151 2719 5151 2719 5152 2697 5152 2698 5152 2719 5153 2698 5153 2720 5153 2720 5154 2698 5154 2699 5154 2720 5155 2699 5155 2721 5155 2721 5156 2699 5156 2700 5156 2721 5157 2700 5157 2722 5157 2722 5158 2700 5158 2701 5158 2722 5159 2701 5159 2723 5159 2723 5160 2701 5160 2702 5160 2723 5161 2702 5161 2724 5161 2724 5162 2702 5162 2703 5162 2724 5163 2703 5163 2725 5163 2725 5164 2703 5164 2704 5164 2725 5165 2704 5165 2726 5165 2726 5166 2704 5166 2705 5166 2726 5167 2705 5167 2727 5167 2727 5168 2705 5168 2706 5168 2727 5169 2706 5169 2728 5169 2728 5170 2706 5170 2707 5170 2728 5171 2707 5171 2729 5171 2729 5172 2707 5172 2708 5172 2729 5173 2708 5173 2730 5173 2730 5174 2708 5174 2709 5174 2730 5175 2709 5175 2731 5175 2731 5176 2709 5176 2710 5176 2731 5177 2710 5177 2732 5177 2732 5178 2710 5178 2711 5178 2732 5179 2711 5179 2733 5179 2733 5180 2711 5180 2712 5180 2733 5181 2712 5181 2734 5181 1020 5182 1408 5182 2735 5182 2735 5183 1408 5183 2713 5183 2735 5184 2713 5184 2736 5184 2736 5185 2713 5185 2714 5185 2736 5186 2714 5186 2737 5186 2737 5187 2714 5187 2715 5187 2737 5188 2715 5188 2738 5188 2738 5189 2715 5189 2716 5189 2738 5190 2716 5190 2739 5190 2739 5191 2716 5191 2717 5191 2739 5192 2717 5192 2740 5192 2740 5193 2717 5193 2718 5193 2740 5194 2718 5194 2741 5194 2741 5195 2718 5195 2719 5195 2741 5196 2719 5196 2742 5196 2742 5197 2719 5197 2720 5197 2742 5198 2720 5198 2743 5198 2743 5199 2720 5199 2721 5199 2743 5200 2721 5200 2744 5200 2744 5201 2721 5201 2722 5201 2744 5202 2722 5202 2745 5202 2745 5203 2722 5203 2723 5203 2745 5204 2723 5204 2746 5204 2746 5205 2723 5205 2724 5205 2746 5206 2724 5206 2747 5206 2747 5207 2724 5207 2725 5207 2747 5208 2725 5208 2748 5208 2748 5209 2725 5209 2726 5209 2748 5210 2726 5210 2749 5210 2749 5211 2726 5211 2727 5211 2749 5212 2727 5212 2750 5212 2750 5213 2727 5213 2728 5213 2750 5214 2728 5214 2751 5214 2751 5215 2728 5215 2729 5215 2751 5216 2729 5216 2752 5216 2752 5217 2729 5217 2730 5217 2752 5218 2730 5218 2753 5218 2753 5219 2730 5219 2731 5219 2753 5220 2731 5220 2754 5220 2754 5221 2731 5221 2732 5221 2754 5222 2732 5222 2755 5222 2755 5223 2732 5223 2733 5223 2755 5224 2733 5224 2756 5224 2756 5225 2733 5225 2734 5225 2756 5226 2734 5226 2757 5226 2757 5227 1763 5227 2756 5227 2756 5228 1763 5228 1761 5228 2756 5229 1761 5229 2755 5229 2755 5230 1761 5230 1759 5230 2755 5231 1759 5231 2754 5231 2754 5232 1759 5232 1757 5232 2754 5233 1757 5233 2753 5233 2753 5234 1757 5234 1755 5234 2753 5235 1755 5235 2752 5235 2752 5236 1755 5236 1753 5236 2752 5237 1753 5237 2751 5237 2751 5238 1753 5238 1751 5238 2751 5239 1751 5239 2750 5239 2750 5240 1751 5240 1749 5240 2750 5241 1749 5241 2749 5241 2749 5242 1749 5242 1747 5242 2749 5243 1747 5243 2748 5243 2748 5244 1747 5244 1745 5244 2748 5245 1745 5245 2747 5245 2747 5246 1745 5246 1743 5246 2747 5247 1743 5247 2746 5247 2746 5248 1743 5248 1741 5248 2746 5249 1741 5249 2745 5249 2745 5250 1741 5250 1739 5250 2745 5251 1739 5251 2744 5251 2744 5252 1739 5252 1737 5252 2744 5253 1737 5253 2743 5253 2743 5254 1737 5254 1735 5254 2743 5255 1735 5255 2742 5255 2742 5256 1735 5256 1733 5256 2742 5257 1733 5257 2741 5257 2741 5258 1733 5258 1731 5258 2741 5259 1731 5259 2740 5259 2740 5260 1731 5260 1729 5260 2740 5261 1729 5261 2739 5261 2739 5262 1729 5262 1727 5262 2739 5263 1727 5263 2738 5263 2738 5264 1727 5264 1725 5264 2738 5265 1725 5265 2737 5265 2737 5266 1725 5266 1723 5266 2737 5267 1723 5267 2736 5267 2736 5268 1723 5268 1409 5268 2736 5269 1409 5269 2735 5269 2735 5270 1409 5270 1022 5270 2735 5271 1022 5271 1020 5271 2757 5272 2758 5272 1763 5272 1763 5273 2758 5273 2759 5273 1763 5274 2759 5274 1764 5274 1764 5275 2759 5275 2760 5275 1764 5276 2760 5276 1785 5276 1785 5277 2760 5277 2761 5277 1785 5278 2761 5278 1806 5278 1806 5279 2761 5279 2762 5279 1806 5280 2762 5280 1827 5280 1827 5281 2762 5281 2763 5281 1827 5282 2763 5282 1848 5282 1848 5283 2763 5283 2764 5283 1848 5284 2764 5284 1869 5284 1869 5285 2764 5285 2765 5285 1869 5286 2765 5286 2766 5286 1036 5287 1414 5287 1415 5287 1415 5288 1414 5288 1849 5288 1415 5289 1849 5289 2767 5289 2767 5290 1849 5290 1850 5290 2767 5291 1850 5291 2768 5291 2768 5292 1850 5292 1851 5292 2768 5293 1851 5293 2769 5293 2769 5294 1851 5294 1852 5294 2769 5295 1852 5295 2770 5295 2770 5296 1852 5296 1853 5296 2770 5297 1853 5297 2771 5297 2771 5298 1853 5298 1854 5298 2771 5299 1854 5299 2772 5299 2772 5300 1854 5300 1855 5300 2772 5301 1855 5301 2773 5301 2773 5302 1855 5302 1856 5302 2773 5303 1856 5303 2774 5303 2774 5304 1856 5304 1857 5304 2774 5305 1857 5305 2775 5305 2775 5306 1857 5306 1858 5306 2775 5307 1858 5307 2776 5307 2776 5308 1858 5308 1859 5308 2776 5309 1859 5309 2777 5309 2777 5310 1859 5310 1860 5310 2777 5311 1860 5311 2778 5311 2778 5312 1860 5312 1861 5312 2778 5313 1861 5313 2779 5313 2779 5314 1861 5314 1862 5314 2779 5315 1862 5315 2780 5315 2780 5316 1862 5316 1863 5316 2780 5317 1863 5317 2781 5317 2781 5318 1863 5318 1864 5318 2781 5319 1864 5319 2782 5319 2782 5320 1864 5320 1865 5320 2782 5321 1865 5321 2783 5321 2783 5322 1865 5322 1866 5322 2783 5323 1866 5323 2784 5323 2784 5324 1866 5324 1867 5324 2784 5325 1867 5325 2785 5325 2785 5326 1867 5326 1868 5326 2785 5327 1868 5327 2786 5327 2786 5328 1868 5328 1869 5328 2786 5329 1869 5329 2787 5329 2787 5330 1869 5330 2766 5330 2787 5331 2766 5331 2788 5331 1037 5332 1415 5332 1381 5332 1381 5333 1415 5333 2767 5333 1381 5334 2767 5334 2789 5334 2789 5335 2767 5335 2768 5335 2789 5336 2768 5336 2790 5336 2790 5337 2768 5337 2769 5337 2790 5338 2769 5338 2791 5338 2791 5339 2769 5339 2770 5339 2791 5340 2770 5340 2792 5340 2792 5341 2770 5341 2771 5341 2792 5342 2771 5342 2793 5342 2793 5343 2771 5343 2772 5343 2793 5344 2772 5344 2794 5344 2794 5345 2772 5345 2773 5345 2794 5346 2773 5346 2795 5346 2795 5347 2773 5347 2774 5347 2795 5348 2774 5348 2796 5348 2796 5349 2774 5349 2775 5349 2796 5350 2775 5350 2797 5350 2797 5351 2775 5351 2776 5351 2797 5352 2776 5352 2798 5352 2798 5353 2776 5353 2777 5353 2798 5354 2777 5354 2799 5354 2799 5355 2777 5355 2778 5355 2799 5356 2778 5356 2800 5356 2800 5357 2778 5357 2779 5357 2800 5358 2779 5358 2801 5358 2801 5359 2779 5359 2780 5359 2801 5360 2780 5360 2802 5360 2802 5361 2780 5361 2781 5361 2802 5362 2781 5362 2803 5362 2803 5363 2781 5363 2782 5363 2803 5364 2782 5364 2804 5364 2804 5365 2782 5365 2783 5365 2804 5366 2783 5366 2805 5366 2805 5367 2783 5367 2784 5367 2805 5368 2784 5368 2806 5368 2806 5369 2784 5369 2785 5369 2806 5370 2785 5370 2807 5370 2807 5371 2785 5371 2786 5371 2807 5372 2786 5372 2808 5372 2808 5373 2786 5373 2787 5373 2808 5374 2787 5374 2809 5374 2809 5375 2787 5375 2788 5375 2809 5376 2788 5376 2810 5376 1040 5377 1381 5377 1416 5377 1416 5378 1381 5378 2789 5378 1416 5379 2789 5379 2811 5379 2811 5380 2789 5380 2790 5380 2811 5381 2790 5381 2812 5381 2812 5382 2790 5382 2791 5382 2812 5383 2791 5383 2813 5383 2813 5384 2791 5384 2792 5384 2813 5385 2792 5385 2814 5385 2814 5386 2792 5386 2793 5386 2814 5387 2793 5387 2815 5387 2815 5388 2793 5388 2794 5388 2815 5389 2794 5389 2816 5389 2816 5390 2794 5390 2795 5390 2816 5391 2795 5391 2817 5391 2817 5392 2795 5392 2796 5392 2817 5393 2796 5393 2818 5393 2818 5394 2796 5394 2797 5394 2818 5395 2797 5395 2819 5395 2819 5396 2797 5396 2798 5396 2819 5397 2798 5397 2820 5397 2820 5398 2798 5398 2799 5398 2820 5399 2799 5399 2821 5399 2821 5400 2799 5400 2800 5400 2821 5401 2800 5401 2822 5401 2822 5402 2800 5402 2801 5402 2822 5403 2801 5403 2823 5403 2823 5404 2801 5404 2802 5404 2823 5405 2802 5405 2824 5405 2824 5406 2802 5406 2803 5406 2824 5407 2803 5407 2825 5407 2825 5408 2803 5408 2804 5408 2825 5409 2804 5409 2826 5409 2826 5410 2804 5410 2805 5410 2826 5411 2805 5411 2827 5411 2827 5412 2805 5412 2806 5412 2827 5413 2806 5413 2828 5413 2828 5414 2806 5414 2807 5414 2828 5415 2807 5415 2829 5415 2829 5416 2807 5416 2808 5416 2829 5417 2808 5417 2830 5417 2830 5418 2808 5418 2809 5418 2830 5419 2809 5419 2831 5419 2831 5420 2809 5420 2810 5420 2831 5421 2810 5421 2832 5421 1042 5422 1416 5422 1417 5422 1417 5423 1416 5423 2811 5423 1417 5424 2811 5424 2833 5424 2833 5425 2811 5425 2812 5425 2833 5426 2812 5426 2834 5426 2834 5427 2812 5427 2813 5427 2834 5428 2813 5428 2835 5428 2835 5429 2813 5429 2814 5429 2835 5430 2814 5430 2836 5430 2836 5431 2814 5431 2815 5431 2836 5432 2815 5432 2837 5432 2837 5433 2815 5433 2816 5433 2837 5434 2816 5434 2838 5434 2838 5435 2816 5435 2817 5435 2838 5436 2817 5436 2839 5436 2839 5437 2817 5437 2818 5437 2839 5438 2818 5438 2840 5438 2840 5439 2818 5439 2819 5439 2840 5440 2819 5440 2841 5440 2841 5441 2819 5441 2820 5441 2841 5442 2820 5442 2842 5442 2842 5443 2820 5443 2821 5443 2842 5444 2821 5444 2843 5444 2843 5445 2821 5445 2822 5445 2843 5446 2822 5446 2844 5446 2844 5447 2822 5447 2823 5447 2844 5448 2823 5448 2845 5448 2845 5449 2823 5449 2824 5449 2845 5450 2824 5450 2846 5450 2846 5451 2824 5451 2825 5451 2846 5452 2825 5452 2847 5452 2847 5453 2825 5453 2826 5453 2847 5454 2826 5454 2848 5454 2848 5455 2826 5455 2827 5455 2848 5456 2827 5456 2849 5456 2849 5457 2827 5457 2828 5457 2849 5458 2828 5458 2850 5458 2850 5459 2828 5459 2829 5459 2850 5460 2829 5460 2851 5460 2851 5461 2829 5461 2830 5461 2851 5462 2830 5462 2852 5462 2852 5463 2830 5463 2831 5463 2852 5464 2831 5464 2853 5464 2853 5465 2831 5465 2832 5465 2853 5466 2832 5466 2854 5466 1044 5467 1417 5467 1419 5467 1419 5468 1417 5468 2833 5468 1419 5469 2833 5469 2855 5469 2855 5470 2833 5470 2834 5470 2855 5471 2834 5471 2856 5471 2856 5472 2834 5472 2835 5472 2856 5473 2835 5473 2857 5473 2857 5474 2835 5474 2836 5474 2857 5475 2836 5475 2858 5475 2858 5476 2836 5476 2837 5476 2858 5477 2837 5477 2859 5477 2859 5478 2837 5478 2838 5478 2859 5479 2838 5479 2860 5479 2860 5480 2838 5480 2839 5480 2860 5481 2839 5481 2861 5481 2861 5482 2839 5482 2840 5482 2861 5483 2840 5483 2862 5483 2862 5484 2840 5484 2841 5484 2862 5485 2841 5485 2863 5485 2863 5486 2841 5486 2842 5486 2863 5487 2842 5487 2864 5487 2864 5488 2842 5488 2843 5488 2864 5489 2843 5489 2865 5489 2865 5490 2843 5490 2844 5490 2865 5491 2844 5491 2866 5491 2866 5492 2844 5492 2845 5492 2866 5493 2845 5493 2867 5493 2867 5494 2845 5494 2846 5494 2867 5495 2846 5495 2868 5495 2868 5496 2846 5496 2847 5496 2868 5497 2847 5497 2869 5497 2869 5498 2847 5498 2848 5498 2869 5499 2848 5499 2870 5499 2870 5500 2848 5500 2849 5500 2870 5501 2849 5501 2871 5501 2871 5502 2849 5502 2850 5502 2871 5503 2850 5503 2872 5503 2872 5504 2850 5504 2851 5504 2872 5505 2851 5505 2873 5505 2873 5506 2851 5506 2852 5506 2873 5507 2852 5507 2874 5507 2874 5508 2852 5508 2853 5508 2874 5509 2853 5509 2875 5509 2875 5510 2853 5510 2854 5510 2875 5511 2854 5511 2876 5511 1418 5512 1419 5512 1420 5512 1420 5513 1419 5513 2855 5513 1420 5514 2855 5514 2877 5514 2877 5515 2855 5515 2856 5515 2877 5516 2856 5516 2878 5516 2878 5517 2856 5517 2857 5517 2878 5518 2857 5518 2879 5518 2879 5519 2857 5519 2858 5519 2879 5520 2858 5520 2880 5520 2880 5521 2858 5521 2859 5521 2880 5522 2859 5522 2881 5522 2881 5523 2859 5523 2860 5523 2881 5524 2860 5524 2882 5524 2882 5525 2860 5525 2861 5525 2882 5526 2861 5526 2883 5526 2883 5527 2861 5527 2862 5527 2883 5528 2862 5528 2884 5528 2884 5529 2862 5529 2863 5529 2884 5530 2863 5530 2885 5530 2885 5531 2863 5531 2864 5531 2885 5532 2864 5532 2886 5532 2886 5533 2864 5533 2865 5533 2886 5534 2865 5534 2887 5534 2887 5535 2865 5535 2866 5535 2887 5536 2866 5536 2888 5536 2888 5537 2866 5537 2867 5537 2888 5538 2867 5538 2889 5538 2889 5539 2867 5539 2868 5539 2889 5540 2868 5540 2890 5540 2890 5541 2868 5541 2869 5541 2890 5542 2869 5542 2891 5542 2891 5543 2869 5543 2870 5543 2891 5544 2870 5544 2892 5544 2892 5545 2870 5545 2871 5545 2892 5546 2871 5546 2893 5546 2893 5547 2871 5547 2872 5547 2893 5548 2872 5548 2894 5548 2894 5549 2872 5549 2873 5549 2894 5550 2873 5550 2895 5550 2895 5551 2873 5551 2874 5551 2895 5552 2874 5552 2896 5552 2896 5553 2874 5553 2875 5553 2896 5554 2875 5554 2897 5554 2897 5555 2875 5555 2876 5555 2897 5556 2876 5556 2898 5556 1048 5557 1420 5557 1421 5557 1421 5558 1420 5558 2877 5558 1421 5559 2877 5559 2899 5559 2899 5560 2877 5560 2878 5560 2899 5561 2878 5561 2900 5561 2900 5562 2878 5562 2879 5562 2900 5563 2879 5563 2901 5563 2901 5564 2879 5564 2880 5564 2901 5565 2880 5565 2902 5565 2902 5566 2880 5566 2881 5566 2902 5567 2881 5567 2903 5567 2903 5568 2881 5568 2882 5568 2903 5569 2882 5569 2904 5569 2904 5570 2882 5570 2883 5570 2904 5571 2883 5571 2905 5571 2905 5572 2883 5572 2884 5572 2905 5573 2884 5573 2906 5573 2906 5574 2884 5574 2885 5574 2906 5575 2885 5575 2907 5575 2907 5576 2885 5576 2886 5576 2907 5577 2886 5577 2908 5577 2908 5578 2886 5578 2887 5578 2908 5579 2887 5579 2909 5579 2909 5580 2887 5580 2888 5580 2909 5581 2888 5581 2910 5581 2910 5582 2888 5582 2889 5582 2910 5583 2889 5583 2911 5583 2911 5584 2889 5584 2890 5584 2911 5585 2890 5585 2912 5585 2912 5586 2890 5586 2891 5586 2912 5587 2891 5587 2913 5587 2913 5588 2891 5588 2892 5588 2913 5589 2892 5589 2914 5589 2914 5590 2892 5590 2893 5590 2914 5591 2893 5591 2915 5591 2915 5592 2893 5592 2894 5592 2915 5593 2894 5593 2916 5593 2916 5594 2894 5594 2895 5594 2916 5595 2895 5595 2917 5595 2917 5596 2895 5596 2896 5596 2917 5597 2896 5597 2918 5597 2918 5598 2896 5598 2897 5598 2918 5599 2897 5599 2919 5599 2919 5600 2897 5600 2898 5600 2919 5601 2898 5601 2920 5601 1050 5602 1421 5602 1422 5602 1422 5603 1421 5603 2899 5603 1422 5604 2899 5604 2921 5604 2921 5605 2899 5605 2900 5605 2921 5606 2900 5606 2922 5606 2922 5607 2900 5607 2901 5607 2922 5608 2901 5608 2923 5608 2923 5609 2901 5609 2902 5609 2923 5610 2902 5610 2924 5610 2924 5611 2902 5611 2903 5611 2924 5612 2903 5612 2925 5612 2925 5613 2903 5613 2904 5613 2925 5614 2904 5614 2926 5614 2926 5615 2904 5615 2905 5615 2926 5616 2905 5616 2927 5616 2927 5617 2905 5617 2906 5617 2927 5618 2906 5618 2928 5618 2928 5619 2906 5619 2907 5619 2928 5620 2907 5620 2929 5620 2929 5621 2907 5621 2908 5621 2929 5622 2908 5622 2930 5622 2930 5623 2908 5623 2909 5623 2930 5624 2909 5624 2931 5624 2931 5625 2909 5625 2910 5625 2931 5626 2910 5626 2932 5626 2932 5627 2910 5627 2911 5627 2932 5628 2911 5628 2933 5628 2933 5629 2911 5629 2912 5629 2933 5630 2912 5630 2934 5630 2934 5631 2912 5631 2913 5631 2934 5632 2913 5632 2935 5632 2935 5633 2913 5633 2914 5633 2935 5634 2914 5634 2936 5634 2936 5635 2914 5635 2915 5635 2936 5636 2915 5636 2937 5636 2937 5637 2915 5637 2916 5637 2937 5638 2916 5638 2938 5638 2938 5639 2916 5639 2917 5639 2938 5640 2917 5640 2939 5640 2939 5641 2917 5641 2918 5641 2939 5642 2918 5642 2940 5642 2940 5643 2918 5643 2919 5643 2940 5644 2919 5644 1365 5644 1365 5645 2919 5645 2920 5645 1365 5646 2920 5646 1363 5646 1052 5647 1422 5647 1380 5647 1380 5648 1422 5648 2921 5648 1380 5649 2921 5649 2941 5649 2941 5650 2921 5650 2922 5650 2941 5651 2922 5651 2942 5651 2942 5652 2922 5652 2923 5652 2942 5653 2923 5653 2943 5653 2943 5654 2923 5654 2924 5654 2943 5655 2924 5655 2944 5655 2944 5656 2924 5656 2925 5656 2944 5657 2925 5657 2945 5657 2945 5658 2925 5658 2926 5658 2945 5659 2926 5659 2946 5659 2946 5660 2926 5660 2927 5660 2946 5661 2927 5661 2947 5661 2947 5662 2927 5662 2928 5662 2947 5663 2928 5663 2948 5663 2948 5664 2928 5664 2929 5664 2948 5665 2929 5665 2949 5665 2949 5666 2929 5666 2930 5666 2949 5667 2930 5667 2950 5667 2950 5668 2930 5668 2931 5668 2950 5669 2931 5669 2951 5669 2951 5670 2931 5670 2932 5670 2951 5671 2932 5671 2952 5671 2952 5672 2932 5672 2933 5672 2952 5673 2933 5673 2953 5673 2953 5674 2933 5674 2934 5674 2953 5675 2934 5675 2954 5675 2954 5676 2934 5676 2935 5676 2954 5677 2935 5677 2955 5677 2955 5678 2935 5678 2936 5678 2955 5679 2936 5679 2956 5679 2956 5680 2936 5680 2937 5680 2956 5681 2937 5681 2957 5681 2957 5682 2937 5682 2938 5682 2957 5683 2938 5683 2958 5683 2958 5684 2938 5684 2939 5684 2958 5685 2939 5685 2959 5685 2959 5686 2939 5686 2940 5686 2959 5687 2940 5687 2960 5687 2960 5688 2940 5688 1365 5688 2960 5689 1365 5689 2961 5689 2961 5690 1365 5690 1364 5690 2961 5691 1364 5691 2962 5691 1053 5692 1380 5692 1423 5692 1423 5693 1380 5693 2941 5693 1423 5694 2941 5694 2963 5694 2963 5695 2941 5695 2942 5695 2963 5696 2942 5696 2964 5696 2964 5697 2942 5697 2943 5697 2964 5698 2943 5698 2965 5698 2965 5699 2943 5699 2944 5699 2965 5700 2944 5700 2966 5700 2966 5701 2944 5701 2945 5701 2966 5702 2945 5702 2967 5702 2967 5703 2945 5703 2946 5703 2967 5704 2946 5704 2968 5704 2968 5705 2946 5705 2947 5705 2968 5706 2947 5706 2969 5706 2969 5707 2947 5707 2948 5707 2969 5708 2948 5708 2970 5708 2970 5709 2948 5709 2949 5709 2970 5710 2949 5710 2971 5710 2971 5711 2949 5711 2950 5711 2971 5712 2950 5712 2972 5712 2972 5713 2950 5713 2951 5713 2972 5714 2951 5714 2973 5714 2973 5715 2951 5715 2952 5715 2973 5716 2952 5716 2974 5716 2974 5717 2952 5717 2953 5717 2974 5718 2953 5718 2975 5718 2975 5719 2953 5719 2954 5719 2975 5720 2954 5720 2976 5720 2976 5721 2954 5721 2955 5721 2976 5722 2955 5722 2977 5722 2977 5723 2955 5723 2956 5723 2977 5724 2956 5724 2978 5724 2978 5725 2956 5725 2957 5725 2978 5726 2957 5726 2979 5726 2979 5727 2957 5727 2958 5727 2979 5728 2958 5728 2980 5728 2980 5729 2958 5729 2959 5729 2980 5730 2959 5730 2981 5730 2981 5731 2959 5731 2960 5731 2981 5732 2960 5732 2982 5732 2982 5733 2960 5733 2961 5733 2982 5734 2961 5734 2983 5734 2983 5735 2961 5735 2962 5735 2983 5736 2962 5736 2984 5736 1056 5737 1423 5737 1424 5737 1424 5738 1423 5738 2963 5738 1424 5739 2963 5739 2985 5739 2985 5740 2963 5740 2964 5740 2985 5741 2964 5741 2986 5741 2986 5742 2964 5742 2965 5742 2986 5743 2965 5743 2987 5743 2987 5744 2965 5744 2966 5744 2987 5745 2966 5745 2988 5745 2988 5746 2966 5746 2967 5746 2988 5747 2967 5747 2989 5747 2989 5748 2967 5748 2968 5748 2989 5749 2968 5749 2990 5749 2990 5750 2968 5750 2969 5750 2990 5751 2969 5751 2991 5751 2991 5752 2969 5752 2970 5752 2991 5753 2970 5753 2992 5753 2992 5754 2970 5754 2971 5754 2992 5755 2971 5755 2993 5755 2993 5756 2971 5756 2972 5756 2993 5757 2972 5757 2994 5757 2994 5758 2972 5758 2973 5758 2994 5759 2973 5759 2995 5759 2995 5760 2973 5760 2974 5760 2995 5761 2974 5761 2996 5761 2996 5762 2974 5762 2975 5762 2996 5763 2975 5763 2997 5763 2997 5764 2975 5764 2976 5764 2997 5765 2976 5765 2998 5765 2998 5766 2976 5766 2977 5766 2998 5767 2977 5767 2999 5767 2999 5768 2977 5768 2978 5768 2999 5769 2978 5769 3000 5769 3000 5770 2978 5770 2979 5770 3000 5771 2979 5771 3001 5771 3001 5772 2979 5772 2980 5772 3001 5773 2980 5773 3002 5773 3002 5774 2980 5774 2981 5774 3002 5775 2981 5775 3003 5775 3003 5776 2981 5776 2982 5776 3003 5777 2982 5777 3004 5777 3004 5778 2982 5778 2983 5778 3004 5779 2983 5779 3005 5779 3005 5780 2983 5780 2984 5780 3005 5781 2984 5781 3006 5781 1058 5782 1424 5782 1425 5782 1425 5783 1424 5783 2985 5783 1425 5784 2985 5784 3007 5784 3007 5785 2985 5785 2986 5785 3007 5786 2986 5786 3008 5786 3008 5787 2986 5787 2987 5787 3008 5788 2987 5788 3009 5788 3009 5789 2987 5789 2988 5789 3009 5790 2988 5790 3010 5790 3010 5791 2988 5791 2989 5791 3010 5792 2989 5792 3011 5792 3011 5793 2989 5793 2990 5793 3011 5794 2990 5794 3012 5794 3012 5795 2990 5795 2991 5795 3012 5796 2991 5796 3013 5796 3013 5797 2991 5797 2992 5797 3013 5798 2992 5798 3014 5798 3014 5799 2992 5799 2993 5799 3014 5800 2993 5800 3015 5800 3015 5801 2993 5801 2994 5801 3015 5802 2994 5802 3016 5802 3016 5803 2994 5803 2995 5803 3016 5804 2995 5804 3017 5804 3017 5805 2995 5805 2996 5805 3017 5806 2996 5806 3018 5806 3018 5807 2996 5807 2997 5807 3018 5808 2997 5808 3019 5808 3019 5809 2997 5809 2998 5809 3019 5810 2998 5810 3020 5810 3020 5811 2998 5811 2999 5811 3020 5812 2999 5812 3021 5812 3021 5813 2999 5813 3000 5813 3021 5814 3000 5814 3022 5814 3022 5815 3000 5815 3001 5815 3022 5816 3001 5816 3023 5816 3023 5817 3001 5817 3002 5817 3023 5818 3002 5818 3024 5818 3024 5819 3002 5819 3003 5819 3024 5820 3003 5820 3025 5820 3025 5821 3003 5821 3004 5821 3025 5822 3004 5822 3026 5822 3026 5823 3004 5823 3005 5823 3026 5824 3005 5824 3027 5824 3027 5825 3005 5825 3006 5825 3027 5826 3006 5826 3028 5826 1060 5827 1425 5827 3029 5827 3029 5828 1425 5828 3007 5828 3029 5829 3007 5829 3030 5829 3030 5830 3007 5830 3008 5830 3030 5831 3008 5831 3031 5831 3031 5832 3008 5832 3009 5832 3031 5833 3009 5833 3032 5833 3032 5834 3009 5834 3010 5834 3032 5835 3010 5835 3033 5835 3033 5836 3010 5836 3011 5836 3033 5837 3011 5837 3034 5837 3034 5838 3011 5838 3012 5838 3034 5839 3012 5839 3035 5839 3035 5840 3012 5840 3013 5840 3035 5841 3013 5841 3036 5841 3036 5842 3013 5842 3014 5842 3036 5843 3014 5843 3037 5843 3037 5844 3014 5844 3015 5844 3037 5845 3015 5845 3038 5845 3038 5846 3015 5846 3016 5846 3038 5847 3016 5847 3039 5847 3039 5848 3016 5848 3017 5848 3039 5849 3017 5849 3040 5849 3040 5850 3017 5850 3018 5850 3040 5851 3018 5851 3041 5851 3041 5852 3018 5852 3019 5852 3041 5853 3019 5853 3042 5853 3042 5854 3019 5854 3020 5854 3042 5855 3020 5855 3043 5855 3043 5856 3020 5856 3021 5856 3043 5857 3021 5857 3044 5857 3044 5858 3021 5858 3022 5858 3044 5859 3022 5859 3045 5859 3045 5860 3022 5860 3023 5860 3045 5861 3023 5861 3046 5861 3046 5862 3023 5862 3024 5862 3046 5863 3024 5863 3047 5863 3047 5864 3024 5864 3025 5864 3047 5865 3025 5865 3048 5865 3048 5866 3025 5866 3026 5866 3048 5867 3026 5867 3049 5867 3049 5868 3026 5868 3027 5868 3049 5869 3027 5869 3050 5869 3050 5870 3027 5870 3028 5870 3050 5871 3028 5871 3051 5871 3051 5872 1910 5872 3050 5872 3050 5873 1910 5873 1908 5873 3050 5874 1908 5874 3049 5874 3049 5875 1908 5875 1906 5875 3049 5876 1906 5876 3048 5876 3048 5877 1906 5877 1904 5877 3048 5878 1904 5878 3047 5878 3047 5879 1904 5879 1902 5879 3047 5880 1902 5880 3046 5880 3046 5881 1902 5881 1900 5881 3046 5882 1900 5882 3045 5882 3045 5883 1900 5883 1898 5883 3045 5884 1898 5884 3044 5884 3044 5885 1898 5885 1896 5885 3044 5886 1896 5886 3043 5886 3043 5887 1896 5887 1894 5887 3043 5888 1894 5888 3042 5888 3042 5889 1894 5889 1892 5889 3042 5890 1892 5890 3041 5890 3041 5891 1892 5891 1890 5891 3041 5892 1890 5892 3040 5892 3040 5893 1890 5893 1888 5893 3040 5894 1888 5894 3039 5894 3039 5895 1888 5895 1886 5895 3039 5896 1886 5896 3038 5896 3038 5897 1886 5897 1884 5897 3038 5898 1884 5898 3037 5898 3037 5899 1884 5899 1882 5899 3037 5900 1882 5900 3036 5900 3036 5901 1882 5901 1880 5901 3036 5902 1880 5902 3035 5902 3035 5903 1880 5903 1878 5903 3035 5904 1878 5904 3034 5904 3034 5905 1878 5905 1876 5905 3034 5906 1876 5906 3033 5906 3033 5907 1876 5907 1874 5907 3033 5908 1874 5908 3032 5908 3032 5909 1874 5909 1872 5909 3032 5910 1872 5910 3031 5910 3031 5911 1872 5911 1870 5911 3031 5912 1870 5912 3030 5912 3030 5913 1870 5913 1426 5913 3030 5914 1426 5914 3029 5914 3029 5915 1426 5915 1062 5915 3029 5916 1062 5916 1060 5916 3051 5917 3052 5917 1910 5917 1910 5918 3052 5918 3053 5918 1910 5919 3053 5919 1911 5919 1911 5920 3053 5920 3054 5920 1911 5921 3054 5921 1932 5921 1932 5922 3054 5922 3055 5922 1932 5923 3055 5923 1953 5923 1953 5924 3055 5924 3056 5924 1953 5925 3056 5925 1974 5925 1974 5926 3056 5926 3057 5926 1974 5927 3057 5927 1995 5927 1995 5928 3057 5928 3058 5928 1995 5929 3058 5929 3059 5929 1074 5930 1430 5930 1431 5930 1431 5931 1430 5931 1975 5931 1431 5932 1975 5932 3060 5932 3060 5933 1975 5933 1976 5933 3060 5934 1976 5934 3061 5934 3061 5935 1976 5935 1977 5935 3061 5936 1977 5936 3062 5936 3062 5937 1977 5937 1978 5937 3062 5938 1978 5938 3063 5938 3063 5939 1978 5939 1979 5939 3063 5940 1979 5940 3064 5940 3064 5941 1979 5941 1980 5941 3064 5942 1980 5942 3065 5942 3065 5943 1980 5943 1981 5943 3065 5944 1981 5944 3066 5944 3066 5945 1981 5945 1982 5945 3066 5946 1982 5946 3067 5946 3067 5947 1982 5947 1983 5947 3067 5948 1983 5948 3068 5948 3068 5949 1983 5949 1984 5949 3068 5950 1984 5950 3069 5950 3069 5951 1984 5951 1985 5951 3069 5952 1985 5952 3070 5952 3070 5953 1985 5953 1986 5953 3070 5954 1986 5954 3071 5954 3071 5955 1986 5955 1987 5955 3071 5956 1987 5956 3072 5956 3072 5957 1987 5957 1988 5957 3072 5958 1988 5958 3073 5958 3073 5959 1988 5959 1989 5959 3073 5960 1989 5960 3074 5960 3074 5961 1989 5961 1990 5961 3074 5962 1990 5962 3075 5962 3075 5963 1990 5963 1991 5963 3075 5964 1991 5964 3076 5964 3076 5965 1991 5965 1992 5965 3076 5966 1992 5966 3077 5966 3077 5967 1992 5967 1993 5967 3077 5968 1993 5968 3078 5968 3078 5969 1993 5969 1994 5969 3078 5970 1994 5970 3079 5970 3079 5971 1994 5971 1995 5971 3079 5972 1995 5972 3080 5972 3080 5973 1995 5973 3059 5973 3080 5974 3059 5974 3081 5974 1075 5975 1431 5975 1378 5975 1378 5976 1431 5976 3060 5976 1378 5977 3060 5977 3082 5977 3082 5978 3060 5978 3061 5978 3082 5979 3061 5979 3083 5979 3083 5980 3061 5980 3062 5980 3083 5981 3062 5981 3084 5981 3084 5982 3062 5982 3063 5982 3084 5983 3063 5983 3085 5983 3085 5984 3063 5984 3064 5984 3085 5985 3064 5985 3086 5985 3086 5986 3064 5986 3065 5986 3086 5987 3065 5987 3087 5987 3087 5988 3065 5988 3066 5988 3087 5989 3066 5989 3088 5989 3088 5990 3066 5990 3067 5990 3088 5991 3067 5991 3089 5991 3089 5992 3067 5992 3068 5992 3089 5993 3068 5993 3090 5993 3090 5994 3068 5994 3069 5994 3090 5995 3069 5995 3091 5995 3091 5996 3069 5996 3070 5996 3091 5997 3070 5997 3092 5997 3092 5998 3070 5998 3071 5998 3092 5999 3071 5999 3093 5999 3093 6000 3071 6000 3072 6000 3093 6001 3072 6001 3094 6001 3094 6002 3072 6002 3073 6002 3094 6003 3073 6003 3095 6003 3095 6004 3073 6004 3074 6004 3095 6005 3074 6005 3096 6005 3096 6006 3074 6006 3075 6006 3096 6007 3075 6007 3097 6007 3097 6008 3075 6008 3076 6008 3097 6009 3076 6009 3098 6009 3098 6010 3076 6010 3077 6010 3098 6011 3077 6011 3099 6011 3099 6012 3077 6012 3078 6012 3099 6013 3078 6013 3100 6013 3100 6014 3078 6014 3079 6014 3100 6015 3079 6015 3101 6015 3101 6016 3079 6016 3080 6016 3101 6017 3080 6017 3102 6017 3102 6018 3080 6018 3081 6018 3102 6019 3081 6019 3103 6019 1078 6020 1378 6020 1432 6020 1432 6021 1378 6021 3082 6021 1432 6022 3082 6022 3104 6022 3104 6023 3082 6023 3083 6023 3104 6024 3083 6024 3105 6024 3105 6025 3083 6025 3084 6025 3105 6026 3084 6026 3106 6026 3106 6027 3084 6027 3085 6027 3106 6028 3085 6028 3107 6028 3107 6029 3085 6029 3086 6029 3107 6030 3086 6030 3108 6030 3108 6031 3086 6031 3087 6031 3108 6032 3087 6032 3109 6032 3109 6033 3087 6033 3088 6033 3109 6034 3088 6034 3110 6034 3110 6035 3088 6035 3089 6035 3110 6036 3089 6036 3111 6036 3111 6037 3089 6037 3090 6037 3111 6038 3090 6038 3112 6038 3112 6039 3090 6039 3091 6039 3112 6040 3091 6040 3113 6040 3113 6041 3091 6041 3092 6041 3113 6042 3092 6042 3114 6042 3114 6043 3092 6043 3093 6043 3114 6044 3093 6044 3115 6044 3115 6045 3093 6045 3094 6045 3115 6046 3094 6046 3116 6046 3116 6047 3094 6047 3095 6047 3116 6048 3095 6048 3117 6048 3117 6049 3095 6049 3096 6049 3117 6050 3096 6050 3118 6050 3118 6051 3096 6051 3097 6051 3118 6052 3097 6052 3119 6052 3119 6053 3097 6053 3098 6053 3119 6054 3098 6054 3120 6054 3120 6055 3098 6055 3099 6055 3120 6056 3099 6056 3121 6056 3121 6057 3099 6057 3100 6057 3121 6058 3100 6058 3122 6058 3122 6059 3100 6059 3101 6059 3122 6060 3101 6060 3123 6060 3123 6061 3101 6061 3102 6061 3123 6062 3102 6062 3124 6062 3124 6063 3102 6063 3103 6063 3124 6064 3103 6064 3125 6064 1080 6065 1432 6065 1433 6065 1433 6066 1432 6066 3104 6066 1433 6067 3104 6067 1996 6067 1996 6068 3104 6068 3105 6068 1996 6069 3105 6069 1998 6069 1998 6070 3105 6070 3106 6070 1998 6071 3106 6071 2000 6071 2000 6072 3106 6072 3107 6072 2000 6073 3107 6073 2002 6073 2002 6074 3107 6074 3108 6074 2002 6075 3108 6075 2004 6075 2004 6076 3108 6076 3109 6076 2004 6077 3109 6077 2006 6077 2006 6078 3109 6078 3110 6078 2006 6079 3110 6079 2008 6079 2008 6080 3110 6080 3111 6080 2008 6081 3111 6081 2010 6081 2010 6082 3111 6082 3112 6082 2010 6083 3112 6083 2012 6083 2012 6084 3112 6084 3113 6084 2012 6085 3113 6085 2014 6085 2014 6086 3113 6086 3114 6086 2014 6087 3114 6087 2016 6087 2016 6088 3114 6088 3115 6088 2016 6089 3115 6089 2018 6089 2018 6090 3115 6090 3116 6090 2018 6091 3116 6091 2020 6091 2020 6092 3116 6092 3117 6092 2020 6093 3117 6093 2022 6093 2022 6094 3117 6094 3118 6094 2022 6095 3118 6095 2024 6095 2024 6096 3118 6096 3119 6096 2024 6097 3119 6097 2026 6097 2026 6098 3119 6098 3120 6098 2026 6099 3120 6099 2028 6099 2028 6100 3120 6100 3121 6100 2028 6101 3121 6101 2030 6101 2030 6102 3121 6102 3122 6102 2030 6103 3122 6103 2032 6103 2032 6104 3122 6104 3123 6104 2032 6105 3123 6105 2034 6105 2034 6106 3123 6106 3124 6106 2034 6107 3124 6107 2036 6107 2036 6108 3124 6108 3125 6108 2036 6109 3125 6109 2038 6109 3126 6110 3127 6110 3128 6110 3127 6111 3129 6111 3130 6111 3130 6112 3129 6112 3131 6112 3130 6113 3131 6113 3132 6113 3132 6114 3131 6114 3133 6114 3132 6115 3133 6115 3134 6115 3134 6116 3133 6116 3135 6116 3134 6117 3135 6117 3136 6117 3136 6118 3135 6118 3137 6118 3136 6119 3137 6119 3138 6119 3138 6120 3137 6120 3139 6120 3138 6121 3139 6121 3140 6121 3140 6122 3139 6122 3141 6122 3140 6123 3141 6123 3142 6123 3142 6124 3141 6124 3143 6124 3142 6125 3143 6125 3144 6125 3144 6126 3143 6126 3145 6126 3144 6127 3145 6127 3146 6127 3146 6128 3145 6128 3147 6128 3146 6129 3147 6129 3148 6129 3148 6130 3147 6130 3149 6130 3148 6131 3149 6131 3150 6131 3150 6132 3149 6132 3151 6132 3150 6133 3151 6133 3152 6133 3152 6134 3151 6134 3153 6134 3152 6135 3153 6135 3154 6135 3154 6136 3153 6136 3155 6136 3154 6137 3155 6137 3156 6137 3156 6138 3155 6138 3157 6138 3156 6139 3157 6139 3158 6139 3158 6140 3157 6140 3159 6140 3158 6141 3159 6141 3160 6141 3160 6142 3159 6142 3161 6142 3160 6143 3161 6143 3162 6143 3162 6144 3161 6144 3163 6144 3162 6145 3163 6145 3164 6145 3126 6146 3128 6146 3165 6146 3165 6147 3128 6147 3166 6147 3165 6148 3166 6148 3167 6148 3167 6149 3166 6149 3168 6149 3167 6150 3168 6150 3169 6150 3169 6151 3168 6151 3170 6151 3169 6152 3170 6152 3171 6152 3171 6153 3170 6153 3172 6153 3171 6154 3172 6154 3173 6154 3173 6155 3172 6155 3174 6155 3173 6156 3174 6156 3175 6156 3175 6157 3174 6157 3176 6157 3175 6158 3176 6158 3177 6158 3177 6159 3176 6159 3178 6159 3177 6160 3178 6160 3179 6160 3179 6161 3178 6161 3180 6161 3179 6162 3180 6162 3181 6162 3181 6163 3180 6163 3182 6163 3181 6164 3182 6164 3183 6164 3183 6165 3182 6165 3184 6165 3183 6166 3184 6166 3185 6166 3185 6167 3184 6167 3186 6167 3185 6168 3186 6168 3187 6168 3187 6169 3186 6169 3188 6169 3187 6170 3188 6170 3189 6170 3190 6171 3191 6171 3192 6171 3192 6172 3191 6172 3193 6172 3192 6173 3193 6173 3194 6173 3194 6174 3193 6174 3195 6174 3194 6175 3195 6175 3196 6175 3196 6176 3195 6176 3197 6176 3196 6177 3197 6177 3198 6177 3198 6178 3197 6178 3199 6178 3198 6179 3199 6179 3200 6179 3200 6180 3199 6180 3201 6180 3200 6181 3201 6181 3202 6181 3202 6182 3201 6182 3203 6182 3202 6183 3203 6183 3204 6183 3204 6184 3203 6184 3205 6184 3204 6185 3205 6185 3206 6185 3206 6186 3205 6186 3207 6186 3206 6187 3207 6187 3208 6187 3208 6188 3207 6188 3209 6188 3208 6189 3209 6189 3210 6189 3210 6190 3209 6190 3211 6190 3210 6191 3211 6191 3212 6191 3212 6192 3211 6192 3213 6192 3212 6193 3213 6193 3214 6193 3214 6194 3213 6194 3215 6194 3214 6195 3215 6195 3216 6195 3216 6196 3215 6196 3217 6196 3216 6197 3217 6197 3218 6197 3218 6198 3217 6198 3219 6198 3218 6199 3219 6199 3220 6199 3220 6200 3219 6200 3221 6200 3220 6201 3221 6201 3222 6201 3222 6202 3221 6202 3223 6202 3222 6203 3223 6203 3224 6203 3224 6204 3223 6204 3225 6204 3224 6205 3225 6205 3226 6205 3227 6206 3228 6206 3229 6206 3229 6207 3228 6207 3230 6207 3229 6208 3230 6208 3190 6208 3231 6209 3232 6209 3227 6209 3227 6210 3232 6210 3233 6210 3227 6211 3233 6211 3228 6211 3231 6212 3234 6212 3232 6212 3232 6213 3234 6213 3235 6213 3232 6214 3235 6214 3236 6214 3236 6215 3235 6215 3237 6215 3236 6216 3237 6216 3238 6216 3238 6217 3237 6217 3239 6217 3238 6218 3239 6218 3240 6218 3240 6219 3239 6219 3241 6219 3240 6220 3241 6220 3242 6220 3242 6221 3241 6221 3243 6221 3242 6222 3243 6222 3244 6222 3244 6223 3243 6223 3245 6223 3244 6224 3245 6224 3246 6224 3246 6225 3245 6225 3247 6225 3246 6226 3247 6226 3248 6226 3248 6227 3247 6227 3249 6227 3248 6228 3249 6228 3250 6228 3250 6229 3249 6229 3251 6229 3250 6230 3251 6230 3252 6230 3252 6231 3251 6231 3253 6231 3252 6232 3253 6232 3254 6232 3129 6233 3255 6233 3131 6233 3131 6234 3255 6234 3256 6234 3131 6235 3256 6235 3133 6235 3133 6236 3256 6236 3257 6236 3133 6237 3257 6237 3135 6237 3135 6238 3257 6238 3258 6238 3135 6239 3258 6239 3137 6239 3137 6240 3258 6240 3259 6240 3137 6241 3259 6241 3139 6241 3139 6242 3259 6242 3260 6242 3139 6243 3260 6243 3141 6243 3141 6244 3260 6244 3261 6244 3141 6245 3261 6245 3143 6245 3143 6246 3261 6246 3262 6246 3143 6247 3262 6247 3145 6247 3145 6248 3262 6248 3263 6248 3145 6249 3263 6249 3147 6249 3147 6250 3263 6250 3264 6250 3147 6251 3264 6251 3149 6251 3149 6252 3264 6252 3265 6252 3149 6253 3265 6253 3151 6253 3151 6254 3265 6254 3266 6254 3151 6255 3266 6255 3153 6255 3153 6256 3266 6256 3267 6256 3153 6257 3267 6257 3155 6257 3155 6258 3267 6258 3268 6258 3155 6259 3268 6259 3157 6259 3157 6260 3268 6260 3269 6260 3157 6261 3269 6261 3159 6261 3159 6262 3269 6262 3270 6262 3159 6263 3270 6263 3161 6263 3161 6264 3270 6264 3271 6264 3161 6265 3271 6265 3163 6265 3272 6266 3126 6266 3273 6266 3273 6267 3126 6267 3165 6267 3273 6268 3165 6268 3274 6268 3274 6269 3165 6269 3167 6269 3274 6270 3167 6270 3275 6270 3275 6271 3167 6271 3169 6271 3275 6272 3169 6272 3276 6272 3276 6273 3169 6273 3171 6273 3276 6274 3171 6274 3277 6274 3277 6275 3171 6275 3173 6275 3277 6276 3173 6276 3278 6276 3278 6277 3173 6277 3175 6277 3278 6278 3175 6278 3279 6278 3279 6279 3175 6279 3177 6279 3279 6280 3177 6280 3280 6280 3280 6281 3177 6281 3179 6281 3280 6282 3179 6282 3281 6282 3281 6283 3179 6283 3181 6283 3281 6284 3181 6284 3282 6284 3282 6285 3181 6285 3183 6285 3282 6286 3183 6286 3283 6286 3283 6287 3183 6287 3185 6287 3283 6288 3185 6288 3284 6288 3284 6289 3185 6289 3187 6289 3284 6290 3187 6290 3285 6290 3285 6291 3187 6291 3189 6291 3285 6292 3189 6292 3286 6292 3191 6293 3287 6293 3193 6293 3193 6294 3287 6294 3288 6294 3193 6295 3288 6295 3195 6295 3195 6296 3288 6296 3289 6296 3195 6297 3289 6297 3197 6297 3197 6298 3289 6298 3290 6298 3197 6299 3290 6299 3199 6299 3199 6300 3290 6300 3291 6300 3199 6301 3291 6301 3201 6301 3201 6302 3291 6302 3292 6302 3201 6303 3292 6303 3203 6303 3203 6304 3292 6304 3293 6304 3203 6305 3293 6305 3205 6305 3205 6306 3293 6306 3294 6306 3205 6307 3294 6307 3207 6307 3207 6308 3294 6308 3295 6308 3207 6309 3295 6309 3209 6309 3209 6310 3295 6310 3296 6310 3209 6311 3296 6311 3211 6311 3211 6312 3296 6312 3297 6312 3211 6313 3297 6313 3213 6313 3213 6314 3297 6314 3298 6314 3213 6315 3298 6315 3215 6315 3215 6316 3298 6316 3299 6316 3215 6317 3299 6317 3217 6317 3217 6318 3299 6318 3300 6318 3217 6319 3300 6319 3219 6319 3219 6320 3300 6320 3301 6320 3219 6321 3301 6321 3221 6321 3221 6322 3301 6322 3302 6322 3221 6323 3302 6323 3223 6323 3223 6324 3302 6324 3303 6324 3223 6325 3303 6325 3225 6325 3304 6326 3230 6326 3305 6326 3305 6327 3230 6327 3228 6327 3305 6328 3228 6328 3306 6328 3306 6329 3228 6329 3233 6329 3306 6330 3233 6330 3307 6330 3307 6331 3233 6331 3232 6331 3307 6332 3232 6332 3308 6332 3308 6333 3232 6333 3236 6333 3308 6334 3236 6334 3309 6334 3309 6335 3236 6335 3238 6335 3309 6336 3238 6336 3310 6336 3310 6337 3238 6337 3240 6337 3310 6338 3240 6338 3311 6338 3311 6339 3240 6339 3242 6339 3311 6340 3242 6340 3312 6340 3312 6341 3242 6341 3244 6341 3312 6342 3244 6342 3313 6342 3313 6343 3244 6343 3246 6343 3313 6344 3246 6344 3314 6344 3314 6345 3246 6345 3248 6345 3314 6346 3248 6346 3315 6346 3315 6347 3248 6347 3250 6347 3315 6348 3250 6348 3316 6348 3316 6349 3250 6349 3252 6349 3316 6350 3252 6350 3317 6350 3317 6351 3252 6351 3254 6351 3317 6352 3254 6352 3318 6352 3255 6353 3319 6353 3256 6353 3256 6354 3319 6354 3320 6354 3256 6355 3320 6355 3257 6355 3257 6356 3320 6356 3321 6356 3257 6357 3321 6357 3258 6357 3258 6358 3321 6358 3322 6358 3258 6359 3322 6359 3259 6359 3259 6360 3322 6360 3323 6360 3259 6361 3323 6361 3260 6361 3260 6362 3323 6362 3324 6362 3260 6363 3324 6363 3261 6363 3261 6364 3324 6364 3325 6364 3261 6365 3325 6365 3262 6365 3262 6366 3325 6366 3326 6366 3262 6367 3326 6367 3263 6367 3263 6368 3326 6368 3327 6368 3263 6369 3327 6369 3264 6369 3264 6370 3327 6370 3328 6370 3264 6371 3328 6371 3265 6371 3265 6372 3328 6372 3329 6372 3265 6373 3329 6373 3266 6373 3266 6374 3329 6374 3330 6374 3266 6375 3330 6375 3267 6375 3267 6376 3330 6376 3331 6376 3267 6377 3331 6377 3268 6377 3268 6378 3331 6378 3332 6378 3268 6379 3332 6379 3269 6379 3269 6380 3332 6380 3333 6380 3269 6381 3333 6381 3270 6381 3270 6382 3333 6382 3334 6382 3270 6383 3334 6383 3271 6383 3335 6384 3272 6384 3336 6384 3336 6385 3272 6385 3273 6385 3336 6386 3273 6386 3337 6386 3337 6387 3273 6387 3274 6387 3337 6388 3274 6388 3338 6388 3338 6389 3274 6389 3275 6389 3338 6390 3275 6390 3339 6390 3339 6391 3275 6391 3276 6391 3339 6392 3276 6392 3340 6392 3340 6393 3276 6393 3277 6393 3340 6394 3277 6394 3341 6394 3341 6395 3277 6395 3278 6395 3341 6396 3278 6396 3342 6396 3342 6397 3278 6397 3279 6397 3342 6398 3279 6398 3343 6398 3343 6399 3279 6399 3280 6399 3343 6400 3280 6400 3344 6400 3344 6401 3280 6401 3281 6401 3344 6402 3281 6402 3345 6402 3345 6403 3281 6403 3282 6403 3345 6404 3282 6404 3346 6404 3346 6405 3282 6405 3283 6405 3346 6406 3283 6406 3347 6406 3347 6407 3283 6407 3284 6407 3347 6408 3284 6408 3348 6408 3348 6409 3284 6409 3285 6409 3348 6410 3285 6410 3349 6410 3349 6411 3285 6411 3286 6411 3349 6412 3286 6412 3350 6412 3287 6413 3351 6413 3288 6413 3288 6414 3351 6414 3352 6414 3288 6415 3352 6415 3289 6415 3289 6416 3352 6416 3353 6416 3289 6417 3353 6417 3290 6417 3290 6418 3353 6418 3354 6418 3290 6419 3354 6419 3291 6419 3291 6420 3354 6420 3355 6420 3291 6421 3355 6421 3292 6421 3292 6422 3355 6422 3356 6422 3292 6423 3356 6423 3293 6423 3293 6424 3356 6424 3357 6424 3293 6425 3357 6425 3294 6425 3294 6426 3357 6426 3358 6426 3294 6427 3358 6427 3295 6427 3295 6428 3358 6428 3359 6428 3295 6429 3359 6429 3296 6429 3296 6430 3359 6430 3360 6430 3296 6431 3360 6431 3297 6431 3297 6432 3360 6432 3361 6432 3297 6433 3361 6433 3298 6433 3298 6434 3361 6434 3362 6434 3298 6435 3362 6435 3299 6435 3299 6436 3362 6436 3363 6436 3299 6437 3363 6437 3300 6437 3300 6438 3363 6438 3364 6438 3300 6439 3364 6439 3301 6439 3301 6440 3364 6440 3365 6440 3301 6441 3365 6441 3302 6441 3302 6442 3365 6442 3366 6442 3302 6443 3366 6443 3303 6443 3367 6444 3304 6444 3368 6444 3368 6445 3304 6445 3305 6445 3368 6446 3305 6446 3369 6446 3369 6447 3305 6447 3306 6447 3369 6448 3306 6448 3370 6448 3370 6449 3306 6449 3307 6449 3370 6450 3307 6450 3371 6450 3371 6451 3307 6451 3308 6451 3371 6452 3308 6452 3372 6452 3372 6453 3308 6453 3309 6453 3372 6454 3309 6454 3373 6454 3373 6455 3309 6455 3310 6455 3373 6456 3310 6456 3374 6456 3374 6457 3310 6457 3311 6457 3374 6458 3311 6458 3375 6458 3375 6459 3311 6459 3312 6459 3375 6460 3312 6460 3376 6460 3376 6461 3312 6461 3313 6461 3376 6462 3313 6462 3377 6462 3377 6463 3313 6463 3314 6463 3377 6464 3314 6464 3378 6464 3378 6465 3314 6465 3315 6465 3378 6466 3315 6466 3379 6466 3379 6467 3315 6467 3316 6467 3379 6468 3316 6468 3380 6468 3380 6469 3316 6469 3317 6469 3380 6470 3317 6470 3381 6470 3381 6471 3317 6471 3318 6471 3381 6472 3318 6472 3382 6472 2962 6473 1364 6473 3334 6473 3334 6474 1364 6474 3382 6474 3334 6475 3382 6475 3271 6475 3271 6476 3382 6476 3318 6476 3271 6477 3318 6477 3163 6477 3163 6478 3318 6478 3254 6478 3163 6479 3254 6479 3164 6479 3164 6480 3254 6480 3253 6480 2962 6481 3334 6481 2984 6481 2984 6482 3334 6482 3333 6482 2984 6483 3333 6483 3006 6483 3006 6484 3333 6484 3332 6484 3006 6485 3332 6485 3028 6485 3028 6486 3332 6486 3331 6486 3028 6487 3331 6487 3051 6487 3051 6488 3331 6488 3330 6488 3051 6489 3330 6489 3052 6489 3081 6490 3059 6490 3325 6490 3325 6491 3059 6491 3058 6491 3325 6492 3058 6492 3326 6492 3326 6493 3058 6493 3057 6493 3326 6494 3057 6494 3327 6494 3327 6495 3057 6495 3056 6495 3327 6496 3056 6496 3328 6496 3328 6497 3056 6497 3055 6497 3328 6498 3055 6498 3329 6498 3329 6499 3055 6499 3054 6499 3329 6500 3054 6500 3330 6500 3330 6501 3054 6501 3053 6501 3330 6502 3053 6502 3052 6502 3081 6503 3325 6503 3103 6503 3103 6504 3325 6504 3324 6504 3103 6505 3324 6505 3125 6505 3125 6506 3324 6506 3323 6506 3125 6507 3323 6507 3383 6507 3383 6508 3323 6508 3322 6508 3383 6509 3322 6509 2039 6509 2039 6510 3322 6510 3321 6510 2039 6511 3321 6511 2061 6511 2061 6512 3321 6512 3320 6512 2061 6513 3320 6513 2083 6513 2083 6514 3320 6514 3319 6514 2083 6515 3319 6515 1372 6515 3127 6516 3126 6516 3129 6516 3129 6517 3126 6517 3272 6517 3129 6518 3272 6518 3255 6518 3255 6519 3272 6519 3335 6519 3255 6520 3335 6520 3319 6520 3319 6521 3335 6521 1373 6521 3319 6522 1373 6522 1372 6522 2216 6523 2215 6523 3339 6523 3339 6524 2215 6524 2214 6524 3339 6525 2214 6525 3338 6525 3338 6526 2214 6526 2191 6526 3338 6527 2191 6527 3337 6527 3337 6528 2191 6528 2169 6528 3337 6529 2169 6529 3336 6529 3336 6530 2169 6530 2147 6530 3336 6531 2147 6531 3335 6531 3335 6532 2147 6532 2125 6532 3335 6533 2125 6533 1373 6533 2216 6534 3339 6534 2217 6534 2217 6535 3339 6535 3340 6535 2217 6536 3340 6536 2218 6536 2218 6537 3340 6537 3341 6537 2218 6538 3341 6538 2219 6538 2219 6539 3341 6539 3342 6539 2219 6540 3342 6540 2220 6540 2220 6541 3342 6541 3343 6541 2220 6542 3343 6542 2221 6542 2221 6543 3343 6543 3344 6543 2221 6544 3344 6544 2222 6544 1370 6545 1369 6545 3350 6545 3350 6546 1369 6546 2376 6546 3350 6547 2376 6547 3349 6547 3349 6548 2376 6548 2354 6548 3349 6549 2354 6549 3348 6549 3348 6550 2354 6550 2332 6550 3348 6551 2332 6551 3347 6551 3347 6552 2332 6552 3384 6552 3347 6553 3384 6553 3346 6553 3346 6554 3384 6554 2288 6554 3346 6555 2288 6555 3345 6555 3345 6556 2288 6556 2266 6556 3345 6557 2266 6557 3344 6557 3344 6558 2266 6558 2244 6558 3344 6559 2244 6559 2222 6559 2418 6560 1370 6560 3366 6560 3366 6561 1370 6561 3350 6561 3366 6562 3350 6562 3303 6562 3303 6563 3350 6563 3286 6563 3303 6564 3286 6564 3225 6564 3225 6565 3286 6565 3189 6565 3225 6566 3189 6566 3226 6566 3226 6567 3189 6567 3188 6567 2418 6568 3366 6568 2440 6568 2440 6569 3366 6569 3365 6569 2440 6570 3365 6570 2462 6570 2462 6571 3365 6571 3364 6571 2462 6572 3364 6572 2485 6572 2485 6573 3364 6573 3363 6573 2485 6574 3363 6574 2486 6574 2486 6575 3363 6575 3362 6575 2486 6576 3362 6576 2487 6576 2516 6577 2494 6577 3357 6577 3357 6578 2494 6578 2493 6578 3357 6579 2493 6579 3358 6579 3358 6580 2493 6580 2492 6580 3358 6581 2492 6581 3359 6581 3359 6582 2492 6582 2491 6582 3359 6583 2491 6583 3360 6583 3360 6584 2491 6584 2490 6584 3360 6585 2490 6585 3361 6585 3361 6586 2490 6586 2489 6586 3361 6587 2489 6587 3362 6587 3362 6588 2489 6588 2488 6588 3362 6589 2488 6589 2487 6589 2516 6590 3357 6590 2538 6590 2538 6591 3357 6591 3356 6591 2538 6592 3356 6592 2560 6592 2560 6593 3356 6593 3355 6593 2560 6594 3355 6594 3385 6594 3385 6595 3355 6595 3354 6595 3385 6596 3354 6596 2604 6596 2604 6597 3354 6597 3353 6597 2604 6598 3353 6598 2626 6598 2626 6599 3353 6599 3352 6599 2626 6600 3352 6600 2648 6600 2648 6601 3352 6601 3351 6601 2648 6602 3351 6602 1366 6602 3190 6603 3230 6603 3191 6603 3191 6604 3230 6604 3304 6604 3191 6605 3304 6605 3287 6605 3287 6606 3304 6606 3367 6606 3287 6607 3367 6607 3351 6607 3351 6608 3367 6608 1367 6608 3351 6609 1367 6609 1366 6609 2760 6610 2759 6610 3371 6610 3371 6611 2759 6611 2758 6611 3371 6612 2758 6612 3370 6612 3370 6613 2758 6613 2757 6613 3370 6614 2757 6614 3369 6614 3369 6615 2757 6615 2734 6615 3369 6616 2734 6616 3368 6616 3368 6617 2734 6617 2712 6617 3368 6618 2712 6618 3367 6618 3367 6619 2712 6619 2690 6619 3367 6620 2690 6620 1367 6620 2760 6621 3371 6621 2761 6621 2761 6622 3371 6622 3372 6622 2761 6623 3372 6623 2762 6623 2762 6624 3372 6624 3373 6624 2762 6625 3373 6625 2763 6625 2763 6626 3373 6626 3374 6626 2763 6627 3374 6627 2764 6627 2764 6628 3374 6628 3375 6628 2764 6629 3375 6629 2765 6629 2765 6630 3375 6630 3376 6630 2765 6631 3376 6631 2766 6631 1364 6632 1363 6632 3382 6632 3382 6633 1363 6633 2920 6633 3382 6634 2920 6634 3381 6634 3381 6635 2920 6635 2898 6635 3381 6636 2898 6636 3380 6636 3380 6637 2898 6637 2876 6637 3380 6638 2876 6638 3379 6638 3379 6639 2876 6639 2854 6639 3379 6640 2854 6640 3378 6640 3378 6641 2854 6641 2832 6641 3378 6642 2832 6642 3377 6642 3377 6643 2832 6643 2810 6643 3377 6644 2810 6644 3376 6644 3376 6645 2810 6645 2788 6645 3376 6646 2788 6646 2766 6646 3386 6647 3387 6647 3196 6647 3388 6648 3389 6648 3249 6648 3196 6649 3387 6649 3194 6649 3194 6650 3387 6650 3390 6650 3194 6651 3390 6651 3192 6651 3391 6652 3164 6652 3392 6652 3392 6653 3164 6653 3253 6653 3392 6654 3253 6654 3389 6654 3389 6655 3253 6655 3251 6655 3389 6656 3251 6656 3249 6656 3393 6657 3160 6657 3391 6657 3391 6658 3160 6658 3162 6658 3391 6659 3162 6659 3164 6659 3394 6660 3146 6660 3395 6660 3395 6661 3146 6661 3148 6661 3395 6662 3148 6662 3396 6662 3180 6663 3397 6663 3398 6663 3399 6664 3226 6664 3400 6664 3400 6665 3226 6665 3188 6665 3400 6666 3188 6666 3401 6666 3402 6667 3403 6667 3214 6667 3204 6668 3404 6668 3405 6668 3192 6669 3390 6669 3190 6669 3190 6670 3390 6670 3406 6670 3190 6671 3406 6671 3229 6671 3407 6672 3241 6672 3408 6672 3408 6673 3241 6673 3239 6673 3408 6674 3239 6674 3409 6674 3249 6675 3410 6675 3388 6675 3388 6676 3410 6676 3245 6676 3388 6677 3245 6677 3407 6677 3407 6678 3245 6678 3243 6678 3407 6679 3243 6679 3241 6679 3411 6680 3156 6680 3393 6680 3393 6681 3156 6681 3158 6681 3393 6682 3158 6682 3160 6682 3148 6683 3150 6683 3396 6683 3396 6684 3150 6684 3152 6684 3396 6685 3152 6685 3411 6685 3411 6686 3152 6686 3154 6686 3411 6687 3154 6687 3156 6687 3180 6688 3178 6688 3397 6688 3397 6689 3178 6689 3176 6689 3397 6690 3176 6690 3412 6690 3412 6691 3176 6691 3174 6691 3412 6692 3174 6692 3413 6692 3414 6693 3222 6693 3399 6693 3399 6694 3222 6694 3224 6694 3399 6695 3224 6695 3226 6695 3204 6696 3206 6696 3404 6696 3404 6697 3206 6697 3208 6697 3404 6698 3208 6698 3415 6698 3415 6699 3208 6699 3210 6699 3415 6700 3210 6700 3403 6700 3403 6701 3210 6701 3212 6701 3403 6702 3212 6702 3214 6702 3196 6703 3198 6703 3386 6703 3386 6704 3198 6704 3200 6704 3386 6705 3200 6705 3405 6705 3405 6706 3200 6706 3416 6706 3405 6707 3416 6707 3204 6707 3229 6708 3406 6708 3227 6708 3227 6709 3406 6709 3417 6709 3227 6710 3417 6710 3231 6710 3418 6711 3142 6711 3394 6711 3394 6712 3142 6712 3144 6712 3394 6713 3144 6713 3146 6713 3419 6714 3132 6714 3420 6714 3420 6715 3132 6715 3134 6715 3420 6716 3134 6716 3421 6716 3422 6717 3127 6717 3419 6717 3419 6718 3127 6718 3130 6718 3419 6719 3130 6719 3132 6719 3423 6720 3166 6720 3422 6720 3422 6721 3166 6721 3128 6721 3422 6722 3128 6722 3127 6722 3174 6723 3172 6723 3413 6723 3413 6724 3172 6724 3170 6724 3413 6725 3170 6725 3423 6725 3423 6726 3170 6726 3168 6726 3423 6727 3168 6727 3166 6727 3188 6728 3186 6728 3401 6728 3401 6729 3186 6729 3184 6729 3401 6730 3184 6730 3398 6730 3398 6731 3184 6731 3424 6731 3398 6732 3424 6732 3180 6732 3214 6733 3216 6733 3402 6733 3402 6734 3216 6734 3218 6734 3402 6735 3218 6735 3414 6735 3414 6736 3218 6736 3220 6736 3414 6737 3220 6737 3222 6737 3239 6738 3237 6738 3409 6738 3409 6739 3237 6739 3235 6739 3409 6740 3235 6740 3417 6740 3417 6741 3235 6741 3234 6741 3417 6742 3234 6742 3231 6742 3134 6743 3136 6743 3421 6743 3421 6744 3136 6744 3138 6744 3421 6745 3138 6745 3418 6745 3418 6746 3138 6746 3425 6746 3418 6747 3425 6747 3142 6747 3499 6896 3498 6896 3504 6896 3504 6897 3498 6897 3505 6897 3506 6898 3499 6898 3507 6898 3507 6899 3499 6899 3504 6899</p>
        </triangles>
        <triangles material="Material_002-material" count="288">
          <input semantic="VERTEX" source="#roller_model-mesh-vertices" offset="0"/>
          <input semantic="NORMAL" source="#roller_model-mesh-normals" offset="1"/>
          <p>1308 2446 1323 2446 1317 2446 1317 2447 1323 2447 1324 2447 1317 2448 1324 2448 1316 2448 1316 2449 1324 2449 1325 2449 1316 2450 1325 2450 1315 2450 1315 2451 1325 2451 1326 2451 1315 2452 1326 2452 1318 2452 1318 2453 1326 2453 1327 2453 1318 2454 1327 2454 1319 2454 1319 2455 1327 2455 1328 2455 1319 2456 1328 2456 1320 2456 1320 2457 1328 2457 1329 2457 1320 2458 1329 2458 1321 2458 1321 2459 1329 2459 1330 2459 1321 2460 1330 2460 1312 2460 1312 2461 1330 2461 1331 2461 1312 2462 1331 2462 1313 2462 1313 2463 1331 2463 1332 2463 1313 2464 1332 2464 1311 2464 1311 2465 1332 2465 1333 2465 1311 2466 1333 2466 1310 2466 1310 2467 1333 2467 1334 2467 1310 2468 1334 2468 1309 2468 1309 2469 1334 2469 1335 2469 1309 2470 1335 2470 1293 2470 1293 2471 1335 2471 1336 2471 1293 2472 1336 2472 1294 2472 1294 2473 1336 2473 1337 2473 1294 2474 1337 2474 1295 2474 1295 2475 1337 2475 1338 2475 1295 2476 1338 2476 1297 2476 1297 2477 1338 2477 1339 2477 1297 2478 1339 2478 1296 2478 1296 2479 1339 2479 1340 2479 1296 2480 1340 2480 1299 2480 1299 2481 1340 2481 1341 2481 1299 2482 1341 2482 1285 2482 1285 2483 1341 2483 1342 2483 1285 2484 1342 2484 1284 2484 1284 2485 1342 2485 1343 2485 1284 2486 1343 2486 1283 2486 1283 2487 1343 2487 1344 2487 1283 2488 1344 2488 1300 2488 1300 2489 1344 2489 1345 2489 1300 2490 1345 2490 1286 2490 1286 2491 1345 2491 1346 2491 1286 2492 1346 2492 1287 2492 1287 2493 1346 2493 1347 2493 1287 2494 1347 2494 1289 2494 1289 2495 1347 2495 1348 2495 1289 2496 1348 2496 1288 2496 1288 2497 1348 2497 1349 2497 1288 2498 1349 2498 1291 2498 1291 2499 1349 2499 1350 2499 1291 2500 1350 2500 1292 2500 1292 2501 1350 2501 1351 2501 1292 2502 1351 2502 1302 2502 1302 2503 1351 2503 1352 2503 1302 2504 1352 2504 1301 2504 1301 2505 1352 2505 1353 2505 1301 2506 1353 2506 1303 2506 1303 2507 1353 2507 1354 2507 1303 2508 1354 2508 1306 2508 1306 2509 1354 2509 1355 2509 1306 2510 1355 2510 1304 2510 1304 2511 1355 2511 1356 2511 1304 2512 1356 2512 1305 2512 1305 2513 1356 2513 1357 2513 1305 2514 1357 2514 1307 2514 1307 2515 1357 2515 1358 2515 1307 2516 1358 2516 1308 2516 1308 2517 1358 2517 1323 2517 68 2518 1335 2518 66 2518 66 2519 1335 2519 1334 2519 66 2520 1334 2520 64 2520 64 2521 1334 2521 1333 2521 64 2522 1333 2522 62 2522 62 2523 1333 2523 1332 2523 62 2524 1332 2524 60 2524 60 2525 1332 2525 1331 2525 60 2526 1331 2526 58 2526 58 2527 1331 2527 1330 2527 58 2528 1330 2528 56 2528 56 2529 1330 2529 1329 2529 56 2530 1329 2530 1359 2530 1359 2531 1329 2531 1328 2531 1359 2532 1328 2532 52 2532 52 2533 1328 2533 1327 2533 52 2534 1327 2534 50 2534 50 2535 1327 2535 1326 2535 50 2536 1326 2536 48 2536 48 2537 1326 2537 1325 2537 48 2538 1325 2538 46 2538 46 2539 1325 2539 1324 2539 46 2540 1324 2540 44 2540 44 2541 1324 2541 1323 2541 44 2542 1323 2542 42 2542 42 2543 1323 2543 1358 2543 42 2544 1358 2544 40 2544 40 2545 1358 2545 1357 2545 40 2546 1357 2546 38 2546 38 2547 1357 2547 1356 2547 38 2548 1356 2548 1360 2548 1360 2549 1356 2549 1355 2549 1360 2550 1355 2550 34 2550 34 2551 1355 2551 1354 2551 34 2552 1354 2552 32 2552 32 2553 1354 2553 1353 2553 32 2554 1353 2554 30 2554 30 2555 1353 2555 1352 2555 30 2556 1352 2556 28 2556 28 2557 1352 2557 1351 2557 28 2558 1351 2558 26 2558 26 2559 1351 2559 1350 2559 26 2560 1350 2560 24 2560 24 2561 1350 2561 1349 2561 24 2562 1349 2562 22 2562 22 2563 1349 2563 1348 2563 22 2564 1348 2564 20 2564 20 2565 1348 2565 1347 2565 20 2566 1347 2566 1361 2566 1361 2567 1347 2567 1346 2567 1361 2568 1346 2568 16 2568 16 2569 1346 2569 1345 2569 16 2570 1345 2570 14 2570 14 2571 1345 2571 1344 2571 14 2572 1344 2572 12 2572 12 2573 1344 2573 1343 2573 12 2574 1343 2574 10 2574 10 2575 1343 2575 1342 2575 10 2576 1342 2576 8 2576 8 2577 1342 2577 1341 2577 8 2578 1341 2578 6 2578 6 2579 1341 2579 1340 2579 6 2580 1340 2580 4 2580 4 2581 1340 2581 1339 2581 4 2582 1339 2582 2 2582 2 2583 1339 2583 1338 2583 2 2584 1338 2584 1362 2584 1362 2585 1338 2585 1337 2585 1362 2586 1337 2586 70 2586 70 2587 1337 2587 1336 2587 70 2588 1336 2588 68 2588 68 2589 1336 2589 1335 2589 3417 6748 3426 6748 3409 6748 3409 6749 3426 6749 3427 6749 3409 6750 3427 6750 3408 6750 3408 6751 3427 6751 3428 6751 3408 6752 3428 6752 3407 6752 3407 6753 3428 6753 3429 6753 3407 6754 3429 6754 3388 6754 3388 6755 3429 6755 3430 6755 3388 6756 3430 6756 3389 6756 3389 6757 3430 6757 3431 6757 3389 6758 3431 6758 3392 6758 3392 6759 3431 6759 3432 6759 3392 6760 3432 6760 3391 6760 3391 6761 3432 6761 3433 6761 3391 6762 3433 6762 3393 6762 3393 6763 3433 6763 3434 6763 3393 6764 3434 6764 3411 6764 3411 6765 3434 6765 3435 6765 3411 6766 3435 6766 3396 6766 3396 6767 3435 6767 3436 6767 3396 6768 3436 6768 3395 6768 3395 6769 3436 6769 3437 6769 3395 6770 3437 6770 3394 6770 3394 6771 3437 6771 3438 6771 3394 6772 3438 6772 3418 6772 3418 6773 3438 6773 3439 6773 3418 6774 3439 6774 3421 6774 3421 6775 3439 6775 3440 6775 3421 6776 3440 6776 3420 6776 3420 6777 3440 6777 3441 6777 3420 6778 3441 6778 3419 6778 3419 6779 3441 6779 3442 6779 3419 6780 3442 6780 3422 6780 3422 6781 3442 6781 3443 6781 3422 6782 3443 6782 3423 6782 3423 6783 3443 6783 3444 6783 3423 6784 3444 6784 3413 6784 3413 6785 3444 6785 3445 6785 3413 6786 3445 6786 3412 6786 3412 6787 3445 6787 3446 6787 3412 6788 3446 6788 3397 6788 3397 6789 3446 6789 3447 6789 3397 6790 3447 6790 3398 6790 3398 6791 3447 6791 3448 6791 3398 6792 3448 6792 3401 6792 3401 6793 3448 6793 3449 6793 3401 6794 3449 6794 3400 6794 3400 6795 3449 6795 3450 6795 3400 6796 3450 6796 3399 6796 3399 6797 3450 6797 3451 6797 3399 6798 3451 6798 3414 6798 3414 6799 3451 6799 3452 6799 3414 6800 3452 6800 3402 6800 3402 6801 3452 6801 3453 6801 3402 6802 3453 6802 3403 6802 3403 6803 3453 6803 3454 6803 3403 6804 3454 6804 3415 6804 3415 6805 3454 6805 3455 6805 3415 6806 3455 6806 3404 6806 3404 6807 3455 6807 3456 6807 3404 6808 3456 6808 3405 6808 3405 6809 3456 6809 3457 6809 3405 6810 3457 6810 3386 6810 3386 6811 3457 6811 3458 6811 3386 6812 3458 6812 3387 6812 3387 6813 3458 6813 3459 6813 3387 6814 3459 6814 3390 6814 3390 6815 3459 6815 3460 6815 3390 6816 3460 6816 3406 6816 3406 6817 3460 6817 3461 6817 3406 6818 3461 6818 3417 6818 3417 6819 3461 6819 3426 6819 3462 6820 3457 6820 3463 6820 3463 6821 3457 6821 3456 6821 3463 6822 3456 6822 3464 6822 3464 6823 3456 6823 3455 6823 3464 6824 3455 6824 3465 6824 3465 6825 3455 6825 3454 6825 3465 6826 3454 6826 3466 6826 3466 6827 3454 6827 3453 6827 3466 6828 3453 6828 3467 6828 3467 6829 3453 6829 3452 6829 3467 6830 3452 6830 3468 6830 3468 6831 3452 6831 3451 6831 3468 6832 3451 6832 3469 6832 3469 6833 3451 6833 3450 6833 3469 6834 3450 6834 3470 6834 3470 6835 3450 6835 3449 6835 3470 6836 3449 6836 3471 6836 3471 6837 3449 6837 3448 6837 3471 6838 3448 6838 3472 6838 3472 6839 3448 6839 3447 6839 3472 6840 3447 6840 3473 6840 3473 6841 3447 6841 3446 6841 3473 6842 3446 6842 3474 6842 3474 6843 3446 6843 3445 6843 3474 6844 3445 6844 3475 6844 3475 6845 3445 6845 3444 6845 3475 6846 3444 6846 3476 6846 3476 6847 3444 6847 3443 6847 3476 6848 3443 6848 3477 6848 3477 6849 3443 6849 3442 6849 3477 6850 3442 6850 3478 6850 3478 6851 3442 6851 3441 6851 3478 6852 3441 6852 3479 6852 3479 6853 3441 6853 3440 6853 3479 6854 3440 6854 3480 6854 3480 6855 3440 6855 3439 6855 3480 6856 3439 6856 3481 6856 3481 6857 3439 6857 3438 6857 3481 6858 3438 6858 3482 6858 3482 6859 3438 6859 3437 6859 3482 6860 3437 6860 3483 6860 3483 6861 3437 6861 3436 6861 3483 6862 3436 6862 3484 6862 3484 6863 3436 6863 3435 6863 3484 6864 3435 6864 3485 6864 3485 6865 3435 6865 3434 6865 3485 6866 3434 6866 3486 6866 3486 6867 3434 6867 3433 6867 3486 6868 3433 6868 3487 6868 3487 6869 3433 6869 3432 6869 3487 6870 3432 6870 3488 6870 3488 6871 3432 6871 3431 6871 3488 6872 3431 6872 3489 6872 3489 6873 3431 6873 3430 6873 3489 6874 3430 6874 3490 6874 3490 6875 3430 6875 3429 6875 3490 6876 3429 6876 3491 6876 3491 6877 3429 6877 3428 6877 3491 6878 3428 6878 3492 6878 3492 6879 3428 6879 3427 6879 3492 6880 3427 6880 3493 6880 3493 6881 3427 6881 3426 6881 3493 6882 3426 6882 3494 6882 3494 6883 3426 6883 3461 6883 3494 6884 3461 6884 3495 6884 3495 6885 3461 6885 3460 6885 3495 6886 3460 6886 3496 6886 3496 6887 3460 6887 3459 6887 3496 6888 3459 6888 3497 6888 3497 6889 3459 6889 3458 6889 3497 6890 3458 6890 3462 6890 3462 6891 3458 6891 3457 6891</p>
        </triangles>
        <triangles material="Material_003-material" count="2136">
          <input semantic="VERTEX" source="#roller_model-mesh-vertices" offset="0"/>
          <input semantic="NORMAL" source="#roller_model-mesh-normals" offset="1"/>
          <p>0 0 1 0 2 0 2 1 1 1 3 1 2 2 3 2 4 2 4 3 3 3 5 3 4 4 5 4 6 4 6 5 5 5 7 5 6 6 7 6 8 6 8 7 7 7 9 7 8 8 9 8 10 8 10 9 9 9 11 9 10 10 11 10 12 10 12 11 11 11 13 11 12 12 13 12 14 12 14 13 13 13 15 13 14 14 15 14 16 14 16 15 15 15 17 15 16 16 17 16 18 16 18 17 17 17 19 17 18 18 19 18 20 18 20 19 19 19 21 19 20 20 21 20 22 20 22 21 21 21 23 21 22 22 23 22 24 22 24 23 23 23 25 23 24 24 25 24 26 24 26 25 25 25 27 25 26 26 27 26 28 26 28 27 27 27 29 27 28 28 29 28 30 28 30 29 29 29 31 29 30 30 31 30 32 30 32 31 31 31 33 31 32 32 33 32 34 32 34 33 33 33 35 33 34 34 35 34 36 34 36 35 35 35 37 35 36 36 37 36 38 36 38 37 37 37 39 37 38 38 39 38 40 38 40 39 39 39 41 39 40 40 41 40 42 40 42 41 41 41 43 41 42 42 43 42 44 42 44 43 43 43 45 43 44 44 45 44 46 44 46 45 45 45 47 45 46 46 47 46 48 46 48 47 47 47 49 47 48 48 49 48 50 48 50 49 49 49 51 49 50 50 51 50 52 50 52 51 51 51 53 51 52 52 53 52 54 52 54 53 53 53 55 53 54 54 55 54 56 54 56 55 55 55 57 55 56 56 57 56 58 56 58 57 57 57 59 57 58 58 59 58 60 58 60 59 59 59 61 59 60 60 61 60 62 60 62 61 61 61 63 61 62 62 63 62 64 62 64 63 63 63 65 63 64 64 65 64 66 64 66 65 65 65 67 65 66 66 67 66 68 66 68 67 67 67 69 67 68 68 69 68 70 68 70 69 69 69 71 69 70 70 71 70 0 70 0 71 71 71 1 71 72 72 73 72 74 72 74 73 73 73 75 73 74 74 75 74 76 74 77 75 78 75 74 75 74 76 78 76 79 76 74 77 79 77 72 77 80 78 81 78 74 78 74 79 81 79 82 79 74 80 82 80 77 80 83 81 84 81 74 81 74 82 84 82 85 82 74 83 85 83 80 83 86 84 87 84 74 84 74 85 87 85 88 85 74 86 88 86 83 86 89 87 90 87 74 87 74 88 90 88 91 88 74 89 91 89 86 89 92 90 93 90 74 90 74 91 93 91 94 91 74 92 94 92 89 92 95 93 96 93 74 93 74 94 96 94 97 94 74 95 97 95 92 95 98 96 99 96 74 96 74 97 99 97 100 97 74 98 100 98 95 98 101 99 102 99 74 99 74 100 102 100 103 100 74 101 103 101 98 101 104 102 105 102 74 102 74 103 105 103 106 103 74 104 106 104 101 104 76 105 107 105 74 105 74 106 107 106 108 106 74 107 108 107 104 107 109 108 73 108 110 108 110 109 73 109 72 109 110 110 72 110 111 110 111 111 72 111 79 111 111 112 79 112 112 112 112 113 79 113 78 113 112 114 78 114 113 114 113 115 78 115 77 115 113 116 77 116 114 116 114 117 77 117 82 117 114 118 82 118 115 118 115 119 82 119 81 119 115 120 81 120 116 120 116 121 81 121 80 121 116 122 80 122 117 122 117 123 80 123 118 123 117 124 118 124 119 124 119 125 118 125 84 125 119 126 84 126 120 126 120 127 84 127 83 127 120 128 83 128 121 128 121 129 83 129 88 129 121 130 88 130 122 130 122 131 88 131 87 131 122 132 87 132 123 132 123 133 87 133 86 133 123 134 86 134 124 134 124 135 86 135 91 135 124 136 91 136 125 136 125 137 91 137 90 137 125 138 90 138 126 138 126 139 90 139 89 139 126 140 89 140 127 140 127 141 89 141 128 141 127 142 128 142 129 142 129 143 128 143 93 143 129 144 93 144 130 144 130 145 93 145 92 145 130 146 92 146 131 146 131 147 92 147 97 147 131 148 97 148 132 148 132 149 97 149 96 149 132 150 96 150 133 150 133 151 96 151 95 151 133 152 95 152 134 152 134 153 95 153 100 153 134 154 100 154 135 154 135 155 100 155 99 155 135 156 99 156 136 156 136 157 99 157 98 157 136 158 98 158 137 158 137 159 98 159 138 159 137 160 138 160 139 160 139 161 138 161 102 161 139 162 102 162 140 162 140 163 102 163 101 163 140 164 101 164 141 164 141 165 101 165 106 165 141 166 106 166 142 166 142 167 106 167 105 167 142 168 105 168 143 168 143 169 105 169 104 169 143 170 104 170 144 170 144 171 104 171 108 171 144 172 108 172 145 172 145 173 108 173 107 173 145 174 107 174 146 174 146 175 107 175 76 175 146 176 76 176 147 176 147 177 76 177 148 177 147 178 148 178 109 178 109 179 148 179 73 179 149 180 110 180 150 180 150 181 110 181 111 181 151 183 111 183 112 183 152 185 112 185 113 185 153 187 113 187 114 187 153 188 114 188 154 188 154 189 114 189 115 189 154 190 115 190 155 190 155 191 115 191 116 191 155 192 116 192 156 192 156 193 116 193 117 193 156 194 117 194 157 194 157 195 117 195 158 195 157 196 158 196 159 196 159 197 158 197 120 197 159 198 120 198 160 198 160 199 120 199 121 199 160 200 121 200 161 200 161 201 121 201 122 201 161 202 122 202 162 202 162 203 122 203 123 203 162 204 123 204 163 204 163 205 123 205 124 205 163 206 124 206 164 206 164 207 124 207 125 207 164 208 125 208 165 208 165 209 125 209 126 209 165 210 126 210 166 210 166 211 126 211 127 211 167 213 127 213 168 213 169 215 168 215 130 215 170 217 130 217 131 217 170 218 131 218 171 218 171 219 131 219 132 219 171 220 132 220 172 220 172 221 132 221 133 221 172 222 133 222 173 222 173 223 133 223 134 223 173 224 134 224 174 224 174 225 134 225 135 225 174 226 135 226 175 226 175 227 135 227 136 227 175 228 136 228 176 228 176 229 136 229 137 229 176 230 137 230 177 230 177 231 137 231 178 231 177 232 178 232 179 232 179 233 178 233 140 233 179 234 140 234 180 234 180 235 140 235 141 235 180 236 141 236 181 236 181 237 141 237 142 237 181 238 142 238 182 238 182 239 142 239 143 239 182 240 143 240 183 240 183 241 143 241 144 241 183 242 144 242 184 242 184 243 144 243 145 243 184 244 145 244 185 244 185 245 145 245 146 245 185 246 146 246 186 246 186 247 146 247 147 247 186 248 147 248 187 248 187 249 147 249 109 249 187 250 109 250 149 250 149 251 109 251 110 251 156 252 188 252 155 252 155 253 188 253 189 253 155 254 189 254 154 254 154 255 189 255 190 255 154 256 190 256 153 256 153 257 190 257 191 257 153 258 191 258 152 258 152 259 191 259 192 259 152 260 192 260 151 260 151 261 192 261 193 261 151 262 193 262 150 262 150 263 193 263 194 263 150 264 194 264 195 264 195 265 194 265 196 265 195 266 196 266 187 266 187 267 196 267 197 267 187 268 197 268 186 268 186 269 197 269 198 269 186 270 198 270 185 270 185 271 198 271 199 271 185 272 199 272 184 272 184 273 199 273 200 273 184 274 200 274 183 274 183 275 200 275 201 275 183 276 201 276 182 276 182 277 201 277 202 277 182 278 202 278 181 278 181 279 202 279 203 279 181 280 203 280 180 280 180 281 203 281 204 281 180 282 204 282 205 282 205 283 204 283 206 283 205 284 206 284 177 284 177 285 206 285 207 285 177 286 207 286 176 286 176 287 207 287 208 287 176 288 208 288 175 288 175 289 208 289 209 289 175 290 209 290 174 290 174 291 209 291 210 291 174 292 210 292 173 292 173 293 210 293 211 293 173 294 211 294 172 294 172 295 211 295 212 295 172 296 212 296 171 296 171 297 212 297 213 297 171 298 213 298 170 298 170 299 213 299 214 299 170 300 214 300 215 300 215 301 214 301 216 301 215 302 216 302 167 302 167 303 216 303 217 303 167 304 217 304 166 304 166 305 217 305 218 305 166 306 218 306 165 306 165 307 218 307 219 307 165 308 219 308 164 308 164 309 219 309 220 309 164 310 220 310 163 310 163 311 220 311 221 311 163 312 221 312 162 312 162 313 221 313 222 313 162 314 222 314 161 314 161 315 222 315 223 315 161 316 223 316 160 316 160 317 223 317 224 317 160 318 224 318 225 318 225 319 224 319 226 319 225 320 226 320 157 320 157 321 226 321 227 321 157 322 227 322 156 322 156 323 227 323 188 323 218 324 228 324 219 324 219 325 228 325 229 325 219 326 229 326 220 326 220 327 229 327 230 327 220 328 230 328 221 328 221 329 230 329 231 329 221 330 231 330 222 330 222 331 231 331 232 331 222 332 232 332 223 332 223 333 232 333 233 333 223 334 233 334 224 334 224 335 233 335 234 335 224 336 234 336 226 336 226 337 234 337 235 337 226 338 235 338 227 338 227 339 235 339 236 339 227 340 236 340 188 340 188 341 236 341 237 341 188 342 237 342 189 342 189 343 237 343 238 343 189 344 238 344 190 344 190 345 238 345 239 345 190 346 239 346 191 346 191 347 239 347 240 347 191 348 240 348 192 348 192 349 240 349 241 349 192 350 241 350 193 350 193 351 241 351 242 351 193 352 242 352 194 352 194 353 242 353 243 353 194 354 243 354 196 354 196 355 243 355 244 355 196 356 244 356 197 356 197 357 244 357 245 357 197 358 245 358 198 358 198 359 245 359 246 359 198 360 246 360 199 360 199 361 246 361 247 361 199 362 247 362 200 362 200 363 247 363 248 363 200 364 248 364 201 364 201 365 248 365 249 365 201 366 249 366 202 366 202 367 249 367 250 367 202 368 250 368 203 368 203 369 250 369 251 369 203 370 251 370 204 370 204 371 251 371 252 371 204 372 252 372 206 372 206 373 252 373 253 373 206 374 253 374 207 374 207 375 253 375 254 375 207 376 254 376 208 376 208 377 254 377 255 377 208 378 255 378 209 378 209 379 255 379 256 379 209 380 256 380 210 380 210 381 256 381 257 381 210 382 257 382 211 382 211 383 257 383 258 383 211 384 258 384 212 384 212 385 258 385 259 385 212 386 259 386 213 386 213 387 259 387 260 387 213 388 260 388 214 388 214 389 260 389 261 389 214 390 261 390 216 390 216 391 261 391 262 391 216 392 262 392 217 392 217 393 262 393 263 393 217 394 263 394 218 394 218 395 263 395 228 395 248 396 264 396 249 396 249 397 264 397 265 397 249 398 265 398 250 398 250 399 265 399 266 399 250 400 266 400 251 400 251 401 266 401 267 401 251 402 267 402 252 402 252 403 267 403 268 403 252 404 268 404 253 404 257 405 269 405 258 405 258 406 269 406 270 406 258 407 270 407 259 407 259 408 270 408 271 408 259 409 271 409 260 409 260 410 271 410 272 410 260 411 272 411 261 411 261 412 272 412 273 412 261 413 273 413 262 413 244 414 274 414 245 414 245 415 274 415 275 415 245 416 275 416 246 416 246 417 275 417 276 417 246 418 276 418 247 418 247 419 276 419 277 419 247 420 277 420 248 420 248 421 277 421 278 421 248 422 278 422 264 422 235 423 279 423 236 423 236 424 279 424 280 424 236 425 280 425 237 425 237 426 280 426 281 426 237 427 281 427 238 427 238 428 281 428 282 428 238 429 282 429 239 429 230 430 283 430 231 430 231 431 283 431 284 431 231 432 284 432 232 432 232 433 284 433 285 433 232 434 285 434 233 434 233 435 285 435 286 435 233 436 286 436 234 436 234 437 286 437 287 437 234 438 287 438 235 438 235 439 287 439 288 439 235 440 288 440 279 440 273 441 289 441 262 441 262 442 289 442 290 442 262 443 290 443 263 443 263 444 290 444 291 444 263 445 291 445 228 445 228 446 291 446 292 446 228 447 292 447 229 447 229 448 292 448 293 448 229 449 293 449 230 449 230 450 293 450 294 450 230 451 294 451 283 451 268 452 295 452 253 452 253 453 295 453 296 453 253 454 296 454 254 454 254 455 296 455 297 455 254 456 297 456 255 456 255 457 297 457 298 457 255 458 298 458 256 458 256 459 298 459 299 459 256 460 299 460 257 460 257 461 299 461 300 461 257 462 300 462 269 462 282 463 301 463 239 463 239 464 301 464 302 464 239 465 302 465 240 465 240 466 302 466 303 466 240 467 303 467 241 467 241 468 303 468 304 468 241 469 304 469 242 469 242 470 304 470 305 470 242 471 305 471 243 471 243 472 305 472 306 472 243 473 306 473 244 473 244 474 306 474 307 474 244 475 307 475 274 475 308 476 309 476 310 476 311 477 312 477 313 477 314 478 315 478 316 478 317 479 318 479 319 479 320 480 321 480 322 480 323 481 324 481 325 481 326 482 327 482 328 482 329 483 330 483 331 483 332 484 333 484 334 484 335 485 336 485 337 485 338 486 339 486 340 486 341 487 342 487 343 487 344 488 345 488 346 488 347 489 348 489 349 489 350 490 351 490 352 490 353 491 354 491 355 491 291 492 290 492 356 492 356 493 290 493 357 493 356 494 357 494 358 494 358 495 357 495 359 495 358 496 359 496 360 496 360 497 359 497 361 497 360 498 361 498 362 498 362 499 361 499 363 499 362 500 363 500 364 500 364 501 363 501 365 501 364 502 365 502 366 502 366 503 365 503 367 503 366 504 367 504 368 504 368 505 367 505 369 505 368 506 369 506 370 506 370 507 369 507 371 507 270 508 269 508 372 508 372 509 269 509 373 509 372 510 373 510 374 510 374 511 373 511 375 511 374 512 375 512 376 512 376 513 375 513 377 513 376 514 377 514 378 514 378 515 377 515 379 515 378 516 379 516 380 516 380 517 379 517 381 517 380 518 381 518 382 518 382 519 381 519 383 519 382 520 383 520 384 520 384 521 383 521 385 521 384 522 385 522 386 522 386 523 385 523 349 523 297 524 296 524 387 524 387 525 296 525 388 525 387 526 388 526 389 526 389 527 388 527 390 527 389 528 390 528 391 528 391 529 390 529 392 529 391 530 392 530 393 530 393 531 392 531 394 531 393 532 394 532 395 532 395 533 394 533 396 533 395 534 396 534 397 534 397 535 396 535 398 535 397 536 398 536 399 536 399 537 398 537 400 537 399 538 400 538 401 538 401 539 400 539 402 539 265 540 264 540 403 540 403 541 264 541 404 541 403 542 404 542 405 542 405 543 404 543 406 543 405 544 406 544 407 544 407 545 406 545 408 545 407 546 408 546 409 546 409 547 408 547 410 547 409 548 410 548 411 548 411 549 410 549 412 549 411 550 412 550 413 550 413 551 412 551 414 551 413 552 414 552 415 552 415 553 414 553 416 553 415 554 416 554 417 554 417 555 416 555 337 555 275 556 274 556 418 556 418 557 274 557 419 557 418 558 419 558 420 558 420 559 419 559 421 559 420 560 421 560 422 560 422 561 421 561 423 561 422 562 423 562 424 562 424 563 423 563 425 563 424 564 425 564 426 564 426 565 425 565 427 565 426 566 427 566 428 566 428 567 427 567 429 567 428 568 429 568 430 568 430 569 429 569 431 569 430 570 431 570 432 570 432 571 431 571 433 571 303 572 302 572 434 572 434 573 302 573 435 573 434 574 435 574 436 574 436 575 435 575 437 575 436 576 437 576 438 576 438 577 437 577 439 577 438 578 439 578 440 578 440 579 439 579 441 579 440 580 441 580 442 580 442 581 441 581 443 581 442 582 443 582 444 582 444 583 443 583 445 583 444 584 445 584 446 584 446 585 445 585 447 585 446 586 447 586 448 586 448 587 447 587 325 587 280 588 279 588 449 588 449 589 279 589 450 589 449 590 450 590 451 590 451 591 450 591 452 591 451 592 452 592 453 592 453 593 452 593 454 593 453 594 454 594 455 594 455 595 454 595 456 595 455 596 456 596 457 596 457 597 456 597 458 597 457 598 458 598 459 598 459 599 458 599 460 599 459 600 460 600 461 600 461 601 460 601 462 601 461 602 462 602 463 602 463 603 462 603 464 603 284 604 283 604 465 604 465 605 283 605 466 605 465 606 466 606 467 606 467 607 466 607 468 607 467 608 468 608 469 608 469 609 468 609 470 609 469 610 470 610 471 610 471 611 470 611 472 611 471 612 472 612 473 612 473 613 472 613 474 613 473 614 474 614 475 614 475 615 474 615 476 615 475 616 476 616 477 616 477 617 476 617 478 617 477 618 478 618 479 618 479 619 478 619 313 619 292 620 291 620 480 620 480 621 291 621 356 621 480 622 356 622 481 622 481 623 356 623 358 623 481 624 358 624 482 624 482 625 358 625 360 625 482 626 360 626 483 626 483 627 360 627 362 627 483 628 362 628 484 628 484 629 362 629 364 629 484 630 364 630 485 630 485 631 364 631 366 631 485 632 366 632 486 632 486 633 366 633 368 633 486 634 368 634 487 634 487 635 368 635 370 635 487 636 370 636 488 636 488 637 370 637 489 637 490 638 491 638 492 638 492 639 491 639 371 639 492 640 371 640 493 640 493 641 371 641 369 641 493 642 369 642 494 642 494 643 369 643 367 643 494 644 367 644 495 644 495 645 367 645 365 645 495 646 365 646 496 646 496 647 365 647 363 647 496 648 363 648 497 648 497 649 363 649 361 649 497 650 361 650 498 650 498 651 361 651 359 651 498 652 359 652 499 652 499 653 359 653 357 653 499 654 357 654 289 654 289 655 357 655 290 655 491 656 500 656 371 656 371 657 500 657 501 657 371 658 501 658 370 658 370 659 501 659 502 659 370 660 502 660 489 660 354 661 490 661 355 661 355 662 490 662 492 662 355 663 492 663 503 663 503 664 492 664 493 664 503 665 493 665 504 665 504 666 493 666 494 666 504 667 494 667 505 667 505 668 494 668 495 668 505 669 495 669 506 669 506 670 495 670 496 670 506 671 496 671 507 671 507 672 496 672 497 672 507 673 497 673 508 673 508 674 497 674 498 674 508 675 498 675 509 675 509 676 498 676 499 676 509 677 499 677 273 677 273 678 499 678 289 678 510 679 353 679 511 679 511 680 353 680 355 680 511 681 355 681 512 681 512 682 355 682 503 682 512 683 503 683 513 683 513 684 503 684 504 684 513 685 504 685 514 685 514 686 504 686 505 686 514 687 505 687 515 687 515 688 505 688 506 688 515 689 506 689 516 689 516 690 506 690 507 690 516 691 507 691 517 691 517 692 507 692 508 692 517 693 508 693 518 693 518 694 508 694 509 694 518 695 509 695 272 695 272 696 509 696 273 696 272 697 271 697 518 697 518 698 271 698 519 698 518 699 519 699 517 699 517 700 519 700 520 700 517 701 520 701 516 701 516 702 520 702 521 702 516 703 521 703 515 703 515 704 521 704 522 704 515 705 522 705 514 705 514 706 522 706 523 706 514 707 523 707 513 707 513 708 523 708 524 708 513 709 524 709 512 709 512 710 524 710 525 710 512 711 525 711 511 711 511 712 525 712 352 712 511 713 352 713 510 713 510 714 352 714 351 714 526 715 350 715 386 715 386 716 350 716 352 716 386 717 352 717 384 717 384 718 352 718 525 718 384 719 525 719 382 719 382 720 525 720 524 720 382 721 524 721 380 721 380 722 524 722 523 722 380 723 523 723 378 723 378 724 523 724 522 724 378 725 522 725 376 725 376 726 522 726 521 726 376 727 521 727 374 727 374 728 521 728 520 728 374 729 520 729 372 729 372 730 520 730 519 730 372 731 519 731 270 731 270 732 519 732 271 732 349 733 348 733 386 733 386 734 348 734 527 734 386 735 527 735 526 735 345 736 347 736 346 736 346 737 347 737 349 737 346 738 349 738 528 738 528 739 349 739 385 739 528 740 385 740 529 740 529 741 385 741 383 741 529 742 383 742 530 742 530 743 383 743 381 743 530 744 381 744 531 744 531 745 381 745 379 745 531 746 379 746 532 746 532 747 379 747 377 747 532 748 377 748 533 748 533 749 377 749 375 749 533 750 375 750 534 750 534 751 375 751 373 751 534 752 373 752 300 752 300 753 373 753 269 753 535 754 344 754 536 754 536 755 344 755 346 755 536 756 346 756 537 756 537 757 346 757 528 757 537 758 528 758 538 758 538 759 528 759 529 759 538 760 529 760 539 760 539 761 529 761 530 761 539 762 530 762 540 762 540 763 530 763 531 763 540 764 531 764 541 764 541 765 531 765 532 765 541 766 532 766 542 766 542 767 532 767 533 767 542 768 533 768 543 768 543 769 533 769 534 769 543 770 534 770 299 770 299 771 534 771 300 771 299 772 298 772 543 772 543 773 298 773 544 773 543 774 544 774 542 774 542 775 544 775 545 775 542 776 545 776 541 776 541 777 545 777 546 777 541 778 546 778 540 778 540 779 546 779 547 779 540 780 547 780 539 780 539 781 547 781 548 781 539 782 548 782 538 782 538 783 548 783 549 783 538 784 549 784 537 784 537 785 549 785 550 785 537 786 550 786 536 786 536 787 550 787 551 787 536 788 551 788 535 788 535 789 551 789 552 789 298 790 297 790 544 790 544 791 297 791 387 791 544 792 387 792 545 792 545 793 387 793 389 793 545 794 389 794 546 794 546 795 389 795 391 795 546 796 391 796 547 796 547 797 391 797 393 797 547 798 393 798 548 798 548 799 393 799 395 799 548 800 395 800 549 800 549 801 395 801 397 801 549 802 397 802 550 802 550 803 397 803 399 803 550 804 399 804 551 804 551 805 399 805 401 805 551 806 401 806 552 806 552 807 401 807 553 807 554 808 555 808 556 808 556 809 555 809 402 809 556 810 402 810 557 810 557 811 402 811 400 811 557 812 400 812 558 812 558 813 400 813 398 813 558 814 398 814 559 814 559 815 398 815 396 815 559 816 396 816 560 816 560 817 396 817 394 817 560 818 394 818 561 818 561 819 394 819 392 819 561 820 392 820 562 820 562 821 392 821 390 821 562 822 390 822 563 822 563 823 390 823 388 823 563 824 388 824 295 824 295 825 388 825 296 825 555 826 564 826 402 826 402 827 564 827 565 827 402 828 565 828 401 828 401 829 565 829 566 829 401 830 566 830 553 830 342 831 554 831 343 831 343 832 554 832 556 832 343 833 556 833 567 833 567 834 556 834 557 834 567 835 557 835 568 835 568 836 557 836 558 836 568 837 558 837 569 837 569 838 558 838 559 838 569 839 559 839 570 839 570 840 559 840 560 840 570 841 560 841 571 841 571 842 560 842 561 842 571 843 561 843 572 843 572 844 561 844 562 844 572 845 562 845 573 845 573 846 562 846 563 846 573 847 563 847 268 847 268 848 563 848 295 848 574 849 341 849 575 849 575 850 341 850 343 850 575 851 343 851 576 851 576 852 343 852 567 852 576 853 567 853 577 853 577 854 567 854 568 854 577 855 568 855 578 855 578 856 568 856 569 856 578 857 569 857 579 857 579 858 569 858 570 858 579 859 570 859 580 859 580 860 570 860 571 860 580 861 571 861 581 861 581 862 571 862 572 862 581 863 572 863 582 863 582 864 572 864 573 864 582 865 573 865 267 865 267 866 573 866 268 866 267 867 266 867 582 867 582 868 266 868 583 868 582 869 583 869 581 869 581 870 583 870 584 870 581 871 584 871 580 871 580 872 584 872 585 872 580 873 585 873 579 873 579 874 585 874 586 874 579 875 586 875 578 875 578 876 586 876 587 876 578 877 587 877 577 877 577 878 587 878 588 878 577 879 588 879 576 879 576 880 588 880 589 880 576 881 589 881 575 881 575 882 589 882 340 882 575 883 340 883 574 883 574 884 340 884 339 884 590 885 338 885 417 885 417 886 338 886 340 886 417 887 340 887 415 887 415 888 340 888 589 888 415 889 589 889 413 889 413 890 589 890 588 890 413 891 588 891 411 891 411 892 588 892 587 892 411 893 587 893 409 893 409 894 587 894 586 894 409 895 586 895 407 895 407 896 586 896 585 896 407 897 585 897 405 897 405 898 585 898 584 898 405 899 584 899 403 899 403 900 584 900 583 900 403 901 583 901 265 901 265 902 583 902 266 902 337 903 336 903 417 903 417 904 336 904 591 904 417 905 591 905 590 905 333 906 335 906 334 906 334 907 335 907 337 907 334 908 337 908 592 908 592 909 337 909 416 909 592 910 416 910 593 910 593 911 416 911 414 911 593 912 414 912 594 912 594 913 414 913 412 913 594 914 412 914 595 914 595 915 412 915 410 915 595 916 410 916 596 916 596 917 410 917 408 917 596 918 408 918 597 918 597 919 408 919 406 919 597 920 406 920 598 920 598 921 406 921 404 921 598 922 404 922 278 922 278 923 404 923 264 923 599 924 332 924 600 924 600 925 332 925 334 925 600 926 334 926 601 926 601 927 334 927 592 927 601 928 592 928 602 928 602 929 592 929 593 929 602 930 593 930 603 930 603 931 593 931 594 931 603 932 594 932 604 932 604 933 594 933 595 933 604 934 595 934 605 934 605 935 595 935 596 935 605 936 596 936 606 936 606 937 596 937 597 937 606 938 597 938 607 938 607 939 597 939 598 939 607 940 598 940 277 940 277 941 598 941 278 941 277 942 276 942 607 942 607 943 276 943 608 943 607 944 608 944 606 944 606 945 608 945 609 945 606 946 609 946 605 946 605 947 609 947 610 947 605 948 610 948 604 948 604 949 610 949 611 949 604 950 611 950 603 950 603 951 611 951 612 951 603 952 612 952 602 952 602 953 612 953 613 953 602 954 613 954 601 954 601 955 613 955 614 955 601 956 614 956 600 956 600 957 614 957 615 957 600 958 615 958 599 958 599 959 615 959 616 959 276 960 275 960 608 960 608 961 275 961 418 961 608 962 418 962 609 962 609 963 418 963 420 963 609 964 420 964 610 964 610 965 420 965 422 965 610 966 422 966 611 966 611 967 422 967 424 967 611 968 424 968 612 968 612 969 424 969 426 969 612 970 426 970 613 970 613 971 426 971 428 971 613 972 428 972 614 972 614 973 428 973 430 973 614 974 430 974 615 974 615 975 430 975 432 975 615 976 432 976 616 976 616 977 432 977 617 977 618 978 619 978 620 978 620 979 619 979 433 979 620 980 433 980 621 980 621 981 433 981 431 981 621 982 431 982 622 982 622 983 431 983 429 983 622 984 429 984 623 984 623 985 429 985 427 985 623 986 427 986 624 986 624 987 427 987 425 987 624 988 425 988 625 988 625 989 425 989 423 989 625 990 423 990 626 990 626 991 423 991 421 991 626 992 421 992 627 992 627 993 421 993 419 993 627 994 419 994 307 994 307 995 419 995 274 995 619 996 628 996 433 996 433 997 628 997 629 997 433 998 629 998 432 998 432 999 629 999 630 999 432 1000 630 1000 617 1000 330 1001 618 1001 331 1001 331 1002 618 1002 620 1002 331 1003 620 1003 631 1003 631 1004 620 1004 621 1004 631 1005 621 1005 632 1005 632 1006 621 1006 622 1006 632 1007 622 1007 633 1007 633 1008 622 1008 623 1008 633 1009 623 1009 634 1009 634 1010 623 1010 624 1010 634 1011 624 1011 635 1011 635 1012 624 1012 625 1012 635 1013 625 1013 636 1013 636 1014 625 1014 626 1014 636 1015 626 1015 637 1015 637 1016 626 1016 627 1016 637 1017 627 1017 306 1017 306 1018 627 1018 307 1018 638 1019 329 1019 639 1019 639 1020 329 1020 331 1020 639 1021 331 1021 640 1021 640 1022 331 1022 631 1022 640 1023 631 1023 641 1023 641 1024 631 1024 632 1024 641 1025 632 1025 642 1025 642 1026 632 1026 633 1026 642 1027 633 1027 643 1027 643 1028 633 1028 634 1028 643 1029 634 1029 644 1029 644 1030 634 1030 635 1030 644 1031 635 1031 645 1031 645 1032 635 1032 636 1032 645 1033 636 1033 646 1033 646 1034 636 1034 637 1034 646 1035 637 1035 305 1035 305 1036 637 1036 306 1036 305 1037 304 1037 646 1037 646 1038 304 1038 647 1038 646 1039 647 1039 645 1039 645 1040 647 1040 648 1040 645 1041 648 1041 644 1041 644 1042 648 1042 649 1042 644 1043 649 1043 643 1043 643 1044 649 1044 650 1044 643 1045 650 1045 642 1045 642 1046 650 1046 651 1046 642 1047 651 1047 641 1047 641 1048 651 1048 652 1048 641 1049 652 1049 640 1049 640 1050 652 1050 653 1050 640 1051 653 1051 639 1051 639 1052 653 1052 328 1052 639 1053 328 1053 638 1053 638 1054 328 1054 327 1054 654 1055 326 1055 448 1055 448 1056 326 1056 328 1056 448 1057 328 1057 446 1057 446 1058 328 1058 653 1058 446 1059 653 1059 444 1059 444 1060 653 1060 652 1060 444 1061 652 1061 442 1061 442 1062 652 1062 651 1062 442 1063 651 1063 440 1063 440 1064 651 1064 650 1064 440 1065 650 1065 438 1065 438 1066 650 1066 649 1066 438 1067 649 1067 436 1067 436 1068 649 1068 648 1068 436 1069 648 1069 434 1069 434 1070 648 1070 647 1070 434 1071 647 1071 303 1071 303 1072 647 1072 304 1072 325 1073 324 1073 448 1073 448 1074 324 1074 655 1074 448 1075 655 1075 654 1075 321 1076 323 1076 322 1076 322 1077 323 1077 325 1077 322 1078 325 1078 656 1078 656 1079 325 1079 447 1079 656 1080 447 1080 657 1080 657 1081 447 1081 445 1081 657 1082 445 1082 658 1082 658 1083 445 1083 443 1083 658 1084 443 1084 659 1084 659 1085 443 1085 441 1085 659 1086 441 1086 660 1086 660 1087 441 1087 439 1087 660 1088 439 1088 661 1088 661 1089 439 1089 437 1089 661 1090 437 1090 662 1090 662 1091 437 1091 435 1091 662 1092 435 1092 301 1092 301 1093 435 1093 302 1093 663 1094 320 1094 664 1094 664 1095 320 1095 322 1095 664 1096 322 1096 665 1096 665 1097 322 1097 656 1097 665 1098 656 1098 666 1098 666 1099 656 1099 657 1099 666 1100 657 1100 667 1100 667 1101 657 1101 658 1101 667 1102 658 1102 668 1102 668 1103 658 1103 659 1103 668 1104 659 1104 669 1104 669 1105 659 1105 660 1105 669 1106 660 1106 670 1106 670 1107 660 1107 661 1107 670 1108 661 1108 671 1108 671 1109 661 1109 662 1109 671 1110 662 1110 282 1110 282 1111 662 1111 301 1111 282 1112 281 1112 671 1112 671 1113 281 1113 672 1113 671 1114 672 1114 670 1114 670 1115 672 1115 673 1115 670 1116 673 1116 669 1116 669 1117 673 1117 674 1117 669 1118 674 1118 668 1118 668 1119 674 1119 675 1119 668 1120 675 1120 667 1120 667 1121 675 1121 676 1121 667 1122 676 1122 666 1122 666 1123 676 1123 677 1123 666 1124 677 1124 665 1124 665 1125 677 1125 678 1125 665 1126 678 1126 664 1126 664 1127 678 1127 679 1127 664 1128 679 1128 663 1128 663 1129 679 1129 680 1129 281 1130 280 1130 672 1130 672 1131 280 1131 449 1131 672 1132 449 1132 673 1132 673 1133 449 1133 451 1133 673 1134 451 1134 674 1134 674 1135 451 1135 453 1135 674 1136 453 1136 675 1136 675 1137 453 1137 455 1137 675 1138 455 1138 676 1138 676 1139 455 1139 457 1139 676 1140 457 1140 677 1140 677 1141 457 1141 459 1141 677 1142 459 1142 678 1142 678 1143 459 1143 461 1143 678 1144 461 1144 679 1144 679 1145 461 1145 463 1145 679 1146 463 1146 680 1146 680 1147 463 1147 681 1147 682 1148 683 1148 684 1148 684 1149 683 1149 464 1149 684 1150 464 1150 685 1150 685 1151 464 1151 462 1151 685 1152 462 1152 686 1152 686 1153 462 1153 460 1153 686 1154 460 1154 687 1154 687 1155 460 1155 458 1155 687 1156 458 1156 688 1156 688 1157 458 1157 456 1157 688 1158 456 1158 689 1158 689 1159 456 1159 454 1159 689 1160 454 1160 690 1160 690 1161 454 1161 452 1161 690 1162 452 1162 691 1162 691 1163 452 1163 450 1163 691 1164 450 1164 288 1164 288 1165 450 1165 279 1165 683 1166 692 1166 464 1166 464 1167 692 1167 693 1167 464 1168 693 1168 463 1168 463 1169 693 1169 694 1169 463 1170 694 1170 681 1170 318 1171 682 1171 319 1171 319 1172 682 1172 684 1172 319 1173 684 1173 695 1173 695 1174 684 1174 685 1174 695 1175 685 1175 696 1175 696 1176 685 1176 686 1176 696 1177 686 1177 697 1177 697 1178 686 1178 687 1178 697 1179 687 1179 698 1179 698 1180 687 1180 688 1180 698 1181 688 1181 699 1181 699 1182 688 1182 689 1182 699 1183 689 1183 700 1183 700 1184 689 1184 690 1184 700 1185 690 1185 701 1185 701 1186 690 1186 691 1186 701 1187 691 1187 287 1187 287 1188 691 1188 288 1188 702 1189 317 1189 703 1189 703 1190 317 1190 319 1190 703 1191 319 1191 704 1191 704 1192 319 1192 695 1192 704 1193 695 1193 705 1193 705 1194 695 1194 696 1194 705 1195 696 1195 706 1195 706 1196 696 1196 697 1196 706 1197 697 1197 707 1197 707 1198 697 1198 698 1198 707 1199 698 1199 708 1199 708 1200 698 1200 699 1200 708 1201 699 1201 709 1201 709 1202 699 1202 700 1202 709 1203 700 1203 710 1203 710 1204 700 1204 701 1204 710 1205 701 1205 286 1205 286 1206 701 1206 287 1206 286 1207 285 1207 710 1207 710 1208 285 1208 711 1208 710 1209 711 1209 709 1209 709 1210 711 1210 712 1210 709 1211 712 1211 708 1211 708 1212 712 1212 713 1212 708 1213 713 1213 707 1213 707 1214 713 1214 714 1214 707 1215 714 1215 706 1215 706 1216 714 1216 715 1216 706 1217 715 1217 705 1217 705 1218 715 1218 716 1218 705 1219 716 1219 704 1219 704 1220 716 1220 717 1220 704 1221 717 1221 703 1221 703 1222 717 1222 316 1222 703 1223 316 1223 702 1223 702 1224 316 1224 315 1224 718 1225 314 1225 479 1225 479 1226 314 1226 316 1226 479 1227 316 1227 477 1227 477 1228 316 1228 717 1228 477 1229 717 1229 475 1229 475 1230 717 1230 716 1230 475 1231 716 1231 473 1231 473 1232 716 1232 715 1232 473 1233 715 1233 471 1233 471 1234 715 1234 714 1234 471 1235 714 1235 469 1235 469 1236 714 1236 713 1236 469 1237 713 1237 467 1237 467 1238 713 1238 712 1238 467 1239 712 1239 465 1239 465 1240 712 1240 711 1240 465 1241 711 1241 284 1241 284 1242 711 1242 285 1242 313 1243 312 1243 479 1243 479 1244 312 1244 719 1244 479 1245 719 1245 718 1245 309 1246 311 1246 310 1246 310 1247 311 1247 313 1247 310 1248 313 1248 720 1248 720 1249 313 1249 478 1249 720 1250 478 1250 721 1250 721 1251 478 1251 476 1251 721 1252 476 1252 722 1252 722 1253 476 1253 474 1253 722 1254 474 1254 723 1254 723 1255 474 1255 472 1255 723 1256 472 1256 724 1256 724 1257 472 1257 470 1257 724 1258 470 1258 725 1258 725 1259 470 1259 468 1259 725 1260 468 1260 726 1260 726 1261 468 1261 466 1261 726 1262 466 1262 294 1262 294 1263 466 1263 283 1263 727 1264 308 1264 728 1264 728 1265 308 1265 310 1265 728 1266 310 1266 729 1266 729 1267 310 1267 720 1267 729 1268 720 1268 730 1268 730 1269 720 1269 721 1269 730 1270 721 1270 731 1270 731 1271 721 1271 722 1271 731 1272 722 1272 732 1272 732 1273 722 1273 723 1273 732 1274 723 1274 733 1274 733 1275 723 1275 724 1275 733 1276 724 1276 734 1276 734 1277 724 1277 725 1277 734 1278 725 1278 735 1278 735 1279 725 1279 726 1279 735 1280 726 1280 293 1280 293 1281 726 1281 294 1281 293 1282 292 1282 735 1282 735 1283 292 1283 480 1283 735 1284 480 1284 734 1284 734 1285 480 1285 481 1285 734 1286 481 1286 733 1286 733 1287 481 1287 482 1287 733 1288 482 1288 732 1288 732 1289 482 1289 483 1289 732 1290 483 1290 731 1290 731 1291 483 1291 484 1291 731 1292 484 1292 730 1292 730 1293 484 1293 485 1293 730 1294 485 1294 729 1294 729 1295 485 1295 486 1295 729 1296 486 1296 728 1296 728 1297 486 1297 487 1297 728 1298 487 1298 727 1298 727 1299 487 1299 488 1299 736 1300 351 1300 737 1300 737 1301 351 1301 350 1301 737 1302 350 1302 738 1302 738 1303 350 1303 526 1303 738 1304 526 1304 739 1304 526 1305 527 1305 739 1305 739 1306 527 1306 348 1306 739 1307 348 1307 740 1307 740 1308 348 1308 347 1308 740 1309 347 1309 741 1309 741 1310 347 1310 345 1310 741 1311 345 1311 742 1311 742 1312 345 1312 344 1312 742 1313 344 1313 743 1313 743 1314 344 1314 744 1314 744 1315 344 1315 535 1315 744 1316 535 1316 745 1316 745 1317 535 1317 552 1317 745 1318 552 1318 746 1318 746 1319 552 1319 553 1319 746 1320 553 1320 747 1320 747 1321 553 1321 566 1321 747 1322 566 1322 748 1322 748 1323 566 1323 565 1323 748 1324 565 1324 749 1324 749 1325 565 1325 564 1325 749 1326 564 1326 750 1326 750 1327 564 1327 555 1327 750 1328 555 1328 751 1328 555 1329 554 1329 751 1329 751 1330 554 1330 342 1330 751 1331 342 1331 752 1331 752 1332 342 1332 341 1332 752 1333 341 1333 753 1333 753 1334 341 1334 574 1334 753 1335 574 1335 754 1335 754 1336 574 1336 339 1336 754 1337 339 1337 755 1337 755 1338 339 1338 338 1338 755 1339 338 1339 756 1339 756 1340 338 1340 590 1340 756 1341 590 1341 757 1341 757 1342 590 1342 591 1342 757 1343 591 1343 758 1343 758 1344 591 1344 336 1344 758 1345 336 1345 759 1345 759 1346 336 1346 335 1346 759 1347 335 1347 760 1347 760 1348 335 1348 333 1348 760 1349 333 1349 761 1349 761 1350 333 1350 332 1350 761 1351 332 1351 762 1351 762 1352 332 1352 599 1352 762 1353 599 1353 763 1353 763 1354 599 1354 616 1354 763 1355 616 1355 764 1355 764 1356 616 1356 617 1356 764 1357 617 1357 765 1357 765 1358 617 1358 630 1358 765 1359 630 1359 766 1359 766 1360 630 1360 629 1360 766 1361 629 1361 767 1361 767 1362 629 1362 628 1362 767 1363 628 1363 768 1363 768 1364 628 1364 619 1364 768 1365 619 1365 769 1365 769 1366 619 1366 618 1366 769 1367 618 1367 770 1367 770 1368 618 1368 330 1368 770 1369 330 1369 771 1369 771 1370 330 1370 329 1370 771 1371 329 1371 772 1371 329 1372 638 1372 772 1372 772 1373 638 1373 327 1373 772 1374 327 1374 773 1374 773 1375 327 1375 326 1375 773 1376 326 1376 774 1376 774 1377 326 1377 654 1377 774 1378 654 1378 775 1378 654 1379 655 1379 775 1379 775 1380 655 1380 324 1380 775 1381 324 1381 776 1381 776 1382 324 1382 323 1382 776 1383 323 1383 777 1383 777 1384 323 1384 321 1384 777 1385 321 1385 778 1385 778 1386 321 1386 320 1386 778 1387 320 1387 779 1387 779 1388 320 1388 780 1388 780 1389 320 1389 663 1389 780 1390 663 1390 781 1390 781 1391 663 1391 680 1391 781 1392 680 1392 782 1392 782 1393 680 1393 681 1393 782 1394 681 1394 783 1394 783 1395 681 1395 694 1395 783 1396 694 1396 784 1396 784 1397 694 1397 693 1397 784 1398 693 1398 785 1398 785 1399 693 1399 692 1399 785 1400 692 1400 786 1400 786 1401 692 1401 683 1401 786 1402 683 1402 787 1402 683 1403 682 1403 787 1403 787 1404 682 1404 318 1404 787 1405 318 1405 788 1405 788 1406 318 1406 317 1406 788 1407 317 1407 789 1407 789 1408 317 1408 702 1408 789 1409 702 1409 790 1409 790 1410 702 1410 315 1410 790 1411 315 1411 791 1411 791 1412 315 1412 314 1412 791 1413 314 1413 792 1413 792 1414 314 1414 718 1414 792 1415 718 1415 793 1415 793 1416 718 1416 719 1416 793 1417 719 1417 794 1417 794 1418 719 1418 312 1418 794 1419 312 1419 795 1419 795 1420 312 1420 311 1420 795 1421 311 1421 796 1421 796 1422 311 1422 309 1422 796 1423 309 1423 797 1423 797 1424 309 1424 308 1424 797 1425 308 1425 798 1425 798 1426 308 1426 727 1426 798 1427 727 1427 799 1427 799 1428 727 1428 488 1428 799 1429 488 1429 800 1429 800 1430 488 1430 489 1430 800 1431 489 1431 801 1431 801 1432 489 1432 502 1432 801 1433 502 1433 802 1433 802 1434 502 1434 501 1434 802 1435 501 1435 803 1435 803 1436 501 1436 500 1436 803 1437 500 1437 804 1437 804 1438 500 1438 491 1438 804 1439 491 1439 805 1439 805 1440 491 1440 490 1440 805 1441 490 1441 806 1441 806 1442 490 1442 354 1442 806 1443 354 1443 807 1443 807 1444 354 1444 353 1444 807 1445 353 1445 736 1445 736 1446 353 1446 510 1446 736 1447 510 1447 351 1447 799 1448 800 1448 808 1448 809 1449 810 1449 807 1449 807 1450 736 1450 809 1450 809 1451 736 1451 737 1451 809 1452 737 1452 811 1452 811 1454 738 1454 739 1454 808 1455 800 1455 812 1455 800 1456 801 1456 812 1456 812 1457 801 1457 802 1457 812 1458 802 1458 813 1458 802 1459 803 1459 813 1459 813 1460 803 1460 804 1460 813 1461 804 1461 814 1461 814 1462 804 1462 805 1462 814 1463 805 1463 810 1463 810 1464 805 1464 806 1464 810 1465 806 1465 807 1465 815 1467 788 1467 816 1467 788 1468 789 1468 816 1468 816 1469 789 1469 790 1469 816 1470 790 1470 817 1470 790 1471 791 1471 817 1471 817 1472 791 1472 792 1472 817 1473 792 1473 818 1473 818 1474 792 1474 793 1474 818 1475 793 1475 819 1475 793 1476 794 1476 819 1476 819 1477 794 1477 795 1477 819 1478 795 1478 820 1478 795 1479 796 1479 820 1479 820 1480 796 1480 797 1480 820 1481 797 1481 821 1481 821 1482 797 1482 798 1482 821 1483 798 1483 799 1483 775 1484 776 1484 822 1484 822 1485 776 1485 823 1485 776 1486 777 1486 823 1486 823 1487 777 1487 778 1487 823 1488 778 1488 824 1488 778 1489 779 1489 824 1489 824 1490 779 1490 780 1490 824 1491 780 1491 825 1491 825 1492 780 1492 781 1492 825 1493 781 1493 826 1493 781 1494 782 1494 826 1494 826 1495 782 1495 783 1495 826 1496 783 1496 827 1496 783 1497 784 1497 827 1497 827 1498 784 1498 785 1498 827 1499 785 1499 828 1499 828 1500 785 1500 786 1500 828 1501 786 1501 787 1501 829 1502 768 1502 830 1502 830 1503 768 1503 769 1503 830 1504 769 1504 831 1504 769 1505 770 1505 831 1505 831 1506 770 1506 771 1506 831 1507 771 1507 832 1507 771 1508 772 1508 832 1508 832 1509 772 1509 773 1509 832 1510 773 1510 833 1510 834 1515 765 1515 835 1515 835 1516 765 1516 766 1516 835 1517 766 1517 829 1517 829 1518 766 1518 767 1518 829 1519 767 1519 768 1519 751 1520 752 1520 836 1520 836 1521 752 1521 837 1521 752 1522 753 1522 837 1522 837 1523 753 1523 754 1523 837 1524 754 1524 838 1524 754 1525 755 1525 838 1525 838 1526 755 1526 756 1526 838 1527 756 1527 839 1527 839 1528 756 1528 757 1528 839 1529 757 1529 840 1529 757 1530 758 1530 840 1530 840 1531 758 1531 759 1531 840 1532 759 1532 841 1532 759 1533 760 1533 841 1533 841 1534 760 1534 761 1534 841 1535 761 1535 842 1535 739 1538 740 1538 843 1538 843 1539 740 1539 844 1539 740 1540 741 1540 844 1540 844 1541 741 1541 742 1541 844 1542 742 1542 845 1542 742 1543 743 1543 845 1543 845 1544 743 1544 744 1544 845 1545 744 1545 846 1545 846 1546 744 1546 745 1546 846 1547 745 1547 847 1547 745 1548 746 1548 847 1548 847 1549 746 1549 747 1549 847 1550 747 1550 848 1550 747 1551 748 1551 848 1551 848 1552 748 1552 749 1552 848 1553 749 1553 849 1553 849 1554 749 1554 750 1554 849 1555 750 1555 751 1555 846 1556 850 1556 845 1556 845 1557 850 1557 851 1557 845 1558 851 1558 844 1558 844 1559 851 1559 843 1559 739 1560 852 1560 811 1560 811 1561 852 1561 853 1561 811 1562 853 1562 809 1562 809 1563 853 1563 854 1563 809 1564 854 1564 810 1564 810 1565 854 1565 855 1565 810 1566 855 1566 814 1566 851 1567 856 1567 843 1567 843 1568 856 1568 857 1568 843 1569 857 1569 739 1569 739 1570 857 1570 858 1570 739 1571 858 1571 852 1571 814 1572 855 1572 813 1572 813 1573 855 1573 859 1573 813 1574 859 1574 812 1574 812 1575 859 1575 808 1575 799 1576 860 1576 821 1576 821 1577 860 1577 861 1577 821 1578 861 1578 820 1578 820 1579 861 1579 862 1579 820 1580 862 1580 819 1580 819 1581 862 1581 863 1581 819 1582 863 1582 818 1582 859 1583 864 1583 808 1583 808 1584 864 1584 865 1584 808 1585 865 1585 799 1585 799 1586 865 1586 866 1586 799 1587 866 1587 860 1587 867 1588 825 1588 868 1588 868 1589 825 1589 826 1589 868 1590 826 1590 869 1590 869 1591 826 1591 870 1591 871 1592 815 1592 872 1592 872 1593 815 1593 816 1593 872 1594 816 1594 873 1594 873 1595 816 1595 817 1595 873 1596 817 1596 874 1596 874 1597 817 1597 818 1597 874 1598 818 1598 863 1598 826 1599 827 1599 870 1599 870 1600 827 1600 828 1600 870 1601 828 1601 871 1601 871 1602 828 1602 787 1602 871 1603 787 1603 815 1603 825 1604 867 1604 875 1604 825 1605 875 1605 824 1605 824 1606 875 1606 876 1606 824 1607 876 1607 823 1607 823 1608 876 1608 877 1608 823 1609 877 1609 822 1609 822 1610 877 1610 878 1610 822 1611 878 1611 775 1611 775 1612 878 1612 879 1612 775 1613 879 1613 833 1613 833 1614 879 1614 880 1614 833 1615 880 1615 832 1615 832 1616 880 1616 881 1616 832 1617 881 1617 831 1617 831 1618 881 1618 882 1618 831 1619 882 1619 830 1619 883 1620 839 1620 884 1620 884 1621 839 1621 840 1621 884 1622 840 1622 885 1622 885 1623 840 1623 886 1623 887 1624 834 1624 888 1624 888 1625 834 1625 835 1625 888 1626 835 1626 889 1626 889 1627 835 1627 829 1627 889 1628 829 1628 890 1628 890 1629 829 1629 830 1629 890 1630 830 1630 882 1630 840 1631 841 1631 886 1631 886 1632 841 1632 842 1632 886 1633 842 1633 887 1633 887 1634 842 1634 763 1634 887 1635 763 1635 834 1635 839 1636 883 1636 838 1636 838 1637 883 1637 891 1637 838 1638 891 1638 837 1638 837 1639 891 1639 836 1639 751 1640 892 1640 849 1640 849 1641 892 1641 893 1641 849 1642 893 1642 848 1642 848 1643 893 1643 894 1643 848 1644 894 1644 847 1644 847 1645 894 1645 850 1645 847 1646 850 1646 846 1646 891 1647 895 1647 836 1647 836 1648 895 1648 896 1648 836 1649 896 1649 751 1649 751 1650 896 1650 897 1650 751 1651 897 1651 892 1651 897 1652 898 1652 892 1652 892 1653 898 1653 899 1653 892 1654 899 1654 893 1654 893 1655 899 1655 900 1655 893 1656 900 1656 894 1656 894 1657 900 1657 851 1657 894 1658 851 1658 850 1658 858 1659 857 1659 901 1659 901 1660 857 1660 856 1660 901 1661 856 1661 902 1661 902 1662 856 1662 851 1662 902 1663 851 1663 903 1663 903 1664 851 1664 900 1664 866 1665 865 1665 904 1665 904 1666 865 1666 864 1666 904 1667 864 1667 905 1667 905 1668 864 1668 859 1668 905 1669 859 1669 906 1669 906 1670 859 1670 907 1670 858 1671 908 1671 852 1671 852 1672 908 1672 909 1672 852 1673 909 1673 853 1673 853 1674 909 1674 907 1674 853 1675 907 1675 854 1675 854 1676 907 1676 859 1676 854 1677 859 1677 855 1677 874 1678 863 1678 862 1678 871 1679 872 1679 910 1679 910 1680 872 1680 873 1680 910 1681 873 1681 911 1681 911 1682 873 1682 874 1682 911 1683 874 1683 912 1683 912 1684 874 1684 862 1684 912 1685 862 1685 913 1685 913 1686 862 1686 861 1686 913 1687 861 1687 914 1687 914 1688 861 1688 860 1688 914 1689 860 1689 915 1689 915 1690 860 1690 866 1690 871 1691 916 1691 870 1691 870 1692 916 1692 917 1692 870 1693 917 1693 869 1693 869 1694 917 1694 918 1694 869 1695 918 1695 868 1695 868 1696 918 1696 875 1696 868 1697 875 1697 867 1697 878 1698 877 1698 919 1698 919 1699 877 1699 876 1699 919 1700 876 1700 920 1700 920 1701 876 1701 875 1701 920 1702 875 1702 921 1702 921 1703 875 1703 918 1703 890 1704 882 1704 881 1704 887 1705 888 1705 922 1705 922 1706 888 1706 889 1706 922 1707 889 1707 923 1707 923 1708 889 1708 890 1708 923 1709 890 1709 924 1709 924 1710 890 1710 881 1710 924 1711 881 1711 925 1711 925 1712 881 1712 880 1712 925 1713 880 1713 926 1713 926 1714 880 1714 879 1714 926 1715 879 1715 927 1715 927 1716 879 1716 878 1716 887 1717 928 1717 886 1717 886 1718 928 1718 929 1718 886 1719 929 1719 885 1719 885 1720 929 1720 930 1720 885 1721 930 1721 884 1721 884 1722 930 1722 891 1722 884 1723 891 1723 883 1723 897 1724 896 1724 931 1724 931 1725 896 1725 895 1725 931 1726 895 1726 932 1726 932 1727 895 1727 891 1727 932 1728 891 1728 933 1728 933 1729 891 1729 930 1729 49 1730 900 1730 51 1730 51 1731 900 1731 899 1731 51 1732 899 1732 934 1732 934 1733 899 1733 898 1733 934 1734 898 1734 55 1734 55 1735 898 1735 897 1735 55 1736 897 1736 57 1736 57 1737 897 1737 931 1737 57 1738 931 1738 59 1738 59 1739 931 1739 932 1739 59 1740 932 1740 61 1740 37 1741 907 1741 39 1741 39 1742 907 1742 909 1742 39 1743 909 1743 41 1743 41 1744 909 1744 908 1744 41 1745 908 1745 43 1745 43 1746 908 1746 858 1746 43 1747 858 1747 45 1747 45 1748 858 1748 901 1748 45 1749 901 1749 47 1749 47 1750 901 1750 902 1750 47 1751 902 1751 49 1751 49 1752 902 1752 903 1752 49 1753 903 1753 900 1753 25 1754 913 1754 27 1754 27 1755 913 1755 914 1755 27 1756 914 1756 29 1756 29 1757 914 1757 915 1757 29 1758 915 1758 31 1758 31 1759 915 1759 866 1759 31 1760 866 1760 33 1760 33 1761 866 1761 904 1761 33 1762 904 1762 935 1762 935 1763 904 1763 905 1763 935 1764 905 1764 37 1764 37 1765 905 1765 906 1765 37 1766 906 1766 907 1766 13 1767 918 1767 15 1767 15 1768 918 1768 917 1768 15 1769 917 1769 936 1769 936 1770 917 1770 916 1770 936 1771 916 1771 19 1771 19 1772 916 1772 871 1772 19 1773 871 1773 21 1773 21 1774 871 1774 910 1774 21 1775 910 1775 23 1775 23 1776 910 1776 911 1776 23 1777 911 1777 25 1777 25 1778 911 1778 912 1778 25 1779 912 1779 913 1779 1 1780 925 1780 3 1780 3 1781 925 1781 926 1781 3 1782 926 1782 5 1782 5 1783 926 1783 927 1783 5 1784 927 1784 7 1784 7 1785 927 1785 878 1785 7 1786 878 1786 9 1786 9 1787 878 1787 919 1787 9 1788 919 1788 11 1788 11 1789 919 1789 920 1789 11 1790 920 1790 13 1790 13 1791 920 1791 921 1791 13 1792 921 1792 918 1792 932 1793 933 1793 61 1793 61 1794 933 1794 930 1794 61 1795 930 1795 63 1795 63 1796 930 1796 929 1796 63 1797 929 1797 65 1797 65 1798 929 1798 928 1798 65 1799 928 1799 67 1799 67 1800 928 1800 887 1800 67 1801 887 1801 69 1801 69 1802 887 1802 922 1802 69 1803 922 1803 937 1803 937 1804 922 1804 923 1804 937 1805 923 1805 1 1805 1 1806 923 1806 924 1806 1 1807 924 1807 925 1807 3498 6892 3499 6892 3500 6892 3500 6893 3499 6893 3501 6893 3500 6894 3501 6894 3502 6894 3502 6895 3501 6895 3503 6895 3503 6900 3501 6900 3508 6900 3508 6901 3501 6901 3509 6901 3502 6902 3503 6902 3510 6902 3510 6903 3503 6903 3508 6903 3511 6904 3502 6904 3512 6904 3512 6905 3502 6905 3510 6905 3498 6906 3500 6906 3505 6906 3505 6907 3500 6907 3513 6907 3514 6908 3515 6908 3508 6908 3516 6909 3517 6909 3504 6909 3518 6910 3519 6910 3509 6910 3514 6911 3508 6911 3520 6911 3521 6912 3522 6912 3510 6912 3510 6913 3522 6913 3523 6913 3510 6914 3523 6914 3524 6914 3518 6915 3509 6915 3525 6915 3526 6916 3527 6916 3505 6916 3505 6917 3527 6917 3528 6917 3529 6918 3530 6918 3531 6918 3531 6919 3530 6919 3532 6919 3519 6920 3533 6920 3509 6920 3509 6921 3533 6921 3534 6921 3509 6922 3534 6922 3508 6922 3508 6923 3534 6923 3535 6923 3508 6924 3535 6924 3520 6924 3524 6925 3536 6925 3510 6925 3510 6926 3536 6926 3537 6926 3510 6927 3537 6927 3531 6927 3531 6928 3537 6928 3538 6928 3531 6929 3538 6929 3529 6929 3515 6930 3539 6930 3508 6930 3508 6931 3539 6931 3540 6931 3508 6932 3540 6932 3510 6932 3510 6933 3540 6933 3541 6933 3510 6934 3541 6934 3521 6934 3517 6935 3542 6935 3504 6935 3504 6936 3542 6936 3543 6936 3504 6937 3543 6937 3509 6937 3509 6938 3543 6938 3544 6938 3509 6939 3544 6939 3525 6939 3528 6940 3545 6940 3505 6940 3505 6941 3545 6941 3546 6941 3505 6942 3546 6942 3504 6942 3504 6943 3546 6943 3547 6943 3504 6944 3547 6944 3516 6944 3532 6945 3548 6945 3531 6945 3531 6946 3548 6946 3549 6946 3531 6947 3549 6947 3505 6947 3505 6948 3549 6948 3550 6948 3505 6949 3550 6949 3526 6949 3551 6950 3545 6950 3552 6950 3552 6951 3545 6951 3528 6951 3552 6952 3528 6952 3553 6952 3553 6953 3528 6953 3527 6953 3553 6954 3527 6954 3554 6954 3554 6955 3527 6955 3526 6955 3554 6956 3526 6956 3555 6956 3555 6957 3526 6957 3550 6957 3555 6958 3550 6958 3556 6958 3556 6959 3550 6959 3549 6959 3556 6960 3549 6960 3557 6960 3557 6961 3549 6961 3548 6961 3557 6962 3548 6962 3558 6962 3558 6963 3548 6963 3532 6963 3558 6964 3532 6964 3559 6964 3559 6965 3532 6965 3560 6965 3559 6966 3560 6966 3561 6966 3561 6967 3560 6967 3529 6967 3561 6968 3529 6968 3562 6968 3562 6969 3529 6969 3538 6969 3562 6970 3538 6970 3563 6970 3563 6971 3538 6971 3537 6971 3563 6972 3537 6972 3564 6972 3564 6973 3537 6973 3536 6973 3564 6974 3536 6974 3565 6974 3565 6975 3536 6975 3524 6975 3565 6976 3524 6976 3566 6976 3566 6977 3524 6977 3523 6977 3566 6978 3523 6978 3567 6978 3567 6979 3523 6979 3522 6979 3567 6980 3522 6980 3568 6980 3568 6981 3522 6981 3521 6981 3568 6982 3521 6982 3569 6982 3569 6983 3521 6983 3570 6983 3569 6984 3570 6984 3571 6984 3571 6985 3570 6985 3540 6985 3571 6986 3540 6986 3572 6986 3572 6987 3540 6987 3539 6987 3572 6988 3539 6988 3573 6988 3573 6989 3539 6989 3515 6989 3573 6990 3515 6990 3574 6990 3574 6991 3515 6991 3514 6991 3574 6992 3514 6992 3575 6992 3575 6993 3514 6993 3520 6993 3575 6994 3520 6994 3576 6994 3576 6995 3520 6995 3535 6995 3576 6996 3535 6996 3577 6996 3577 6997 3535 6997 3534 6997 3577 6998 3534 6998 3578 6998 3578 6999 3534 6999 3533 6999 3578 7000 3533 7000 3579 7000 3579 7001 3533 7001 3580 7001 3579 7002 3580 7002 3581 7002 3581 7003 3580 7003 3518 7003 3581 7004 3518 7004 3582 7004 3582 7005 3518 7005 3525 7005 3582 7006 3525 7006 3583 7006 3583 7007 3525 7007 3544 7007 3583 7008 3544 7008 3584 7008 3584 7009 3544 7009 3543 7009 3584 7010 3543 7010 3585 7010 3585 7011 3543 7011 3542 7011 3585 7012 3542 7012 3586 7012 3586 7013 3542 7013 3517 7013 3586 7014 3517 7014 3587 7014 3587 7015 3517 7015 3516 7015 3587 7016 3516 7016 3588 7016 3588 7017 3516 7017 3547 7017 3588 7018 3547 7018 3589 7018 3589 7019 3547 7019 3546 7019 3589 7020 3546 7020 3551 7020 3551 7021 3546 7021 3545 7021 3590 7022 3591 7022 3569 7022 3569 7023 3591 7023 3592 7023 3569 7024 3592 7024 3568 7024 3568 7025 3592 7025 3593 7025 3568 7026 3593 7026 3567 7026 3567 7027 3593 7027 3594 7027 3567 7028 3594 7028 3566 7028 3566 7029 3594 7029 3595 7029 3566 7030 3595 7030 3565 7030 3565 7031 3595 7031 3596 7031 3565 7032 3596 7032 3564 7032 3564 7033 3596 7033 3597 7033 3564 7034 3597 7034 3563 7034 3563 7035 3597 7035 3598 7035 3563 7036 3598 7036 3562 7036 3562 7037 3598 7037 3599 7037 3562 7038 3599 7038 3600 7038 3600 7039 3599 7039 3601 7039 3600 7040 3601 7040 3559 7040 3559 7041 3601 7041 3602 7041 3559 7042 3602 7042 3558 7042 3558 7043 3602 7043 3603 7043 3558 7044 3603 7044 3557 7044 3557 7045 3603 7045 3604 7045 3557 7046 3604 7046 3556 7046 3556 7047 3604 7047 3605 7047 3556 7048 3605 7048 3555 7048 3555 7049 3605 7049 3606 7049 3555 7050 3606 7050 3554 7050 3554 7051 3606 7051 3607 7051 3554 7052 3607 7052 3553 7052 3553 7053 3607 7053 3608 7053 3553 7054 3608 7054 3552 7054 3552 7055 3608 7055 3609 7055 3552 7056 3609 7056 3610 7056 3610 7057 3609 7057 3611 7057 3610 7058 3611 7058 3589 7058 3589 7059 3611 7059 3612 7059 3589 7060 3612 7060 3588 7060 3588 7061 3612 7061 3613 7061 3588 7062 3613 7062 3587 7062 3587 7063 3613 7063 3614 7063 3587 7064 3614 7064 3586 7064 3586 7065 3614 7065 3615 7065 3586 7066 3615 7066 3585 7066 3585 7067 3615 7067 3616 7067 3585 7068 3616 7068 3584 7068 3584 7069 3616 7069 3617 7069 3584 7070 3617 7070 3583 7070 3583 7071 3617 7071 3618 7071 3583 7072 3618 7072 3582 7072 3582 7073 3618 7073 3619 7073 3582 7074 3619 7074 3620 7074 3620 7075 3619 7075 3621 7075 3620 7076 3621 7076 3579 7076 3579 7077 3621 7077 3622 7077 3579 7078 3622 7078 3578 7078 3578 7079 3622 7079 3623 7079 3578 7080 3623 7080 3577 7080 3577 7081 3623 7081 3624 7081 3577 7082 3624 7082 3576 7082 3576 7083 3624 7083 3625 7083 3576 7084 3625 7084 3575 7084 3575 7085 3625 7085 3626 7085 3575 7086 3626 7086 3574 7086 3574 7087 3626 7087 3627 7087 3574 7088 3627 7088 3573 7088 3573 7089 3627 7089 3628 7089 3573 7090 3628 7090 3572 7090 3572 7091 3628 7091 3629 7091 3572 7092 3629 7092 3590 7092 3590 7093 3629 7093 3591 7093 3630 7094 3603 7094 3631 7094 3631 7095 3603 7095 3602 7095 3631 7096 3602 7096 3632 7096 3632 7097 3602 7097 3601 7097 3632 7098 3601 7098 3633 7098 3633 7099 3601 7099 3599 7099 3633 7100 3599 7100 3634 7100 3634 7101 3599 7101 3598 7101 3634 7102 3598 7102 3635 7102 3635 7103 3598 7103 3597 7103 3635 7104 3597 7104 3636 7104 3636 7105 3597 7105 3596 7105 3636 7106 3596 7106 3637 7106 3637 7107 3596 7107 3595 7107 3637 7108 3595 7108 3638 7108 3638 7109 3595 7109 3594 7109 3638 7110 3594 7110 3639 7110 3639 7111 3594 7111 3593 7111 3639 7112 3593 7112 3640 7112 3640 7113 3593 7113 3592 7113 3640 7114 3592 7114 3641 7114 3641 7115 3592 7115 3591 7115 3641 7116 3591 7116 3642 7116 3642 7117 3591 7117 3643 7117 3642 7118 3643 7118 3644 7118 3644 7119 3643 7119 3628 7119 3644 7120 3628 7120 3645 7120 3645 7121 3628 7121 3627 7121 3645 7122 3627 7122 3646 7122 3646 7123 3627 7123 3626 7123 3646 7124 3626 7124 3647 7124 3647 7125 3626 7125 3625 7125 3647 7126 3625 7126 3648 7126 3648 7127 3625 7127 3624 7127 3648 7128 3624 7128 3649 7128 3649 7129 3624 7129 3623 7129 3649 7130 3623 7130 3650 7130 3650 7131 3623 7131 3622 7131 3650 7132 3622 7132 3651 7132 3651 7133 3622 7133 3621 7133 3651 7134 3621 7134 3652 7134 3652 7135 3621 7135 3619 7135 3652 7136 3619 7136 3653 7136 3653 7137 3619 7137 3618 7137 3653 7138 3618 7138 3654 7138 3654 7139 3618 7139 3617 7139 3654 7140 3617 7140 3655 7140 3655 7141 3617 7141 3616 7141 3655 7142 3616 7142 3656 7142 3656 7143 3616 7143 3615 7143 3656 7144 3615 7144 3657 7144 3657 7145 3615 7145 3614 7145 3657 7146 3614 7146 3658 7146 3658 7147 3614 7147 3613 7147 3658 7148 3613 7148 3659 7148 3659 7149 3613 7149 3612 7149 3659 7150 3612 7150 3660 7150 3660 7151 3612 7151 3611 7151 3660 7152 3611 7152 3661 7152 3661 7153 3611 7153 3662 7153 3661 7154 3662 7154 3663 7154 3663 7155 3662 7155 3608 7155 3663 7156 3608 7156 3664 7156 3664 7157 3608 7157 3607 7157 3664 7158 3607 7158 3665 7158 3665 7159 3607 7159 3606 7159 3665 7160 3606 7160 3666 7160 3666 7161 3606 7161 3605 7161 3666 7162 3605 7162 3667 7162 3667 7163 3605 7163 3604 7163 3667 7164 3604 7164 3630 7164 3630 7165 3604 7165 3603 7165 3668 7166 3464 7166 3641 7166 3641 7167 3464 7167 3465 7167 3641 7168 3465 7168 3640 7168 3640 7169 3465 7169 3466 7169 3640 7170 3466 7170 3639 7170 3639 7171 3466 7171 3467 7171 3639 7172 3467 7172 3638 7172 3638 7173 3467 7173 3468 7173 3638 7174 3468 7174 3637 7174 3637 7175 3468 7175 3469 7175 3637 7176 3469 7176 3636 7176 3636 7177 3469 7177 3470 7177 3636 7178 3470 7178 3635 7178 3635 7179 3470 7179 3471 7179 3635 7180 3471 7180 3634 7180 3634 7181 3471 7181 3669 7181 3634 7182 3669 7182 3633 7182 3633 7183 3669 7183 3473 7183 3633 7184 3473 7184 3632 7184 3632 7185 3473 7185 3474 7185 3632 7186 3474 7186 3631 7186 3631 7187 3474 7187 3475 7187 3631 7188 3475 7188 3630 7188 3630 7189 3475 7189 3476 7189 3630 7190 3476 7190 3667 7190 3667 7191 3476 7191 3477 7191 3667 7192 3477 7192 3666 7192 3666 7193 3477 7193 3478 7193 3666 7194 3478 7194 3665 7194 3665 7195 3478 7195 3479 7195 3665 7196 3479 7196 3664 7196 3664 7197 3479 7197 3480 7197 3664 7198 3480 7198 3663 7198 3663 7199 3480 7199 3670 7199 3663 7200 3670 7200 3671 7200 3671 7201 3670 7201 3482 7201 3671 7202 3482 7202 3660 7202 3660 7203 3482 7203 3483 7203 3660 7204 3483 7204 3659 7204 3659 7205 3483 7205 3484 7205 3659 7206 3484 7206 3658 7206 3658 7207 3484 7207 3485 7207 3658 7208 3485 7208 3657 7208 3657 7209 3485 7209 3486 7209 3657 7210 3486 7210 3656 7210 3656 7211 3486 7211 3487 7211 3656 7212 3487 7212 3655 7212 3655 7213 3487 7213 3488 7213 3655 7214 3488 7214 3654 7214 3654 7215 3488 7215 3489 7215 3654 7216 3489 7216 3653 7216 3653 7217 3489 7217 3672 7217 3653 7218 3672 7218 3652 7218 3652 7219 3672 7219 3491 7219 3652 7220 3491 7220 3651 7220 3651 7221 3491 7221 3492 7221 3651 7222 3492 7222 3650 7222 3650 7223 3492 7223 3493 7223 3650 7224 3493 7224 3649 7224 3649 7225 3493 7225 3494 7225 3649 7226 3494 7226 3648 7226 3648 7227 3494 7227 3495 7227 3648 7228 3495 7228 3647 7228 3647 7229 3495 7229 3496 7229 3647 7230 3496 7230 3646 7230 3646 7231 3496 7231 3497 7231 3646 7232 3497 7232 3645 7232 3645 7233 3497 7233 3462 7233 3645 7234 3462 7234 3644 7234 3644 7235 3462 7235 3673 7235 3644 7236 3673 7236 3668 7236 3668 7237 3673 7237 3464 7237</p>
        </triangles>
      </mesh>
    </geometry>
  </library_geometries>
  <library_visual_scenes>
    <visual_scene id="Scene" name="Scene">
      <node id="roller_model" name="roller_model" type="NODE">
        <matrix sid="transform">0.001 0 0 0 0 0.001 0 0 0 0 0.001 0 0 0 0 1</matrix>
        <instance_geometry url="#roller_model-mesh" name="roller_model">
          <bind_material>
            <technique_common>
              <instance_material symbol="Material_001-material" target="#Material_001-material"/>
              <instance_material symbol="Material_002-material" target="#Material_002-material"/>
              <instance_material symbol="Material_003-material" target="#Material_003-material"/>
            </technique_common>
          </bind_material>
        </instance_geometry>
      </node>
    </visual_scene>
  </library_visual_scenes>
  <scene>
    <instance_visual_scene url="#Scene"/>
  </scene>
</COLLADA>