<?xml version="1.0" encoding="utf-8"?>
<COLLADA xmlns="http://www.collada.org/2005/11/COLLADASchema" version="1.4.1" xmlns:xsi="http://www.w3.org/2001/XMLSchema-instance">
  <asset>
    <contributor>
      <author>Blender User</author>
      <authoring_tool>Blender 4.3.2 commit date:2024-12-16, commit time:21:10, hash:32f5fdce0a0a</authoring_tool>
    </contributor>
    <created>2025-11-20T20:57:43</created>
    <modified>2025-11-20T20:57:43</modified>
    <unit name="meter" meter="1"/>
    <up_axis>Z_UP</up_axis>
  </asset>
  <library_effects>
    <effect id="Material_001-effect">
      <profile_COMMON>
        <technique sid="common">
          <lambert>
            <emission>
              <color sid="emission">0 0 0 1</color>
            </emission>
            <diffuse>
              <color sid="diffuse">0.6211303 0.6211303 0.6211303 1</color>
            </diffuse>
            <reflectivity>
              <float sid="specular">0.5</float>
            </reflectivity>
            <index_of_refraction>
              <float sid="ior">1.5</float>
            </index_of_refraction>
          </lambert>
        </technique>
      </profile_COMMON>
    </effect>
    <effect id="Material_002-effect">
      <profile_COMMON>
        <technique sid="common">
          <lambert>
            <emission>
              <color sid="emission">0 0 0 1</color>
            </emission>
            <diffuse>
              <color sid="diffuse">0.6 0.6 0.6 1</color>
            </diffuse>
            <index_of_refraction>
              <float sid="ior">1.5</float>
            </index_of_refraction>
          </lambert>
        </technique>
      </profile_COMMON>
    </effect>
    <effect id="Material_003-effect">
      <profile_COMMON>
        <technique sid="common">
          <lambert>
            <emission>
              <color sid="emission">0 0 0 1</color>
            </emission>
            <diffuse>
              <color sid="diffuse">0.3504575 0.3504575 0.3504575 1</color>
            </diffuse>
            <reflectivity>
              <float sid="specular">0.7</float>
            </reflectivity>
            <index_of_refraction>
              <float sid="ior">1.5</float>
            </index_of_refraction>
          </lambert>
        </technique>
      </profile_COMMON>
    </effect>
  </library_effects>
  <library_images/>
  <library_materials>
    <material id="Material_001-material" name="Material.001">
      <instance_effect url="#Material_001-effect"/>
    </material>
    <material id="Material_002-material" name="Material.002">
      <instance_effect url="#Material_002-effect"/>
    </material>
    <material id="Material_003-material" name="Material.003">
      <instance_effect url="#Material_003-effect"/>
    </material>
  </library_materials>
  <library_geometries>
    <geometry id="wheel-mesh" name="wheel">
      <mesh>
        <source id="wheel-mesh-positions">
          <float_array id="wheel-mesh-positions-array" count="14427">-28.43323 -2.938095 -21.91496 -28.57351 0.7983399 21.91502 -28.57351 0.7983399 -21.91496 -28.22488 4.521118 21.91502 -28.22488 4.521118 -21.91496 -27.39331 8.166543 21.91502 -27.39331 8.166543 -21.91496 -26.09304 11.67224 21.91502 -26.09304 11.67224 -21.91496 -24.3463 14.97822 21.91502 -24.3463 14.97822 -21.91496 -22.18299 18.02793 21.91502 -22.18299 18.02793 -21.91496 -19.64012 20.76918 21.91502 -19.64012 20.76918 -21.91496 -16.7612 23.15506 21.91502 -16.7612 23.15506 -21.91496 -13.59549 25.14476 21.91502 -13.59549 25.14476 -21.91496 -10.19716 26.70422 21.91502 -10.19716 26.70422 -21.91496 -6.624344 27.80678 21.91502 -6.624344 27.80678 -21.91496 -2.938185 28.43356 21.91502 -2.938185 28.43356 -21.91496 0.7982493 28.57383 21.91502 0.7982493 28.57383 -21.91496 4.521027 28.2252 21.91502 4.521027 28.2252 -21.91496 8.166452 27.39364 21.91502 8.166452 27.39364 -21.91496 11.67215 26.09336 21.91502 11.67215 26.09336 -21.91496 14.97813 24.34663 21.91502 14.97813 24.34663 -21.91496 18.02784 22.18331 21.91502 18.02784 22.18331 -21.91496 20.76908 19.64044 21.91502 20.76908 19.64044 -21.91496 23.15497 16.76152 21.91502 23.15497 16.76152 -21.91496 25.14467 13.59581 21.91502 25.14467 13.59581 -21.91496 26.70413 10.19748 21.91502 26.70413 10.19748 -21.91496 27.80669 6.624667 21.91502 27.80669 6.624667 -21.91496 28.43346 2.938507 21.91502 28.43346 2.938507 -21.91496 28.57374 -0.7979273 21.91502 28.57374 -0.7979273 -21.91496 28.22511 -4.520705 21.91502 28.22511 -4.520705 -21.91496 27.39354 -8.166131 21.91502 27.39354 -8.166131 -21.91496 26.09327 -11.67183 21.91502 26.09327 -11.67183 -21.91496 24.34653 -14.97781 21.91502 24.34653 -14.97781 -21.91496 22.18322 -18.02752 21.91502 22.18322 -18.02752 -21.91496 19.64035 -20.76876 21.91502 19.64035 -20.76876 -21.91496 16.76143 -23.15465 21.91502 16.76143 -23.15465 -21.91496 13.59572 -25.14435 21.91502 13.59572 -25.14435 -21.91496 10.19739 -26.70381 21.91502 10.19739 -26.70381 -21.91496 6.624576 -27.80637 21.91502 6.624576 -27.80637 -21.91496 2.938416 -28.43314 21.91502 2.938416 -28.43314 -21.91496 -0.7980179 -28.57342 21.91502 -0.7980179 -28.57342 -21.91496 -4.520796 -28.22479 21.91502 -4.520796 -28.22479 -21.91496 -8.16622 -27.39322 21.91502 -8.16622 -27.39322 -21.91496 -11.67192 -26.09295 21.91502 -11.67192 -26.09295 -21.91496 -14.9779 -24.34621 21.91502 -14.9779 -24.34621 -21.91496 -18.02761 -22.1829 21.91502 -18.02761 -22.1829 -21.91496 -20.76885 -19.64003 21.91502 -20.76885 -19.64003 -21.91496 -23.15474 -16.76111 21.91502 -23.15474 -16.76111 -21.91496 -25.14444 -13.5954 21.91502 -25.14444 -13.5954 -21.91496 -26.7039 -10.19707 21.91502 -26.7039 -10.19707 -21.91496 -27.80646 -6.624254 21.91502 -27.80646 -6.624254 -21.91496 -28.43323 -2.938095 21.91502 8.737384 -6.348081 23.82067 7.226611 -8.025964 23.82067 8.522014 -12.25943 23.82067 15.9061 -29.85265 23.82067 15.55897 -30.56442 23.82067 18.94521 -33.40571 23.82067 32.16152 10.48066 23.82067 32.80219 10.0152 23.82067 34.19029 11.17999 23.82067 -1.593042 15.41687 23.82067 -3.336062 31.48703 23.82067 -3.900438 31.36348 23.82067 -4.891521 31.8929 23.82067 -5.102621 32.43069 23.82067 -17.20458 37.42981 23.82067 -12.20254 22.53043 23.82067 -10.87776 22.01114 23.82067 -4.166667 34.04304 23.82067 -10.0894 44.3011 23.82067 -4.736309 33.49292 23.82067 -5.046838 33.00573 23.82067 -9.939538 15.80445 23.82067 -11.05165 14.9168 23.82067 -12.40028 14.46304 23.82067 -13.82278 14.49791 23.82067 -14.49336 14.08375 23.82067 -9.198094 17.01894 23.82067 -4.459462 31.50934 23.82067 -9.810475 21.07007 23.82067 -9.129422 19.82072 23.82067 -8.916744 18.41377 23.82067 -15.14757 15.01719 23.82067 -16.21485 15.95827 23.82067 -16.92226 13.83275 23.82067 -18.88839 32.85855 23.82067 -16.08579 21.22388 23.82067 -14.97368 22.11153 23.82067 -13.62504 22.56529 23.82067 -16.89591 17.20762 23.82067 -17.10858 18.61456 23.82067 -16.82723 20.00939 23.82067 -12.42002 -17.6249 23.82067 -11.25326 -16.81042 23.82067 -11.55663 -14.33436 23.82067 -9.878297 -16.4441 23.82067 -8.460966 -16.57015 23.82067 -7.17222 -17.17335 23.82067 1.343684 -13.00124 23.82067 -5.816261 -22.26302 23.82067 -6.634087 -23.42744 23.82067 2.435586 -23.56735 23.82067 -7.800848 -24.24193 23.82067 -9.175815 -24.60824 23.82067 -6.167502 -18.18095 23.82067 -5.567997 -19.47142 23.82067 -5.446012 -20.88911 23.82067 -13.98554 -14.58536 23.82067 -13.6081 -20.16323 23.82067 -13.23785 -18.78932 23.82067 -11.88189 -23.87899 23.82067 -12.89364 -25.15147 23.82067 -10.59315 -24.48219 23.82067 -10.46473 -24.90047 23.82067 15.42338 17.17535 23.82067 41.87592 17.62923 23.82067 33.87352 23.4431 23.82067 18.26148 26.25813 23.82067 17.68379 26.26498 23.82067 17.17203 26.53311 23.82067 16.83756 27.00419 23.82067 16.75312 27.57572 23.82067 13.07651 39.88555 23.82067 16.93709 28.12339 23.82067 18.69047 28.7569 23.82067 20.74715 40.42207 23.82067 17.9005 28.70165 23.82067 17.34945 28.52804 23.82067 15.67298 14.75994 23.82067 16.23469 9.324461 23.82067 30.55885 10.35567 23.82067 31.05181 10.65695 23.82067 19.30032 4.520742 23.82067 20.35352 5.477543 23.82067 21.67046 6.016424 23.82067 31.6278 10.70187 23.82067 23.09229 6.072388 23.82067 30.42925 8.753365 23.82067 30.20958 9.287712 23.82067 30.25615 9.863573 23.82067 24.4475 5.638683 23.82067 25.57266 4.767623 23.82067 30.86739 8.376777 23.82067 26.33204 3.564268 23.82067 41.01745 -3.814897 23.82067 26.63405 2.173763 23.82067 26.44226 0.7638211 23.82067 19.50747 -0.7423775 23.82067 17.7984 -5.807289 23.82067 20.63263 -1.613438 23.82067 21.98785 -2.047142 23.82067 25.77982 -0.4954965 23.82067 24.72661 -1.452298 23.82067 23.40967 -1.991179 23.82067 18.7481 0.4609768 23.82067 18.44609 1.851482 23.82067 18.63787 3.261424 23.82067 30.06582 -11.70981 23.82067 30.63711 -11.79589 23.82067 29.03017 -13.42406 23.82067 28.9366 -12.85394 23.82067 18.3601 -11.24276 23.82067 29.11179 -12.3034 23.82067 29.51762 -11.89221 23.82067 31.56547 -13.41262 23.82067 43.41056 -13.41242 23.82067 31.37387 -12.64424 23.82067 31.10722 -12.13171 23.82067 19.452 -21.80888 23.82067 24.63298 -38.17815 23.82067 28.96892 -29.28777 23.82067 14.38523 -22.37424 23.82067 12.98211 -22.61079 23.82067 14.39233 -28.13751 23.82067 14.96753 -28.08338 23.82067 15.50471 -28.29603 23.82067 17.76481 -21.98323 23.82067 15.88702 -28.72919 23.82067 16.03128 -29.28863 23.82067 13.90425 -28.44664 23.82067 9.613916 -22.82554 23.82067 13.60946 -28.94352 23.82067 3.365558 -41.05647 23.82067 -7.633994 -30.72873 23.82067 -7.061397 -30.80566 23.82067 -7.727686 -33.41467 23.82067 -5.6706 -45.07981 23.82067 -7.004247 -33.09256 23.82067 -6.545815 -32.74096 23.82067 -6.585975 -31.13393 23.82067 -6.311154 -31.64211 23.82067 -6.296721 -32.21967 23.82067 -14.58083 -25.32583 23.82067 -12.22546 -31.61725 23.82067 -9.813579 -31.20156 23.82067 -8.179199 -30.91987 23.82067 -33.3208 -30.88802 23.82067 -23.81253 -33.61429 23.82067 -13.90084 -31.90601 23.82067 -25.53409 -20.63411 23.82067 -26.05999 -20.87332 23.82067 -26.63717 -20.84799 23.82067 -27.39841 -20.62973 23.82067 -25.60014 -18.6324 23.82067 -25.21096 -19.05939 23.82067 -15.67273 -14.75971 23.82067 -25.05777 -19.61645 23.82067 -25.1739 -20.1824 23.82067 -31.58764 2.182347 23.82067 -31.56397 1.605091 23.82067 -17.79815 5.807509 23.82067 -31.87056 2.686077 23.82067 -20.37101 1.46383 23.82067 -19.31293 0.5124191 23.82067 -31.80469 1.079889 23.82067 -26.63458 -1.871976 23.82067 -26.33968 -0.4799469 23.82067 -25.58646 0.7272693 23.82067 -18.64407 -0.7434996 23.82067 -18.44508 -2.152444 23.82067 -16.23444 -9.324241 23.82067 -18.73999 -3.544473 23.82067 -24.46576 1.604064 23.82067 -23.11278 2.044682 23.82067 -21.69069 1.99598 23.82067 -37.92235 -11.56547 23.82067 -23.38898 -6.0204 23.82067 -24.70866 -5.48825 23.82067 -34.24905 1.808207 23.82067 -45.37976 -2.24326 23.82067 -33.8062 1.151693 23.82067 -39.84841 -10.44352 23.82067 -33.38034 0.7612807 23.82067 -32.82372 0.6064907 23.82067 -19.49322 -4.751689 23.82067 -20.61391 -5.628484 23.82067 -21.96689 -6.069102 23.82067 -32.25744 0.7209971 23.82067 -25.76673 -4.536839 23.82067 -26.4356 -3.28092 23.82067 -26.14066 -18.42837 23.82067 -24.2473 21.28714 23.82067 -24.7547 21.56342 23.82067 -35.19975 11.94396 23.82067 -37.23873 17.61399 23.82067 -22.6878 22.54379 23.82067 -22.79487 21.97606 23.82067 -18.60946 13.65839 23.82067 -23.14779 21.51864 23.82067 -23.66979 21.27104 23.82067 -25.07412 23.40017 23.82067 -36.20496 27.45125 23.82067 -25.15688 22.6126 23.82067 -25.0816 22.03978 23.82067 -32.4486 4.293532 23.82067 -18.35985 11.24298 23.82067 -34.35333 9.590219 23.82067 8.338365 16.60573 23.82067 7.069055 17.24882 23.82067 5.585287 16.15868 23.82067 5.872453 22.37829 23.82067 6.726188 23.51665 23.82067 -2.889113 31.85312 23.82067 7.917777 24.29436 23.82067 10.87984 39.73191 23.82067 9.303497 24.61762 23.82067 10.71621 24.44744 23.82067 6.096243 18.28726 23.82067 5.537266 19.59579 23.82067 5.459545 21.01659 23.82067 11.98552 23.80435 23.82067 12.95833 22.76591 23.82067 13.51731 21.45738 23.82067 9.751078 16.43555 23.82067 13.98579 14.58558 23.82067 11.1368 16.75881 23.82067 13.73618 17.00099 23.82067 13.59503 20.03658 23.82067 13.18212 18.67488 23.82067 12.32839 17.53652 23.82067 15.62283 -21.67206 23.82067 16.54564 -20.58893 23.82067 11.64056 -14.65327 23.82067 13.04368 -14.41672 23.82067 16.67291 -11.41712 23.82067 14.44309 -14.67433 23.82067 15.67 -15.39503 23.82067 16.57642 -16.4919 23.82067 17.05303 -17.83263 23.82067 17.04234 -19.25552 23.82067 11.5827 -22.35318 23.82067 10.35579 -21.63248 23.82067 9.449366 -20.53561 23.82067 8.972758 -19.19488 23.82067 8.983449 -17.77199 23.82067 9.480152 -16.43858 23.82067 10.40295 -15.35545 23.82067 16.1112 -5.981644 23.82067 10.8 0 23.82067 10.56399 -2.245446 23.82067 10.56399 2.245446 23.82067 14.54749 9.150107 23.82067 9.866291 4.392755 23.82067 5.834896 13.74327 23.82067 7.226611 8.025964 23.82067 8.737384 6.348081 23.82067 -1.128907 10.74084 23.82067 1.128907 10.74084 23.82067 3.337383 10.27141 23.82067 5.4 9.353075 23.82067 -5.4 9.353075 23.82067 -3.337383 10.27141 23.82067 -1.343433 13.00146 23.82067 -7.226611 8.025964 23.82067 -14.24375 11.66834 23.82067 -8.737384 6.348081 23.82067 -13.68205 6.232867 23.82067 -9.866291 4.392755 23.82067 -10.56399 2.245446 23.82067 -8.737384 -6.348081 23.82067 -9.866291 -4.392755 23.82067 -12.11834 -8.898883 23.82067 -10.56399 -2.245446 23.82067 -10.8 0 23.82067 -1.128907 -10.74084 23.82067 -3.337383 -10.27141 23.82067 -5.4 -9.353075 23.82067 -7.226611 -8.025964 23.82067 5.4 -9.353075 23.82067 3.337383 -10.27141 23.82067 1.128907 -10.74084 23.82067 9.866291 -4.392755 23.82067 -16.67266 11.41734 23.82067 -16.11096 5.981864 23.82067 -14.54724 -9.149887 23.82067 -13.48611 -21.58092 23.82067 -12.88661 -22.87139 23.82067 8.737384 6.348081 -23.82061 7.226611 8.025964 -23.82061 12.23928 8.519359 -23.82061 -10.56399 2.245446 -23.82061 -10.8 0 -23.82061 -12.98093 -1.341254 -23.82061 -10.08791 -44.301 -23.82061 -4.735181 -33.49262 -23.82061 -4.16552 -34.04272 -23.82061 -5.045727 -33.00544 -23.82061 29.00996 18.49038 -23.82061 29.02968 13.42552 -23.82061 28.93614 12.8554 -23.82061 30.06539 11.7113 -23.82061 30.63668 11.7974 -23.82061 42.98177 11.69629 -23.82061 21.75876 15.50762 -23.82061 20.69028 16.44734 -23.82061 29.11134 12.30487 -23.82061 29.51719 11.89368 -23.82061 20.52543 9.352777 -23.82061 15.48326 15.65344 -23.82061 14.74336 14.43801 -23.82061 13.83164 16.92185 -23.82061 14.46379 13.04282 -23.82061 14.67396 8.770959 -23.82061 14.67826 11.63615 -23.82061 15.3609 10.38767 -23.82061 31.56499 13.41417 -23.82061 43.41011 13.41437 -23.82061 31.37342 12.64578 -23.82061 31.10678 12.13325 -23.82061 19.36483 16.96493 -23.82061 17.94229 16.99799 -23.82061 16.59424 16.54251 -23.82061 21.6364 10.24185 -23.82061 22.3763 11.45728 -23.82061 22.65588 12.85247 -23.82061 22.44141 14.25914 -23.82061 16.42938 9.447954 -23.82061 17.75483 8.930355 -23.82061 15.4157 1.593252 -23.82061 19.17737 8.8973 -23.82061 -25.32829 14.61469 -23.82061 -14.74286 15.70858 -23.82061 -21.11009 13.65002 -23.82061 -19.68755 13.61696 -23.82061 -25.15042 12.89345 -23.82061 -22.45815 13.19454 -23.82061 -23.56912 12.30547 -23.82061 -24.30902 11.09004 -23.82061 -24.5886 9.69485 -23.82061 -24.30811 4.742554 -23.82061 -17.41598 6.893876 -23.82061 -16.67608 8.109307 -23.82061 -13.72267 5.836452 -23.82061 -16.39651 9.504496 -23.82061 -14.56499 13.98735 -23.82061 -16.61098 10.91117 -23.82061 -17.29362 12.15965 -23.82061 -18.3621 13.09936 -23.82061 -24.37413 8.288181 -23.82061 -23.69148 7.039696 -23.82061 -22.623 6.099983 -23.82061 -21.29755 5.582384 -23.82061 -19.87501 5.549329 -23.82061 -18.52696 6.004806 -23.82061 -8.18028 30.92006 -23.82061 -7.635068 30.72893 -23.82061 -9.367425 16.26408 -23.82061 -6.587064 31.13416 -23.82061 0.772961 25.62368 -23.82061 -0.4424685 26.36358 -23.82061 -5.527703 20.58152 -23.82061 -4.638633 19.47054 -23.82061 -1.837658 26.64316 -23.82061 -3.244328 26.42868 -23.82061 -7.062475 30.80588 -23.82061 -4.492812 25.74604 -23.82061 -5.432526 24.67756 -23.82061 -5.950125 23.35211 -23.82061 -5.98318 21.92957 -23.82061 -3.423203 18.73064 -23.82061 -2.028013 18.45107 -23.82061 5.843662 17.836 -23.82061 -0.6213436 18.66554 -23.82061 0.6271407 19.34818 -23.82061 1.566854 20.41666 -23.82061 2.084453 21.74211 -23.82061 2.117508 23.16465 -23.82061 1.662032 24.51271 -23.82061 3.45512 40.94944 -23.82061 -7.728853 33.41487 -23.82061 -5.672175 45.08004 -23.82061 -7.005403 33.09278 -23.82061 3.36415 41.057 -23.82061 -6.546959 32.7412 -23.82061 -6.297847 32.21992 -23.82061 -6.312261 31.64236 -23.82061 -25.05846 19.61605 -23.82061 -25.17461 20.182 -23.82061 -10.93095 31.39404 -23.82061 -23.81368 33.61389 -23.82061 -25.53482 20.6337 -23.82061 -27.39913 20.62925 -23.82061 -33.32185 30.88729 -23.82061 -26.63791 20.84754 -23.82061 -26.06072 20.87289 -23.82061 -39.84877 10.44257 -23.82061 -26.14131 18.42794 -23.82061 -25.6008 18.63198 -23.82061 -25.21163 19.05899 -23.82061 -23.56637 -2.435153 -23.82061 -31.87048 -2.686706 -23.82061 -31.58759 -2.182966 -23.82061 -34.249 -1.808918 -23.82061 -45.37982 2.242151 -23.82061 -33.80619 -1.152388 -23.82061 -33.38033 -0.7619615 -23.82061 -31.56394 -1.60571 -23.82061 -31.80467 -1.080516 -23.82061 -32.25743 -0.7216395 -23.82061 -32.82372 -0.6071525 -23.82061 -22.68705 -22.5441 -23.82061 -22.79413 -21.97637 -23.82061 -21.80444 -19.48499 -23.82061 -23.14707 -21.51897 -23.82061 -25.07333 -23.40056 -23.82061 -36.20402 -27.45202 -23.82061 -25.15612 -22.613 -23.82061 -36.87779 -21.04267 -23.82061 -25.08086 -22.04018 -23.82061 -23.66908 -21.27139 -23.82061 -24.24659 -21.2875 -23.82061 -24.75398 -21.5638 -23.82061 -17.20329 -37.42999 -23.82061 -11.219 -18.39109 -23.82061 -5.10153 -32.4304 -23.82061 -2.162977 -22.45152 -23.82061 -3.899383 -31.36315 -23.82061 -5.843566 -17.8356 -23.82061 -4.458402 -31.50904 -23.82061 -4.890448 -31.8926 -23.82061 -0.03252887 -18.95183 -23.82061 1.315528 -18.49635 -23.82061 9.367522 -16.26368 -23.82061 -1.143506 -19.8409 -23.82061 -1.883403 -21.05633 -23.82061 -1.948508 -23.85819 -23.82061 -1.265864 -25.10667 -23.82061 -3.335003 -31.48668 -23.82061 -0.1973811 -26.04639 -23.82061 1.128065 -26.56399 -23.82061 3.898663 -26.14157 -23.82061 11.79928 -39.79531 -23.82061 2.550606 -26.59704 -23.82061 10.88121 -39.73112 -23.82061 -2.888041 -31.85276 -23.82061 5.131998 -19.98672 -23.82061 5.814642 -21.23521 -23.82061 6.029112 -22.64188 -23.82061 4.063516 -19.04701 -23.82061 2.738069 -18.52941 -23.82061 5.009641 -25.2525 -23.82061 5.749537 -24.03707 -23.82061 17.68466 -26.26391 -23.82061 17.17292 -26.53206 -23.82061 14.74295 -15.70819 -23.82061 16.83846 -27.00314 -23.82061 16.75404 -27.57468 -23.82061 17.27165 -40.17788 -23.82061 16.93804 -28.12234 -23.82061 17.35041 -28.52698 -23.82061 17.90146 -28.70057 -23.82061 19.75024 -40.35115 -23.82061 18.69144 -28.75579 -23.82061 20.74853 -40.42094 -23.82061 41.87655 -17.62736 -23.82061 33.87432 -23.44153 -23.82061 18.26236 -26.25704 -23.82061 19.00242 -13.41573 -23.82061 20.39761 -13.6953 -23.82061 17.17763 -15.45659 -23.82061 21.80428 -13.48084 -23.82061 32.80251 -10.01361 -23.82061 32.16186 -10.47909 -23.82061 31.62815 -10.70032 -23.82061 31.05216 -10.65542 -23.82061 30.55918 -10.35416 -23.82061 23.05276 -12.79819 -23.82061 30.25647 -9.862071 -23.82061 30.42953 -8.751856 -23.82061 30.20987 -9.286211 -23.82061 41.01732 3.816717 -23.82061 30.86766 -8.375254 -23.82061 17.93281 -6.40033 -23.82061 19.18129 -5.717685 -23.82061 20.58796 -5.503216 -23.82061 23.99247 -11.72971 -23.82061 24.51007 -10.40426 -23.82061 24.54313 -8.981722 -23.82061 24.08765 -7.633664 -23.82061 23.19858 -6.522687 -23.82061 21.98315 -5.782791 -23.82061 13.65377 18.64309 -23.82061 13.90325 28.44758 -23.82061 14.39134 28.13847 -23.82061 15.5579 30.56541 -23.82061 24.63164 38.17946 -23.82061 15.90506 29.85366 -23.82061 28.96791 29.28918 -23.82061 16.03025 29.28964 -23.82061 14.96654 28.08436 -23.82061 15.50372 28.29702 -23.82061 15.88601 28.7302 -23.82061 9.644174 33.63169 -23.82061 11.21909 18.39149 -23.82061 12.44736 30.31728 -23.82061 13.60845 28.94445 -23.82061 -37.23812 -17.61485 -23.82061 -22.57689 -12.14223 -23.82061 -22.05929 -10.81678 -23.82061 -21.11958 -9.7483 -23.82061 -15.99962 -16.14616 -23.82061 -15.05991 -15.07768 -23.82061 -11.65139 -14.20694 -23.82061 -14.54231 -13.75223 -23.82061 -14.50926 -12.32969 -23.82061 -14.96473 -10.98163 -23.82061 -15.8538 -9.870658 -23.82061 -17.06923 -9.130761 -23.82061 -18.46442 -8.851187 -23.82061 -19.87109 -9.065655 -23.82061 -22.60994 -13.56477 -23.82061 -22.15447 -14.91283 -23.82061 -22.23683 -15.30084 -23.82061 -21.2654 -16.0238 -23.82061 -21.98231 -17.76375 -23.82061 -17.24811 -16.82881 -23.82061 -11.39687 -16.66986 -23.82061 -18.65478 -17.04328 -23.82061 -20.04997 -16.7637 -23.82061 16.89792 -11.56486 -23.82061 17.78699 -12.67583 -23.82061 16.99976 -13.73535 -23.82061 16.99309 -7.468812 -23.82061 16.47549 -8.794259 -23.82061 14.31056 -11.52403 -23.82061 16.44244 -10.2168 -23.82061 16.74524 -11.27243 -23.82061 9.866291 -4.392755 -23.82061 8.737384 -6.348081 -23.82061 8.935131 -12.07953 -23.82061 7.226611 -8.025964 -23.82061 5.4 -9.353075 -23.82061 -6.275956 -13.65144 -23.82061 -5.4 -9.353075 -23.82061 -3.337383 -10.27141 -23.82061 -1.128907 -10.74084 -23.82061 1.128907 -10.74084 -23.82061 3.337383 -10.27141 -23.82061 -10.56399 -2.245446 -23.82061 -9.866291 -4.392755 -23.82061 -8.737384 -6.348081 -23.82061 -7.226611 -8.025964 -23.82061 -9.866291 4.392755 -23.82061 -8.737384 6.348081 -23.82061 -7.226611 8.025964 -23.82061 -9.189552 14.54284 -23.82061 -5.4 9.353075 -23.82061 -3.337383 10.27141 -23.82061 5.4 9.353075 -23.82061 3.337383 10.27141 -23.82061 6.021534 16.11476 -23.82061 1.128907 10.74084 -23.82061 -1.128907 10.74084 -23.82061 11.39697 16.67025 -23.82061 10.56399 -2.245446 -23.82061 10.8 0 -23.82061 12.98102 1.341653 -23.82061 10.56399 2.245446 -23.82061 9.866291 4.392755 -23.82061 -6.021439 -16.11436 -23.82061 9.189648 -14.54244 -23.82061 14.56508 -13.98695 -23.82061 -7.061397 -30.80566 21.91502 -7.633994 -30.72873 21.91502 33.87352 23.4431 21.91502 41.87592 17.62923 21.91502 32.80219 10.0152 21.91502 -37.23873 17.61399 21.91502 -36.20496 27.45125 21.91502 -25.07412 23.40017 21.91502 -24.7547 21.56342 21.91502 -31.87056 2.686077 21.91502 -25.0816 22.03978 21.91502 -25.15688 22.6126 21.91502 -22.79487 21.97606 21.91502 -23.81253 -33.61429 21.91502 -33.3208 -30.88802 21.91502 -27.39841 -20.62973 21.91502 -39.84841 -10.44352 21.91502 -45.37976 -2.24326 21.91502 -34.24905 1.808207 21.91502 -24.2473 21.28714 21.91502 -31.58764 2.182347 21.91502 -31.56397 1.605091 21.91502 -31.80469 1.079889 21.91502 15.50471 -28.29603 21.91502 -26.63717 -20.84799 21.91502 -26.05999 -20.87332 21.91502 -8.179199 -30.91987 21.91502 -25.53409 -20.63411 21.91502 -25.1739 -20.1824 21.91502 -25.05777 -19.61645 21.91502 -33.8062 1.151693 21.91502 -33.38034 0.7612807 21.91502 -26.14066 -18.42837 21.91502 -32.82372 0.6064907 21.91502 -32.25744 0.7209971 21.91502 16.75312 27.57572 21.91502 3.365558 -41.05647 21.91502 -5.6706 -45.07981 21.91502 -7.727686 -33.41467 21.91502 -23.66979 21.27104 21.91502 -23.14779 21.51864 21.91502 -7.004247 -33.09256 21.91502 -6.545815 -32.74096 21.91502 13.60946 -28.94352 21.91502 -6.296721 -32.21967 21.91502 -6.311154 -31.64211 21.91502 -6.585975 -31.13393 21.91502 13.90425 -28.44664 21.91502 14.39233 -28.13751 21.91502 -17.20458 37.42981 21.91502 -10.0894 44.3011 21.91502 -4.166667 34.04304 21.91502 -4.459462 31.50934 21.91502 17.68379 26.26498 21.91502 30.06582 -11.70981 21.91502 28.96892 -29.28777 21.91502 24.63298 -38.17815 21.91502 15.55897 -30.56442 21.91502 14.96753 -28.08338 21.91502 -25.21096 -19.05939 21.91502 -25.60014 -18.6324 21.91502 -4.891521 31.8929 21.91502 32.16152 10.48066 21.91502 31.6278 10.70187 21.91502 18.26148 26.25813 21.91502 31.05181 10.65695 21.91502 30.55885 10.35567 21.91502 41.01745 -3.814897 21.91502 43.41056 -13.41242 21.91502 31.56547 -13.41262 21.91502 29.51762 -11.89221 21.91502 15.9061 -29.85265 21.91502 16.03128 -29.28863 21.91502 29.03017 -13.42406 21.91502 15.88702 -28.72919 21.91502 -4.736309 33.49292 21.91502 -5.046838 33.00573 21.91502 -22.6878 22.54379 21.91502 -5.102621 32.43069 21.91502 10.87984 39.73191 21.91502 20.74715 40.42207 21.91502 18.69047 28.7569 21.91502 17.17203 26.53311 21.91502 16.83756 27.00419 21.91502 31.37387 -12.64424 21.91502 31.10722 -12.13171 21.91502 30.86739 8.376777 21.91502 30.63711 -11.79589 21.91502 16.93709 28.12339 21.91502 -2.889113 31.85312 21.91502 17.34945 28.52804 21.91502 17.9005 28.70165 21.91502 -3.900438 31.36348 21.91502 -3.336062 31.48703 21.91502 29.11179 -12.3034 21.91502 28.9366 -12.85394 21.91502 30.25615 9.863573 21.91502 30.20958 9.287712 21.91502 30.42925 8.753365 21.91502 -9.983195 44.46236 21.89919 -9.68423 44.63497 23.7732 -9.88193 44.62076 21.85247 -9.29389 44.96028 23.63304 -9.794652 44.76616 21.78063 -8.949784 45.25396 23.41751 -9.719971 44.90428 21.68437 -8.643468 45.52582 23.12873 -9.692507 44.96115 21.63594 -8.525551 45.63492 22.98344 -3.769778 34.70309 21.63594 -2.602821 35.37686 22.98344 -3.841887 34.56151 21.7468 -2.905708 35.10203 23.31603 -3.929427 34.41103 21.83179 -3.254876 34.8005 23.57097 -4.023088 34.26195 21.88583 -3.618129 34.49576 23.73312 -4.122794 34.10939 21.91233 -3.99952 34.18056 23.81262 -2.882988 43.05984 16.68947 -1.716031 43.73361 18.03697 -3.161025 43.90888 16.50572 -1.994068 44.58264 17.85322 -3.716407 44.62159 16.63032 -2.54945 45.29536 17.97782 -4.421904 45.0347 17.03473 -3.254947 45.70847 18.38223 -5.115894 45.05357 17.62631 -3.948937 45.72734 18.9738 -5.639393 44.67388 18.26951 -4.472436 45.34765 19.61701 -5.872473 43.98261 18.81701 -4.705517 44.65638 20.16451 -5.761739 43.13813 19.14337 -4.594783 43.81189 20.49087 -5.332559 42.33388 19.17383 -4.165602 43.00765 20.52133 -4.683251 41.75412 18.9014 -3.516295 42.42789 20.2489 -3.962566 41.53166 18.38851 -2.795609 42.20543 19.73601 -3.335603 41.71747 17.75264 -2.168647 42.39124 19.10014 -2.945992 42.26898 17.13947 -1.779035 42.94275 18.48697 -7.612962 47.38944 18.62084 -6.446005 48.0632 19.96834 -5.556775 48.74716 18.85626 -6.723731 48.07339 17.50876 -4.447323 49.01144 17.76332 -5.61428 48.33766 16.41582 -3.217692 48.83218 16.78807 -4.384648 48.15842 15.44056 -1.97876 48.22558 16.01844 -3.145716 47.55181 14.67094 -0.8422431 47.24633 15.52384 -2.0092 46.57256 14.17634 0.08937561 45.98271 15.34887 -1.077581 45.30895 14.00137 0.7320907 44.54869 15.5093 -0.434866 43.87492 14.1618 1.027947 43.07357 15.99067 -0.1390094 42.3998 14.64317 0.9502672 41.69035 16.74957 -0.2166895 41.01658 15.40207 0.5060551 40.52378 17.71756 -0.6609016 39.85 16.37007 -36.22727 27.64305 21.89919 -36.1092 27.96745 23.7732 -36.25151 27.82949 21.85247 -36.01929 28.46756 23.63304 -36.27811 27.99696 21.78063 -35.94446 28.91371 23.41751 -36.30968 28.15077 21.68437 -35.88455 29.31886 23.12873 -36.3252 28.21199 21.63594 -35.86435 29.47824 22.98344 -25.19436 24.16091 21.63594 -24.73351 25.42716 22.98344 -25.15859 24.00611 21.7468 -24.78888 25.02194 23.31603 -25.12892 23.83456 21.83179 -24.86253 24.56651 23.57097 -25.10485 23.66016 21.88583 -24.94492 24.09957 23.73312 -25.08316 23.4792 21.91233 -25.03447 23.61296 23.81262 -29.34874 30.18102 17.39967 -28.88789 31.44726 18.74717 -29.6371 30.85865 16.86153 -29.17625 32.12489 18.20903 -30.28128 31.42438 16.55022 -29.82043 32.69062 17.89772 -31.13371 31.74862 16.53707 -30.67286 33.01485 17.88457 -31.9991 31.75708 16.82509 -31.53825 33.02331 18.17259 -32.67921 31.44782 17.3483 -32.21836 32.71406 18.6958 -33.01823 30.8917 17.98683 -32.55738 32.15793 19.33433 -32.93849 30.2161 18.59441 -32.47764 31.48235 19.94191 -32.45827 29.57582 19.03185 -31.99742 30.84206 20.37935 -31.68757 29.11752 19.19894 -31.22673 30.38376 20.54644 -30.80296 28.94619 19.05739 -30.34211 30.21243 20.40489 -30.00708 29.10109 18.63964 -29.54623 30.36734 19.98714 -29.48226 29.54673 18.04138 -29.02141 30.81297 19.38888 -36.29305 31.40887 18.62084 -35.8322 32.67512 19.96834 -35.59065 33.77064 18.85626 -36.0515 32.5044 17.50876 -34.91063 34.68622 17.76332 -35.37148 33.41999 16.41582 -33.85346 35.3393 16.78807 -34.31431 34.07307 15.44057 -32.51447 35.67099 16.01844 -32.97531 34.40475 14.67094 -31.01439 35.65138 15.52384 -31.47524 34.38513 14.17634 -29.4885 35.28223 15.34887 -29.94935 34.01598 14.00137 -28.07437 34.59683 15.5093 -28.53522 33.33059 14.1618 -26.89954 33.65699 15.99067 -27.36039 32.39075 14.64317 -26.06994 32.54745 16.74957 -26.53079 31.28121 15.40207 -25.66036 31.36828 17.71757 -26.12121 30.10203 16.37007 -45.52014 -2.110669 21.89919 -45.63822 -1.786273 23.7732 -45.65855 -1.983436 21.85247 -45.8908 -1.345373 23.63304 -45.78658 -1.872237 21.78063 -46.12026 -0.9554986 23.41751 -45.90963 -1.774706 21.68437 -46.3348 -0.6066293 23.12873 -45.96087 -1.737784 21.63594 -46.42177 -0.471557 22.98344 -34.83015 2.313683 21.63594 -35.29104 3.57991 22.98344 -34.70325 2.218085 21.7468 -35.07299 3.233903 23.31603 -34.57025 2.105744 21.83179 -34.83667 2.837677 23.57097 -34.4397 1.987619 21.88583 -34.59965 2.427027 23.73312 -34.30677 1.862935 21.91233 -34.35546 1.996696 23.81262 -41.57553 3.38573 18.32139 -42.03643 4.651957 19.66889 -41.69688 4.023429 17.68065 -42.15777 5.289656 19.02815 -42.21173 4.476191 17.07909 -42.67263 5.742418 18.42659 -43.00215 4.640294 16.65454 -43.46304 5.906521 18.00204 -43.88705 4.478144 16.50424 -44.34794 5.74437 17.85174 -44.66372 4.026887 16.66263 -45.12461 5.293114 18.01013 -45.15423 3.389902 17.09342 -45.61512 4.656128 18.44092 -45.24621 2.713113 17.69793 -45.7071 3.97934 19.04543 -44.91859 2.151565 18.33767 -45.37948 3.417792 19.68517 -44.24642 1.833902 18.86608 -44.70732 3.100129 20.21358 -43.38369 1.832896 19.16211 -43.84459 3.099123 20.50961 -42.52804 2.148778 19.15794 -42.98894 3.415005 20.50544 -41.87549 2.709184 18.85453 -42.33638 3.97541 20.20203 -47.99116 0.7318403 18.62084 -48.45206 1.998067 19.96833 -48.97121 2.992556 18.85626 -48.51031 1.726329 17.50876 -49.03881 4.131042 17.76332 -48.57791 2.864816 16.41582 -48.64876 5.310866 16.78806 -48.18787 4.04464 15.44056 -47.83623 6.425642 16.01843 -47.37534 5.159414 14.67093 -46.6745 7.374845 15.52383 -46.21361 6.108618 14.17634 -45.26831 8.072887 15.34886 -44.80742 6.80666 14.00136 -43.74447 8.456823 15.50929 -43.28358 7.190595 14.16179 -42.24038 8.492032 15.99066 -41.77949 7.225804 14.64316 -40.89167 8.175339 16.74956 -40.43078 6.909111 15.40206 -39.81995 7.535302 17.71756 -39.35906 6.269074 16.37006 -33.51356 -30.87668 21.89919 -33.81253 -30.70408 23.7732 -33.70137 -30.86818 21.85247 -34.28943 -30.52869 23.63304 -33.87092 -30.86529 21.78063 -34.71581 -30.37752 23.41751 -34.02788 -30.86968 21.68437 -35.1044 -30.24817 23.12873 -34.09087 -30.87433 21.63594 -35.25785 -30.2006 22.98344 -28.16847 -20.61604 21.63594 -29.33546 -19.94231 22.98344 -28.00981 -20.6077 21.7468 -28.94601 -20.0672 23.31603 -27.83572 -20.60827 21.83179 -28.51028 -20.21882 23.57097 -27.65979 -20.61484 21.88583 -28.06475 -20.38105 23.73312 -27.4778 -20.62491 21.91233 -27.60108 -20.55374 23.81262 -33.83934 -25.21327 19.02333 -35.00631 -24.53954 20.37083 -33.89236 -24.41803 18.5798 -35.05934 -23.7443 19.9273 -34.2735 -23.85752 17.96948 -35.44048 -23.18379 19.31698 -34.89545 -23.66016 17.33217 -36.06243 -22.98643 18.67967 -35.61572 -23.87114 16.81388 -36.78269 -23.19741 18.16138 -36.26931 -24.44215 16.53334 -37.43629 -23.76842 17.88084 -36.70649 -25.24237 16.55482 -37.87347 -24.56863 17.90232 -36.82711 -26.08847 16.8734 -37.99409 -25.41474 18.2209 -36.60353 -26.78663 17.4161 -37.77051 -26.1129 18.76359 -36.08698 -27.17691 18.05858 -37.25396 -26.50318 19.40608 -35.39578 -27.16989 18.65367 -36.56276 -26.49616 20.00117 -34.68829 -26.76719 19.06504 -35.85527 -26.09346 20.41254 -34.12658 -26.06106 19.19845 -35.29356 -25.38733 20.54595 -37.23361 -30.28753 18.62082 -38.4006 -29.6138 19.96832 -39.43753 -29.18569 18.85624 -38.27056 -29.85942 17.50875 -40.22113 -28.35701 17.7633 -39.05415 -29.03074 16.4158 -40.68071 -27.20249 16.78805 -39.51373 -27.87622 15.44055 -40.77484 -25.82625 16.01842 -39.60786 -26.49997 14.67092 -40.49504 -24.35236 15.52382 -39.32806 -25.02609 14.17632 -39.86653 -22.91375 15.34885 -38.69955 -23.58748 14.00135 -38.94598 -21.64013 15.50928 -37.77901 -22.31386 14.16178 -37.81642 -20.64635 15.99065 -36.64944 -21.32008 14.64315 -36.57968 -20.02202 16.74955 -35.4127 -20.69574 15.40205 -35.34729 -19.82343 17.71755 -34.18031 -20.49716 16.37005 -5.825552 -45.19503 21.89919 -6.165524 -45.25498 23.7732 -5.974888 -45.30924 21.85247 -6.643587 -45.42716 23.63304 -6.106629 -45.41601 21.78063 -7.067384 -45.58544 23.41751 -6.224046 -45.52026 21.68437 -7.448206 -45.73614 23.12873 -6.269306 -45.56431 21.63594 -7.596329 -45.79833 22.98344 -8.326392 -33.89918 21.63594 -9.653415 -34.13319 22.98344 -8.210208 -33.7908 21.7468 -9.2748 -33.97853 23.31603 -8.07648 -33.67933 21.83179 -8.843557 -33.8146 23.57097 -7.93748 -33.57128 21.88583 -8.397986 -33.65249 23.73312 -7.791606 -33.46202 21.91233 -7.931789 -33.48674 23.81262 -9.340888 -42.30507 19.17705 -10.66791 -42.53908 20.52455 -9.537193 -41.41518 19.13827 -10.86422 -41.6492 20.48577 -10.00122 -40.70429 18.80475 -11.32824 -40.9383 20.15225 -10.62667 -40.33524 18.25289 -11.9537 -40.56925 19.60039 -11.27026 -40.39258 17.60912 -12.59729 -40.62659 18.95662 -11.78455 -40.86317 17.02092 -13.11158 -41.09719 18.36842 -12.05173 -41.63922 16.62304 -13.37875 -41.87322 17.97054 -12.01057 -42.54292 16.50662 -13.3376 -42.77694 17.85412 -11.67053 -43.36727 16.69834 -12.99755 -43.60128 18.04584 -11.10948 -43.9234 17.15428 -12.43651 -44.15742 18.50178 -10.45597 -44.08392 17.76999 -11.78299 -44.31793 19.11748 -9.859704 -43.81205 18.40441 -11.18673 -44.04607 19.75191 -9.457281 -43.17008 18.9122 -10.7843 -43.40409 20.2597 -9.053992 -47.13493 18.62081 -10.38101 -47.36894 19.96831 -11.45055 -47.70751 18.85623 -10.12352 -47.47351 17.50873 -12.58347 -47.57639 17.76329 -11.25645 -47.34238 16.41579 -13.67764 -46.9874 16.78804 -12.35062 -46.75338 15.44053 -14.63439 -45.99364 16.01841 -13.30736 -45.75962 14.67091 -15.36744 -44.68473 15.52381 -14.04041 -44.45071 14.17631 -15.81069 -43.17869 15.34884 -14.48367 -42.94467 14.00134 -15.92418 -41.61132 15.50927 -14.59716 -41.37731 14.16177 -15.69767 -40.12397 15.99063 -14.37065 -39.88996 14.64314 -15.15159 -38.85074 16.74954 -13.82457 -38.61673 15.40204 -14.33518 -37.90645 17.71754 -13.00815 -37.67244 16.37004 24.58834 -38.36601 21.89919 24.36644 -38.63047 23.7732 24.54736 -38.5495 21.85247 24.1109 -39.06966 23.63304 24.51507 -38.71597 21.78063 23.88799 -39.46332 23.41751 24.49213 -38.8713 21.68437 23.69313 -39.82355 23.12873 24.48578 -38.93414 21.63594 23.61964 -39.9664 22.98344 15.41176 -31.32041 21.63594 14.54563 -32.35267 22.98344 15.4311 -31.1627 21.7468 14.73625 -31.99082 23.31603 15.46189 -30.99136 21.83179 14.96123 -31.58805 23.57097 15.49892 -30.81924 21.88583 15.19835 -31.17745 23.73312 15.54043 -30.64177 21.91233 15.44894 -30.75082 23.81262 20.5993 -39.49179 18.71062 19.73316 -40.52405 20.05812 20.28491 -38.72658 19.09474 19.41877 -39.75884 20.44223 19.65838 -38.0712 19.19408 18.79224 -39.10345 20.54158 18.86324 -37.67578 18.98589 17.99711 -38.70804 20.33339 18.08166 -37.63092 18.51787 17.21552 -38.66318 19.86537 17.49267 -37.9469 17.89724 16.62653 -38.97916 19.24473 17.23122 -38.55131 17.26616 16.36508 -39.58358 18.61366 17.35719 -39.30571 16.76922 16.49105 -40.33797 18.11672 17.84173 -40.03726 16.52026 16.97559 -41.06953 17.86776 18.57383 -40.57839 16.57631 17.7077 -41.61065 17.92381 19.38579 -40.80511 16.92453 18.51965 -41.83737 18.27203 20.09158 -40.6655 17.48515 19.22545 -41.69776 18.83265 20.52953 -40.19153 18.12974 19.66339 -41.22379 19.47724 23.36215 -41.92726 18.6208 22.49601 -42.95952 19.9683 21.89434 -43.90637 18.85622 22.76048 -42.87411 17.50872 20.94218 -44.53416 17.76328 21.80832 -43.5019 16.41578 19.7254 -44.78628 16.78803 20.59154 -43.75402 15.44053 18.35371 -44.63999 16.0184 19.21985 -43.60774 14.6709 16.95081 -44.10851 15.5238 17.81695 -43.07625 14.1763 15.64319 -43.23973 15.34883 16.50933 -42.20748 14.00133 14.54877 -42.11201 15.50926 15.41491 -41.07976 14.16176 13.76624 -40.82704 15.99063 14.63237 -39.79478 14.64313 13.36614 -39.50067 16.74953 14.23228 -38.46842 15.40203 13.38458 -38.25252 17.71753 14.25071 -37.22026 16.37003 43.49711 -13.58502 21.89919 43.49712 -13.93024 23.7732 43.58366 -13.75192 21.85247 43.58367 -14.43094 23.63304 43.66594 -13.9002 21.78063 43.66595 -14.87578 23.41751 43.74821 -14.03394 21.68437 43.74823 -15.27699 23.12873 43.78374 -14.08616 21.63594 43.78376 -15.43366 22.98344 31.93865 -14.08636 21.63594 31.93867 -15.43386 22.98344 31.85209 -13.95313 21.7468 31.8521 -15.03414 23.31603 31.76554 -13.80207 21.83179 31.76555 -14.58098 23.57097 31.68327 -13.64642 21.88583 31.68327 -14.11403 23.73312 31.60099 -13.48379 21.91233 31.60099 -13.62614 23.81262 41.60228 -17.87984 17.8423 41.60231 -19.22734 19.1898 41.39017 -17.25257 18.46957 41.39019 -18.60007 19.81707 40.79009 -16.76686 18.95529 40.79011 -18.11436 20.30279 39.93952 -16.53398 19.18819 39.93955 -17.88148 20.53569 39.03333 -16.60727 19.11491 39.03335 -17.95477 20.46241 38.2791 -16.96996 18.75224 38.27912 -18.31745 20.09974 37.84962 -17.53894 18.18326 37.84964 -18.88644 19.53076 37.84328 -18.18388 17.53832 37.8433 -19.53138 18.88582 38.26153 -18.75703 16.96517 38.26155 -20.10453 18.31267 39.00855 -19.12708 16.5951 39.00858 -20.47458 17.9426 39.91322 -19.20926 16.51291 39.91325 -20.55676 17.86041 40.76828 -18.98475 16.73741 40.76831 -20.33225 18.08491 41.37785 -18.50497 17.21717 41.37788 -19.85247 18.56467 44.84693 -17.10128 18.62081 44.84695 -18.44878 19.96831 44.99467 -19.56085 18.85623 44.99464 -18.21335 17.50873 44.6688 -20.6538 17.76329 44.66878 -19.3063 16.41579 43.89875 -21.62907 16.78803 43.89873 -20.28157 15.44053 42.75395 -22.39871 16.0184 42.75394 -21.05121 14.6709 41.33763 -22.89334 15.52381 41.33761 -21.54584 14.17631 39.77751 -23.06834 15.34883 39.77748 -21.72084 14.00133 38.21425 -22.90793 15.50926 38.21422 -21.56043 14.16176 36.78882 -22.42659 15.99063 36.7888 -21.07909 14.64313 35.62976 -21.66771 16.74953 35.62974 -20.32021 15.40203 34.84159 -20.69972 17.71753 34.84156 -19.35222 16.37003 42.05318 17.55264 21.89919 42.27508 17.28819 23.7732 42.22676 17.48042 21.85247 42.66323 16.96027 23.63304 42.3851 17.41971 21.78063 43.0122 16.67239 23.41751 42.53409 17.37015 21.68437 43.33312 16.41794 23.12873 42.59487 17.35298 21.63594 43.46104 16.32075 22.98344 33.52114 9.738954 21.63594 34.38731 8.706726 22.98344 33.36919 9.785383 21.7468 34.06406 8.957287 23.31603 33.20579 9.845462 21.83179 33.70648 9.24879 23.57097 33.04272 9.911814 21.88583 33.3433 9.553609 23.73312 32.87515 9.983512 21.91233 32.96666 9.874471 23.81262 43.56959 12.09078 16.97837 44.43576 11.05855 18.32587 43.51108 12.79482 17.55529 44.37725 11.76259 18.90279 43.08269 13.27712 18.20012 43.94886 12.24489 19.54762 42.38256 13.4272 18.76513 43.24873 12.39496 20.11263 41.57108 13.21067 19.12088 42.43726 12.17844 20.46838 40.83416 12.67714 19.18587 41.70033 11.64491 20.53337 40.34061 11.94883 18.94522 41.20678 10.9166 20.29272 40.20349 11.1926 18.45405 41.06967 10.16037 19.80155 40.45423 10.58168 17.8249 41.3204 9.549447 19.17239 41.03538 10.25603 17.20187 41.90155 9.223796 18.54937 41.8138 10.29024 16.72772 42.67998 9.258016 18.07522 42.61117 10.6765 16.51105 43.47734 9.644269 17.85855 43.24482 11.3263 16.60151 44.111 10.29407 17.94901 45.3474 15.72669 18.62082 46.21357 14.69446 19.96831 47.04155 13.9375 18.85624 46.17538 14.96973 17.50874 47.49446 12.8908 17.7633 46.62828 13.92303 16.4158 47.53145 11.64872 16.78804 46.66528 12.68095 15.44054 47.14921 10.32327 16.01842 46.28303 11.3555 14.67092 46.38218 9.033978 15.52381 45.51601 10.06621 14.17632 45.29954 7.897089 15.34884 44.43336 8.929318 14.00134 43.99891 7.015122 15.50927 43.13274 8.047352 14.16177 42.59757 6.467608 15.99064 41.73139 7.499837 14.64314 41.22188 6.303915 16.74954 40.3557 7.336144 15.40204 39.99589 6.538805 17.71754 39.12972 7.571034 16.37004 20.93216 40.47734 21.89919 21.27214 40.4174 23.7732 21.11156 40.53359 21.85247 21.78026 40.41569 23.63304 21.27187 40.58887 21.78063 22.23263 40.41948 23.41751 21.41786 40.64667 21.68437 22.64203 40.43083 23.12873 21.47546 40.67258 21.63594 22.80249 40.43862 22.98344 19.41878 29.00741 21.63594 20.74581 28.77345 22.98344 19.27254 28.94531 21.7468 20.33714 28.75761 23.31603 19.10875 28.8863 21.83179 19.87583 28.75106 23.57097 18.94118 28.83231 21.88583 19.40169 28.75112 23.73312 18.76673 28.77953 21.91233 18.90692 28.75481 23.81262 25.85619 36.07279 16.52308 27.18322 35.83882 17.87058 25.74876 36.94143 16.77971 27.07579 36.70746 18.12721 25.35354 37.59222 17.28192 26.68057 37.35824 18.62942 24.76108 37.87606 17.91466 26.08811 37.64209 19.26216 24.10711 37.72794 18.53298 25.43414 37.49397 19.88048 23.54144 37.18179 18.99523 24.86848 36.94782 20.34273 23.19367 36.36272 19.19551 24.5207 36.12876 20.54301 23.14345 35.45838 19.08794 24.47048 35.22441 20.43544 23.4023 34.67593 18.69716 24.72933 34.44196 20.04466 23.91091 34.19462 18.1127 25.23795 33.96066 19.4602 24.55278 34.12473 17.46845 25.87981 33.89076 18.81595 25.18085 34.48225 16.912 26.50788 34.24829 18.2595 25.65124 35.18529 16.57082 26.97827 34.95133 17.91832 24.62937 41.19606 18.62083 25.9564 40.96209 19.96833 27.07723 40.91445 18.85625 25.7502 41.14841 17.50875 28.09699 40.40375 17.76331 26.76996 40.63771 16.41581 28.92372 39.47604 16.78805 27.59669 39.71001 15.44056 29.48288 38.21498 16.01843 28.15585 38.44895 14.67093 29.72405 36.73429 15.52383 28.39702 36.96826 14.17633 29.62548 35.16748 15.34886 28.29845 35.40144 14.00136 29.19605 33.65582 15.50929 27.86902 33.88979 14.16179 28.4745 32.33564 15.99066 27.14747 32.56961 14.64316 27.52588 31.32597 16.74956 26.19885 31.55993 15.40206 26.43573 30.71785 17.71756 25.1087 30.95182 16.37006 8.324613 22.3693 25.72632 7.330115 20.40639 25.72632 10.52178 22.48949 25.72632 8.53279 18.56368 25.72632 11.72446 20.64678 25.72632 10.72996 18.68387 25.72632 8.53279 18.56368 27.63197 7.330115 20.40639 27.63197 10.72996 18.68387 27.63197 11.72446 20.64678 27.63197 10.52178 22.48949 27.63197 8.324613 22.3693 27.63197 10.28905 24.5523 25.24991 11.98552 23.80435 25.24991 11.23033 24.25301 25.24991 10.71621 24.44744 25.24991 12.07263 23.73717 25.24991 12.76701 23.03473 25.24991 13.51731 21.45738 25.24991 13.27311 22.18653 25.24991 12.95833 22.76591 25.24991 13.56152 21.24186 25.24991 13.61547 20.25562 25.24991 13.18212 18.67488 25.24991 13.43183 19.28513 25.24991 13.59503 20.03658 25.24991 13.02127 18.38679 25.24991 12.40765 17.6128 25.24991 12.32839 17.53652 25.24991 11.62664 17.00815 25.24991 11.1368 16.75881 25.24991 10.72362 16.60799 25.24991 9.751078 16.43555 25.24991 8.765526 16.50087 25.24991 7.069055 17.24882 25.24991 7.824245 16.80015 25.24991 8.338365 16.60573 25.24991 6.981939 17.316 25.24991 6.28756 18.01844 25.24991 5.537266 19.59579 25.24991 5.781461 18.86664 25.24991 6.096243 18.28726 25.24991 5.493056 19.81131 25.24991 5.439106 20.79755 25.24991 5.872453 22.37829 25.24991 5.622747 21.76804 25.24991 5.459545 21.01659 25.24991 6.033305 22.66638 25.24991 6.646921 23.44037 25.24991 6.726188 23.51665 25.24991 7.427932 24.04501 25.24991 7.917777 24.29436 25.24991 8.330952 24.44518 25.24991 9.303497 24.61762 25.24991 5.809994 21.7085 25.98553 5.63516 20.78455 25.98553 5.961097 18.94624 25.98553 6.442925 18.13872 25.98553 7.905917 16.97886 25.98553 13.24458 19.34467 25.98553 13.41941 20.26862 25.98553 13.09348 22.10693 25.98553 12.61165 22.91445 25.98553 11.14866 24.07431 25.98553 8.646235 23.41247 27.21231 8.831744 22.80484 27.63197 9.397176 22.90509 27.63197 10.40834 17.6407 27.21231 10.22283 18.24833 27.63197 9.657399 18.14808 27.63197 9.970171 22.86711 27.63197 9.362476 23.53946 27.21231 10.08829 23.49135 27.21231 10.74784 18.48098 27.63197 11.07337 17.9354 27.21231 11.33789 17.49209 26.65262 8.306733 22.57218 27.63197 7.981199 23.11776 27.21231 7.716685 23.56108 26.65262 11.20192 18.83252 27.63197 11.64856 18.3807 27.21231 12.01148 18.01358 26.65262 12.26952 17.75254 25.98553 7.852655 22.22064 27.63197 7.406015 22.67247 27.21231 7.043097 23.03959 26.65262 6.785052 23.30063 25.98553 8.4955 23.9062 26.65262 9.334278 24.05492 26.65262 10.18427 23.99859 26.65262 10.55907 17.14696 26.65262 10.66625 16.79591 25.98553 11.52596 17.17689 25.98553 9.740345 16.63174 25.98553 9.720297 16.99825 26.65262 9.692099 17.51371 27.21231 9.084403 18.18605 27.63197 8.966281 17.56181 27.21231 8.870303 17.05459 26.65262 8.802058 16.69393 25.98553 7.52861 23.87628 25.98553 8.388323 24.25726 25.98553 9.314229 24.42143 25.98553 10.25252 24.35924 25.98553 10.99608 23.74047 26.65262 10.78151 23.27095 27.21231 10.51743 22.69311 27.63197 11.95057 23.5832 25.98553 11.72254 23.29557 26.65262 11.40183 22.89105 27.21231 11.00714 22.3932 27.63197 11.41085 21.98481 27.63197 11.91321 22.37373 27.21231 12.32141 22.68975 26.65262 12.7579 21.95822 26.65262 12.28593 21.74907 27.21231 11.70509 21.49167 27.63197 13.36805 21.20756 25.98553 13.00663 21.14348 26.65262 12.49833 21.05336 27.21231 11.87277 20.94244 27.63197 11.90414 20.36905 27.63197 12.53806 20.32703 27.21231 13.05316 20.29289 26.65262 12.89478 19.45589 26.65262 12.40282 19.61231 27.21231 11.79737 19.80481 27.63197 12.85371 18.4894 25.98553 12.54069 18.6811 26.65262 12.10046 18.95071 27.21231 11.55867 19.28252 27.63197 8.058489 17.3127 26.65262 8.273067 17.78222 27.21231 8.537147 18.36005 27.63197 7.104005 17.46997 25.98553 7.332036 17.7576 26.65262 7.652743 18.16212 27.21231 8.047434 18.65997 27.63197 7.643725 19.06836 27.63197 7.141362 18.67944 27.21231 6.733164 18.36342 26.65262 6.296677 19.09495 26.65262 6.76864 19.3041 27.21231 7.349481 19.5615 27.63197 5.686523 19.84561 25.98553 6.04794 19.90969 26.65262 6.556242 19.99981 27.21231 7.181804 20.11073 27.63197 7.150438 20.68412 27.63197 6.51651 20.72614 27.21231 6.00141 20.76028 26.65262 6.159792 21.59728 26.65262 6.651754 21.44086 27.21231 7.257205 21.24836 27.63197 6.200863 22.56376 25.98553 6.513881 22.37206 26.65262 6.954113 22.10246 27.21231 7.495902 21.77065 27.63197 24.69039 2.479661 27.63197 23.70524 4.090264 27.63197 23.21076 4.108375 27.63197 23.17417 4.308736 27.63197 22.60625 4.393767 27.63197 21.86937 -0.08312982 27.63197 21.90596 -0.283491 27.63197 22.47388 -0.3685218 27.63197 20.38974 1.545584 27.63197 20.29019 1.230141 27.63197 20.54282 0.7144473 27.63197 24.78994 2.795104 27.63197 24.53731 3.310798 27.63197 24.1686 3.751046 27.63197 24.74301 1.106374 27.63197 24.89587 1.659905 27.63197 24.91183 2.233936 27.63197 20.91154 0.274199 27.63197 21.37489 -0.06501853 27.63197 22.03448 4.340415 27.63197 21.4921 4.151779 27.63197 21.06044 3.641337 27.63197 21.01062 3.838823 27.63197 20.61802 3.419736 27.63197 23.04565 -0.315169 27.63197 23.58804 -0.1265335 27.63197 24.01969 0.3839085 27.63197 24.06952 0.186422 27.63197 24.46211 0.6055097 27.63197 20.33713 2.918872 27.63197 20.18426 2.36534 27.63197 20.16831 1.791309 27.63197 18.63787 3.261424 25.24991 18.48808 2.619296 25.24991 18.6824 2.590203 25.98553 18.44609 1.851482 25.24991 18.46064 1.631964 25.24991 18.65627 1.650219 25.98553 18.7481 0.4609768 25.24991 19.10481 -0.220239 25.24991 19.26955 -0.1131592 25.98553 19.50747 -0.7423775 25.24991 19.73899 -0.9774661 25.24991 19.87332 -0.8340725 25.98553 20.63263 -1.613438 25.24991 21.4494 -1.936693 25.24991 21.50171 -1.747298 25.98553 26.44226 0.7638211 25.24991 26.59205 1.405949 25.24991 26.39773 1.435043 25.98553 26.63405 2.173763 25.24991 26.61949 2.393281 25.24991 26.42386 2.375026 25.98553 26.33204 3.564268 25.24991 25.97532 4.245484 25.24991 25.81058 4.138404 25.98553 25.57266 4.767623 25.24991 25.34114 5.002711 25.24991 25.20681 4.859318 25.98553 24.4475 5.638683 25.24991 23.63073 5.961938 25.24991 23.57843 5.772543 25.98553 21.21259 4.722311 27.21231 23.86754 -0.697066 27.21231 21.89964 4.961258 27.21231 22.6239 5.02884 27.21231 24.47744 -0.3006424 27.21231 24.80889 -0.6964082 26.65262 20.6027 4.325888 27.21231 20.27124 4.721653 26.65262 24.97474 0.2302197 27.21231 25.39128 -0.07472324 26.65262 25.68745 -0.2915462 25.98553 20.10539 3.795025 27.21231 19.68886 4.099968 26.65262 19.39269 4.316792 25.98553 20.98548 5.185899 26.65262 21.79007 5.465726 26.65262 22.63825 5.544871 26.65262 24.09465 -1.160654 26.65262 24.25613 -1.490278 25.98553 25.04456 -0.9778086 25.98553 23.36797 -1.799171 25.98553 23.29006 -1.440481 26.65262 23.1805 -0.9360123 27.21231 22.45623 -1.003595 27.21231 22.44189 -1.519625 26.65262 22.43169 -1.886537 25.98553 20.03557 5.003054 25.98553 20.824 5.515523 25.98553 21.71217 5.824417 25.98553 22.64845 5.911783 25.98553 23.09229 6.072388 25.24991 23.48072 5.418734 26.65262 23.34329 4.921131 27.21231 24.54417 5.586165 25.24991 24.44806 5.414792 25.98553 24.26852 5.094646 26.65262 24.01601 4.64439 27.21231 24.60294 4.2147 27.21231 24.95587 4.591443 26.65262 25.50282 3.938368 26.65262 25.06999 3.657033 27.21231 26.40986 3.358491 25.24991 26.22427 3.293948 25.98553 25.87759 3.173376 26.65262 25.39001 3.0038 27.21231 25.5444 2.292962 27.21231 26.0584 2.340924 26.65262 26.03473 1.489393 26.65262 25.52419 1.565832 27.21231 26.32912 0.4538743 25.24991 26.14741 0.5286261 25.98553 25.80796 0.6682706 26.65262 25.33055 0.8646687 27.21231 25.84599 -0.4076117 25.24991 25.77982 -0.4954965 25.24991 21.98785 -2.047142 25.24991 22.42623 -2.082946 25.24991 23.40967 -1.991179 25.24991 24.34257 -1.666726 25.24991 24.72661 -1.452298 25.24991 25.17072 -1.128443 25.24991 21.59942 -1.393489 26.65262 21.73684 -0.8958855 27.21231 20.53596 -1.56092 25.24991 20.63207 -1.389546 25.98553 20.81161 -1.069401 26.65262 21.06413 -0.6191444 27.21231 20.47719 -0.1894545 27.21231 20.12426 -0.5661978 26.65262 19.57731 0.0868774 26.65262 20.01014 0.368212 27.21231 18.67028 0.6667538 25.24991 18.85586 0.7312968 25.98553 19.20254 0.8518699 26.65262 19.69013 1.021446 27.21231 19.53574 1.732283 27.21231 19.02174 1.684321 26.65262 19.04541 2.535852 26.65262 19.55595 2.459413 27.21231 18.75101 3.571371 25.24991 18.93272 3.496619 25.98553 19.27217 3.356975 26.65262 19.74958 3.160577 27.21231 19.23415 4.432857 25.24991 19.30032 4.520742 25.24991 22.6539 6.108191 25.24991 21.67046 6.016424 25.24991 20.73756 5.691971 25.24991 20.35352 5.477543 25.24991 19.90941 5.153687 25.24991 20.38974 1.545584 25.72632 21.06044 3.641337 25.72632 23.21076 4.108375 25.72632 24.69039 2.479661 25.72632 24.01969 0.3839085 25.72632 21.86937 -0.08312982 25.72632 10.93954 -19.2508 27.63197 10.88097 -19.57635 27.63197 11.19721 -20.05568 27.63197 11.61898 -20.44539 27.63197 12.12175 -20.72285 27.63197 12.61452 -20.67785 27.63197 12.67632 -20.87192 27.63197 13.25045 -20.88394 27.63197 10.71249 -17.89539 27.63197 10.63135 -18.46388 27.63197 10.68862 -19.03527 27.63197 12.21502 -16.26929 27.63197 11.70107 -16.52545 27.63197 11.33792 -17.0867 27.63197 11.26336 -16.89717 27.63197 10.92732 -17.36283 27.63197 15.08624 -17.77671 27.63197 15.14482 -17.45116 27.63197 14.82858 -16.97183 27.63197 13.81077 -20.75822 27.63197 14.32472 -20.50206 27.63197 14.68787 -19.94081 27.63197 14.76243 -20.13034 27.63197 15.09847 -19.66468 27.63197 14.40681 -16.58212 27.63197 13.90404 -16.30466 27.63197 13.41127 -16.34966 27.63197 13.34947 -16.15559 27.63197 12.77534 -16.14357 27.63197 15.3133 -19.13212 27.63197 15.39444 -18.56363 27.63197 15.33717 -17.99224 27.63197 8.983449 -17.77199 25.24991 8.916643 -18.42797 25.24991 9.113084 -18.43208 25.98553 8.972758 -19.19488 25.24991 9.015143 -19.41076 25.24991 9.20686 -19.36774 25.98553 9.449366 -20.53561 25.24991 9.889919 -21.16586 25.24991 10.03968 -21.03867 25.98553 10.35579 -21.63248 25.24991 10.61536 -21.83617 25.24991 10.73033 -21.67684 25.98553 11.5827 -22.35318 25.24991 12.43398 -22.5698 25.24991 12.46175 -22.37529 25.98553 17.04234 -19.25552 25.24991 17.10915 -18.59954 25.24991 16.91271 -18.59543 25.98553 17.05303 -17.83263 25.24991 17.01065 -17.61675 25.24991 16.81893 -17.65977 25.98553 16.57642 -16.4919 25.24991 16.13587 -15.86165 25.24991 15.9861 -15.98884 25.98553 15.67 -15.39503 25.24991 15.41043 -15.19134 25.24991 15.29545 -15.35067 25.98553 14.44309 -14.67433 25.24991 13.5918 -14.45771 25.24991 13.56404 -14.65222 25.98553 11.3512 -15.99515 27.21231 14.67459 -21.03236 27.21231 12.00222 -15.67067 27.21231 12.71199 -15.51141 27.21231 15.22905 -20.5615 27.21231 15.6082 -20.91184 26.65262 10.79674 -16.46601 27.21231 10.41759 -16.11567 26.65262 15.65471 -19.97164 27.21231 16.10668 -20.22106 26.65262 16.42805 -20.39841 25.98553 10.37108 -17.05587 27.21231 9.919107 -16.80645 26.65262 9.59774 -16.6291 25.98553 11.0669 -15.56426 26.65262 11.82931 -15.18426 26.65262 12.66051 -14.99776 26.65262 14.95888 -21.46325 26.65262 15.16102 -21.76963 25.98553 15.87778 -21.16094 25.98553 14.31942 -22.1891 25.98553 14.19648 -21.84325 26.65262 14.02356 -21.35684 27.21231 13.3138 -21.5161 27.21231 13.36528 -22.02975 26.65262 13.40189 -22.39498 25.98553 10.148 -15.86657 25.98553 10.86476 -15.25788 25.98553 11.70637 -14.83841 25.98553 12.6239 -14.63253 25.98553 13.04368 -14.41672 25.24991 13.51218 -15.01559 26.65262 13.43924 -15.52664 27.21231 14.54566 -14.71411 25.24991 14.47215 -14.89633 25.98553 14.33484 -15.23673 26.65262 14.14171 -15.71548 27.21231 14.77858 -16.06693 27.21231 15.08067 -15.64832 26.65262 15.70632 -16.22643 26.65262 15.31284 -16.56059 27.21231 16.67981 -16.68609 25.24991 16.50396 -16.77374 25.98553 16.17545 -16.93748 26.65262 15.71343 -17.16776 27.21231 15.95707 -17.85315 27.21231 16.46078 -17.74013 26.65262 16.54573 -18.58774 26.65262 16.02962 -18.57693 27.21231 16.96959 -19.57735 25.24991 16.77984 -19.52634 25.98553 16.42537 -19.43106 26.65262 15.92683 -19.29705 27.21231 16.60008 -20.49334 25.24991 16.54564 -20.58893 25.24991 12.98211 -22.61079 25.24991 13.42148 -22.59048 25.24991 14.38523 -22.37424 25.24991 15.26923 -21.93364 25.24991 15.62283 -21.67206 25.24991 16.0221 -21.29429 25.24991 12.51361 -22.01192 26.65262 12.58655 -21.50087 27.21231 11.48013 -22.3134 25.24991 11.55364 -22.13118 25.98553 11.69095 -21.79078 26.65262 11.88408 -21.31204 27.21231 11.24721 -20.96058 27.21231 10.94512 -21.37919 26.65262 10.31946 -20.80108 26.65262 10.71295 -20.46692 27.21231 9.345976 -20.34142 25.24991 9.521828 -20.25377 25.98553 9.850338 -20.09004 26.65262 10.31236 -19.85975 27.21231 10.06871 -19.17436 27.21231 9.565009 -19.28738 26.65262 9.480058 -18.43977 26.65262 9.996174 -18.45058 27.21231 9.056202 -17.45016 25.24991 9.245951 -17.50117 25.98553 9.600421 -17.59645 26.65262 10.09895 -17.73046 27.21231 9.425711 -16.53417 25.24991 9.480152 -16.43858 25.24991 12.60431 -14.43703 25.24991 11.64056 -14.65327 25.24991 10.75656 -15.09387 25.24991 10.40295 -15.35545 25.24991 10.00369 -15.73322 25.24991 10.93954 -19.2508 25.72632 11.33792 -17.0867 25.72632 13.41127 -16.34966 25.72632 15.08624 -17.77671 25.72632 14.68787 -19.94081 25.72632 12.61452 -20.67785 25.72632 -7.179029 -20.92742 27.63197 -7.151234 -20.35384 27.63197 -7.531434 -19.59908 27.63197 -7.261511 -19.79028 27.63197 -7.503455 -19.26948 27.63197 -7.863003 -18.82172 27.63197 -11.52268 -21.45326 27.63197 -11.55066 -21.78286 27.63197 -11.19111 -22.23062 27.63197 -11.87508 -20.12492 27.63197 -11.90288 -20.6985 27.63197 -11.7926 -21.26206 27.63197 -8.31926 -18.47302 27.63197 -8.845708 -18.24363 27.63197 -9.332133 -18.33436 27.63197 -9.411755 -18.1469 27.63197 -9.984503 -18.18844 27.63197 -9.069609 -22.8639 27.63197 -8.523447 -22.6865 27.63197 -9.721979 -22.71798 27.63197 -8.035611 -22.38354 27.63197 -7.726357 -21.79088 27.63197 -7.634451 -21.97264 27.63197 -7.343284 -21.47768 27.63197 -10.73485 -22.57933 27.63197 -10.2084 -22.80871 27.63197 -9.642356 -22.90544 27.63197 -10.53066 -18.36585 27.63197 -11.0185 -18.6688 27.63197 -11.32775 -19.26146 27.63197 -11.41966 -19.0797 27.63197 -11.71083 -19.57466 27.63197 -13.6081 -20.16323 25.24991 -13.61347 -20.82258 25.24991 -13.4175 -20.80836 25.98553 -13.48611 -21.58092 25.24991 -13.42379 -21.79191 25.24991 -13.23692 -21.73121 25.98553 -12.88661 -22.87139 25.24991 -12.38923 -23.45783 25.24991 -12.25197 -23.31724 25.98553 -11.88189 -23.87899 25.24991 -11.60447 -24.0576 25.24991 -11.50484 -23.88825 25.98553 -10.59315 -24.48219 25.24991 -9.725373 -24.61852 25.24991 -9.715862 -24.42227 25.98553 -5.446012 -20.88911 25.24991 -5.440641 -20.22977 25.24991 -5.63661 -20.24398 25.98553 -5.567997 -19.47142 25.24991 -5.63032 -19.26044 25.24991 -5.817193 -19.32114 25.98553 -6.167502 -18.18095 25.24991 -6.664885 -17.59451 25.24991 -6.802144 -17.73511 25.98553 -7.17222 -17.17335 25.24991 -7.449646 -16.99474 25.24991 -7.549271 -17.1641 25.98553 -8.460966 -16.57015 25.24991 -9.32874 -16.43383 25.24991 -9.33825 -16.63008 25.98553 -11.41628 -18.17342 27.21231 -7.637828 -22.87892 27.21231 -10.79834 -17.78967 27.21231 -10.10651 -17.56495 27.21231 -7.129677 -22.35843 27.21231 -6.71952 -22.6719 26.65262 -11.92443 -18.69391 27.21231 -12.33459 -18.38044 26.65262 -6.760852 -21.73146 27.21231 -6.287595 -21.93766 26.65262 -5.951097 -22.08428 25.98553 -12.29326 -19.32089 27.21231 -12.76652 -19.11468 26.65262 -13.10301 -18.96806 25.98553 -11.7395 -17.77091 26.65262 -11.01583 -17.32149 26.65262 -10.20564 -17.05833 26.65262 -7.314609 -23.28144 26.65262 -7.084791 -23.56764 25.98553 -6.427887 -22.89479 25.98553 -7.883631 -24.06373 25.98553 -8.038277 -23.73085 26.65262 -8.255775 -23.26267 27.21231 -8.947604 -23.48739 27.21231 -8.848468 -23.99401 26.65262 -8.77798 -24.35424 25.98553 -12.62622 -18.15755 25.98553 -11.96932 -17.4847 25.98553 -11.17048 -16.98861 25.98553 -10.27613 -16.69811 25.98553 -9.878297 -16.4441 25.24991 -9.356017 -16.9967 26.65262 -9.381004 -17.51233 27.21231 -8.355139 -16.6002 25.24991 -8.41134 -16.78848 25.98553 -8.516329 -17.14019 26.65262 -8.663988 -17.63486 27.21231 -7.997129 -17.92542 27.21231 -7.735381 -17.48047 26.65262 -7.058559 -17.99775 26.65262 -7.419185 -18.36713 27.21231 -6.046463 -18.36466 25.24991 -6.213379 -18.46832 25.98553 -6.525197 -18.66197 26.65262 -6.963742 -18.93431 27.21231 -6.65727 -19.59401 27.21231 -6.166292 -19.43453 26.65262 -6.002702 -20.27054 26.65262 -6.51758 -20.30788 27.21231 -5.48845 -21.21632 25.24991 -5.682126 -21.18322 25.98553 -6.043936 -21.12139 26.65262 -6.552789 -21.03444 27.21231 -5.770968 -22.16277 25.24991 -5.816261 -22.26302 25.24991 -9.175815 -24.60824 25.24991 -8.740247 -24.54706 25.24991 -7.800848 -24.24193 25.24991 -6.96177 -23.72085 25.24991 -6.634087 -23.42744 25.24991 -6.271776 -23.0141 25.24991 -9.698095 -24.05564 26.65262 -9.673108 -23.54002 27.21231 -10.69897 -24.45214 25.24991 -10.64277 -24.26387 25.98553 -10.53778 -23.91215 26.65262 -10.39012 -23.41749 27.21231 -11.05698 -23.12693 27.21231 -11.31873 -23.57188 26.65262 -11.99555 -23.0546 26.65262 -11.63493 -22.68522 27.21231 -13.00765 -22.68768 25.24991 -12.84073 -22.58402 25.98553 -12.52891 -22.39038 26.65262 -12.09037 -22.11803 27.21231 -12.39684 -21.45833 27.21231 -12.88782 -21.61781 26.65262 -13.05141 -20.78181 26.65262 -12.53653 -20.74446 27.21231 -13.56566 -19.83602 25.24991 -13.37198 -19.86912 25.98553 -13.01018 -19.93095 26.65262 -12.50132 -20.01791 27.21231 -13.28314 -18.88957 25.24991 -13.23785 -18.78932 25.24991 -10.31386 -16.50528 25.24991 -11.25326 -16.81042 25.24991 -12.09234 -17.3315 25.24991 -12.42002 -17.6249 25.24991 -12.78233 -18.03824 25.24991 -11.52268 -21.45326 25.72632 -11.32775 -19.26146 25.72632 -9.332133 -18.33436 25.72632 -7.531434 -19.59908 25.72632 -7.726357 -21.79088 25.72632 -9.721979 -22.71798 25.72632 -20.94949 -3.785633 27.63197 -20.57129 -3.353505 27.63197 -20.67296 -3.177019 27.63197 -24.48203 -3.046569 27.63197 -24.49202 -3.377199 27.63197 -24.10863 -3.804723 27.63197 -23.65956 0.09027469 27.63197 -24.13018 -0.2387877 27.63197 -24.40671 -0.8474016 27.63197 -24.50838 -0.670915 27.63197 -24.77217 -1.180993 27.63197 -24.90622 -1.739379 27.63197 -24.90275 -2.313621 27.63197 -24.76196 -2.870346 27.63197 -21.42011 -4.114695 27.63197 -20.59764 -0.9778515 27.63197 -20.58765 -0.6472215 27.63197 -20.97104 -0.2196966 27.63197 -23.63407 -4.128074 27.63197 -23.09591 -4.328459 27.63197 -22.61515 -4.211377 27.63197 -22.52544 -4.39423 27.63197 -21.9558 -4.321568 27.63197 -21.4456 0.1036539 27.63197 -21.98376 0.3040381 27.63197 -22.46452 0.1869571 27.63197 -22.55423 0.3698104 27.63197 -23.12387 0.2971483 27.63197 -20.17692 -1.710799 27.63197 -20.31771 -1.154075 27.63197 -20.3075 -2.843427 27.63197 -20.17345 -2.285041 27.63197 -26.63458 -1.871976 25.24991 -26.60405 -2.530637 25.24991 -26.40915 -2.505775 25.98553 -26.4356 -3.28092 25.24991 -26.36189 -3.488203 25.24991 -26.1786 -3.41742 25.98553 -25.76673 -4.536839 25.24991 -25.23817 -5.095333 25.24991 -25.10877 -4.947478 25.98553 -24.70866 -5.48825 25.24991 -24.42192 -5.651496 25.24991 -24.33166 -5.47697 25.98553 -23.38898 -6.0204 25.24991 -22.51508 -6.109285 25.24991 -22.51626 -5.912805 25.98553 -18.44508 -2.152444 25.24991 -18.47562 -1.493784 25.24991 -18.67052 -1.518645 25.98553 -18.64407 -0.7434996 25.24991 -18.71778 -0.536217 25.24991 -18.90107 -0.6070001 25.98553 -19.31293 0.5124191 25.24991 -19.8415 1.070913 25.24991 -19.97091 0.923058 25.98553 -20.37101 1.46383 25.24991 -20.65775 1.627076 25.24991 -20.74801 1.452549 25.98553 -21.69069 1.99598 25.24991 -22.56459 2.084865 25.24991 -22.56341 1.888385 25.98553 -24.55434 0.2342002 27.21231 -20.52533 -4.258621 27.21231 -23.9582 0.6510266 27.21231 -23.27963 0.9130753 27.21231 -20.04627 -3.711241 27.21231 -19.61965 -4.00192 26.65262 -25.0334 -0.3131793 27.21231 -25.46002 -0.02249991 26.65262 -19.71212 -3.06512 27.21231 -19.22834 -3.245257 26.65262 -18.88436 -3.37334 25.98553 -25.36755 -0.9593003 27.21231 -25.85133 -0.7791629 26.65262 -26.19531 -0.6510801 25.98553 -24.89899 0.6185283 26.65262 -24.20087 1.106667 26.65262 -23.4062 1.413549 26.65262 -20.18068 -4.642949 26.65262 -19.93562 -4.916216 25.98553 -19.31632 -4.208601 25.98553 -20.70627 -5.455061 25.98553 -20.87881 -5.131088 26.65262 -21.12147 -4.675447 27.21231 -21.80004 -4.937496 27.21231 -21.67347 -5.437969 26.65262 -21.58347 -5.79382 25.98553 -25.76335 0.184181 25.98553 -25.14405 0.891796 25.98553 -24.3734 1.430641 25.98553 -23.49619 1.769399 25.98553 -23.11278 2.044682 25.24991 -22.56119 1.521337 26.65262 -22.55807 1.005117 27.21231 -21.58338 1.971737 25.24991 -21.62925 1.780681 25.98553 -21.71493 1.423769 26.65262 -21.83545 0.9218027 27.21231 -21.15376 0.6679742 27.21231 -20.91662 1.126515 26.65262 -20.21264 0.6468484 26.65262 -20.55262 0.2583831 27.21231 -19.18207 0.3355703 25.24991 -19.3431 0.2229794 25.98553 -19.64391 0.0126475 26.65262 -20.06698 -0.2831665 27.21231 -19.72505 -0.925202 27.21231 -19.24348 -0.7392308 26.65262 -19.03462 -1.56509 26.65262 -19.54671 -1.63041 27.21231 -18.46965 -2.481479 25.24991 -18.66484 -2.458975 25.98553 -19.02948 -2.416934 26.65262 -19.54231 -2.357807 27.21231 -18.70022 -3.441903 25.24991 -18.73999 -3.544473 25.24991 -21.96689 -6.069102 25.24991 -21.5353 -5.984307 25.24991 -20.61391 -5.628484 25.24991 -19.80444 -5.062497 25.24991 -19.49322 -4.751689 25.24991 -19.15394 -4.319238 25.24991 -22.51848 -5.545758 26.65262 -22.5216 -5.029537 27.21231 -23.49629 -5.996157 25.24991 -23.45042 -5.805102 25.98553 -23.36474 -5.44819 26.65262 -23.24423 -4.946223 27.21231 -23.92591 -4.692394 27.21231 -24.16305 -5.150935 26.65262 -24.86703 -4.671268 26.65262 -24.52704 -4.282803 27.21231 -25.8976 -4.35999 25.24991 -25.73657 -4.247399 25.98553 -25.43576 -4.037068 26.65262 -25.01269 -3.741254 27.21231 -25.35462 -3.099218 27.21231 -25.83619 -3.285189 26.65262 -26.04504 -2.45933 26.65262 -25.53297 -2.39401 27.21231 -26.61002 -1.542941 25.24991 -26.41483 -1.565445 25.98553 -26.05019 -1.607486 26.65262 -25.53736 -1.666613 27.21231 -26.37945 -0.5825175 25.24991 -26.33968 -0.4799469 25.24991 -23.54437 1.959886 25.24991 -24.46576 1.604064 25.24991 -25.27523 1.038076 25.24991 -25.58646 0.7272693 25.24991 -25.92573 0.2948176 25.24991 -24.48203 -3.046569 25.72632 -24.40671 -0.8474016 25.72632 -22.46452 0.1869571 25.72632 -20.59764 -0.9778515 25.72632 -20.67296 -3.177019 25.72632 -22.61515 -4.211377 25.72632 -10.64373 18.26437 27.63197 -10.65279 18.83855 27.63197 -11.08062 19.56737 27.63197 -14.9447 17.46096 27.63197 -14.95148 17.13025 27.63197 -14.56395 16.70648 27.63197 -15.25298 19.32363 27.63197 -15.38159 18.76397 27.63197 -14.89078 19.66076 27.63197 -15.37254 18.18979 27.63197 -15.22633 17.63446 27.63197 -11.87254 16.42267 27.63197 -11.40514 16.7563 27.63197 -11.13454 17.36758 27.63197 -11.03117 17.19209 27.63197 -10.77235 17.70471 27.63197 -14.08626 16.38776 27.63197 -13.54618 16.19262 27.63197 -13.06658 16.31437 27.63197 -12.9751 16.1324 27.63197 -12.40619 16.2106 27.63197 -10.79899 19.39388 27.63197 -11.07385 19.89808 27.63197 -11.46138 20.32186 27.63197 -14.15279 20.60566 27.63197 -14.62019 20.27204 27.63197 -14.99416 19.83625 27.63197 -11.93906 20.64058 27.63197 -12.47914 20.83572 27.63197 -12.95874 20.71396 27.63197 -13.05023 20.89594 27.63197 -13.61913 20.81773 27.63197 -17.10858 18.61456 25.24991 -17.07165 17.95623 25.24991 -16.87699 17.98299 25.98553 -16.89591 17.20762 25.24991 -16.82018 17.00107 25.24991 -16.63758 17.07363 25.98553 -16.21485 15.95827 25.24991 -15.68087 15.40494 25.24991 -15.55292 15.55405 25.98553 -15.14757 15.01719 25.24991 -14.85925 14.85674 25.24991 -14.7707 15.03214 25.98553 -13.82278 14.49791 25.24991 -12.94805 14.41753 25.24991 -12.95115 14.61399 25.98553 -8.916744 18.41377 25.24991 -8.95368 19.07211 25.24991 -9.148334 19.04535 25.98553 -9.129422 19.82072 25.24991 -9.20515 20.02727 25.24991 -9.387744 19.95471 25.98553 -9.810475 21.07007 25.24991 -10.34445 21.62339 25.24991 -10.47241 21.47429 25.98553 -10.87776 22.01114 25.24991 -11.16607 22.17159 25.24991 -11.25463 21.99619 25.98553 -12.20254 22.53043 25.24991 -13.07728 22.61081 25.24991 -13.07418 22.41435 25.98553 -15.04893 20.74087 27.21231 -10.9764 16.28746 27.21231 -14.45687 21.16348 27.21231 -13.78088 21.43212 27.21231 -10.50268 16.83947 27.21231 -10.07326 16.55296 26.65262 -15.52264 20.18886 27.21231 -15.95206 20.47538 26.65262 -10.17484 17.48882 27.21231 -9.689329 17.31339 26.65262 -9.344118 17.18866 25.98553 -15.85049 19.53952 27.21231 -16.336 19.71494 26.65262 -16.68121 19.83967 25.98553 -15.3973 21.12183 26.65262 -14.70395 21.61674 26.65262 -13.91231 21.93134 26.65262 -10.62802 15.9065 26.65262 -10.38032 15.63563 25.98553 -9.767933 16.34924 25.98553 -11.14569 15.08932 25.98553 -11.32137 15.4116 26.65262 -11.56845 15.86485 27.21231 -12.24444 15.59622 27.21231 -12.11301 15.097 26.65262 -12.01956 14.74204 25.98553 -16.2574 20.6791 25.98553 -15.64501 21.3927 25.98553 -14.87964 21.93902 25.98553 -14.00576 22.2863 25.98553 -13.62504 22.56529 25.24991 -13.06839 22.04734 26.65262 -13.06025 21.53117 27.21231 -12.09501 22.50723 25.24991 -12.13902 22.31574 25.98553 -12.22123 21.95801 26.65262 -12.33685 21.45489 27.21231 -11.65272 21.20771 27.21231 -11.42006 21.66854 26.65262 -10.71145 21.19574 26.65262 -11.04763 20.80398 27.21231 -9.6779 20.8945 25.24991 -9.837822 20.78035 25.98553 -10.13658 20.5671 26.65262 -10.55675 20.26719 27.21231 -10.20859 19.62851 27.21231 -9.72885 19.81915 26.65262 -9.511968 18.99537 26.65262 -10.02339 18.92507 27.21231 -8.938103 18.08452 25.24991 -9.133504 18.10512 25.98553 -9.498535 18.14361 26.65262 -10.01192 18.19775 27.21231 -9.159325 17.1219 25.24991 -9.198094 17.01894 25.24991 -12.40028 14.46304 25.24991 -11.96954 14.55203 25.24991 -11.05165 14.9168 25.24991 -10.24772 15.49063 25.24991 -9.939538 15.80445 25.24991 -9.60449 16.24019 25.24991 -12.95694 14.98099 26.65262 -12.96508 15.49716 27.21231 -13.93032 14.5211 25.24991 -13.88631 14.7126 25.98553 -13.8041 15.07033 26.65262 -13.68848 15.57344 27.21231 -14.3726 15.82063 27.21231 -14.60527 15.3598 26.65262 -15.31388 15.8326 26.65262 -14.97769 16.22435 27.21231 -16.34743 16.13383 25.24991 -16.1875 16.24799 25.98553 -15.88875 16.46124 26.65262 -15.46858 16.76115 27.21231 -15.81674 17.39983 27.21231 -16.29648 17.20918 26.65262 -16.51336 18.03297 26.65262 -16.00194 18.10327 27.21231 -17.08722 18.94382 25.24991 -16.89182 18.92322 25.98553 -16.52679 18.88472 26.65262 -16.01341 18.83059 27.21231 -16.866 19.90644 25.24991 -16.82723 20.00939 25.24991 -14.05579 22.47631 25.24991 -14.97368 22.11153 25.24991 -15.7776 21.5377 25.24991 -16.08579 21.22388 25.24991 -16.42084 20.78815 25.24991 -14.9447 17.46096 25.72632 -14.89078 19.66076 25.72632 -12.95874 20.71396 25.72632 -11.08062 19.56737 25.72632 -11.13454 17.36758 25.72632 -13.06658 16.31437 25.72632 -39.84877 10.44257 -21.91496 -45.37982 2.242151 -21.91496 -34.249 -1.808918 -21.91496 30.20987 -9.286211 -21.91496 30.42953 -8.751856 -21.91496 -23.81368 33.61389 -21.91496 -33.32185 30.88729 -21.91496 -27.39913 20.62925 -21.91496 31.10678 12.13325 -21.91496 30.63668 11.7974 -21.91496 41.01732 3.816717 -21.91496 -4.890448 -31.8926 -21.91496 10.88121 -39.73112 -21.91496 20.74853 -40.42094 -21.91496 18.69144 -28.75579 -21.91496 -23.66908 -21.27139 -21.91496 -23.14707 -21.51897 -21.91496 16.93804 -28.12234 -21.91496 -2.888041 -31.85276 -21.91496 17.35041 -28.52698 -21.91496 17.90146 -28.70057 -21.91496 30.55918 -10.35416 -21.91496 43.41011 13.41437 -21.91496 31.56499 13.41417 -21.91496 31.37342 12.64578 -21.91496 -17.20329 -37.42999 -21.91496 -10.08791 -44.301 -21.91496 -4.16552 -34.04272 -21.91496 -22.79413 -21.97637 -21.91496 -22.68705 -22.5441 -21.91496 16.75404 -27.57468 -21.91496 30.86766 -8.375254 -21.91496 30.06539 11.7113 -21.91496 3.36415 41.057 -21.91496 -5.672175 45.08004 -21.91496 -7.728853 33.41487 -21.91496 -6.312261 31.64236 -21.91496 -4.735181 -33.49262 -21.91496 -5.045727 -33.00544 -21.91496 -5.10153 -32.4304 -21.91496 -3.335003 -31.48668 -21.91496 -3.899383 -31.36315 -21.91496 -4.458402 -31.50904 -21.91496 33.87432 -23.44153 -21.91496 41.87655 -17.62736 -21.91496 32.80251 -10.01361 -21.91496 16.83846 -27.00314 -21.91496 17.17292 -26.53206 -21.91496 17.68466 -26.26391 -21.91496 18.26236 -26.25704 -21.91496 30.25647 -9.862071 -21.91496 28.93614 12.8554 -21.91496 32.16186 -10.47909 -21.91496 31.62815 -10.70032 -21.91496 31.05216 -10.65542 -21.91496 29.11134 12.30487 -21.91496 29.51719 11.89368 -21.91496 -24.24659 -21.2875 -21.91496 -7.005403 33.09278 -21.91496 -6.546959 32.7412 -21.91496 13.60845 28.94445 -21.91496 -6.297847 32.21992 -21.91496 -6.587064 31.13416 -21.91496 28.96791 29.28918 -21.91496 24.63164 38.17946 -21.91496 15.5579 30.56541 -21.91496 -25.17461 20.182 -21.91496 -33.80619 -1.152388 -21.91496 -33.38033 -0.7619615 -21.91496 -26.14131 18.42794 -21.91496 -32.82372 -0.6071525 -21.91496 -31.80467 -1.080516 -21.91496 -31.56394 -1.60571 -21.91496 15.90506 29.85366 -21.91496 16.03025 29.28964 -21.91496 29.02968 13.42552 -21.91496 15.88601 28.7302 -21.91496 15.50372 28.29702 -21.91496 14.96654 28.08436 -21.91496 14.39134 28.13847 -21.91496 13.90325 28.44758 -21.91496 -26.63791 20.84754 -21.91496 -26.06072 20.87289 -21.91496 -8.18028 30.92006 -21.91496 -25.53482 20.6337 -21.91496 -32.25743 -0.7216395 -21.91496 -37.23812 -17.61485 -21.91496 -36.20402 -27.45202 -21.91496 -25.07333 -23.40056 -21.91496 -31.58759 -2.182966 -21.91496 -31.87048 -2.686706 -21.91496 -25.15612 -22.613 -21.91496 -25.08086 -22.04018 -21.91496 -24.75398 -21.5638 -21.91496 -7.062475 30.80588 -21.91496 -7.635068 30.72893 -21.91496 -25.6008 18.63198 -21.91496 -25.21163 19.05899 -21.91496 -25.05846 19.61605 -21.91496 24.587 38.36732 -21.89914 24.36509 38.63176 -23.77315 24.54601 38.5508 -21.85242 24.10954 39.07095 -23.63298 24.51371 38.71727 -21.78058 23.88661 39.46459 -23.41745 24.49077 38.8726 -21.68431 23.69174 39.82482 -23.12867 24.48442 38.93544 -21.63589 23.61824 39.96767 -22.98338 15.41067 31.3214 -21.63589 14.5445 32.35363 -22.98338 15.43001 31.1637 -21.74675 14.73513 31.99179 -23.31598 15.46081 30.99235 -21.83173 14.96012 31.58902 -23.57092 15.49784 30.82024 -21.88578 15.19726 31.17844 -23.73307 15.53936 30.64277 -21.91228 15.44786 30.75181 -23.81256 17.43526 39.47755 -16.68941 16.56908 40.50978 -18.03691 17.98689 40.1803 -16.50567 17.12072 41.21253 -17.85316 18.75252 40.66011 -16.63027 17.88635 41.69234 -17.97777 19.55676 40.80704 -17.03468 18.69059 41.83927 -18.38218 20.21536 40.58744 -17.62625 19.34919 41.61967 -18.97375 20.57744 40.05161 -18.26946 19.71127 41.08384 -19.61696 20.56007 39.32231 -18.81696 19.69389 40.35454 -20.16445 20.1672 38.56661 -19.14332 19.30103 39.59884 -20.49081 19.48886 37.95763 -19.17377 18.62269 38.98986 -20.52127 18.68043 37.63489 -18.90135 17.81426 38.66712 -20.24885 17.92712 37.67231 -18.38846 17.06095 38.70454 -19.73595 17.40151 38.06133 -17.75259 16.53533 39.09356 -19.10009 17.224 38.71282 -17.13942 16.35782 39.74505 -18.48692 23.3607 41.9285 -18.62079 22.49453 42.96072 -19.96829 21.89282 43.90755 -18.85621 22.759 42.87532 -17.50871 20.94064 44.5353 -17.76326 21.80681 43.50307 -16.41577 19.72385 44.78738 -16.78801 20.59003 43.75515 -15.44051 18.35217 44.64105 -16.01838 19.21834 43.60882 -14.67088 16.94929 44.10951 -15.52378 17.81546 43.07728 -14.17628 15.6417 43.24069 -15.34881 16.50787 42.20846 -14.00131 14.54732 42.11294 -15.50924 15.41349 41.08071 -14.16174 13.76483 40.82793 -15.99061 14.631 39.79571 -14.64311 13.36478 39.50156 -16.74951 14.23095 38.46933 -15.40201 13.38325 38.25341 -17.71751 14.24943 37.22118 -16.37001 43.49666 13.58698 -21.89914 43.49666 13.9322 -23.77315 43.5832 13.75388 -21.85242 43.58319 14.4329 -23.63298 43.66547 13.90217 -21.78058 43.66546 14.87774 -23.41745 43.74774 14.0359 -21.68431 43.74772 15.27895 -23.12867 43.78327 14.08813 -21.63589 43.78324 15.43563 -22.98338 31.93814 14.08792 -21.63589 31.93812 15.43542 -22.98338 31.85159 13.95468 -21.74675 31.85157 15.0357 -23.31598 31.76504 13.80363 -21.83173 31.76503 14.58254 -23.57092 31.68277 13.64797 -21.88578 31.68277 14.11559 -23.73307 31.60051 13.48534 -21.91228 31.60051 13.62769 -23.81256 37.90084 18.32429 -17.39962 37.90081 19.67179 -18.74712 38.40355 18.86245 -16.86147 38.40353 20.20995 -18.20897 39.20236 19.17377 -16.55017 39.20234 20.52127 -17.89766 40.11428 19.18693 -16.53702 40.11425 20.53443 -17.88452 40.93038 18.89893 -16.82504 40.93036 20.24643 -18.17254 41.46372 18.37573 -17.34824 41.4637 19.72323 -18.69574 41.59212 17.7372 -17.98678 41.59209 19.0847 -19.33428 41.28614 17.12961 -18.59436 41.28612 18.47711 -19.94186 40.6159 16.69216 -19.0318 40.61588 18.03966 -20.3793 39.73494 16.52506 -19.19888 39.73492 17.87256 -20.54638 38.84507 16.6666 -19.05733 38.84505 18.01409 -20.40483 38.15016 17.08434 -18.63958 38.15013 18.43184 -19.98708 37.80939 17.68259 -18.04133 37.80937 19.03009 -19.38882 44.84635 17.10324 -18.62079 44.84632 18.45074 -19.96829 44.99399 19.56282 -18.85621 44.99402 18.21532 -17.50871 44.6681 20.65576 -17.76327 44.66812 19.30826 -16.41577 43.89801 21.631 -16.78801 43.89803 20.2835 -15.44051 42.75318 22.40061 -16.01839 42.75321 21.05311 -14.67089 41.33685 22.89518 -15.52379 41.33687 21.54768 -14.17629 39.77672 23.07013 -15.34881 39.77674 21.72263 -14.00131 38.21346 22.90967 -15.50924 38.21348 21.56217 -14.16174 36.78805 22.42828 -15.99061 36.78807 21.08078 -14.64311 35.62902 21.66936 -16.74951 35.62904 20.32186 -15.40201 34.84088 20.70135 -17.71751 34.8409 19.35385 -16.37001 42.0538 -17.55077 -21.89914 42.2757 -17.28631 -23.77315 42.22738 -17.47854 -21.85242 42.66384 -16.95838 -23.63298 42.38572 -17.41783 -21.78058 43.01279 -16.67049 -23.41745 42.5347 -17.36827 -21.68431 43.3337 -16.41602 -23.12867 42.59548 -17.35109 -21.63589 43.46162 -16.31884 -22.98338 33.52145 -9.73734 -21.63589 34.38759 -8.705081 -22.98338 33.3695 -9.783774 -21.74675 34.06435 -8.955655 -23.31598 33.20611 -9.843859 -21.83173 33.70677 -9.247169 -23.57092 33.04304 -9.910216 -21.88578 33.3436 -9.552 -23.73307 32.87548 -9.981921 -21.91228 32.96697 -9.872876 -23.81256 40.22674 -11.03677 -18.32133 41.09288 -10.00451 -19.66883 40.55886 -10.47902 -17.68059 41.42499 -9.446763 -19.02809 41.1975 -10.22963 -17.07904 42.06364 -9.197375 -18.42654 41.99638 -10.34574 -16.65448 42.86252 -9.313479 -18.00198 42.77248 -10.80074 -16.50418 43.63861 -9.768477 -17.85168 43.34799 -11.4904 -16.66257 44.21413 -10.45814 -18.01007 43.59109 -12.25672 -17.09337 44.45722 -11.22446 -18.44087 43.44606 -12.92416 -17.69788 44.3122 -11.8919 -19.04538 42.94615 -13.33981 -18.33761 43.81229 -12.30755 -19.68511 42.20588 -13.40844 -18.86602 43.07202 -12.37618 -20.21352 41.39483 -13.11435 -19.16205 42.26097 -12.08209 -20.50955 40.6988 -12.52489 -19.15789 41.56494 -11.49263 -20.50539 40.27724 -11.77511 -18.85448 41.14338 -10.74285 -20.20198 45.34794 -15.72471 -18.62078 46.21408 -14.69245 -19.96828 47.04203 -13.93547 -18.8562 46.17589 -14.96773 -17.5087 47.4949 -12.88875 -17.76326 46.62876 -13.92101 -16.41576 47.53186 -11.64667 -16.788 46.66572 -12.67893 -15.4405 47.14957 -10.32124 -16.01838 46.28343 -11.3535 -14.67088 46.38249 -9.031969 -15.52378 45.51636 -10.06423 -14.17628 45.29981 -7.895117 -15.34881 44.43368 -8.927375 -14.00131 43.99915 -7.013195 -15.50924 43.13302 -8.045454 -14.16174 42.5978 -6.465728 -15.99061 41.73166 -7.497987 -14.64311 41.2221 -6.302083 -16.7495 40.35596 -7.334342 -15.40201 39.99612 -6.537014 -17.71751 39.12998 -7.569273 -16.37001 20.93354 -40.47621 -21.89914 21.27351 -40.41626 -23.77315 21.11294 -40.53245 -21.85242 21.78164 -40.41453 -23.63298 21.27326 -40.58772 -21.78058 22.23401 -40.4183 -23.41745 21.41925 -40.64552 -21.68431 22.64341 -40.42964 -23.12867 21.47685 -40.67143 -21.63589 22.80387 -40.43742 -22.98338 19.41976 -29.00628 -21.63589 20.74678 -28.77227 -22.98338 19.27351 -28.94418 -21.74675 20.3381 -28.75645 -23.31598 19.10972 -28.88518 -21.83173 19.8768 -28.74991 -23.57092 18.94215 -28.8312 -21.88578 19.40265 -28.74999 -23.73307 18.7677 -28.77842 -21.91228 18.90788 -28.7537 -23.81256 23.17649 -35.26568 -19.02327 24.50352 -35.03168 -20.37077 23.49828 -34.53653 -18.57975 24.8253 -34.30251 -19.92725 24.04813 -34.14017 -17.96942 25.37515 -33.90615 -19.31692 24.70007 -34.1674 -17.33211 26.02709 -33.93338 -18.67961 25.30476 -34.61199 -16.81382 26.63178 -34.37797 -18.16132 25.72366 -35.37208 -16.53328 27.05069 -35.13807 -17.88078 25.86083 -36.27356 -16.55477 27.18785 -36.03955 -17.90226 25.68481 -37.1099 -16.87335 27.01183 -36.87589 -18.22084 25.23595 -37.6895 -17.41604 26.56297 -37.45549 -18.76354 24.61707 -37.87959 -18.05853 25.9441 -37.64558 -19.40603 23.96995 -37.63662 -18.65362 25.29697 -37.40261 -20.00112 23.44284 -37.01625 -19.06499 24.76986 -36.78224 -20.41249 23.15649 -36.1606 -19.19839 24.48351 -35.92658 -20.54589 24.63078 -41.1948 -18.62077 25.9578 -40.96079 -19.96827 27.07863 -40.9131 -18.85619 25.75161 -41.14712 -17.50869 28.09837 -40.40237 -17.76325 26.77135 -40.63638 -16.41575 28.92507 -39.47463 -16.78799 27.59805 -39.70865 -15.44049 29.48419 -38.21356 -16.01836 28.15717 -38.44758 -14.67087 29.72531 -36.73286 -15.52377 28.39828 -36.96688 -14.17627 29.62668 -35.16604 -15.34879 28.29966 -35.40006 -14.00129 29.1972 -33.65441 -15.50922 27.87018 -33.88842 -14.16172 28.4756 -32.33425 -15.99059 27.14858 -32.56826 -14.64309 27.52695 -31.32461 -16.74949 26.19993 -31.55862 -15.40199 26.43678 -30.71653 -17.71749 25.10976 -30.95055 -16.36999 -9.981702 -44.46226 -21.89914 -9.682732 -44.63486 -23.77315 -9.880433 -44.62066 -21.85242 -9.292381 -44.96016 -23.63298 -9.793148 -44.76605 -21.78058 -8.948265 -45.25382 -23.41745 -9.718462 -44.90416 -21.68431 -8.641939 -45.52567 -23.12867 -9.690998 -44.96104 -21.63589 -8.524018 -45.63477 -22.98338 -3.768608 -34.70275 -21.63589 -2.601629 -35.37648 -22.98338 -3.840722 -34.56118 -21.74675 -2.904524 -35.10167 -23.31598 -3.928267 -34.4107 -21.83173 -3.253703 -34.80014 -23.57092 -4.021934 -34.26163 -21.88578 -3.616967 -34.49543 -23.73307 -4.121645 -34.10906 -21.91228 -3.998368 -34.18024 -23.81256 -5.689995 -42.94876 -19.177 -4.523015 -43.62248 -20.52449 -5.201198 -42.17966 -19.13822 -4.034217 -42.85339 -20.48571 -4.522028 -41.67032 -18.80469 -3.355049 -42.34405 -20.15219 -3.808078 -41.53742 -18.25284 -2.641098 -42.21115 -19.60034 -3.222903 -41.8114 -17.60907 -2.055923 -42.48513 -18.95657 -2.90056 -42.4295 -17.02087 -1.73358 -43.10323 -18.36837 -2.914895 -43.25012 -16.62298 -1.747915 -43.92385 -17.97048 -3.262623 -44.08526 -16.50657 -2.095643 -44.759 -17.85407 -3.864084 -44.74362 -16.69829 -2.697104 -45.41735 -18.04579 -4.58149 -45.07435 -17.15423 -3.41451 -45.74808 -18.50172 -5.250493 -45.0017 -17.76993 -4.083513 -45.67543 -19.11743 -5.717832 -44.5423 -18.40435 -4.550852 -45.21603 -19.75185 -5.876445 -43.80141 -18.91215 -4.709465 -44.47515 -20.25965 -7.611347 -47.38928 -18.62075 -6.444367 -48.06301 -19.96825 -5.555113 -48.74694 -18.85618 -6.722093 -48.07321 -17.50868 -4.445653 -49.01116 -17.76323 -5.612633 -48.33744 -16.41573 -3.216028 -48.83188 -16.78798 -4.383008 -48.15815 -15.44048 -1.977116 -48.22523 -16.01835 -3.144096 -47.5515 -14.67085 -0.8406334 -47.24594 -15.52375 -2.007613 -46.57221 -14.17625 0.09094196 -45.98229 -15.34878 -1.076038 -45.30856 -14.00128 0.7336079 -44.54825 -15.50921 -0.4333719 -43.87451 -14.16171 1.029414 -43.07311 -15.99058 -0.137566 -42.39938 -14.64308 0.9516863 -41.6899 -16.74948 -0.2152935 -41.01617 -15.40198 0.5074343 -40.52334 -17.71748 -0.6595456 -39.84961 -16.36998 -36.22632 -27.64382 -21.89914 -36.10825 -27.96822 -23.77315 -36.25056 -27.83026 -21.85242 -36.01831 -28.46832 -23.63298 -36.27716 -27.99774 -21.78058 -35.94347 -28.91448 -23.41745 -36.30872 -28.15155 -21.68431 -35.88355 -29.31962 -23.12867 -36.32424 -28.21277 -21.63589 -35.86334 -29.479 -22.98338 -25.19355 -24.16131 -21.63589 -24.73266 -25.42754 -22.98338 -25.15779 -24.0065 -21.74675 -24.78804 -25.02232 -23.31598 -25.12812 -23.83496 -21.83173 -24.86171 -24.56689 -23.57092 -25.10406 -23.66056 -21.88578 -24.94412 -24.09996 -23.73307 -25.08237 -23.47959 -21.91228 -25.03369 -23.61335 -23.81256 -32.86281 -30.06592 -18.71057 -32.40192 -31.33215 -20.05807 -32.30568 -29.45437 -19.09468 -31.84479 -30.7206 -20.44218 -31.4928 -29.05277 -19.19402 -31.03191 -30.319 -20.54152 -30.61038 -28.95312 -18.98584 -30.14949 -30.21935 -20.33334 -29.86058 -29.17826 -18.51782 -29.39968 -30.44449 -19.86532 -29.41517 -29.67661 -17.89718 -28.95427 -30.94284 -19.24468 -29.37618 -30.334 -17.26611 -28.91528 -31.60023 -18.61361 -29.75255 -30.99983 -16.76917 -29.29166 -32.26605 -18.11667 -30.45806 -31.52157 -16.52021 -29.99716 -32.78779 -17.8677 -31.33108 -31.77969 -16.57625 -30.87018 -33.04592 -17.92375 -32.17161 -31.71507 -16.92448 -31.71072 -32.98129 -18.27198 -32.7871 -31.3425 -17.4851 -32.32621 -32.60872 -18.83259 -33.03656 -30.74733 -18.12968 -32.57566 -32.01356 -19.47718 -36.29198 -31.40969 -18.62075 -35.83108 -32.67592 -19.96825 -35.5895 -33.77143 -18.85617 -36.05039 -32.50521 -17.50867 -34.90945 -34.687 -17.76323 -35.37034 -33.42077 -16.41573 -33.85225 -35.34004 -16.78797 -34.31314 -34.07381 -15.44047 -32.51325 -35.67168 -16.01835 -32.97414 -34.40546 -14.67085 -31.01317 -35.65201 -15.52375 -31.47407 -34.38578 -14.17625 -29.48729 -35.28281 -15.34877 -29.94818 -34.01658 -14.00127 -28.07319 -34.59737 -15.5092 -28.53409 -33.33114 -14.16171 -26.89839 -33.65748 -15.99057 -27.35929 -32.39126 -14.64307 -26.06882 -32.54792 -16.74947 -26.52972 -31.2817 -15.40197 -25.65929 -31.36873 -17.71747 -26.12018 -30.1025 -16.36997 -45.52019 2.109555 -21.89914 -45.63825 1.785155 -23.77315 -45.65859 1.982318 -21.85242 -45.89082 1.344246 -23.63298 -45.78662 1.871114 -21.78058 -46.12027 0.9543644 -23.41745 -45.90966 1.773579 -21.68431 -46.3348 0.6054877 -23.12867 -45.96091 1.736655 -21.63589 -46.42176 0.4704124 -22.98338 -34.83009 -2.314414 -21.63589 -35.29095 -3.580657 -22.98338 -34.70319 -2.218811 -21.74675 -35.0729 -3.234642 -23.31598 -34.5702 -2.106466 -21.83173 -34.83659 -2.838408 -23.57092 -34.43966 -1.988336 -21.88578 -34.59958 -2.42775 -23.73307 -34.30673 -1.863648 -21.91228 -34.35541 -1.99741 -23.81256 -45.20838 -2.574314 -17.84224 -45.66923 -3.840557 -19.18974 -44.79454 -2.057408 -18.46952 -45.25539 -3.32365 -19.81701 -44.06453 -1.806201 -18.95524 -44.52538 -3.072443 -20.30274 -43.18561 -1.878241 -19.18814 -43.64646 -3.144484 -20.53564 -42.35912 -2.257025 -19.11486 -42.81997 -3.523268 -20.46236 -41.7744 -2.855779 -18.75218 -42.23525 -4.122022 -20.09968 -41.5654 -3.537334 -18.18321 -42.02625 -4.803577 -19.53071 -41.78001 -4.145555 -17.53827 -42.24085 -5.411798 -18.88577 -42.36905 -4.541107 -16.96511 -42.8299 -5.807349 -18.31261 -43.19758 -4.633371 -16.59505 -43.65843 -5.899613 -17.94255 -44.07581 -4.401212 -16.51285 -44.53666 -5.667455 -17.86035 -44.80253 -3.897815 -16.73735 -45.26338 -5.164058 -18.08485 -45.21127 -3.238502 -17.21712 -45.67212 -4.504745 -18.56462 -47.99113 -0.7330628 -18.62075 -48.45198 -1.999305 -19.96825 -48.9711 -2.993812 -18.85617 -48.51025 -1.72757 -17.50867 -49.03866 -4.132301 -17.76323 -48.57781 -2.866058 -16.41573 -48.64858 -5.312112 -16.78797 -48.18772 -4.045869 -15.44048 -47.83601 -6.426859 -16.01835 -47.37516 -5.160616 -14.67085 -46.67425 -7.376023 -15.52375 -46.21339 -6.10978 -14.17625 -45.26803 -8.074017 -15.34878 -44.80718 -6.807774 -14.00128 -43.74417 -8.4579 -15.50921 -43.28333 -7.191656 -14.16171 -42.24008 -8.493057 -15.99058 -41.77923 -7.226814 -14.64308 -40.89139 -8.176318 -16.74948 -40.43053 -6.910075 -15.40198 -39.81969 -7.536243 -17.71748 -39.35884 -6.270001 -16.36998 -33.51461 30.87594 -21.89914 -33.81357 30.70333 -23.77315 -33.70243 30.86744 -21.85242 -34.29047 30.52792 -23.63298 -33.87198 30.86455 -21.78058 -34.71684 30.37674 -23.41745 -34.02893 30.86893 -21.68431 -35.10543 30.24738 -23.12867 -34.09192 30.87358 -21.63589 -35.25888 30.19981 -22.98338 -28.1692 20.61554 -21.63589 -29.33616 19.94177 -22.98338 -28.01054 20.6072 -21.74675 -28.94672 20.06667 -23.31598 -27.83645 20.60778 -21.83173 -28.511 20.21831 -23.57092 -27.66051 20.61436 -21.88578 -28.06547 20.38055 -23.73307 -27.47853 20.62443 -21.91228 -27.60181 20.55325 -23.81256 -36.80747 26.26201 -16.97831 -37.97444 25.58824 -18.32581 -36.51172 26.90358 -17.55524 -37.67868 26.22981 -18.90274 -35.94422 27.2103 -18.20007 -37.11118 26.53653 -19.54757 -35.23498 27.11189 -18.76507 -36.40194 26.43812 -20.11257 -34.54648 26.6309 -19.12082 -35.71344 25.95713 -20.46832 -34.03646 25.87752 -19.18582 -35.20341 25.20375 -20.53331 -33.82173 25.02434 -18.94517 -34.98869 24.35057 -20.29266 -33.95151 24.26682 -18.454 -35.11847 23.59305 -19.8015 -34.39606 23.77848 -17.82484 -35.56302 23.10471 -19.17234 -35.05353 23.67121 -17.20182 -36.22049 22.99744 -18.54932 -35.77332 23.96958 -16.72766 -36.94027 23.29581 -18.07516 -36.39052 24.60523 -16.511 -37.55747 23.93146 -17.8585 -36.76374 25.43255 -16.60145 -37.93069 24.75878 -17.94895 -37.23466 30.28667 -18.62076 -38.40161 29.6129 -19.96826 -39.43854 29.18475 -18.85618 -38.27158 29.85852 -17.50868 -40.22209 28.35604 -17.76324 -39.05514 29.02981 -16.41574 -40.68164 27.20151 -16.78799 -39.51468 27.87528 -15.44049 -40.77573 25.82526 -16.01836 -39.60877 26.49903 -14.67086 -40.49587 24.35139 -15.52376 -39.32891 25.02516 -14.17626 -39.86731 22.9128 -15.34879 -38.70035 23.58657 -14.00129 -38.94672 21.63921 -15.50922 -37.77977 22.31298 -14.16172 -37.81712 20.64547 -15.99059 -36.65016 21.31924 -14.64309 -36.58036 20.02117 -16.74949 -35.41341 20.69494 -15.40199 -35.34797 19.82263 -17.71749 -34.18101 20.4964 -16.36999 -5.827131 45.19525 -21.89914 -6.167105 45.25519 -23.77315 -5.97647 45.30946 -21.85242 -6.645174 45.42736 -23.63298 -6.108215 45.41623 -21.78058 -7.068975 45.58562 -23.41745 -6.225636 45.52047 -21.68431 -7.449804 45.7363 -23.12867 -6.270897 45.56453 -21.63589 -7.597929 45.7985 -22.98338 -8.327576 33.89936 -21.63589 -9.654607 34.13332 -22.98338 -8.211389 33.79098 -21.74675 -9.275986 33.97868 -23.31598 -8.077656 33.67952 -21.83173 -8.844738 33.81476 -23.57092 -7.938652 33.57147 -21.88578 -8.399161 33.65267 -23.73307 -7.792775 33.46221 -21.91228 -7.932959 33.48693 -23.81256 -11.96056 42.74024 -16.52302 -13.2876 42.9742 -17.87052 -11.56254 43.51976 -16.77965 -12.88957 43.75372 -18.12715 -10.96859 43.99614 -17.28187 -12.29562 44.23011 -18.62936 -10.31479 44.06026 -17.91461 -11.64182 44.29423 -19.26211 -9.750903 43.69742 -18.53293 -11.07793 43.9314 -19.88042 -9.40612 42.99075 -18.99517 -10.73315 43.22472 -20.34267 -9.359423 42.10213 -19.19545 -10.68645 42.3361 -20.54295 -9.62151 41.23514 -19.08788 -10.94854 41.46911 -20.43538 -10.13234 40.5884 -18.69711 -11.45937 40.82236 -20.04461 -10.77489 40.31005 -18.11265 -12.10192 40.54402 -19.46015 -11.40195 40.46388 -17.4684 -12.72899 40.69785 -18.8159 -11.86988 41.01464 -16.91194 -13.19692 41.24861 -18.25944 -12.07148 41.83616 -16.57077 -13.39851 42.07013 -17.91827 -9.055617 47.13503 -18.62077 -10.38265 47.369 -19.96827 -11.45219 47.70754 -18.8562 -10.12516 47.47357 -17.5087 -12.58511 47.57638 -17.76325 -11.25808 47.34241 -16.41576 -13.67926 46.98734 -16.788 -12.35223 46.75337 -15.4405 -14.63597 45.99355 -16.01837 -13.30894 45.75959 -14.67087 -15.36898 44.68461 -15.52377 -14.04195 44.45064 -14.17627 -15.81218 43.17856 -15.3488 -14.48515 42.94459 -14.0013 -15.92562 41.61119 -15.50923 -14.59859 41.37722 -14.16173 -15.69906 40.12385 -15.9906 -14.37203 39.88988 -14.6431 -15.15293 38.85063 -16.7495 -13.8259 38.61667 -15.402 -14.33649 37.90637 -17.7175 -13.00945 37.6724 -16.37 -1.601174 20.37179 -25.72627 -3.650886 21.17222 -25.72627 0.1168759 21.74668 -25.72627 -3.982548 23.34754 -25.72627 -0.2147858 23.922 -25.72627 -2.264497 24.72243 -25.72627 -1.601174 20.37179 -27.63191 0.1168759 21.74668 -27.63191 -3.650886 21.17222 -27.63191 -3.982548 23.34754 -27.63191 -2.264497 24.72243 -27.63191 -0.2147858 23.922 -27.63191 -1.399117 26.60935 -25.24985 -3.244328 26.42868 -25.24985 -2.386783 26.61903 -25.24985 -1.837658 26.64316 -25.24985 -3.348067 26.39208 -25.24985 -4.227104 25.94166 -25.24985 -5.432526 24.67756 -25.24985 -4.972805 25.29397 -25.24985 -4.492812 25.74604 -25.24985 -5.541835 24.48664 -25.24985 -5.901124 23.56659 -25.24985 -5.98318 21.92957 -25.24985 -6.029789 22.58729 -25.24985 -5.950125 23.35211 -25.24985 -5.920354 21.60566 -25.24985 -5.57918 20.67874 -25.24985 -5.527703 20.58152 -25.24985 -5.026093 19.8604 -25.24985 -4.638633 19.47054 -25.24985 -4.293237 19.19821 -25.24985 -3.423203 18.73064 -25.24985 -2.466554 18.48487 -25.24985 -0.6213436 18.66554 -25.24985 -1.478888 18.47519 -25.24985 -2.028013 18.45107 -25.24985 -0.5176039 18.70215 -25.24985 0.3614324 19.15256 -25.24985 1.566854 20.41666 -25.24985 1.107134 19.80025 -25.24985 0.6271407 19.34818 -25.24985 1.676164 20.60759 -25.24985 2.035452 21.52763 -25.24985 2.117508 23.16465 -25.24985 2.164117 22.50693 -25.24985 2.084453 21.74211 -25.24985 2.054683 23.48856 -25.24985 1.713508 24.41548 -25.24985 1.662032 24.51271 -25.24985 1.160421 25.23382 -25.24985 0.772961 25.62368 -25.24985 0.4275652 25.89601 -25.24985 -0.4424685 26.36358 -25.24985 1.967643 22.50886 -25.98547 1.845148 21.57652 -25.98547 0.9613486 19.93198 -25.98547 0.2514079 19.31535 -25.98547 -1.500658 18.67046 -25.98547 -5.833314 22.58536 -25.98547 -5.710819 23.5177 -25.98547 -4.82702 25.16224 -25.98547 -4.11708 25.77887 -25.98547 -2.365014 26.42376 -25.98547 -0.1944977 25.01344 -27.21226 -0.5605096 24.49415 -27.63191 -1.066343 24.76599 -27.63191 -3.671174 20.08078 -27.21226 -3.305162 20.60007 -27.63191 -2.799328 20.32823 -27.63191 -1.622534 24.90888 -27.63191 -0.8352417 25.35778 -27.21226 -1.539774 25.53878 -27.21226 -3.731241 20.98507 -27.63191 -4.210892 20.56846 -27.21226 -4.600634 20.22994 -26.65257 -0.1344306 24.10915 -27.63191 0.3452205 24.52576 -27.21226 0.7349625 24.86428 -26.65257 -4.052803 21.46085 -27.63191 -4.618217 21.17113 -27.21226 -5.077647 20.93572 -26.65257 -5.404314 20.76834 -25.98547 0.1871315 23.63337 -27.63191 0.7525462 23.92309 -27.21226 1.211976 24.1585 -26.65257 1.538643 24.32588 -25.98547 0.1029065 25.43539 -26.65257 -0.6474593 25.83865 -26.65257 -1.472527 26.05061 -26.65257 -3.968578 19.65883 -26.65257 -4.180041 19.35881 -25.98547 -4.877751 19.98925 -25.98547 -3.351731 18.91366 -25.98547 -3.218212 19.25557 -26.65257 -3.03043 19.73644 -27.21226 -2.243137 20.18535 -27.63191 -2.325898 19.55544 -27.21226 -2.393145 19.04361 -26.65257 -2.440959 18.67968 -25.98547 1.01208 25.10497 -25.98547 0.3143692 25.73541 -25.98547 -0.513941 26.18056 -25.98547 -1.424712 26.41454 -25.98547 -2.324346 26.05897 -26.65257 -2.267149 25.54591 -27.21226 -2.196759 24.91451 -27.63191 -3.280198 26.20769 -25.98547 -3.153411 25.86322 -26.65257 -2.975096 25.37877 -27.21226 -2.755645 24.78256 -27.63191 -3.266713 24.52069 -27.63191 -3.62247 25.04706 -27.21226 -3.911541 25.47476 -26.65257 -4.554677 24.91615 -26.65257 -4.171648 24.57006 -27.21226 -3.70026 24.14412 -27.63191 -5.368761 24.39362 -25.98547 -5.04544 24.21987 -26.65257 -4.590715 23.97549 -27.21226 -4.031092 23.67474 -27.63191 -4.23998 23.13983 -27.63191 -4.855316 23.29791 -27.21226 -5.355309 23.42636 -26.65257 -5.466278 22.58176 -26.65257 -4.950073 22.5767 -27.21226 -4.314785 22.57047 -27.63191 -5.729128 21.65081 -25.98547 -5.371896 21.73515 -26.65257 -4.869479 21.85377 -27.21226 -4.251161 21.99975 -27.63191 -1.541326 19.03525 -26.65257 -1.598522 19.5483 -27.21226 -1.668913 20.17971 -27.63191 -0.5854731 18.88653 -25.98547 -0.7122603 19.231 -26.65257 -0.8905758 19.71545 -27.21226 -1.110026 20.31167 -27.63191 -0.5989589 20.57353 -27.63191 -0.2432017 20.04716 -27.21226 0.04586988 19.61946 -26.65257 0.689005 20.17807 -26.65257 0.3059769 20.52416 -27.21226 -0.1654113 20.9501 -27.63191 1.50309 20.7006 -25.98547 1.179768 20.87436 -26.65257 0.725044 21.11873 -27.21226 0.1654199 21.41948 -27.63191 0.3743082 21.95439 -27.63191 0.9896447 21.79631 -27.21226 1.489638 21.66786 -26.65257 1.600606 22.51246 -26.65257 1.084401 22.51752 -27.21226 0.4491137 22.52375 -27.63191 1.863456 23.44342 -25.98547 1.506224 23.35907 -26.65257 1.003807 23.24045 -27.21226 0.3854889 23.09447 -27.63191 -22.65012 10.03202 -27.63191 -22.75474 10.34581 -27.63191 -22.51044 10.86551 -27.63191 -18.3045 10.54129 -27.63191 -18.14273 9.99029 -27.63191 -18.33499 9.167331 -27.63191 -22.14887 11.31164 -27.63191 -21.69104 11.65828 -27.63191 -21.19692 11.68435 -27.63191 -21.16356 11.88527 -27.63191 -20.59708 11.97944 -27.63191 -22.39168 8.161785 -27.63191 -22.68061 8.65806 -27.63191 -21.94576 7.947338 -27.63191 -22.84237 9.209057 -27.63191 -22.86757 9.782756 -27.63191 -20.02453 11.93531 -27.63191 -19.47917 11.75543 -27.63191 -19.03935 11.25201 -27.63191 -18.99271 11.45027 -27.63191 -18.59342 11.03756 -27.63191 -20.38802 7.219903 -27.63191 -20.96058 7.26404 -27.63191 -19.78819 7.514995 -27.63191 -21.50593 7.443915 -27.63191 -21.99239 7.749074 -27.63191 -18.11754 9.416591 -27.63191 -18.23036 8.853532 -27.63191 -18.47466 8.333836 -27.63191 -18.83623 7.887705 -27.63191 -19.29406 7.541069 -27.63191 -19.82154 7.314071 -27.63191 -16.61098 10.91117 -25.24985 -16.45086 10.27153 -25.24985 -16.64469 10.23931 -25.98547 -16.39651 9.504496 -25.24985 -16.40752 9.284771 -25.24985 -16.60342 9.299873 -25.98547 -16.67608 8.109307 -25.24985 -17.02178 7.422433 -25.24985 -17.18822 7.526845 -25.98547 -17.41598 6.893876 -25.24985 -17.64368 6.655089 -25.24985 -17.7803 6.7963 -25.98547 -18.52696 6.004806 -25.24985 -19.33842 5.668437 -25.24985 -19.39377 5.856965 -25.98547 -24.37413 8.288181 -25.24985 -24.53424 8.927813 -25.24985 -24.34042 8.960033 -25.98547 -24.5886 9.69485 -25.24985 -24.57758 9.914576 -25.24985 -24.38168 9.899475 -25.98547 -24.30902 11.09004 -25.24985 -23.96333 11.77691 -25.24985 -23.79688 11.6725 -25.98547 -23.56912 12.30547 -25.24985 -23.34142 12.54426 -25.24985 -23.2048 12.40305 -25.98547 -22.45815 13.19454 -25.24985 -21.64669 13.53091 -25.24985 -21.59134 13.34238 -25.98547 -19.2089 12.33039 -27.21226 -21.77621 6.868954 -27.21226 -19.8997 12.55824 -27.21226 -20.62496 12.61415 -27.21226 -22.39241 7.255503 -27.21226 -22.71745 6.854449 -26.65257 -18.59269 11.94384 -27.21226 -18.26766 12.3449 -26.65257 -22.8982 7.778286 -27.21226 -23.30977 7.466673 -26.65257 -23.60241 7.245108 -25.98547 -18.0869 11.42106 -27.21226 -17.67533 11.73267 -26.65257 -17.38269 11.95424 -25.98547 -18.98928 12.79758 -26.65257 -19.79827 13.06441 -26.65257 -20.64761 13.12988 -26.65257 -21.99582 6.401768 -26.65257 -22.15197 6.069586 -25.98547 -22.94856 6.56929 -25.98547 -21.25895 5.775038 -25.98547 -21.18683 6.134937 -26.65257 -21.0854 6.641105 -27.21226 -20.36014 6.585197 -27.21226 -20.33749 6.069465 -26.65257 -20.32139 5.702764 -25.98547 -18.03655 12.63006 -25.98547 -18.83313 13.12976 -25.98547 -19.72616 13.42431 -25.98547 -20.66372 13.49658 -25.98547 -21.11009 13.65002 -25.24985 -21.48794 12.99019 -26.65257 -21.34252 12.49487 -27.21226 -22.55396 13.14047 -25.24985 -22.4551 12.97067 -25.98547 -22.27042 12.65346 -26.65257 -22.01069 12.20733 -27.21226 -22.59063 11.76824 -27.21226 -22.94958 12.13925 -26.65257 -23.48594 11.47745 -26.65257 -23.04863 11.20312 -27.21226 -24.38352 10.88304 -25.24985 -24.19692 10.82149 -25.98547 -23.84834 10.70652 -26.65257 -23.35809 10.54482 -27.21226 -23.50101 9.831585 -27.21226 -24.01571 9.871263 -26.65257 -23.97833 9.020224 -26.65257 -23.46909 9.104876 -27.21226 -24.25601 7.980096 -25.24985 -24.07553 8.057766 -25.98547 -23.73837 8.202859 -26.65257 -23.26418 8.406922 -27.21226 -23.75906 7.126504 -25.24985 -23.69148 7.039696 -25.24985 -19.87501 5.549329 -25.24985 -20.31276 5.506469 -25.24985 -21.29755 5.582384 -25.24985 -22.23556 5.891769 -25.24985 -22.623 6.099983 -25.24985 -23.07227 6.416644 -25.24985 -19.49716 6.209155 -26.65257 -19.64258 6.70448 -27.21226 -18.43115 6.058874 -25.24985 -18.53001 6.228677 -25.98547 -18.71468 6.545889 -26.65257 -18.97442 6.99202 -27.21226 -18.39448 7.431108 -27.21226 -18.03553 7.060099 -26.65257 -17.49916 7.721899 -26.65257 -17.93647 7.996225 -27.21226 -16.60159 8.316309 -25.24985 -16.78818 8.377855 -25.98547 -17.13677 8.492829 -26.65257 -17.62702 8.654529 -27.21226 -17.4841 9.367761 -27.21226 -16.96939 9.328084 -26.65257 -17.00677 10.17912 -26.65257 -17.51602 10.09447 -27.21226 -16.72909 11.21925 -25.24985 -16.90958 11.14158 -25.98547 -17.24674 10.99649 -26.65257 -17.72092 10.79242 -27.21226 -17.22604 12.07284 -25.24985 -17.29362 12.15965 -25.24985 -20.67234 13.69288 -25.24985 -19.68755 13.61696 -25.24985 -18.74954 13.30758 -25.24985 -18.3621 13.09936 -25.24985 -17.91283 12.7827 -25.24985 -18.33499 9.167331 -25.72627 -19.03935 11.25201 -25.72627 -21.19692 11.68435 -25.72627 -22.65012 10.03202 -25.72627 -21.94576 7.947338 -25.72627 -19.78819 7.514995 -25.72627 -20.75946 -12.89611 -27.63191 -20.91699 -12.60525 -27.63191 -20.76665 -12.05103 -27.63191 -20.55091 -14.25449 -27.63191 -20.80589 -13.73995 -27.63191 -20.93033 -13.17935 -27.63191 -16.35974 -12.99835 -27.63191 -16.20221 -13.28921 -27.63191 -17.50394 -14.87793 -27.63191 -16.35256 -13.84343 -27.63191 -16.63117 -14.34557 -27.63191 -18.61494 -15.32865 -27.63191 -19.18324 -15.24621 -27.63191 -19.7038 -14.82681 -27.63191 -19.7153 -15.03016 -27.63191 -20.18019 -14.69305 -27.63191 -17.02185 -14.76644 -27.63191 -17.5019 -15.08159 -27.63191 -18.04342 -15.27269 -27.63191 -16.5683 -11.63997 -27.63191 -16.31331 -12.15451 -27.63191 -16.18887 -12.71511 -27.63191 -20.48804 -11.54889 -27.63191 -20.09736 -11.12802 -27.63191 -19.61526 -11.01654 -27.63191 -19.6173 -10.81287 -27.63191 -17.4154 -11.06765 -27.63191 -19.07578 -10.62177 -27.63191 -18.50426 -10.56581 -27.63191 -17.93596 -10.64825 -27.63191 -17.4039 -10.8643 -27.63191 -16.93901 -11.20141 -27.63191 -14.96473 -10.98163 -25.24985 -14.69598 -11.58375 -25.24985 -14.88127 -11.64913 -25.98547 -14.50926 -12.32969 -25.24985 -14.48195 -12.54799 -25.24985 -14.6775 -12.56714 -25.98547 -14.54231 -13.75223 -25.24985 -14.76348 -14.4887 -25.24985 -14.94553 -14.41478 -25.98547 -15.05991 -15.07768 -25.24985 -15.24269 -15.35238 -25.24985 -15.40176 -15.23704 -25.98547 -15.99962 -16.14616 -25.24985 -16.74035 -16.61833 -25.24985 -16.82759 -16.44228 -25.98547 -22.15447 -14.91283 -25.24985 -22.42322 -14.31072 -25.24985 -22.23793 -14.24533 -25.98547 -22.60994 -13.56477 -25.24985 -22.63725 -13.34647 -25.24985 -22.4417 -13.32732 -25.98547 -22.57689 -12.14223 -25.24985 -22.35572 -11.40576 -25.24985 -22.17367 -11.47968 -25.98547 -22.05929 -10.81678 -25.24985 -21.87651 -10.54208 -25.24985 -21.71744 -10.65742 -25.98547 -21.11958 -9.7483 -25.24985 -20.37885 -9.276132 -25.24985 -20.29161 -9.452185 -25.98547 -17.76963 -10.03509 -27.21226 -19.34957 -15.85937 -27.21226 -18.48951 -9.930664 -27.21226 -19.21346 -10.00154 -27.21226 -20.02354 -15.58569 -27.21226 -20.27399 -16.0371 -26.65257 -17.09567 -10.30877 -27.21226 -16.84521 -9.857364 -26.65257 -20.61242 -15.15868 -27.21226 -20.96363 -15.53703 -26.65257 -21.21335 -15.80605 -25.98547 -16.50678 -10.73578 -27.21226 -16.15557 -10.35743 -26.65257 -15.90585 -10.08842 -25.98547 -17.63448 -9.53687 -26.65257 -18.47751 -9.414573 -26.65257 -19.32532 -9.497581 -26.65257 -19.48472 -16.35759 -26.65257 -19.58082 -16.71184 -25.98547 -20.45207 -16.35806 -25.98547 -18.65021 -16.84684 -25.98547 -18.64169 -16.47989 -26.65257 -18.62969 -15.9638 -27.21226 -17.90575 -15.89292 -27.21226 -17.79388 -16.39688 -26.65257 -17.71434 -16.75522 -25.98547 -16.66713 -9.536405 -25.98547 -17.53838 -9.182619 -25.98547 -18.46899 -9.047617 -25.98547 -19.40486 -9.139248 -25.98547 -19.87109 -9.065655 -25.24985 -20.12862 -9.781069 -26.65257 -19.89941 -10.24362 -27.21226 -21.20454 -9.818183 -25.24985 -21.0777 -9.968241 -25.98547 -20.84074 -10.24856 -26.65257 -20.50749 -10.64282 -27.21226 -21.00237 -11.17594 -27.21226 -21.42029 -10.8729 -26.65257 -21.83359 -11.61778 -26.65257 -21.35528 -11.812 -27.21226 -22.61431 -12.35902 -25.24985 -22.41986 -12.38723 -25.98547 -22.05661 -12.43993 -26.65257 -21.54573 -12.51404 -27.21226 -21.56262 -13.24125 -27.21226 -22.0764 -13.29156 -26.65257 -21.8918 -14.12318 -26.65257 -21.405 -13.95138 -27.21226 -21.98465 -15.19572 -25.24985 -21.82039 -15.08789 -25.98547 -21.51355 -14.88645 -26.65257 -21.08201 -14.60315 -27.21226 -21.34702 -15.95005 -25.24985 -21.2654 -16.0238 -25.24985 -17.24811 -16.82881 -25.24985 -17.67177 -16.94703 -25.24985 -18.65478 -17.04328 -25.24985 -19.63226 -16.90147 -25.24985 -20.04997 -16.7637 -25.24985 -20.5474 -16.52987 -25.24985 -16.99058 -16.11339 -26.65257 -17.2198 -15.65084 -27.21226 -15.91466 -16.07628 -25.24985 -16.0415 -15.92622 -25.98547 -16.27846 -15.6459 -26.65257 -16.61171 -15.25164 -27.21226 -16.11683 -14.71852 -27.21226 -15.69891 -15.02157 -26.65257 -15.28561 -14.27668 -26.65257 -15.76392 -14.08246 -27.21226 -14.50489 -13.53544 -25.24985 -14.69934 -13.50723 -25.98547 -15.06259 -13.45453 -26.65257 -15.57347 -13.38042 -27.21226 -15.55658 -12.65321 -27.21226 -15.0428 -12.6029 -26.65257 -15.2274 -11.77128 -26.65257 -15.7142 -11.94308 -27.21226 -15.13455 -10.69874 -25.24985 -15.29881 -10.80657 -25.98547 -15.60565 -11.00801 -26.65257 -16.03719 -11.29131 -27.21226 -15.77218 -9.944413 -25.24985 -15.8538 -9.870658 -25.24985 -19.44744 -8.947432 -25.24985 -18.46442 -8.851187 -25.24985 -17.48694 -8.992988 -25.24985 -17.06923 -9.130761 -25.24985 -16.5718 -9.364595 -25.24985 -16.35974 -12.99835 -25.72627 -17.4154 -11.06765 -25.72627 -19.61526 -11.01654 -25.72627 -20.75946 -12.89611 -25.72627 -19.7038 -14.82681 -25.72627 -17.50394 -14.87793 -25.72627 -0.2422509 -22.87836 -27.63191 -0.4478911 -22.61927 -27.63191 -0.396072 -22.04736 -27.63191 0.1990176 -24.17989 -27.63191 -0.1414414 -23.71744 -27.63191 -0.3613374 -23.18696 -27.63191 4.108385 -22.21504 -27.63191 4.314025 -22.47413 -27.63191 4.262207 -23.04604 -27.63191 -0.2088919 -21.50447 -27.63191 0.1027711 -21.02215 -27.63191 0.5581806 -20.82865 -27.63191 0.5208043 -20.62843 -27.63191 1.020913 -20.3462 -27.63191 2.292102 -24.90155 -27.63191 1.718116 -24.91904 -27.63191 1.132636 -24.59641 -27.63191 1.156623 -24.79867 -27.63191 0.6402533 -24.54741 -27.63191 4.075026 -23.58893 -27.63191 3.763363 -24.07125 -27.63191 3.307954 -24.26475 -27.63191 3.34533 -24.46496 -27.63191 2.845221 -24.7472 -27.63191 3.667117 -20.91351 -27.63191 4.007576 -21.37595 -27.63191 4.227472 -21.90644 -27.63191 1.574033 -20.19185 -27.63191 2.148018 -20.17435 -27.63191 2.733499 -20.49699 -27.63191 2.709512 -20.29473 -27.63191 3.225881 -20.54598 -27.63191 5.131998 -19.98672 -25.24985 5.501222 -20.53302 -25.24985 5.330107 -20.62959 -25.98547 5.814642 -21.23521 -25.24985 5.879443 -21.44545 -25.24985 5.690189 -21.49826 -25.98547 6.029112 -22.64188 -25.24985 5.939187 -23.40556 -25.24985 5.747068 -23.36437 -25.98547 5.749537 -24.03707 -25.24985 5.617237 -24.33933 -25.24985 5.440558 -24.25336 -25.98547 5.009641 -25.2525 -25.24985 4.362159 -25.84612 -25.24985 4.245669 -25.68789 -25.98547 -1.265864 -25.10667 -25.24985 -1.635087 -24.56038 -25.24985 -1.463972 -24.46381 -25.98547 -1.948508 -23.85819 -25.24985 -2.013309 -23.64795 -25.24985 -1.824055 -23.59514 -25.98547 -2.162977 -22.45152 -25.24985 -2.073052 -21.68784 -25.24985 -1.880934 -21.72902 -25.98547 -1.883403 -21.05633 -25.24985 -1.751102 -20.75407 -25.24985 -1.574423 -20.84003 -25.98547 -1.143506 -19.8409 -25.24985 -0.4960252 -19.24728 -25.24985 -0.3795349 -19.40551 -25.98547 2.205348 -19.54162 -27.21226 1.660787 -25.55177 -27.21226 1.478275 -19.56379 -27.21226 0.7776331 -19.7593 -27.21226 0.9495377 -25.39929 -27.21226 0.7812702 -25.88732 -26.65257 2.916597 -19.69411 -27.21226 3.084864 -19.20607 -26.65257 0.295448 -25.08102 -27.21226 0.01527523 -25.51461 -26.65257 -0.1839352 -25.8229 -25.98547 3.570687 -20.01237 -27.21226 3.850859 -19.57879 -26.65257 4.050069 -19.2705 -25.98547 2.251931 -19.0275 -26.65257 1.400467 -19.05345 -26.65257 0.5799552 -19.28242 -26.65257 1.614203 -26.06589 -26.65257 1.581081 -26.43145 -25.98547 0.6616274 -26.23433 -25.98547 2.520992 -26.4028 -25.98547 2.465668 -26.03994 -26.65257 2.387859 -25.52961 -27.21226 3.088501 -25.33409 -27.21226 3.286179 -25.81097 -26.65257 3.426734 -26.15005 -25.98547 3.204507 -18.85906 -25.98547 2.285053 -18.66194 -25.98547 1.345143 -18.69059 -25.98547 0.4394009 -18.94334 -25.98547 -0.03252887 -18.95183 -25.24985 -0.1619183 -19.7011 -26.65257 0.1441408 -20.11681 -27.21226 -1.215042 -19.92448 -25.24985 -1.06407 -20.05023 -25.98547 -0.7820391 -20.28515 -26.65257 -0.3853856 -20.61554 -27.21226 -0.780172 -21.2265 -27.21226 -1.244368 -21.00063 -26.65257 -1.522035 -21.80597 -26.65257 -1.017275 -21.91418 -27.21226 -2.162181 -22.67152 -25.24985 -1.965788 -22.66553 -25.98547 -1.598905 -22.65435 -26.65257 -1.082914 -22.63862 -27.21226 -0.9732761 -23.35772 -27.21226 -1.470509 -23.49648 -26.65257 -1.14431 -24.28341 -26.65257 -0.6947318 -24.02969 -27.21226 -1.049498 -25.35578 -25.24985 -0.9064653 -25.22107 -25.98547 -0.6392645 -24.96941 -26.65257 -0.2634693 -24.61547 -27.21226 -0.2905728 -25.98793 -25.24985 -0.1973811 -26.04639 -25.24985 3.898663 -26.14157 -25.24985 3.501972 -26.33156 -25.24985 2.550606 -26.59704 -25.24985 1.563351 -26.62713 -25.24985 1.128065 -26.56399 -25.24985 0.5975824 -26.42008 -25.24985 4.028053 -25.3923 -26.65257 3.721994 -24.97658 -27.21226 5.081177 -25.16892 -25.24985 4.930205 -25.04317 -25.98547 4.648174 -24.80825 -26.65257 4.25152 -24.47786 -27.21226 4.646306 -23.8669 -27.21226 5.110502 -24.09276 -26.65257 5.38817 -23.28743 -26.65257 4.883409 -23.17922 -27.21226 6.028316 -22.42188 -25.24985 5.831923 -22.42786 -25.98547 5.465039 -22.43904 -26.65257 4.949049 -22.45477 -27.21226 4.83941 -21.73567 -27.21226 5.336644 -21.59692 -26.65257 5.010444 -20.80999 -26.65257 4.560866 -21.0637 -27.21226 4.915633 -19.73761 -25.24985 4.7726 -19.87233 -25.98547 4.505399 -20.12399 -26.65257 4.129603 -20.47793 -27.21226 4.156707 -19.10547 -25.24985 4.063516 -19.04701 -25.24985 0.3641619 -18.76184 -25.24985 1.315528 -18.49635 -25.24985 2.302783 -18.46626 -25.24985 2.738069 -18.52941 -25.24985 3.268552 -18.67331 -25.24985 4.108385 -22.21504 -25.72627 2.733499 -20.49699 -25.72627 0.5581806 -20.82865 -25.72627 -0.2422509 -22.87836 -25.72627 1.132636 -24.59641 -25.72627 3.307954 -24.26475 -25.72627 22.14512 -11.05246 -27.63191 22.21669 -11.24315 -27.63191 21.77319 -11.60794 -27.63191 19.06868 -11.50875 -27.63191 18.65309 -11.11245 -27.63191 18.4081 -10.30362 -27.63191 18.34442 -10.62821 -27.63191 18.1606 -10.08418 -27.63191 22.57746 -8.894898 -27.63191 22.82497 -9.114343 -27.63191 22.87325 -9.686563 -27.63191 18.42556 -8.415702 -27.63191 18.84045 -8.146059 -27.63191 18.76887 -7.955375 -27.63191 19.21237 -7.590584 -27.63191 21.25528 -11.85599 -27.63191 20.69305 -11.97289 -27.63191 20.06044 -11.75683 -27.63191 20.11919 -11.95184 -27.63191 19.56703 -11.79407 -27.63191 22.78318 -10.25371 -27.63191 22.56001 -10.78282 -27.63191 21.91689 -7.68977 -27.63191 22.33248 -8.086068 -27.63191 22.64115 -8.570306 -27.63191 18.11232 -9.51196 -27.63191 18.20238 -8.944813 -27.63191 19.73029 -7.34253 -27.63191 20.29252 -7.22563 -27.63191 20.92513 -7.441695 -27.63191 20.86638 -7.246676 -27.63191 21.41854 -7.404446 -27.63191 23.19858 -6.522687 -25.24985 23.65706 -6.996568 -25.24985 23.50531 -7.121384 -25.98547 24.08765 -7.633664 -25.24985 24.18798 -7.829458 -25.24985 24.01077 -7.914332 -25.98547 24.54313 -8.981722 -25.24985 24.58718 -9.749421 -25.24985 24.39083 -9.742218 -25.98547 24.51007 -10.40426 -25.24985 24.43227 -10.72491 -25.24985 24.24335 -10.67093 -25.98547 23.99247 -11.72971 -25.24985 23.45791 -12.42674 -25.24985 23.31571 -12.29115 -25.98547 17.78699 -12.67583 -25.24985 17.32851 -12.20195 -25.24985 17.48026 -12.07714 -25.98547 16.89792 -11.56486 -25.24985 16.79759 -11.36906 -25.24985 16.9748 -11.28419 -25.98547 16.44244 -10.2168 -25.24985 16.39839 -9.449102 -25.24985 16.59474 -9.456302 -25.98547 16.47549 -8.794259 -25.24985 16.5533 -8.473612 -25.24985 16.74222 -8.527593 -25.98547 16.99309 -7.468812 -25.24985 17.52766 -6.771777 -25.24985 17.66985 -6.907373 -25.98547 20.2391 -6.592561 -27.21226 20.74646 -12.60596 -27.21226 19.52692 -6.74064 -27.21226 18.87088 -7.054852 -27.21226 20.01954 -12.5793 -27.21226 19.93858 -13.08914 -26.65257 20.96602 -6.61922 -27.21226 21.04699 -6.109379 -26.65257 19.32012 -12.37945 -27.21226 19.1195 -12.8551 -26.65257 18.97685 -13.1933 -25.98547 21.66544 -6.819069 -27.21226 21.86607 -6.343419 -26.65257 22.00872 -6.005218 -25.98547 20.1957 -6.078158 -26.65257 19.36168 -6.251572 -26.65257 18.59339 -6.619541 -26.65257 20.78987 -13.12036 -26.65257 20.82073 -13.48612 -25.98547 19.88101 -13.45165 -25.98547 21.74138 -13.29469 -25.98547 21.62389 -12.94695 -26.65257 21.45864 -12.45788 -27.21226 22.11469 -12.14367 -27.21226 22.39217 -12.57898 -26.65257 22.58947 -12.8885 -25.98547 21.10456 -5.746868 -25.98547 20.16484 -5.712404 -25.98547 19.24419 -5.903831 -25.98547 18.39609 -6.310022 -25.98547 17.93281 -6.40033 -25.24985 17.93549 -7.16068 -26.65257 18.30909 -7.516935 -27.21226 16.93716 -7.56354 -25.24985 17.10767 -7.661165 -25.98547 17.42621 -7.843541 -26.65257 17.87421 -8.100036 -27.21226 17.59152 -8.770267 -27.21226 17.09515 -8.628437 -26.65257 16.96154 -9.469756 -26.65257 17.47743 -9.488676 -27.21226 16.48143 -10.43332 -25.24985 16.6738 -10.39332 -25.98547 17.03316 -10.3186 -26.65257 17.53858 -10.21351 -27.21226 17.77143 -10.90265 -27.21226 17.30584 -11.12564 -26.65257 17.76374 -11.84397 -26.65257 18.16243 -11.51603 -27.21226 18.04332 -12.88358 -25.24985 18.16079 -12.72608 -25.98547 18.38023 -12.43184 -26.65257 18.68886 -12.01803 -27.21226 18.90049 -13.37434 -25.24985 19.00242 -13.41573 -25.24985 23.05276 -12.79819 -25.24985 22.69509 -13.05418 -25.24985 21.80428 -13.48084 -25.24985 20.83724 -13.6819 -25.24985 20.39761 -13.6953 -25.24985 19.85019 -13.64571 -25.24985 23.05007 -12.03784 -26.65257 22.67648 -11.68159 -27.21226 24.04841 -11.63498 -25.24985 23.8779 -11.53736 -25.98547 23.55936 -11.35498 -26.65257 23.11136 -11.09848 -27.21226 23.39405 -10.42825 -27.21226 23.89042 -10.57008 -26.65257 24.02402 -9.728767 -26.65257 23.50814 -9.709847 -27.21226 24.50414 -8.765203 -25.24985 24.31177 -8.805202 -25.98547 23.9524 -8.879922 -26.65257 23.44698 -8.985012 -27.21226 23.21414 -8.295874 -27.21226 23.67972 -8.072884 -26.65257 23.22183 -7.354553 -26.65257 22.82314 -7.682485 -27.21226 22.94225 -6.314938 -25.24985 22.82478 -6.472441 -25.98547 22.60534 -6.766676 -26.65257 22.29671 -7.180492 -27.21226 22.08508 -5.824179 -25.24985 21.98315 -5.782791 -25.24985 18.29048 -6.144337 -25.24985 19.18129 -5.717685 -25.24985 20.14832 -5.516616 -25.24985 20.58796 -5.503216 -25.24985 21.13537 -5.552815 -25.24985 22.57746 -8.894898 -25.72627 20.92513 -7.441695 -25.72627 18.84045 -8.146059 -25.72627 18.4081 -10.30362 -25.72627 20.06044 -11.75683 -25.72627 22.14512 -11.05246 -25.72627 19.70262 10.8576 -27.63191 19.16923 10.64485 -27.63191 18.50871 10.74778 -27.63191 18.60043 10.56593 -27.63191 18.02927 10.62542 -27.63191 17.48894 10.81987 -27.63191 17.01085 11.13798 -27.63191 16.62914 11.89198 -27.63191 16.62278 11.56126 -27.63191 16.34729 12.06511 -27.63191 16.20037 12.62026 -27.63191 20.49053 14.00331 -27.63191 20.77238 13.83017 -27.63191 20.91929 13.27503 -27.63191 20.92908 12.70086 -27.63191 20.80117 12.14103 -27.63191 20.43941 11.80344 -27.63191 20.54301 11.62809 -27.63191 20.16959 11.19182 -27.63191 19.63072 15.07542 -27.63191 20.10881 14.75731 -27.63191 20.49689 14.33403 -27.63191 16.19058 13.19442 -27.63191 16.31849 13.75425 -27.63191 16.68025 14.09184 -27.63191 16.57665 14.2672 -27.63191 18.61095 15.14751 -27.63191 16.95007 14.70346 -27.63191 17.41704 15.03768 -27.63191 17.95043 15.25044 -27.63191 18.51923 15.32936 -27.63191 19.09039 15.26987 -27.63191 20.69028 16.44734 -25.24985 21.22408 16.06027 -25.24985 21.09631 15.91099 -25.98547 21.75876 15.50762 -25.24985 21.89156 15.33222 -25.24985 21.73179 15.21787 -25.98547 22.44141 14.25914 -25.24985 22.6181 13.51075 -25.24985 22.42348 13.48374 -25.98547 22.65588 12.85247 -25.24985 22.63494 12.52318 -25.24985 22.43951 12.54354 -25.98547 22.3763 11.45728 -25.24985 21.9709 10.678 -25.24985 21.80732 10.78685 -25.98547 16.42938 9.447954 -25.24985 15.89558 9.835022 -25.24985 16.02335 9.984292 -25.98547 15.3609 10.38767 -25.24985 15.2281 10.56307 -25.24985 15.38788 10.67742 -25.98547 14.67826 11.63615 -25.24985 14.50156 12.38454 -25.24985 14.69618 12.41154 -25.98547 14.46379 13.04282 -25.24985 14.48473 13.37211 -25.24985 14.68015 13.35175 -25.98547 14.74336 14.43801 -25.24985 15.14876 15.21728 -25.24985 15.31235 15.10844 -25.98547 17.7879 15.86461 -27.21226 19.33177 10.03067 -27.21226 17.11225 15.59511 -27.21226 16.52073 15.17175 -27.21226 18.61126 9.9307 -27.21226 18.62006 9.414545 -26.65257 18.5084 15.96459 -27.21226 18.49961 16.48074 -26.65257 17.88776 10.00606 -27.21226 17.77278 9.502797 -26.65257 17.69103 9.144964 -25.98547 19.2319 15.88923 -27.21226 19.34688 16.39249 -26.65257 19.42864 16.75032 -25.98547 17.65583 16.36366 -26.65257 16.86459 16.04806 -26.65257 16.17187 15.55227 -26.65257 19.46383 9.531623 -26.65257 19.55774 9.176785 -25.98547 18.62631 9.047544 -25.98547 20.43116 9.525173 -25.98547 20.25507 9.847228 -26.65257 20.00741 10.30017 -27.21226 20.59893 10.72353 -27.21226 20.94779 10.34302 -26.65257 21.19584 10.07246 -25.98547 18.49335 16.84774 -25.98547 17.56193 16.7185 -25.98547 16.6885 16.37011 -25.98547 15.92382 15.82282 -25.98547 15.48326 15.65344 -25.24985 15.61794 14.90511 -26.65257 16.04772 14.61914 -27.21226 14.70472 14.33501 -25.24985 14.8896 14.26848 -25.98547 15.23497 14.14418 -26.65257 15.7207 13.96938 -27.21226 15.55869 13.26024 -27.21226 15.04523 13.31372 -26.65257 15.05975 12.46199 -26.65257 15.57108 12.53294 -27.21226 14.75425 11.42969 -25.24985 14.93675 11.50249 -25.98547 15.27768 11.63848 -26.65257 15.75718 11.82973 -27.21226 16.10615 11.1915 -27.21226 15.68636 10.89105 -26.65257 16.26203 10.26314 -26.65257 16.59772 10.65533 -27.21226 16.7179 9.287873 -25.24985 16.80623 9.463381 -25.98547 16.97125 9.791252 -26.65257 17.20332 10.25237 -27.21226 17.64726 8.953415 -25.24985 17.75483 8.930355 -25.24985 21.6364 10.24185 -25.24985 21.32862 9.927635 -25.24985 20.52543 9.352777 -25.24985 19.608 8.986839 -25.24985 19.17737 8.8973 -25.24985 18.62966 8.851089 -25.24985 21.50173 10.99018 -26.65257 21.07194 11.27615 -27.21226 22.41494 11.56028 -25.24985 22.23006 11.62681 -25.98547 21.88469 11.7511 -26.65257 21.39896 11.92591 -27.21226 21.56098 12.63504 -27.21226 22.07443 12.58156 -26.65257 22.05991 13.4333 -26.65257 21.54858 13.36235 -27.21226 22.36541 14.46559 -25.24985 22.18291 14.3928 -25.98547 21.84198 14.25681 -26.65257 21.36249 14.06555 -27.21226 21.01351 14.70379 -27.21226 21.4333 15.00424 -26.65257 20.85763 15.63214 -26.65257 20.52194 15.23996 -27.21226 20.40176 16.60741 -25.24985 20.31343 16.43191 -25.98547 20.14842 16.10404 -26.65257 19.91634 15.64291 -27.21226 19.4724 16.94187 -25.24985 19.36483 16.96493 -25.24985 15.79104 15.96765 -25.24985 16.59424 16.54251 -25.24985 17.51166 16.90845 -25.24985 17.94229 16.99799 -25.24985 18.49 17.0442 -25.24985 20.49053 14.00331 -25.72627 18.61095 15.14751 -25.72627 16.68025 14.09184 -25.72627 16.62914 11.89198 -25.72627 18.50871 10.74778 -25.72627 20.43941 11.80344 -25.72627 -10.8 0 -23.82061 -10.8 0 23.82067 11.89673 20.77144 -21.91496 11.55584 21.77526 -21.91496 9.527288 20.52659 -21.91496 11.76832 19.71913 -21.91496 9.238756 18.16206 -21.91496 10.29326 18.27103 -21.91496 11.19605 18.82674 -21.91496 7.157841 20.28173 -21.91496 7.49873 19.27791 -21.91496 8.2414 18.52141 -21.91496 8.761317 22.78214 -21.91496 7.858524 22.22643 -21.91496 7.28625 21.33404 -21.91496 10.81317 22.53176 -21.91496 9.815819 22.89111 -21.91496 9.41279 22.61967 -14.29236 10.33228 22.46207 -14.29236 9.527288 20.52659 -14.29236 8.515973 22.36271 -14.29236 7.512156 19.9492 -14.29236 7.4612 20.88071 -14.29236 7.819458 21.74209 -14.29236 9.641785 18.4335 -14.29236 8.72229 18.5911 -14.29236 7.962234 19.13205 -14.29236 11.59337 20.17246 -14.29236 11.23512 19.31108 -14.29236 10.5386 18.69046 -14.29236 11.09234 21.92112 -14.29236 11.54242 21.10397 -14.29236 9.815819 22.89111 -14.00651 10.44206 22.726 -14.00651 10.81317 22.53176 -14.00651 11.30576 22.11128 -14.00651 11.55584 21.77526 -14.00651 11.81721 21.1827 -14.00651 11.89673 20.77144 -14.00651 11.87511 20.12417 -14.00651 11.76832 19.71913 -14.00651 11.468 19.14533 -14.00651 11.19605 18.82674 -14.00651 10.67651 18.44008 -14.00651 10.29326 18.27103 -14.00651 9.657399 18.14808 -14.00651 9.238756 18.16206 -14.00651 8.612517 18.32717 -14.00651 8.2414 18.52141 -14.00651 7.748817 18.94188 -14.00651 7.49873 19.27791 -14.00651 7.237365 19.87047 -14.00651 7.157841 20.28173 -14.00651 7.179461 20.929 -14.00651 7.28625 21.33404 -14.00651 7.586572 21.90784 -14.00651 7.858524 22.22643 -14.00651 8.378066 22.61309 -14.00651 8.761317 22.78214 -14.00651 9.397176 22.90509 -14.00651 20.88352 13.25784 21.91502 20.75511 12.20553 21.91502 18.51408 13.01298 21.91502 20.54263 14.26166 21.91502 17.74811 15.26854 21.91502 18.80261 15.37751 21.91502 19.79997 15.01816 21.91502 16.14463 12.76813 21.91502 16.27304 13.82044 21.91502 16.84531 14.71283 21.91502 18.22555 10.64846 21.91502 17.22819 11.00781 21.91502 16.48552 11.76431 21.91502 20.18284 11.31314 21.91502 19.28005 10.75743 21.91502 20.48793 14.34645 14.00656 18.22555 10.64846 14.06527 17.65512 10.79118 14.05007 17.22819 11.00781 14.03571 16.78426 11.37531 14.01695 16.58598 11.61418 14.00656 20.18284 11.31314 14.08521 19.66458 10.92718 14.08586 19.28005 10.75743 14.08304 18.67911 10.63664 14.07455 20.85028 12.54779 14.06354 20.75511 12.20553 14.0713 20.43499 11.60433 14.08196 20.54263 14.26166 14.00994 20.82539 13.58923 14.03397 20.88352 13.25784 14.04432 20.48793 14.34645 -21.91496 19.79997 15.01816 -21.91496 18.80261 15.37751 -21.91496 17.74811 15.26854 -21.91496 16.84531 14.71283 -21.91496 16.27304 13.82044 -21.91496 16.14955 13.30152 -21.91496 16.14463 12.76813 -21.91496 16.25852 12.24701 -21.91496 16.48552 11.76431 -21.91496 16.58598 11.61418 -21.91496 17.55418 14.78688 14.29241 16.85576 14.1684 14.29241 18.55983 12.94764 14.29241 18.45178 15.04107 14.29241 20.57673 13.51881 14.29241 20.12917 14.33735 14.29241 19.37079 14.88064 14.29241 19.56549 11.10841 14.29241 20.26391 11.72689 14.29241 20.62482 12.58715 14.29241 16.99049 11.55793 14.29241 17.74888 11.01465 14.29241 18.66788 10.85421 14.29241 16.49485 13.30813 14.29241 16.54293 12.37647 14.29241 20.34318 14.52686 14.00656 19.70009 15.03907 -21.91496 18.69111 15.32609 -21.91496 19.48137 15.14423 14.00656 19.70009 15.03907 14.00656 17.65668 15.15185 -21.91496 18.43705 15.32654 14.00656 18.69111 15.32609 14.00656 16.79739 14.55015 -21.91496 17.41704 15.03768 14.00656 17.65668 15.15185 14.00656 16.21326 13.35729 14.00656 16.2799 13.63768 14.00656 16.2799 13.63768 -21.91496 16.62338 14.33487 14.00656 16.79739 14.55015 14.00656 16.2175 13.38087 -21.91496 16.18392 13.11873 -21.91496 16.20456 12.59138 14.00656 16.20456 12.59138 -21.91496 16.2679 12.29858 14.00656 24.90951 2.257481 -21.91496 24.56862 3.261296 -21.91496 22.54007 2.012623 -21.91496 24.7811 1.205168 -21.91496 22.25153 -0.3519023 -21.91496 23.30604 -0.2429301 -21.91496 24.20883 0.3127821 -21.91496 20.17062 1.767764 -21.91496 20.51151 0.7639489 -21.91496 21.25418 0.007448613 -21.91496 21.77409 4.268176 -21.91496 20.8713 3.712463 -21.91496 20.29903 2.820077 -21.91496 23.82595 4.017797 -21.91496 22.8286 4.377148 -21.91496 22.09515 4.061079 -14.29236 23.02801 4.051259 -14.29236 22.54007 2.012623 -14.29236 21.25042 3.665177 -14.29236 20.64197 1.123039 -14.29236 20.44396 2.034688 -14.29236 20.66112 2.941967 -14.29236 22.98498 -0.03583395 -14.29236 22.05213 -0.02601385 -14.29236 21.21592 0.3875832 -14.29236 24.63617 1.990557 -14.29236 24.41901 1.083278 -14.29236 23.82971 0.3600678 -14.29236 23.86422 3.637662 -14.29236 24.43816 2.902206 -14.29236 22.8286 4.377148 -14.00651 23.09454 4.329255 -14.00651 23.82595 4.017797 -14.00651 24.04478 3.859258 -14.00651 24.56862 3.261296 -14.00651 24.69699 3.023513 -14.00651 24.90951 2.257481 -14.00651 24.922 1.987548 -14.00651 24.7811 1.205168 -14.00651 24.67523 0.9565497 -14.00651 24.20883 0.3127821 -14.00651 24.00557 0.1347194 -14.00651 23.30604 -0.2429301 -14.00651 23.04565 -0.315169 -14.00651 22.25153 -0.3519023 -14.00651 21.98559 -0.3040097 -14.00651 21.25418 0.007448613 -14.00651 21.03535 0.1659869 -14.00651 20.51151 0.7639489 -14.00651 20.38314 1.001732 -14.00651 20.17062 1.767764 -14.00651 20.15814 2.037697 -14.00651 20.29903 2.820077 -14.00651 20.4049 3.068696 -14.00651 20.8713 3.712463 -14.00651 21.07456 3.890526 -14.00651 21.77409 4.268176 -14.00651 22.03448 4.340415 -14.00651 22.89594 -9.282107 21.91502 22.76753 -10.33442 21.91502 20.52649 -9.526966 21.91502 22.55505 -8.278292 21.91502 19.76052 -7.271412 21.91502 20.81503 -7.16244 21.91502 21.81238 -7.521791 21.91502 18.15705 -9.771823 21.91502 18.28546 -8.719511 21.91502 18.85773 -7.827125 21.91502 20.23796 -11.89149 21.91502 19.24061 -11.53214 21.91502 18.49794 -10.77564 21.91502 22.19526 -11.22681 21.91502 21.29246 -11.78252 21.91502 18.16459 -9.836232 14.04841 18.15705 -9.771821 14.04653 18.2609 -8.791219 14.01498 18.28546 -8.719511 14.01244 18.35104 -8.556587 14.00656 18.35104 -8.556587 -21.91496 18.85773 -7.827125 -21.91496 22.19526 -11.22681 14.03335 22.45863 -10.9202 14.02021 22.66824 -10.56964 14.00656 18.15758 -9.277055 14.0313 18.84006 -11.20927 14.08133 18.51937 -10.8098 14.07351 18.49794 -10.77564 14.07275 18.28182 -10.32427 14.06183 19.24659 -11.53596 14.08563 19.70897 -11.76435 14.08603 20.23796 -11.89149 14.08228 20.74329 -11.89914 14.07514 21.23663 -11.80071 14.0649 22.13847 -11.28075 14.03582 21.74101 -11.57615 14.05064 21.29246 -11.78252 14.06353 19.76052 -7.271412 -21.91496 20.81503 -7.16244 -21.91496 21.81238 -7.521791 -21.91496 22.55505 -8.278292 -21.91496 22.66824 -10.56964 -21.91496 22.76753 -10.33442 -21.91496 22.89102 -9.815498 -21.91496 22.89594 -9.282107 -21.91496 19.82179 -7.613338 14.29241 19.02658 -8.10114 14.29241 20.49278 -9.599261 14.29241 20.7499 -7.518872 14.29241 22.57822 -9.386997 14.29241 22.2796 -8.503179 14.29241 21.62708 -7.836452 14.29241 21.16378 -11.58518 14.29241 21.95899 -11.09738 14.29241 22.4638 -10.31286 14.29241 18.70596 -10.69534 14.29241 19.35849 -11.36207 14.29241 20.23567 -11.67965 14.29241 18.52177 -8.885664 14.29241 18.40734 -9.811525 14.29241 22.73257 -10.41017 14.00656 22.82851 -10.06681 -21.91496 22.87414 -9.54104 14.00656 22.87414 -9.54104 -21.91496 22.8626 -9.358053 14.00656 22.61822 -8.523731 -21.91496 22.61822 -8.523731 14.00656 22.52326 -8.353713 14.00656 21.95011 -7.715001 -21.91496 21.95011 -7.715001 14.00656 21.78176 -7.596069 14.00656 20.99938 -7.271689 -21.91496 20.99938 -7.271689 14.00656 20.78496 -7.235183 14.00656 19.95041 -7.279766 -21.91496 19.95041 -7.279766 14.00656 19.73029 -7.34253 14.00656 19.00662 -7.737666 -21.91496 19.00662 -7.737666 14.00656 18.82664 -7.896852 14.00656 15.38234 -18.2689 -21.91496 15.04145 -17.26508 -21.91496 13.01289 -18.51375 -21.91496 15.25393 -19.32121 -21.91496 12.72436 -20.87828 -21.91496 13.77887 -20.76931 -21.91496 14.68166 -20.2136 -21.91496 10.64345 -18.75861 -21.91496 10.98434 -19.76243 -21.91496 11.72701 -20.51893 -21.91496 12.24692 -16.2582 -21.91496 11.34413 -16.81391 -21.91496 10.77186 -17.7063 -21.91496 14.29878 -16.50858 -21.91496 13.30143 -16.14923 -21.91496 12.31077 -16.53862 -14.29236 13.23728 -16.42958 -14.29236 13.01289 -18.51375 -14.29236 11.52332 -17.03886 -14.29236 11.24352 -19.63779 -14.29236 10.93105 -18.75877 -14.29236 11.03091 -17.83123 -14.29236 13.71502 -20.48889 -14.29236 12.78851 -20.59793 -14.29236 11.90644 -20.29417 -14.29236 15.09474 -18.26874 -14.29236 14.99488 -19.19628 -14.29236 14.50247 -19.98865 -14.29236 14.11934 -16.73334 -14.29236 14.78227 -17.38973 -14.29236 12.24692 -16.2582 -14.00651 13.26787 -16.14538 -14.00651 13.30143 -16.14923 -14.00651 14.27022 -16.49055 -14.00651 14.29878 -16.50858 -14.00651 15.02354 -17.23645 -14.00651 15.04145 -17.26508 -14.00651 15.37863 -18.23533 -14.00651 15.38234 -18.2689 -14.00651 15.26515 -19.28936 -14.00651 15.25393 -19.32121 -14.00651 14.70559 -20.18977 -14.00651 14.68166 -20.2136 -14.00651 13.81077 -20.75822 -14.00651 13.77887 -20.76931 -14.00651 13.25775 -20.8832 -14.00651 12.75791 -20.88213 -14.00651 12.72436 -20.87828 -14.00651 11.75556 -20.53696 -14.00651 11.72701 -20.51893 -14.00651 11.00224 -19.79106 -14.00651 10.98434 -19.76243 -14.00651 10.64716 -18.79218 -14.00651 10.64345 -18.75861 -14.00651 10.76064 -17.73815 -14.00651 10.77186 -17.7063 -14.00651 11.3202 -16.83774 -14.00651 11.34413 -16.81391 -14.00651 12.21502 -16.26929 -14.00651 4.381978 -22.29488 21.91502 4.253569 -23.3472 21.91502 2.012532 -22.53974 21.91502 4.041089 -21.29107 21.91502 1.246562 -20.28419 21.91502 2.301064 -20.17522 21.91502 3.298419 -20.53457 21.91502 -0.3569137 -22.7846 21.91502 -0.2285048 -21.73229 21.91502 0.3437688 -20.8399 21.91502 1.724 -24.90427 21.91502 0.7266448 -24.54492 21.91502 -0.01602464 -23.78842 21.91502 3.681295 -24.23958 21.91502 2.778503 -24.7953 21.91502 1.765177 -20.17056 14.00656 1.765177 -20.17056 -21.91496 2.301064 -20.17522 -21.91496 2.180422 -24.91588 14.00656 1.246562 -20.28419 14.02426 1.575008 -20.19821 14.013 -0.07479405 -21.39201 14.07242 0.3437688 -20.8399 14.05646 0.6105314 -20.61396 14.04672 -0.3640669 -22.37848 14.08534 -0.2285048 -21.73229 14.07872 -0.2116098 -23.39264 14.08315 -0.3569137 -22.7846 14.08632 0.3563293 -24.25182 14.06622 -0.01602464 -23.78842 14.0776 1.724 -24.90427 14.02181 1.243928 -24.7944 14.03765 0.7266448 -24.54492 14.05446 2.819986 -20.29871 -21.91496 3.298419 -20.53457 -21.91496 4.041089 -21.29107 -21.91496 4.381978 -22.29488 -21.91496 4.253569 -23.3472 -21.91496 2.180422 -24.91588 -21.91496 2.778503 -24.7953 -21.91496 3.261206 -24.5683 -21.91496 3.681295 -24.23958 -21.91496 1.617117 -20.47443 14.29241 0.7492821 -20.81674 14.29241 1.933067 -22.5467 14.29241 2.54753 -20.54256 14.29241 4.023685 -22.69979 14.29241 3.883074 -21.77755 14.29241 3.35624 -21.00764 14.29241 2.249017 -24.61897 14.29241 3.116852 -24.27666 14.29241 3.750224 -23.59172 14.29241 -0.01693999 -23.31585 14.29241 0.509894 -24.08576 14.29241 1.318605 -24.55083 14.29241 0.1159104 -21.50168 14.29241 -0.1575511 -22.3936 14.29241 2.292102 -24.90155 14.00656 2.696018 -24.80327 -21.91496 3.174165 -24.5799 14.00656 3.174165 -24.5799 -21.91496 3.278278 -24.51257 14.00656 3.92722 -23.84961 -21.91496 3.92722 -23.84961 14.00656 3.998018 -23.73422 14.00656 4.293546 -22.86665 -21.91496 4.293546 -22.86665 14.00656 4.30877 -22.72067 14.00656 4.202101 -21.82164 -21.91496 4.202101 -21.82164 14.00656 4.148984 -21.67266 14.00656 3.670619 -20.91724 -21.91496 3.670619 -20.91724 14.00656 3.55031 -20.79777 14.00656 3.269188 -20.57464 -21.91496 2.802172 -20.32884 14.00656 2.802172 -20.32884 -21.91496 2.63132 -20.26927 14.00656 -7.15761 -20.28131 -21.91496 -7.498498 -19.2775 -21.91496 -9.527056 -20.52617 -21.91496 -7.286019 -21.33363 -21.91496 -9.815588 -22.8907 -21.91496 -8.761085 -22.78173 -21.91496 -7.858292 -22.22601 -21.91496 -11.8965 -20.77103 -21.91496 -11.55561 -21.77485 -21.91496 -10.81294 -22.53135 -21.91496 -10.29303 -18.27062 -21.91496 -11.19582 -18.82633 -21.91496 -11.76809 -19.71872 -21.91496 -8.241168 -18.521 -21.91496 -9.238524 -18.16165 -21.91496 -10.41023 -18.62509 -14.29236 -9.49792 -18.43016 -14.29236 -9.527056 -20.52617 -14.29236 -11.14762 -19.19655 -14.29236 -11.18395 -21.81024 -14.29236 -11.577 -20.96417 -14.29236 -11.56404 -20.03136 -14.29236 -8.64388 -22.42726 -14.29236 -9.556192 -22.62219 -14.29236 -10.46273 -22.40197 -14.29236 -7.47711 -20.08817 -14.29236 -7.490077 -21.02098 -14.29236 -7.906492 -21.85579 -14.29236 -8.59138 -18.65037 -14.29236 -7.87016 -19.24211 -14.29236 -10.29303 -18.27062 -14.00651 -9.493947 -18.14434 -14.00651 -9.238524 -18.16165 -14.00651 -8.463788 -18.39458 -14.00651 -8.241168 -18.521 -14.00651 -7.64422 -19.06701 -14.00651 -7.498498 -19.2775 -14.00651 -7.197572 -20.02844 -14.00651 -7.15761 -20.28131 -14.00651 -7.212306 -21.08846 -14.00651 -7.286019 -21.33363 -14.00651 -7.685506 -22.03711 -14.00651 -7.858292 -22.22601 -14.00651 -8.523447 -22.6865 -14.00651 -8.761085 -22.78173 -14.00651 -9.560165 -22.90801 -14.00651 -9.815588 -22.8907 -14.00651 -10.59032 -22.65776 -14.00651 -10.81294 -22.53135 -14.00651 -11.40989 -21.98534 -14.00651 -11.55561 -21.77485 -14.00651 -11.85654 -21.0239 -14.00651 -11.8965 -20.77103 -14.00651 -11.8418 -19.96389 -14.00651 -11.76809 -19.71872 -14.00651 -11.36861 -19.01524 -14.00651 -11.19582 -18.82633 -14.00651 -10.53066 -18.36585 -14.00651 -16.1444 -12.76771 21.91502 -16.27281 -13.82003 21.91502 -18.51385 -13.01257 21.91502 -16.48529 -11.7639 21.91502 -19.27982 -10.75702 21.91502 -18.22531 -10.64805 21.91502 -17.22796 -11.0074 21.91502 -20.88329 -13.25743 21.91502 -20.75488 -12.20512 21.91502 -20.18261 -11.31273 21.91502 -18.80238 -15.3771 21.91502 -19.79973 -15.01775 21.91502 -20.5424 -14.26125 21.91502 -16.84508 -14.71241 21.91502 -17.74788 -15.26813 21.91502 -16.58575 -11.61376 14.00656 -16.58575 -11.61376 -21.91496 -16.48529 -11.7639 -21.91496 -20.4877 -14.34604 14.00656 -17.22796 -11.0074 14.03571 -16.66677 -11.5084 14.01101 -19.27981 -10.75702 14.08304 -18.89892 -10.66184 14.07818 -18.50577 -10.63052 14.07129 -18.22531 -10.64805 14.06527 -17.49396 -10.85988 14.045 -20.18261 -11.31273 14.08521 -19.86548 -11.05111 14.08633 -19.51062 -10.84909 14.08501 -20.75489 -12.20513 14.0713 -20.57464 -11.81785 14.07868 -20.32782 -11.46864 14.08367 -20.88329 -13.25744 14.04432 -20.88776 -12.81569 14.05676 -20.80992 -12.3783 14.06751 -20.5424 -14.26125 14.00994 -20.74279 -13.85282 14.02507 -20.86139 -13.41662 14.03946 -16.25829 -12.2466 -21.91496 -16.1444 -12.76771 -21.91496 -16.14932 -13.3011 -21.91496 -16.27281 -13.82003 -21.91496 -16.84508 -14.71241 -21.91496 -17.74788 -15.26813 -21.91496 -18.80238 -15.3771 -21.91496 -19.79973 -15.01775 -21.91496 -20.4877 -14.34604 -21.91496 -18.51091 -10.85158 14.29241 -19.425 -11.03799 14.29241 -18.5596 -12.94723 14.29241 -17.60646 -11.08024 14.29241 -16.52733 -13.46103 14.29241 -16.50566 -12.52838 14.29241 -16.89079 -11.67868 14.29241 -18.60829 -15.04288 14.29241 -17.69421 -14.85647 14.29241 -16.95152 -14.29192 14.29241 -20.61355 -13.36608 14.29241 -20.22841 -14.21578 14.29241 -19.51274 -14.81422 14.29241 -20.16769 -11.60254 14.29241 -20.59187 -12.43343 14.29241 -20.45597 -14.38876 14.00656 -19.69985 -15.03865 -21.91496 -18.69088 -15.32567 -21.91496 -19.64272 -15.06881 14.00656 -19.69985 -15.03865 14.00656 -17.65645 -15.15144 -21.91496 -18.61494 -15.32865 14.00656 -18.69088 -15.32567 14.00656 -16.79716 -14.54974 -21.91496 -17.5762 -15.11683 14.00656 -17.65645 -15.15144 14.00656 -16.2502 -13.5311 14.00656 -16.27967 -13.63726 14.00656 -16.27967 -13.63726 -21.91496 -16.73223 -14.47529 14.00656 -16.79716 -14.54974 14.00656 -16.21726 -13.38046 -21.91496 -16.18369 -13.11832 -21.91496 -16.20433 -12.59097 14.00656 -16.20433 -12.59097 -21.91496 -16.22557 -12.47126 14.00656 -20.17039 -1.767352 -21.91496 -20.51128 -0.7635363 -21.91496 -22.53983 -2.01221 -21.91496 -20.2988 -2.819664 -21.91496 -22.82837 -4.376735 -21.91496 -21.77386 -4.267763 -21.91496 -20.87107 -3.712051 -21.91496 -24.90928 -2.257068 -21.91496 -24.56839 -3.260884 -21.91496 -23.82572 -4.017384 -21.91496 -23.30581 0.2433426 -21.91496 -24.2086 -0.3123695 -21.91496 -24.78087 -1.204756 -21.91496 -21.25395 -0.00703603 -21.91496 -22.2513 0.3523148 -21.91496 -23.52519 -0.1620234 -14.29236 -22.62485 0.08228164 -14.29236 -22.53983 -2.01221 -14.29236 -24.23038 -0.7727808 -14.29236 -24.12437 -3.384569 -14.29236 -24.5629 -2.561159 -14.29236 -24.60073 -1.629022 -14.29236 -21.55448 -3.862397 -14.29236 -22.45482 -4.106702 -14.29236 -23.37201 -3.936167 -14.29236 -20.51677 -1.463261 -14.29236 -20.47894 -2.395398 -14.29236 -20.84929 -3.251639 -14.29236 -21.70766 -0.0882529 -14.29236 -20.9553 -0.6398509 -14.29236 -23.30581 0.2433426 -14.00651 -22.63644 0.3678942 -14.00651 -22.2513 0.3523148 -14.00651 -21.59418 0.1741048 -14.00651 -21.25395 -0.00703603 -14.00651 -20.73923 -0.4527109 -14.00651 -20.51128 -0.7635363 -14.00651 -20.2409 -1.388405 -14.00651 -20.17039 -1.767352 -14.00651 -20.19791 -2.447651 -14.00651 -20.2988 -2.819664 -14.00651 -20.61876 -3.420653 -14.00651 -20.87107 -3.712051 -14.00651 -22.29498 -4.381656 -14.00651 -21.77386 -4.267763 -14.00651 -21.42011 -4.114695 -14.00651 -22.44323 -4.392314 -14.00651 -22.82837 -4.376735 -14.00651 -23.48549 -4.198525 -14.00651 -23.82572 -4.017384 -14.00651 -24.34044 -3.571709 -14.00651 -24.56839 -3.260884 -14.00651 -24.83877 -2.636015 -14.00651 -24.90928 -2.257068 -14.00651 -24.88176 -1.576769 -14.00651 -24.78087 -1.204756 -14.00651 -24.46091 -0.6037677 -14.00651 -24.2086 -0.3123695 -14.00651 -23.65956 0.09027469 -14.00651 -18.15682 9.772236 21.91502 -18.28523 8.719923 21.91502 -20.52626 9.527379 21.91502 -18.49771 10.77605 21.91502 -21.29223 11.78293 21.91502 -20.23773 11.8919 21.91502 -19.24037 11.53255 21.91502 -22.89571 9.28252 21.91502 -22.7673 10.33483 21.91502 -22.19503 11.22722 21.91502 -20.81479 7.162853 21.91502 -21.81215 7.522203 21.91502 -22.55482 8.278704 21.91502 -18.8575 7.827537 21.91502 -19.76029 7.271825 21.91502 -18.35081 8.557 14.00656 -18.35081 8.557 -21.91496 -18.8575 7.827537 -21.91496 -22.19503 11.22722 14.03335 -22.4566 10.92309 14.02031 -22.668 10.57005 14.00656 -18.28523 8.719923 14.01244 -18.32187 8.624666 14.00903 -18.2506 10.23136 14.05938 -18.15682 9.772236 14.04653 -18.14801 9.662136 14.04326 -18.16906 9.184107 14.02827 -18.43119 10.66091 14.07013 -18.49771 10.77605 14.07275 -19.62416 11.73202 14.08624 -19.24037 11.53255 14.08559 -19.10453 11.43864 14.08463 -18.76918 11.13576 14.08004 -20.03981 11.85924 14.08415 -20.23773 11.8919 14.08228 -20.65661 11.90587 14.0766 -21.06886 11.84682 14.06876 -22.0045 11.39528 14.04125 -21.66495 11.61966 14.05307 -21.29223 11.78293 14.06353 -22.668 10.57005 -21.91496 -22.7673 10.33483 -21.91496 -22.89079 9.815911 -21.91496 -19.76029 7.271825 -21.91496 -20.81479 7.162853 -21.91496 -21.81215 7.522203 -21.91496 -22.55482 8.278704 -21.91496 -22.89571 9.28252 -21.91496 -20.08069 11.65503 14.29241 -21.01326 11.63019 14.29241 -20.49255 9.599673 14.29241 -19.22969 11.27278 14.29241 -18.58037 8.740778 14.29241 -18.39708 9.655498 14.29241 -18.62882 10.55916 14.29241 -20.90441 7.544316 14.29241 -19.97184 7.56916 14.29241 -19.1424 7.996172 14.29241 -22.58802 9.543848 14.29241 -22.35629 8.640186 14.29241 -21.75541 7.92656 14.29241 -21.8427 11.20317 14.29241 -22.40473 10.45857 14.29241 -22.82828 10.06723 -21.91496 -22.87377 9.536236 14.00656 -22.87391 9.541453 -21.91496 -22.61799 8.524144 -21.91496 -22.61043 8.509346 14.00656 -21.94988 7.715414 -21.91496 -21.92762 7.698408 14.00656 -20.99915 7.272101 -21.91496 -20.99915 7.272101 14.00656 -20.96058 7.26404 14.00656 -19.95018 7.280179 -21.91496 -19.95018 7.280179 14.00656 -19.90084 7.292272 14.00656 -19.00638 7.738078 -21.91496 -19.00638 7.738078 14.00656 -18.95829 7.777513 14.00656 -1.170322 24.49972 14.29241 -2.093042 24.63719 14.29241 -1.932836 22.54711 14.29241 -0.3986279 23.97551 14.29241 -0.1988544 21.36922 14.29241 0.140496 22.23821 14.29241 0.06919765 23.16839 14.29241 -2.695349 20.5945 14.29241 -1.77263 20.45702 14.29241 -0.8816411 20.73352 14.29241 -4.006167 22.85601 14.29241 -3.934869 21.92583 14.29241 -3.467044 21.11871 14.29241 -2.98403 24.3607 14.29241 -3.666817 23.725 14.29241 -2.114722 24.92002 14.00876 -2.18019 24.9163 14.00656 -0.2358224 24.12709 14.06997 -0.7264134 24.54533 14.05446 -1.079604 24.73203 14.04302 -1.723769 24.90468 14.02181 0.3464255 22.20753 14.08421 0.3571451 22.78502 14.08632 0.267692 23.22999 14.08458 0.01625615 23.78883 14.0776 -0.3435373 20.84032 14.05646 -0.01398551 21.24364 14.06892 0.2287363 21.7327 14.07872 -3.127375 24.60801 14.00656 -3.173933 24.58031 14.00656 -3.903269 23.88562 14.00656 -3.926988 23.85002 14.00656 -4.288895 22.89813 14.00656 -4.207874 21.84111 14.00656 -3.676254 20.92393 14.00656 -2.799328 20.32823 14.00656 -1.764946 20.17097 14.00656 -1.24633 20.28461 14.02426 -0.7558123 20.51643 14.04149 -1.764946 20.17097 -21.91496 -2.18019 24.9163 -21.91496 -2.695786 24.80368 -21.91496 -3.173933 24.58031 -21.91496 -3.926988 23.85002 -21.91496 -4.293314 22.86706 -21.91496 -4.20187 21.82205 -21.91496 -3.670388 20.91765 -21.91496 -3.268956 20.57505 -21.91496 -2.80194 20.32925 -21.91496 -2.778271 24.79571 -21.91496 -3.298188 20.53498 -21.91496 -2.819755 20.29912 -21.91496 -2.300833 20.17563 -21.91496 -4.253338 23.34761 -21.91496 -4.381746 22.2953 -21.91496 -4.040857 21.29148 -21.91496 -3.260975 24.56871 -21.91496 -3.681064 24.24 -21.91496 0.3571451 22.78502 21.91502 0.2287363 21.7327 21.91502 -2.0123 22.54016 21.91502 0.01625615 23.78883 21.91502 -2.778271 24.79571 21.91502 -1.723769 24.90468 21.91502 -0.7264134 24.54533 21.91502 -4.381746 22.2953 21.91502 -4.253338 23.34761 21.91502 -3.681064 24.24 21.91502 -2.300833 20.17563 21.91502 -3.298188 20.53498 21.91502 -4.040857 21.29148 21.91502 -0.3435373 20.84032 21.91502 -1.24633 20.28461 21.91502 -10.64322 18.75903 -21.91496 -10.98411 19.76284 -21.91496 -13.01266 18.51417 -21.91496 -10.77163 17.70671 -21.91496 -13.30119 16.14964 -21.91496 -12.24669 16.25861 -21.91496 -11.3439 16.81433 -21.91496 -15.38211 18.26931 -21.91496 -15.04122 17.26549 -21.91496 -14.29855 16.50899 -21.91496 -13.77863 20.76972 -21.91496 -14.68143 20.21401 -21.91496 -15.2537 19.32162 -21.91496 -11.72677 20.51934 -21.91496 -12.72413 20.87869 -21.91496 -14.01597 20.35468 -14.29236 -13.11805 20.60773 -14.29236 -13.01266 18.51417 -14.29236 -14.71518 19.73709 -14.29236 -14.58377 17.12646 -14.29236 -15.03029 17.94557 -14.29236 -15.07719 18.87729 -14.29236 -12.00935 16.67366 -14.29236 -12.90728 16.4206 -14.29236 -13.82608 16.58221 -14.29236 -10.99504 19.08277 -14.29236 -10.94814 18.15105 -14.29236 -11.31014 17.29124 -14.29236 -12.19925 20.44613 -14.29236 -11.44155 19.90188 -14.29236 -13.77863 20.76972 -14.00651 -13.13242 20.89322 -14.00651 -12.72413 20.87869 -14.00651 -12.08832 20.70958 -14.00651 -11.72677 20.51934 -14.00651 -11.22731 20.09111 -14.00651 -10.98411 19.76284 -14.00651 -10.71991 19.16031 -14.00651 -10.64322 18.75903 -14.00651 -10.66661 18.10153 -14.00651 -10.77163 17.70671 -14.00651 -11.07798 17.12448 -14.00651 -11.3439 16.81433 -14.00651 -11.87254 16.42267 -14.00651 -12.24669 16.25861 -14.00651 -12.89291 16.13512 -14.00651 -13.30119 16.14964 -14.00651 -13.937 16.31876 -14.00651 -14.29855 16.50899 -14.00651 -14.79802 16.93723 -14.00651 -15.04122 17.26549 -14.00651 -15.30542 17.86803 -14.00651 -15.38211 18.26931 -14.00651 -15.35871 18.92681 -14.00651 -15.2537 19.32162 -14.00651 -14.94735 19.90386 -14.00651 -14.68143 20.21401 -14.00651 -14.15279 20.60566 -14.00651</float_array>
          <technique_common>
            <accessor source="#wheel-mesh-positions-array" count="4809" stride="3">
              <param name="X" type="float"/>
              <param name="Y" type="float"/>
              <param name="Z" type="float"/>
            </accessor>
          </technique_common>
        </source>
        <source id="wheel-mesh-normals">
          <float_array id="wheel-mesh-normals-array" count="28914">-0.999296 -0.03751575 0 -0.9956438 0.09323906 0 -0.9956438 0.09323906 0 -0.9749555 0.2223998 0 -0.9749555 0.2223998 0 -0.937586 0.3477536 0 -0.937586 0.3477536 0 -0.8841735 0.4671585 0 -0.8841735 0.4671585 0 -0.8156329 0.5785698 0 -0.8156329 0.5785698 0 -0.7331367 0.6800813 0 -0.7331367 0.6800813 0 -0.6380963 0.7699565 0 -0.6380963 0.7699565 0 -0.5321373 0.8466581 0 -0.5321373 0.8466581 0 -0.417074 0.9088725 0 -0.417074 0.9088725 0 -0.2948747 0.955536 0 -0.2948747 0.955536 0 -0.1676289 0.9858502 0 -0.1676289 0.9858502 0 -0.03751575 0.999296 0 -0.03751575 0.999296 0 0.09323954 0.9956437 0 0.09323954 0.9956437 0 0.2223992 0.9749556 0 0.2223992 0.9749556 0 0.3477536 0.937586 0 0.3477536 0.937586 0 0.4671585 0.8841735 0 0.4671585 0.8841735 0 0.5785701 0.8156327 0 0.5785701 0.8156327 0 0.6800813 0.7331367 0 0.6800813 0.7331367 0 0.7699565 0.6380963 0 0.7699565 0.6380963 0 0.8466579 0.5321377 0 0.8466579 0.5321377 0 0.9088725 0.417074 0 0.9088725 0.417074 0 0.9555361 0.2948743 0 0.9555361 0.2948743 0 0.9858502 0.1676289 0 0.9858502 0.1676289 0 0.999296 0.03751575 0 0.999296 0.03751575 0 0.9956438 -0.09323906 0 0.9956438 -0.09323906 0 0.9749555 -0.2223997 0 0.9749555 -0.2223997 0 0.9375859 -0.3477537 0 0.9375859 -0.3477537 0 0.8841735 -0.4671585 0 0.8841735 -0.4671585 0 0.8156329 -0.5785697 0 0.8156329 -0.5785697 0 0.7331364 -0.6800816 0 0.7331364 -0.6800816 0 0.6380963 -0.7699565 0 0.6380963 -0.7699565 0 0.5321378 -0.8466578 0 0.5321378 -0.8466578 0 0.417074 -0.9088725 0 0.417074 -0.9088725 0 0.2948742 -0.9555361 0 0.2948742 -0.9555361 0 0.1676289 -0.9858502 0 0.1676289 -0.9858502 0 0.03751575 -0.999296 0 0.03751575 -0.999296 0 -0.09323906 -0.9956438 0 -0.09323906 -0.9956438 0 -0.2223993 -0.9749556 0 -0.2223993 -0.9749556 0 -0.3477541 -0.9375858 0 -0.3477541 -0.9375858 0 -0.4671584 -0.8841736 0 -0.4671584 -0.8841736 0 -0.5785697 -0.8156331 0 -0.5785697 -0.8156331 0 -0.6800816 -0.7331364 0 -0.6800816 -0.7331364 0 -0.7699565 -0.6380963 0 -0.7699565 -0.6380963 0 -0.8466577 -0.5321379 0 -0.8466577 -0.5321379 0 -0.9088726 -0.4170739 0 -0.9088726 -0.4170739 0 -0.9555361 -0.2948743 0 -0.9555361 -0.2948743 0 -0.9858502 -0.1676289 0 -0.9858502 -0.1676289 0 -0.999296 -0.03751575 0 0 0 1 0 0 1 0 0 1 0 0 1 0 0 1 0 0 1 0 0 1 0 0 1 0 0 1 0 0 1 0 0 1 0 0 1 0 0 1 0 0 1 0 0 1 0 0 1 0 0 1 0 0 1 0 0 1 0 0 1 0 0 1 0 0 1 0 0 1 0 0 1 0 0 1 0 0 1 0 0 1 0 0 1 0 0 1 0 0 1 0 0 1 0 0 1 0 0 1 0 0 1 0 0 1 0 0 1 0 0 1 0 0 1 0 0 1 0 0 1 0 0 1 0 0 1 0 0 1 0 0 1 0 0 1 0 0 1 0 0 1 0 0 1 0 0 1 0 0 1 0 0 1 0 0 1 0 0 1 0 0 1 0 0 1 0 0 1 0 0 1 0 0 1 0 0 1 0 0 1 0 0 1 0 0 1 0 0 1 0 0 1 0 0 1 0 0 1 0 0 1 0 0 1 0 0 1 0 0 1 0 0 1 0 0 1 0 0 1 0 0 1 0 0 1 0 0 1 0 0 1 0 0 1 0 0 1 0 0 1 0 0 1 0 0 1 0 0 1 0 0 1 0 0 1 0 0 1 0 0 1 0 0 1 0 0 1 0 0 1 0 0 1 0 0 1 0 0 1 0 0 1 0 0 1 0 0 1 0 0 1 0 0 1 0 0 1 0 0 1 0 0 1 0 0 1 0 0 1 0 0 1 0 0 1 0 0 1 0 0 1 0 0 1 0 0 1 0 0 1 0 0 1 0 0 1 0 0 1 0 0 1 0 0 1 0 0 1 0 0 1 0 0 1 0 0 1 0 0 1 0 0 1 0 0 1 0 0 1 0 0 1 0 0 1 0 0 1 0 0 1 0 0 1 0 0 1 0 0 1 0 0 1 0 0 1 0 0 1 0 0 1 0 0 1 0 0 1 0 0 1 0 0 1 0 0 1 0 0 1 0 0 1 0 0 1 0 0 1 0 0 1 0 0 1 0 0 1 0 0 1 0 0 1 0 0 1 0 0 1 0 0 1 0 0 1 0 0 1 0 0 1 0 0 1 0 0 1 0 0 1 0 0 1 0 0 1 0 0 1 0 0 1 0 0 1 0 0 1 0 0 1 0 0 1 0 0 1 0 0 1 0 0 1 0 0 1 0 0 1 0 0 1 0 0 1 0 0 1 0 0 1 0 0 1 0 0 1 0 0 1 0 0 1 0 0 1 0 0 1 0 0 1 0 0 1 0 0 1 0 0 1 0 0 1 0 0 1 0 0 1 0 0 1 0 0 1 0 0 1 0 0 1 0 0 1 0 0 1 0 0 1 0 0 1 0 0 1 0 0 1 0 0 1 0 0 1 0 0 1 0 0 1 0 0 1 0 0 1 0 0 1 0 0 1 0 0 1 0 0 1 0 0 1 0 0 1 0 0 1 0 0 1 0 0 1 0 0 1 0 0 1 0 0 1 0 0 1 0 0 1 0 0 1 0 0 1 0 0 1 0 0 1 0 0 1 0 0 1 0 0 1 0 0 1 0 0 1 0 0 1 0 0 1 0 0 1 0 0 1 0 0 1 0 0 1 0 0 1 0 0 1 0 0 1 0 0 1 0 0 1 0 0 1 0 0 1 0 0 1 0 0 1 0 0 1 0 0 1 0 0 1 0 0 1 0 0 1 0 0 1 0 0 1 0 0 1 0 0 1 0 0 1 0 0 1 0 0 1 0 0 1 0 0 1 0 0 1 0 0 1 0 0 1 0 0 1 0 0 1 0 0 1 0 0 1 0 0 1 0 0 1 0 0 1 0 0 1 0 0 1 0 0 1 0 0 1 0 0 1 0 0 1 0 0 1 0 0 1 0 0 1 0 0 1 0 0 1 0 0 1 0 0 1 0 0 1 0 0 1 0 0 1 0 0 1 0 0 1 0 0 1 0 0 1 0 0 1 0 0 1 0 0 1 0 0 1 0 0 1 0 0 1 0 0 1 0 0 1 0 0 1 0 0 1 0 0 1 0 0 1 0 0 1 0 0 1 0 0 1 0 0 1 0 0 1 0 0 1 0 0 1 0 0 1 0 0 1 0 0 1 0 0 1 0 0 1 0 0 1 0 0 1 0 0 1 0 0 1 0 0 1 0 0 1 0 0 1 0 0 1 0 0 1 0 0 1 0 0 1 0 0 1 0 0 1 0 0 1 0 0 1 0 0 1 0 0 1 0 0 1 0 0 1 0 0 1 0 0 1 0 0 1 0 0 1 0 0 1 0 0 1 0 0 1 0 0 1 0 0 -1 0 0 -1 0 0 -1 0 0 -1 0 0 -1 0 0 -1 0 0 -1 0 0 -1 0 0 -1 0 0 -1 0 0 -1 0 0 -1 0 0 -1 0 0 -1 0 0 -1 0 0 -1 0 0 -1 0 0 -1 0 0 -1 0 0 -1 0 0 -1 0 0 -1 0 0 -1 0 0 -1 0 0 -1 0 0 -1 0 0 -1 0 0 -1 0 0 -1 0 0 -1 0 0 -1 0 0 -1 0 0 -1 0 0 -1 0 0 -1 0 0 -1 0 0 -1 0 0 -1 0 0 -1 0 0 -1 0 0 -1 0 0 -1 0 0 -1 0 0 -1 0 0 -1 0 0 -1 0 0 -1 0 0 -1 0 0 -1 0 0 -1 0 0 -1 0 0 -1 0 0 -1 0 0 -1 0 0 -1 0 0 -1 0 0 -1 0 0 -1 0 0 -1 0 0 -1 0 0 -1 0 0 -1 0 0 -1 0 0 -1 0 0 -1 0 0 -1 0 0 -1 0 0 -1 0 0 -1 0 0 -1 0 0 -1 0 0 -1 0 0 -1 0 0 -1 0 0 -1 0 0 -1 0 0 -1 0 0 -1 0 0 -1 0 0 -1 0 0 -1 0 0 -1 0 0 -1 0 0 -1 0 0 -1 0 0 -1 0 0 -1 0 0 -1 0 0 -1 0 0 -1 0 0 -1 0 0 -1 0 0 -1 0 0 -1 0 0 -1 0 0 -1 0 0 -1 0 0 -1 0 0 -1 0 0 -1 0 0 -1 0 0 -1 0 0 -1 0 0 -1 0 0 -1 0 0 -1 0 0 -1 0 0 -1 0 0 -1 0 0 -1 0 0 -1 0 0 -1 0 0 -1 0 0 -1 0 0 -1 0 0 -1 0 0 -1 0 0 -1 0 0 -1 0 0 -1 0 0 -1 0 0 -1 0 0 -1 0 0 -1 0 0 -1 0 0 -1 0 0 -1 0 0 -1 0 0 -1 0 0 -1 0 0 -1 0 0 -1 0 0 -1 0 0 -1 0 0 -1 0 0 -1 0 0 -1 0 0 -1 0 0 -1 0 0 -1 0 0 -1 0 0 -1 0 0 -1 0 0 -1 0 0 -1 0 0 -1 0 0 -1 0 0 -1 0 0 -1 0 0 -1 0 0 -1 0 0 -1 0 0 -1 0 0 -1 0 0 -1 0 0 -1 0 0 -1 0 0 -1 0 0 -1 0 0 -1 0 0 -1 0 0 -1 0 0 -1 0 0 -1 0 0 -1 0 0 -1 0 0 -1 0 0 -1 0 0 -1 0 0 -1 0 0 -1 0 0 -1 0 0 -1 0 0 -1 0 0 -1 0 0 -1 0 0 -1 0 0 -1 0 0 -1 0 0 -1 0 0 -1 0 0 -1 0 0 -1 0 0 -1 0 0 -1 0 0 -1 0 0 -1 0 0 -1 0 0 -1 0 0 -1 0 0 -1 0 0 -1 0 0 -1 0 0 -1 0 0 -1 0 0 -1 0 0 -1 0 0 -1 0 0 -1 0 0 -1 0 0 -1 0 0 -1 0 0 -1 0 0 -1 0 0 -1 0 0 -1 0 0 -1 0 0 -1 0 0 -1 0 0 -1 0 0 -1 0 0 -1 0 0 -1 0 0 -1 0 0 -1 0 0 -1 0 0 -1 0 0 -1 0 0 -1 0 0 -1 0 0 -1 0 0 -1 0 0 -1 0 0 -1 0 0 -1 0 0 -1 0 0 -1 0 0 -1 0 0 -1 0 0 -1 0 0 -1 0 0 -1 0 0 -1 0 0 -1 0 0 -1 0 0 -1 0 0 -1 0 0 -1 0 0 -1 0 0 -1 0 0 -1 0 0 -1 0 0 -1 0 0 -1 0 0 -1 0 0 -1 0 0 -1 0 0 -1 0 0 -1 0 0 -1 0 0 -1 0 0 -1 0 0 -1 0 0 -1 0 0 -1 0 0 -1 0 0 -1 0 0 -1 0 0 -1 0 0 -1 0 0 -1 0 0 -1 0 0 -1 0 0 -1 0 0 -1 0 0 -1 0 0 -1 0 0 -1 0 0 -1 0 0 -1 0 0 -1 0 0 -1 0 0 -1 0 0 -1 0 0 -1 0 0 -1 0 0 -1 0 0 -1 0 0 -1 0 0 -1 0 0 -1 0 0 -1 0 0 -1 0 0 -1 0 0 -1 0 0 -1 0 0 -1 0 0 -1 0 0 -1 0 0 -1 0 0 -1 0 0 -1 0 0 -1 0 0 -1 0 0 -1 0 0 -1 0 0 -1 0 0 -1 0 0 -1 0 0 -1 0 0 -1 0 0 -1 0 0 -1 0 0 -1 0 0 -1 0 0 -1 0 0 -1 0 0 -1 0 0 -1 0 0 -1 0 0 -1 0 0 -1 0 0 -1 0 0 -1 0 0 -1 0 0 -1 0 0 -1 0 0 -1 0 0 -1 0 0 -1 0 0 -1 0 0 -1 0 0 -1 0 0 -1 0 0 -1 0 0 -1 0 0 -1 0 0 -1 0 0 -1 0 0 -1 0 0 -1 0 0 -1 0 0 -1 0 0 -1 0 0 -1 0 0 -1 0 0 -1 0 0 -1 0 0 -1 0 0 -1 0 0 -1 0 0 -1 0 0 -1 0 0 -1 0 0 -1 0 0 -1 0 0 -1 0 0 -1 0 0 -1 0 0 -1 0 0 -1 0 0 -1 0 0 -1 0 0 -1 0 0 -1 0 0 -1 0 0 -1 0 0 -1 0 0 -1 0 0 -1 0 0 -1 0 0 -1 0 0 -1 0 0 -1 0 0 -1 0 0 -1 0 0 -1 0 0 -1 0 0 -1 0 0 -1 0 0 -1 0 0 -1 0 0 -1 0 0 -1 0 0 -1 0 0 -1 0 0 -1 0 0 -1 0 0 -1 0 0 -1 0 0 -1 0 0 -1 0 0 -1 0 0 -1 0 0 -1 0 0 -1 0 0 -1 0 0 -1 0 0 -1 0 0 -1 0 0 -1 0 0 -1 0 0 -1 0 0 -1 0 0 -1 0 0 -1 0 0 -1 0 0 -1 0 0 -1 0 0 -1 0 0 -1 0 0 -1 0 0 -1 0 0 -1 0 0 -1 0 0 -1 0 0 -1 0 0 -1 0 0 -1 0 0 -1 0 0 -1 0 0 -1 0 0 -1 0 0 -1 0 0 -1 0 0 -1 0 0 -1 0 0 -1 0 0 -1 0 0 -1 0 0 -1 0 0 -1 0 0 -1 0 0 -1 0 0 -1 0 0 -1 0 0 -1 0 0 -1 0 0 -1 0 0 -1 0 0 -1 0 0 -1 0 0 -1 0 0 -1 0 0 -1 0 0 -1 0 0 -1 0 0 -1 0 0 -1 0 0 -1 0 0 -1 0 0 -1 0 0 -1 0 0 -1 0 0 -1 0 0 -1 0 0 -1 0 0 -1 0 0 -1 0 0 -1 0 0 -1 0 0 -1 0 0 -1 0 0 -1 0 0 -1 0 0 -1 0 0 -1 0 0 -1 0 0 -1 0 0 -1 0 0 -1 0 0 -1 0 0 -1 0 0 -1 0 0 -1 0 0 -1 0 0 -1 0 0 -1 0 0 -1 0 0 -1 0 0 -1 0 0 -1 0 0 -1 0 0 -1 0 0 -1 0 0 -1 0 0 -1 0 0 -1 0 0 -1 0 0 -1 0 0 -1 0 0 -1 0.1774497 0.9841299 0 0.1774497 0.9841299 0 0.5877715 0.809027 0 0.5877715 0.809027 0 -0.5877724 -0.8090264 0 -0.5877724 -0.8090264 0 -0.3828912 -0.9237934 0 -0.3828912 -0.9237934 0 0.07775282 -0.9969726 0 0.07775282 -0.9969726 0 0.5214781 -0.8532648 0 0.5214781 -0.8532648 0 0.8517627 -0.5239278 0 0.8517627 -0.5239278 0 0.9967449 -0.08061987 0 0.9967449 -0.08061987 0 0.9248912 0.3802317 0 0.9248912 0.3802317 0 0.651827 0.7583677 0 0.651827 0.7583677 0 0.7685209 0.6398246 0 0.7685209 0.6398246 0 0.9702916 0.2419384 0 0.9702916 0.2419384 0 -0.9702916 -0.2419382 0 -0.9702916 -0.2419382 0 -0.8871139 -0.4615504 0 -0.8871139 -0.4615504 0 -0.5812794 -0.813704 0 -0.5812794 -0.813704 0 -0.1489921 -0.9888383 0 -0.1489921 -0.9888383 0 0.3157107 -0.9488555 0 0.3157107 -0.9488555 0 0.7117317 -0.7024514 0 0.7117317 -0.7024514 0 0.9529165 -0.3032327 0 0.9529165 -0.3032327 0 0.986798 0.1619561 0 0.986798 0.1619561 0 0.9999926 -0.003860771 0 0.9999926 -0.003860771 0 0.8988015 -0.4383559 0 0.8988015 -0.4383559 0 -0.8988013 0.4383562 0 -0.8988013 0.4383562 0 -0.976247 0.2166602 0 -0.976247 0.2166602 0 -0.968325 -0.2496933 0 -0.968325 -0.2496933 0 -0.7497467 -0.661725 0 -0.7497467 -0.661725 0 -0.3680653 -0.9298 0 -0.3680653 -0.9298 0 0.09369009 -0.9956014 0 0.09369009 -0.9956014 0 0.5350627 -0.8448123 0 0.5350627 -0.8448123 0 0.8600351 -0.5102348 0 0.8600351 -0.5102348 0 0.7635577 -0.6457396 0 0.7635577 -0.6457396 0 0.4067523 -0.9135385 0 0.4067523 -0.9135385 0 -0.4067509 0.9135391 0 -0.4067509 0.9135391 0 -0.6085839 0.7934896 0 -0.6085839 0.7934896 0 -0.9022802 0.4311502 0 -0.9022802 0.4311502 0 -0.999688 -0.02498161 0 -0.999688 -0.02498161 0 -0.8796164 -0.4756838 0 -0.8796164 -0.4756838 0 -0.5681914 -0.8228965 0 -0.5681914 -0.8228965 0 -0.1331515 -0.9910957 0 -0.1331515 -0.9910957 0 0.3308489 -0.9436838 0 0.3308489 -0.9436838 0 0.1698466 -0.9854705 0 0.1698468 -0.9854704 0 0.1698469 -0.9854705 -4.41648e-7 0.1698462 -0.9854705 -2.35493e-6 0.1698479 -0.9854703 1.04794e-6 -0.2756206 -0.9612665 0 -0.2756206 -0.9612665 0 0.27562 0.9612667 0 0.27562 0.9612667 0 0.04384577 0.9990383 0 0.04384577 0.9990383 0 -0.4140469 0.9102556 0 -0.4140469 0.9102556 0 -0.7818633 0.6234498 0 -0.7818633 0.6234498 0 -0.9795881 0.2010149 0 -0.9795881 0.2010149 0 -0.9642061 -0.2651541 0 -0.9642061 -0.2651541 0 -0.7390646 -0.6736345 0 -0.7390646 -0.6736345 0 -0.3531418 -0.9355698 0 -0.3531418 -0.9355698 0 -0.5033376 -0.8640899 0 -0.5033375 -0.8640899 0 -0.5033375 -0.8640899 0 -0.829028 -0.5592072 0 -0.829028 -0.5592072 0 0.8290281 0.5592069 0 0.8290281 0.5592069 0 0.675755 0.7371262 0 0.675755 0.7371262 0 0.2679232 0.9634402 0 0.2679232 0.9634402 0 -0.1981965 0.9801623 0 -0.1981965 0.9801623 0 -0.6212 0.7836521 0 -0.6212 0.7836521 0 -0.9090602 0.4166647 0 -0.9090602 0.4166647 0 -0.9991602 -0.04097354 0 -0.9991602 -0.04097354 0 -0.871894 -0.4896948 0 -0.871894 -0.4896948 0 -0.9410059 -0.3383902 0 -0.9410051 -0.3383924 2.06713e-6 -0.9410054 -0.3383916 -1.57732e-6 -0.9410057 -0.3383906 2.90107e-6 -0.9410055 -0.3383915 0 -0.9945237 0.104511 0 -0.9945237 0.104511 0 0.9945237 -0.1045117 0 0.9945237 -0.1045117 0 0.9914739 0.1303055 0 0.9914739 0.1303055 0 0.8245294 0.565819 0 0.8245294 0.565819 0 0.4782071 0.8782471 0 0.4782071 0.8782471 0 0.02785712 0.9996119 0 0.02785712 0.9996119 0 -0.4285556 0.9035155 0 -0.4285556 0.9035155 0 -0.7917379 0.6108609 0 -0.7917379 0.6108609 0 -0.9826788 0.1853169 0 -0.9826788 0.1853169 0 -0.9383656 0.3456444 0 -0.9383656 0.3456443 -1.09265e-6 -0.9383655 0.3456447 0 -0.6946707 0.7193279 0 -0.6946707 0.7193279 0 0.6946696 -0.7193289 0 0.6946696 -0.7193289 0 0.8432716 -0.5374878 0 0.8432716 -0.5374878 0 0.9953279 -0.09655308 0 0.9953279 -0.09655308 0 0.9308548 0.3653894 0 0.9308548 0.3653894 0 0.6638787 0.7478404 0 0.6638787 0.7478404 0 0.2524738 0.9676036 0 0.2524738 0.9676036 0 -0.213854 0.9768656 0 -0.213854 0.9768656 0 -0.6336559 0.7736151 0 -0.6336559 0.7736151 0 -0.4966527 0.8679494 0 -0.4966527 0.8679494 0 -0.06977337 0.9975628 0 -0.06977349 0.9975629 -6.83017e-7 -0.06977409 0.9975628 0 0.06977337 -0.9975629 0 0.06977337 -0.9975629 0 0.3004914 -0.9537845 0 0.3004914 -0.9537845 0 0.7004015 -0.7137491 0 0.7004015 -0.7137491 0 0.9479445 -0.3184355 0 0.9479445 -0.3184355 0 0.9892626 0.1461493 0 0.9892626 0.1461493 0 0.8153738 0.5789349 0 0.8153738 0.5789349 0 0.4640957 0.8857851 0 0.4640957 0.8857851 0 0.01186186 0.9999296 0 0.01186186 0.9999296 0 -0.8351616 0.5500047 0 -0.6335777 0.7731025 0.02986544 -0.828724 0.5537351 0.08120352 -0.6265777 0.7771419 0.05874389 -0.8095852 0.5648725 0.1596586 -0.6157552 0.7834087 0.08435857 -0.7803223 0.5817912 0.2293823 -0.6013373 0.7917325 0.1074855 -0.740522 0.6056094 0.291315 -0.5937394 0.796244 0.1160556 0.7214622 -0.6156514 -0.3169631 0.6107445 -0.7862851 -0.09352409 0.7666343 -0.5895884 -0.2542783 0.6234745 -0.7789342 -0.06738632 0.8011568 -0.5697411 -0.1831469 0.6315164 -0.7743074 -0.04043591 0.8231686 -0.5570502 -0.1099476 0.6354792 -0.7720199 -0.01230859 0.8330468 -0.5521957 -0.03335857 0.6353582 -0.7722175 0 -0.5888526 -0.3399875 -0.7332539 -0.506551 -0.2916114 -0.8113994 -0.5533677 -0.320252 -0.7689102 -0.3781571 -0.217611 -0.8998015 -0.4241522 -0.245524 -0.8716725 -0.2339472 -0.1344454 -0.9629088 -0.2835021 -0.1644132 -0.9447724 -0.07966548 -0.04524445 -0.9957943 -0.1385798 -0.08086979 -0.9870439 -0.03263205 -0.01884084 -0.9992898 0.588863 0.3399937 0.7332427 0.5545012 0.3190355 0.7685992 0.5053966 0.2927803 0.8116982 0.4252006 0.2444371 0.8714671 0.3770986 0.2186506 0.8999937 0.284592 0.1633917 0.944622 0.2328628 0.1355108 0.9630222 0.13981 0.07974439 0.986962 0.07843172 0.04640269 0.9958389 0.03263896 0.01884484 0.9992895 -0.7294419 -0.09218412 0.6778028 -0.7294419 -0.09218579 0.6778026 -0.5042282 -0.5142155 0.6937841 -0.5042289 -0.5142135 0.6937851 -0.163501 -0.8184458 0.5508302 -0.163501 -0.8184458 0.5508302 0.2146843 -0.9351813 0.2816851 0.2146841 -0.9351813 0.2816857 0.5436841 -0.8376783 -0.05198711 0.543685 -0.8376775 -0.0519905 0.7481352 -0.5482712 -0.3737544 0.7481352 -0.5482726 -0.3737522 0.7811971 -0.1332651 -0.6098946 0.7811964 -0.1332637 -0.6098958 0.6352956 0.3122734 -0.7063178 0.6352963 0.3122727 -0.7063175 0.3438559 0.6862735 -0.6409305 0.3438562 0.6862734 -0.6409304 -0.02635192 0.9030542 -0.4287174 -0.02635598 0.9030545 -0.4287165 -0.3905338 0.9129579 -0.1182846 -0.3905338 0.9129579 -0.1182846 -0.6652425 0.7137118 0.2192437 -0.6652399 0.7137146 0.2192425 -0.7875502 0.3509684 0.5065433 -0.78755 0.3509685 0.5065432 -0.5550788 0.8291662 0.06611353 -0.5550787 0.8291664 0.06611114 -0.3629279 0.9203278 -0.145877 -0.3629279 0.9203279 -0.1458769 -0.1380473 0.9285016 -0.344714 -0.138048 0.9285025 -0.3447113 0.09927535 0.8529525 -0.5124611 0.09927612 0.8529506 -0.5124641 0.3276504 0.7004868 -0.6340058 0.32765 0.7004887 -0.6340039 0.5264791 0.4848607 -0.6983765 0.5264792 0.4848608 -0.6983765 0.6778348 0.225511 -0.6997748 0.6778348 0.225511 -0.6997748 0.7680678 -0.05417138 -0.6380732 0.7680677 -0.05417186 -0.6380733 0.7890427 -0.3289713 -0.5188347 0.7890437 -0.3289692 -0.5188345 0.7388698 -0.5741037 -0.3528121 0.738869 -0.5741048 -0.3528121 -0.6123676 -0.3535638 -0.7071058 -0.6123666 -0.3535639 -0.7071067 -0.6123667 -0.3535655 -0.7071056 -0.6123667 -0.3535641 -0.7071065 -0.6123662 -0.353564 -0.7071068 -0.6123659 -0.3535642 -0.7071071 -0.6123664 -0.3535638 -0.7071068 -0.612366 -0.3535639 -0.7071071 -0.6123659 -0.3535643 -0.7071071 -0.6123669 -0.3535623 -0.7071071 -0.6123667 -0.3535639 -0.7071066 -0.612366 -0.3535633 -0.7071074 -0.6123666 -0.3535643 -0.7071064 -0.6123663 -0.3535642 -0.7071067 -0.6123654 -0.353564 -0.7071076 -0.6123678 -0.3535636 -0.7071058 -0.6123661 -0.3535641 -0.7071069 -0.6123661 -0.3535642 -0.7071068 -0.6123661 -0.3535643 -0.7071067 -0.6123666 -0.3535603 -0.7071084 -0.6123667 -0.3535628 -0.707107 -0.6123659 -0.3535659 -0.7071062 -0.612366 -0.3535642 -0.707107 -0.6123663 -0.3535635 -0.707107 -0.6123662 -0.353564 -0.7071069 -0.6123664 -0.3535637 -0.7071069 -0.6333064 0.7547582 0.1710647 -0.6333063 0.7547582 0.1710649 0.6123662 0.353564 0.7071069 0.6123667 0.3535637 0.7071066 0.6123666 0.3535633 0.7071068 0.612366 0.3535625 0.7071079 0.6123662 0.3535656 0.7071061 0.6123666 0.3535638 0.7071066 0.612366 0.3535639 0.7071071 0.6123663 0.3535639 0.7071069 0.612366 0.3535649 0.7071067 0.6123661 0.3535639 0.7071071 0.6123669 0.3535621 0.7071073 0.6123664 0.353564 0.7071067 0.6123668 0.3535633 0.7071067 0.6123667 0.3535658 0.7071055 0.6123664 0.353563 0.7071073 0.6123663 0.3535642 0.7071067 0.6123665 0.3535642 0.7071066 0.612366 0.3535638 0.7071071 0.6123656 0.3535637 0.7071075 0.6123659 0.3535639 0.7071073 0.6123656 0.3535639 0.7071075 0.6123666 0.353564 0.7071067 0.6123665 0.353564 0.7071066 0.6123664 0.353564 0.7071067 0.6123658 0.3535646 0.707107 0.6123669 0.3535642 0.7071062 0.6882725 -0.6784773 -0.2568065 0.6882725 -0.6784774 -0.2568066 -0.993306 -0.1155126 0 -0.98229 0.1849707 0.02986598 -0.9907743 -0.1085013 0.0812022 -0.9795223 0.1925756 0.05874246 -0.9832732 -0.08766037 0.159655 -0.9752619 0.2043229 0.08435916 -0.9717308 -0.0558983 0.2293785 -0.9695667 0.2199729 0.1074819 -0.9565495 -0.01208186 0.2913193 -0.966647 0.2283077 0.1160565 0.9484048 -0.00786978 -0.3169643 0.9732712 -0.2097542 -0.09352117 0.9662536 0.04114383 -0.2542854 0.9782992 -0.1959327 -0.06738734 0.9799463 0.07851433 -0.1831417 0.9814841 -0.1872274 -0.04043424 0.9886496 0.102391 -0.1099462 0.9830503 -0.1829223 -0.01230961 0.9930916 0.1124995 -0.03336179 0.9830858 -0.1831456 0 -0.2325476 -0.6389535 -0.733253 -0.2005983 -0.5489977 -0.811395 -0.2180487 -0.6010205 -0.7689144 -0.1498067 -0.4097719 -0.8998027 -0.1671002 -0.4607237 -0.8716716 -0.09279394 -0.253369 -0.9629089 -0.1114923 -0.308179 -0.9447726 -0.03194481 -0.08586758 -0.9957943 -0.0541768 -0.1510291 -0.9870436 -0.01288676 -0.03540802 -0.9992899 0.23255 0.6389602 0.7332464 0.2197002 0.6008214 0.7685998 0.198961 0.5491464 0.8116976 0.1686017 0.4605646 0.8714665 0.1483284 0.4098906 0.8999935 0.112984 0.308098 0.9446218 0.09127843 0.2534883 0.9630222 0.05584192 0.1509558 0.986962 0.03025507 0.08596152 0.9958389 0.0128895 0.03541558 0.9992895 -0.9173699 -0.08086705 0.3897345 -0.91737 -0.08086633 0.3897343 -0.6653711 -0.416859 0.6192818 -0.6653693 -0.4168618 0.6192818 -0.2609417 -0.6573575 0.7069587 -0.2609429 -0.6573565 0.7069592 0.2032617 -0.7472605 0.6326819 0.2032631 -0.7472612 0.6326807 0.6209092 -0.6659751 0.4134596 0.6209036 -0.6659754 0.4134678 0.8963057 -0.4321228 0.09952849 0.8963062 -0.4321223 0.09952646 0.9663724 -0.09927672 -0.23721 0.9663716 -0.09927511 -0.2372139 0.8150539 0.2563117 -0.519607 0.8150544 0.2563114 -0.5196065 0.4770165 0.5531831 -0.6829668 0.477018 0.5531828 -0.6829661 0.02970218 0.7233267 -0.6898669 0.02970218 0.7233267 -0.6898669 -0.4244188 0.7277653 -0.5387266 -0.4244183 0.7277656 -0.5387267 -0.781308 0.565483 -0.264172 -0.7813087 0.5654821 -0.2641717 -0.9592115 0.2736532 0.07090282 -0.9592118 0.2736519 0.07090324 -0.9581924 0.278382 0.06611257 -0.9581924 0.2783819 0.06611388 -0.8695933 0.4717287 -0.1458749 -0.8695929 0.4717287 -0.1458774 -0.7025811 0.6225384 -0.3447111 -0.7025811 0.6225384 -0.3447111 -0.4722177 0.7172127 -0.5124611 -0.4722155 0.7172115 -0.5124648 -0.1992703 0.7472137 -0.6340056 -0.1992695 0.7472132 -0.6340064 0.09164476 0.7098374 -0.6983782 0.09164351 0.7098387 -0.698377 0.3742947 0.6084556 -0.6997752 0.3742947 0.6084556 -0.6997752 0.6231942 0.4522073 -0.6380734 0.6231948 0.452206 -0.6380736 0.8159011 0.2551793 -0.5188344 0.8159003 0.255182 -0.5188342 0.9350339 0.03514683 -0.3528121 0.9350339 0.03514599 -0.3528121 -0.241836 -0.664465 -0.7071079 -0.2418333 -0.664467 -0.707107 -0.2418341 -0.6644664 -0.7071073 -0.2418344 -0.6644657 -0.7071078 -0.2418327 -0.6644678 -0.7071064 -0.2418323 -0.6644691 -0.7071052 -0.2418335 -0.664467 -0.7071068 -0.2418332 -0.664467 -0.707107 -0.2418332 -0.6644676 -0.7071064 -0.2418321 -0.6644679 -0.7071065 -0.2418331 -0.6644672 -0.7071068 -0.2418326 -0.6644669 -0.7071074 -0.2418336 -0.6644673 -0.7071067 -0.2418339 -0.6644673 -0.7071065 -0.2418346 -0.6644675 -0.7071061 -0.2418332 -0.6644676 -0.7071065 -0.2418327 -0.6644674 -0.7071068 -0.2418327 -0.664467 -0.7071071 -0.2418335 -0.6644681 -0.7071059 -0.2418332 -0.6644669 -0.7071071 -0.2418332 -0.6644669 -0.7071071 -0.2418322 -0.6644684 -0.707106 -0.2418339 -0.6644663 -0.7071074 -0.2418334 -0.6644673 -0.7071067 -0.2418311 -0.6644654 -0.7071092 -0.241834 -0.6644673 -0.7071064 -0.9702902 0.1710962 0.1710641 -0.9702899 0.1710968 0.1710659 0.241831 0.6644665 0.7071083 0.2418336 0.6644671 0.7071068 0.2418334 0.6644679 0.7071061 0.241836 0.6644682 0.707105 0.2418315 0.664466 0.7071085 0.2418333 0.6644672 0.7071068 0.2418334 0.6644669 0.7071071 0.2418331 0.6644674 0.7071067 0.2418334 0.664467 0.7071068 0.2418336 0.6644669 0.707107 0.2418336 0.664467 0.7071069 0.2418336 0.6644686 0.7071055 0.2418327 0.6644675 0.7071068 0.2418334 0.6644673 0.7071067 0.2418329 0.6644672 0.707107 0.2418326 0.664467 0.7071072 0.2418317 0.6644676 0.707107 0.2418347 0.6644663 0.7071072 0.241836 0.6644662 0.7071068 0.2418321 0.6644672 0.7071071 0.2418334 0.6644673 0.7071067 0.2418334 0.6644675 0.7071065 0.2418338 0.6644664 0.7071073 0.2418322 0.6644679 0.7071066 0.2418329 0.6644669 0.7071072 0.2418319 0.6644675 0.7071069 0.9633635 -0.07732981 -0.2568088 0.9633638 -0.07732897 -0.2568083 -0.6866688 -0.7269704 0 -0.8713732 -0.4897108 0.02986562 -0.689223 -0.7199844 0.08120381 -0.8741425 -0.482104 0.05874317 -0.6968858 -0.6991857 0.1596543 -0.8784328 -0.4703612 0.08435761 -0.7084468 -0.6674464 0.2293874 -0.8841243 -0.4547203 0.107488 -0.7250248 -0.6240896 0.2912924 -0.8872482 -0.4464547 0.1160552 0.731577 0.6035956 -0.3169659 0.8803964 0.4649258 -0.09352105 0.713755 0.6526073 -0.2542787 0.875365 0.4787434 -0.06738674 0.7002018 0.6900538 -0.1831484 0.8722077 0.4874618 -0.04043292 0.6915343 0.7139275 -0.1099446 0.8706391 0.4917684 -0.01230901 0.6884555 0.7245109 -0.03335946 0.8708124 0.4916154 0 0.2325749 -0.6389603 -0.7332385 0.1992192 -0.5494924 -0.8113999 0.2192946 -0.6005701 -0.7689118 0.1486395 -0.410202 -0.8998003 0.1681401 -0.4603418 -0.8716734 0.09177792 -0.2537381 -0.962909 0.1126857 -0.307745 -0.9447724 0.03072303 -0.08631116 -0.9957944 0.05557757 -0.1505187 -0.9870437 0.01288801 -0.03540766 -0.9992898 -0.2325725 0.6389538 0.733245 -0.2179009 0.6014783 0.768598 -0.2005711 0.5485588 0.8116985 -0.1668882 0.4611865 0.8714674 -0.1498466 0.4093387 0.8999933 -0.1114909 0.3086418 0.9446216 -0.09301596 0.2528565 0.9630221 -0.05425506 0.1515333 0.986962 -0.03207808 0.08529764 0.995839 -0.01289075 0.03541523 0.9992895 -0.9611481 -0.2639745 -0.08069568 -0.9611482 -0.2639743 -0.0806958 -0.7892277 -0.5586497 0.2550098 -0.7892281 -0.5586494 0.2550097 -0.4365047 -0.7253445 0.5322958 -0.4365059 -0.725344 0.5322958 0.01621603 -0.725872 0.6876385 0.01621526 -0.725872 0.6876387 0.4652214 -0.5601116 0.6854517 0.4652211 -0.5601117 0.6854519 0.8076514 -0.266036 0.5262359 0.8076514 -0.266036 0.5262358 0.9650578 0.08898556 0.2464651 0.9650571 0.08898413 0.2464686 0.9013814 0.4236202 -0.08976376 0.9013804 0.4236215 -0.08976799 0.6312093 0.6612094 -0.4054344 0.6312093 0.6612094 -0.4054343 0.2164338 0.7473237 -0.6282227 0.2164345 0.747324 -0.6282221 -0.2479231 0.6622344 -0.7070924 -0.247921 0.6622361 -0.7070916 -0.6554827 0.4254375 -0.6239755 -0.6554827 0.4254375 -0.6239755 -0.9128811 0.09117549 -0.3979133 -0.9128823 0.09116965 -0.397912 -0.912958 -0.402662 0.06611263 -0.9129583 -0.4026619 0.06610995 -0.9693676 -0.1976004 -0.1458781 -0.9693678 -0.1976005 -0.1458777 -0.9383679 0.02528035 -0.3447126 -0.9383686 0.02527993 -0.3447104 -0.8227534 0.2458825 -0.5124633 -0.8227533 0.2458826 -0.5124635 -0.6329506 0.4443104 -0.6340045 -0.6329496 0.4443106 -0.6340056 -0.3860716 0.6026755 -0.6983774 -0.3860725 0.6026755 -0.6983768 -0.1043807 0.7066962 -0.6997751 -0.1043805 0.7066961 -0.6997752 0.1867224 0.7469925 -0.638073 0.1867224 0.7469924 -0.6380729 0.4609888 0.7199305 -0.5188347 0.4609889 0.7199304 -0.5188347 0.6936859 0.6279515 -0.3528128 0.6936863 0.6279511 -0.3528128 0.2418563 -0.664458 -0.7071075 0.2418561 -0.6644583 -0.7071073 0.2418561 -0.6644592 -0.7071066 0.2418561 -0.6644592 -0.7071065 0.2418562 -0.6644588 -0.7071069 0.2418562 -0.6644586 -0.707107 0.2418559 -0.6644594 -0.7071064 0.2418561 -0.6644591 -0.7071065 0.2418571 -0.6644586 -0.7071067 0.241856 -0.6644589 -0.7071069 0.2418569 -0.6644597 -0.7071059 0.2418563 -0.6644587 -0.7071069 0.2418558 -0.6644586 -0.7071071 0.2418557 -0.6644586 -0.7071071 0.241857 -0.6644587 -0.7071067 0.2418558 -0.6644592 -0.7071067 0.2418546 -0.6644592 -0.707107 0.2418562 -0.6644589 -0.7071068 0.2418565 -0.6644589 -0.7071066 0.2418564 -0.6644589 -0.7071067 0.2418558 -0.6644588 -0.707107 0.2418563 -0.6644588 -0.7071068 0.2418574 -0.6644594 -0.7071059 0.241856 -0.6644589 -0.7071068 0.2418566 -0.6644579 -0.7071076 0.2418559 -0.6644595 -0.7071062 -0.8532636 -0.4926238 0.1710638 -0.8532637 -0.4926232 0.1710655 -0.2418569 0.6644582 0.7071072 -0.2418567 0.6644584 0.7071071 -0.2418565 0.6644585 0.707107 -0.2418558 0.6644592 0.7071067 -0.2418558 0.6644591 0.7071068 -0.2418555 0.6644596 0.7071064 -0.2418554 0.6644611 0.707105 -0.2418566 0.6644578 0.7071076 -0.2418566 0.6644579 0.7071076 -0.2418565 0.6644588 0.7071068 -0.2418561 0.6644582 0.7071074 -0.2418563 0.6644589 0.7071067 -0.2418566 0.6644589 0.7071065 -0.2418571 0.6644587 0.7071066 -0.2418567 0.6644588 0.7071068 -0.241856 0.6644588 0.7071068 -0.2418569 0.6644589 0.7071065 -0.241856 0.6644586 0.7071071 -0.2418558 0.6644595 0.7071063 -0.2418564 0.6644589 0.7071067 -0.2418559 0.6644585 0.7071071 -0.2418557 0.6644585 0.7071073 -0.2418566 0.6644595 0.707106 -0.2418558 0.6644591 0.7071068 -0.2418568 0.6644575 0.7071079 -0.241856 0.6644591 0.7071066 0.7876849 0.560001 -0.2568099 0.787685 0.5600008 -0.25681 -0.05874341 -0.9982731 0 -0.35274 -0.9352447 0.02986544 -0.06518739 -0.9945635 0.08120357 -0.3597362 -0.931203 0.05874389 -0.08441144 -0.9835572 0.1596556 -0.3705741 -0.9249642 0.08435761 -0.1136791 -0.9666747 0.2293844 -0.3849912 -0.9166399 0.1074849 -0.1542087 -0.9441155 0.291317 -0.3926985 -0.9123153 0.1160547 0.1724324 0.9326298 -0.3169682 0.3755687 0.9220635 -0.09352535 0.1272782 0.9587189 -0.2542801 0.36284 0.9294119 -0.06738501 0.09283715 0.9786928 -0.183144 0.3548166 0.9340613 -0.04043298 0.07084298 0.9914098 -0.1099447 0.3508485 0.9363513 -0.01230818 0.0616824 0.9975382 -0.03335893 0.3510704 0.9363491 0 0.5888473 -0.3399577 -0.7332719 0.5058274 -0.2928853 -0.8113919 0.5540286 -0.3191036 -0.7689117 0.3775354 -0.2186883 -0.8998013 0.4247044 -0.2445636 -0.8716735 0.2334102 -0.1353836 -0.9629076 0.2841396 -0.1633149 -0.9447714 0.07901436 -0.04636943 -0.9957945 0.1393256 -0.07957893 -0.9870438 0.03263169 -0.01883918 -0.9992899 -0.5888645 0.3399677 0.7332535 -0.5535435 0.3206942 0.7685993 -0.5062554 0.2912971 0.8116967 -0.4242894 0.246016 0.871467 -0.3779082 0.2172528 0.8999925 -0.2837985 0.1647686 0.9446215 -0.2337864 0.1339092 0.9630225 -0.1389657 0.08120685 0.986962 -0.07940161 0.04472237 0.995839 -0.03263908 0.01884341 0.9992895 -0.7884258 -0.3388818 -0.5133653 -0.7884241 -0.3388867 -0.5133646 -0.6711 -0.7052477 -0.2285835 -0.6711018 -0.7052459 -0.2285844 -0.4000367 -0.9100462 0.1085649 -0.400035 -0.9100471 0.1085656 -0.0373274 -0.9063655 0.4208424 -0.03732866 -0.9063655 0.4208421 0.3339321 -0.6950471 0.6367093 0.3339307 -0.6950477 0.6367094 0.6286906 -0.3245035 0.7067147 0.6286907 -0.3245035 0.7067146 0.7794256 0.1203811 0.6148203 0.7794269 0.1203834 0.6148182 0.7516027 0.5376925 0.3820735 0.7516025 0.5376902 0.3820772 0.5515973 0.8318175 0.06180632 0.5515977 0.8318171 0.06180793 0.225228 0.9353872 -0.2726226 0.2252262 0.9353865 -0.2726265 -0.1527406 0.8246693 -0.5446016 -0.1527394 0.8246707 -0.5445997 -0.4957162 0.5250325 -0.6918138 -0.4957177 0.5250282 -0.691816 -0.7251293 0.1051135 -0.6805429 -0.7251293 0.1051183 -0.6805423 -0.44054 -0.8952955 0.0661112 -0.4405398 -0.8952954 0.06611257 -0.6155638 -0.7744686 -0.1458754 -0.6155638 -0.7744685 -0.1458759 -0.7350823 -0.5838043 -0.3447124 -0.7350822 -0.5838041 -0.3447129 -0.7883152 -0.3405007 -0.512463 -0.7883152 -0.3405005 -0.5124633 -0.770465 -0.06648898 -0.6340055 -0.7704648 -0.06648886 -0.6340057 -0.6831406 0.2135137 -0.6983774 -0.6831405 0.2135137 -0.6983774 -0.5342153 0.4742661 -0.6997755 -0.5342167 0.4742654 -0.6997749 -0.3371198 0.6922522 -0.638073 -0.3371203 0.692252 -0.6380729 -0.1096254 0.8478167 -0.5188345 -0.109625 0.8478167 -0.5188345 0.1277552 0.9269319 -0.3528113 0.127755 0.9269319 -0.3528113 0.6123761 -0.3535453 -0.7071076 0.6123782 -0.3535433 -0.7071068 0.612379 -0.3535417 -0.707107 0.612379 -0.3535416 -0.707107 0.6123781 -0.353545 -0.7071061 0.6123781 -0.353545 -0.7071061 0.612379 -0.3535423 -0.7071067 0.6123791 -0.3535425 -0.7071065 0.6123777 -0.3535422 -0.7071079 0.6123795 -0.3535442 -0.7071052 0.6123778 -0.3535433 -0.7071073 0.6123766 -0.3535411 -0.7071093 0.6123789 -0.3535434 -0.7071062 0.6123785 -0.353542 -0.7071071 0.6123809 -0.3535416 -0.7071053 0.6123781 -0.3535431 -0.707107 0.6123786 -0.353543 -0.7071068 0.6123784 -0.3535426 -0.707107 0.6123781 -0.3535419 -0.7071076 0.6123785 -0.3535436 -0.7071064 0.6123784 -0.353543 -0.7071068 0.612378 -0.3535432 -0.7071071 0.6123776 -0.3535432 -0.7071074 0.6123802 -0.3535417 -0.7071059 0.6123795 -0.3535419 -0.7071065 0.6123781 -0.3535429 -0.7071071 -0.3369861 -0.9258387 0.171065 -0.3369858 -0.925839 0.1710641 -0.6123784 0.3535435 0.7071065 -0.6123769 0.3535435 0.7071079 -0.6123786 0.3535431 0.7071067 -0.6123779 0.3535412 0.7071082 -0.6123785 0.3535436 0.7071064 -0.61238 0.3535424 0.7071058 -0.6123784 0.3535432 0.7071067 -0.6123791 0.3535428 0.7071064 -0.612378 0.353542 0.7071077 -0.6123788 0.3535422 0.7071068 -0.6123803 0.3535439 0.7071048 -0.6123784 0.3535428 0.707107 -0.612378 0.3535428 0.7071074 -0.6123805 0.3535414 0.7071058 -0.612379 0.3535417 0.7071068 -0.6123772 0.3535433 0.7071078 -0.6123782 0.353542 0.7071075 -0.6123782 0.3535422 0.7071074 -0.6123778 0.3535411 0.7071083 -0.612378 0.3535448 0.7071063 -0.6123763 0.3535419 0.7071092 -0.6123794 0.3535422 0.7071064 -0.6123784 0.3535432 0.7071067 -0.6123783 0.3535434 0.7071067 -0.612379 0.3535423 0.7071066 -0.6123784 0.3535445 0.7071061 0.2434394 0.9353002 -0.256809 0.2434393 0.9353002 -0.2568088 0.5966845 -0.8024758 0 0.3309509 -0.9431751 0.02986592 0.5893635 -0.8037763 0.08120518 0.3229926 -0.9445765 0.0587455 0.5675479 -0.807713 0.1596531 0.3106787 -0.9467642 0.0843575 0.5342717 -0.813597 0.2293768 0.2942893 -0.9496529 0.1074861 0.4887503 -0.8223447 0.2913284 0.2856028 -0.9512951 0.1160542 -0.46739 0.8252748 -0.3169673 -0.3049833 0.9477548 -0.09352016 -0.5187558 0.816231 -0.2542822 -0.319469 0.9451975 -0.06738841 -0.5579714 0.8093988 -0.183143 -0.328593 0.9436058 -0.04043096 -0.583 0.8049988 -0.1099448 -0.3331094 0.9428078 -0.01230716 -0.5939565 0.8038052 -0.03335821 -0.3329464 0.9429457 0 0.6696259 0.1180849 -0.7332511 0.5757401 0.1007746 -0.8113987 0.6295261 0.1116751 -0.768912 0.4297811 0.07515048 -0.8998003 0.4825445 0.085648 -0.8716738 0.2658211 0.04632258 -0.9629088 0.3226392 0.05753475 -0.9447718 0.09033519 0.01526862 -0.9957944 0.1578829 0.02859592 -0.9870437 0.0371074 0.006543695 -0.9992899 -0.669632 -0.118086 0.7332453 -0.6301782 -0.1101449 0.7685984 -0.5750544 -0.1022678 0.8116981 -0.4831597 -0.08426856 0.8714674 -0.4291401 -0.07648915 0.8999934 -0.3233133 -0.05620199 0.9446216 -0.2651665 -0.04769468 0.9630223 -0.1586526 -0.02711737 0.986962 -0.08957237 -0.016779 0.9958389 -0.03711551 -0.006545126 0.9992895 -0.6846605 -0.1817911 -0.7058272 -0.6846593 -0.1817932 -0.7058278 -0.5062169 -0.6143708 -0.6052214 -0.5062202 -0.6143681 -0.6052215 -0.2118065 -0.9062057 -0.3659635 -0.2118104 -0.9062044 -0.3659645 0.1311227 -0.9904387 -0.04287081 0.1311272 -0.9904382 -0.04286921 0.4440179 -0.8477756 0.2900424 0.4440212 -0.8477735 0.2900435 0.6551953 -0.5108929 0.5565138 0.6551914 -0.5108985 0.5565132 0.7162704 -0.05697709 0.6954929 0.716271 -0.056975 0.6954925 0.6132593 0.4099934 0.6751433 0.6132592 0.4099959 0.6751419 0.369759 0.7830402 0.5001263 0.369759 0.7830402 0.5001263 0.04154747 0.9767031 0.2105346 0.04154783 0.9767029 0.2105355 -0.2961799 0.9466127 -0.1272867 -0.2961797 0.9466128 -0.1272861 -0.566056 0.6996645 -0.4359475 -0.5660556 0.6996667 -0.4359444 -0.7062553 0.2924361 -0.6447361 -0.7062545 0.2924327 -0.6447385 0.2380107 -0.9690099 0.06611138 0.238011 -0.9690096 0.06611478 0.02626723 -0.9889543 -0.145875 0.02626687 -0.9889538 -0.1458783 -0.1878412 -0.9197229 -0.3447105 -0.1878415 -0.919722 -0.3447127 -0.385016 -0.7675561 -0.512465 -0.385016 -0.7675576 -0.5124627 -0.5474713 -0.5461811 -0.6340042 -0.5474711 -0.5461795 -0.6340057 -0.6605602 -0.2755528 -0.6983774 -0.6605603 -0.2755531 -0.6983771 -0.7140857 0.01992166 -0.6997748 -0.7140857 0.01992172 -0.6997748 -0.7032204 0.3135995 -0.6380724 -0.7032198 0.3136003 -0.6380727 -0.6289437 0.5789994 -0.5188348 -0.6289434 0.5789998 -0.5188348 -0.4979543 0.7921898 -0.3528127 -0.4979525 0.792191 -0.3528126 0.6963614 0.1228017 -0.7071071 0.6963621 0.1228003 -0.7071067 0.6963624 0.1227987 -0.7071067 0.6963611 0.122799 -0.7071079 0.6963621 0.1227993 -0.7071068 0.6963636 0.1227992 -0.7071055 0.696362 0.1227997 -0.707107 0.6963627 0.1228011 -0.7071059 0.6963621 0.1227995 -0.7071067 0.6963625 0.1227985 -0.7071067 0.6963624 0.1228004 -0.7071064 0.6963617 0.1227985 -0.7071074 0.6963619 0.1227999 -0.707107 0.6963627 0.1228011 -0.7071061 0.6963621 0.1227996 -0.7071067 0.6963618 0.1227992 -0.7071073 0.6963621 0.1227998 -0.7071068 0.6963621 0.1227999 -0.7071069 0.6963624 0.1227997 -0.7071067 0.6963623 0.1228 -0.7071065 0.696362 0.1228 -0.7071069 0.6963628 0.1227995 -0.7071062 0.6963626 0.1227995 -0.7071063 0.6963629 0.1227993 -0.7071061 0.696362 0.1227998 -0.7071069 0.696362 0.1227998 -0.7071069 0.3369724 -0.925844 0.1710633 0.3369717 -0.925844 0.1710649 -0.6963624 -0.1227995 0.7071066 -0.6963615 -0.1228 0.7071073 -0.6963621 -0.1227997 0.7071068 -0.6963623 -0.1227999 0.7071066 -0.6963621 -0.1227995 0.7071069 -0.6963621 -0.1227991 0.7071068 -0.6963631 -0.122799 0.707106 -0.6963619 -0.1228 0.707107 -0.6963613 -0.1227993 0.7071077 -0.6963622 -0.1227998 0.7071067 -0.6963623 -0.1227999 0.7071066 -0.6963607 -0.1228002 0.7071082 -0.6963624 -0.1227992 0.7071066 -0.6963633 -0.1227992 0.7071058 -0.6963621 -0.1227995 0.7071068 -0.6963618 -0.1227995 0.7071072 -0.696362 -0.1227995 0.707107 -0.6963618 -0.122799 0.7071073 -0.6963627 -0.1228005 0.7071061 -0.6963622 -0.1227994 0.7071068 -0.6963621 -0.1227998 0.7071068 -0.696362 -0.1228001 0.7071069 -0.696362 -0.1227997 0.7071068 -0.6963627 -0.1227988 0.7071064 -0.6963625 -0.1227993 0.7071065 -0.6963618 -0.1227999 0.707107 -0.4147124 0.8729621 -0.2568086 -0.4147112 0.8729625 -0.2568094 0.9729084 -0.2311909 0 0.8597841 -0.5097835 0.02986609 0.9681352 -0.236897 0.08120459 0.8545895 -0.5159708 0.05874532 0.9539542 -0.2539348 0.1596514 0.8465639 -0.5255603 0.08435696 0.9322505 -0.2798044 0.2293874 0.835859 -0.5383189 0.1074826 0.9029924 -0.3158228 0.2913085 0.8302626 -0.5451568 0.1160523 -0.8885182 0.3317666 -0.3169643 -0.8428382 0.5299782 -0.09352481 -0.9220529 0.2918199 -0.2542827 -0.8522862 0.5187171 -0.06738531 -0.9477022 0.2613803 -0.1831417 -0.8582583 0.5116227 -0.04043406 -0.9640474 0.2419179 -0.1099467 -0.8612001 0.5081171 -0.01230728 -0.9716727 0.2339648 -0.03335845 -0.8611632 0.5083284 0 0.437058 0.5208835 -0.7332535 0.3762642 0.4472744 -0.8114006 0.4104594 0.4901971 -0.7689148 0.280928 0.3338294 -0.8997985 0.3145964 0.3757829 -0.8716744 0.1738562 0.2063528 -0.9629084 0.2101735 0.2514628 -0.9447717 0.05938607 0.06976246 -0.9957944 0.1025642 0.1233909 -0.9870437 0.02421987 0.02886515 -0.9992899 -0.437067 -0.5208945 0.7332403 -0.4119433 -0.4894448 0.7686004 -0.3747794 -0.4479777 0.8116997 -0.3159554 -0.3751229 0.8714672 -0.2795751 -0.3344411 0.8999928 -0.2115462 -0.2508748 0.9446216 -0.05867624 -0.06993001 0.9958248 -0.1724715 -0.2069816 0.9630224 -0.07463443 -0.08646678 0.9934552 -0.09816038 -0.1262748 0.9871268 -0.02422499 -0.02887123 0.9992895 -0.8213472 -0.05232262 -0.5680239 -0.8213462 -0.05232357 -0.5680252 -0.5670791 -0.4362132 -0.6986697 -0.567083 -0.4362113 -0.6986678 -0.182908 -0.7201673 -0.6692561 -0.1829058 -0.7201677 -0.6692563 0.2431746 -0.8391426 -0.4865241 0.2431713 -0.8391433 -0.4865247 0.6135443 -0.765879 -0.1923347 0.6135436 -0.7658796 -0.192335 0.8433566 -0.5171645 0.1459127 0.8433579 -0.5171622 0.1459136 0.8799692 -0.1499707 0.4507358 0.8799694 -0.1499693 0.4507361 0.7149899 0.2515811 0.6523009 0.7149902 0.25158 0.6523009 0.3862189 0.5954923 0.7044317 0.3862187 0.5954924 0.7044316 -0.03103888 0.8029903 0.5951834 -0.03103739 0.8029892 0.5951849 -0.4411763 0.8265286 0.3495912 -0.4411779 0.8265289 0.3495886 -0.7502508 0.6607211 0.02390682 -0.7502511 0.6607207 0.02390515 -0.8874509 0.3435496 -0.3072533 -0.887451 0.34355 -0.3072525 0.8051955 -0.5893127 0.0661112 0.8051955 -0.5893125 0.06611239 0.6558101 -0.7406974 -0.145878 0.6558105 -0.7406975 -0.1458759 0.44729 -0.8252913 -0.3447112 0.4472901 -0.8252913 -0.344711 0.1984353 -0.8354667 -0.5124635 0.1984363 -0.8354678 -0.5124613 -0.06830912 -0.7703083 -0.6340025 -0.06831037 -0.7703063 -0.6340046 -0.3288967 -0.635686 -0.6983769 -0.3288967 -0.635686 -0.6983768 -0.5598266 -0.4437441 -0.6997752 -0.5598263 -0.4437453 -0.6997747 -0.7402756 -0.2117902 -0.6380728 -0.7402757 -0.2117897 -0.6380729 -0.8539725 0.03926235 -0.5188347 -0.8539725 0.03926235 -0.5188347 -0.8906649 0.2867745 -0.3528119 -0.8906654 0.2867732 -0.3528119 0.4545091 0.5416838 -0.7071069 0.4545096 0.5416857 -0.7071051 0.4545096 0.5416831 -0.707107 0.4545115 0.5416818 -0.7071069 0.4545106 0.5416827 -0.7071068 0.4545101 0.541683 -0.707107 0.4545128 0.5416837 -0.7071045 0.45451 0.5416831 -0.7071068 0.4545102 0.5416831 -0.7071066 0.4545104 0.5416828 -0.7071068 0.4545078 0.5416831 -0.7071083 0.4545094 0.5416826 -0.7071077 0.4545105 0.5416826 -0.707107 0.4545128 0.5416841 -0.7071043 0.454509 0.5416831 -0.7071074 0.4545083 0.5416821 -0.7071086 0.4545099 0.5416831 -0.7071068 0.4545101 0.5416836 -0.7071064 0.4545103 0.5416833 -0.7071066 0.4545105 0.5416828 -0.7071067 0.4545113 0.5416786 -0.7071095 0.4545106 0.5416852 -0.7071049 0.45451 0.5416819 -0.7071077 0.4545099 0.5416821 -0.7071076 0.4545099 0.541683 -0.707107 0.4545098 0.5416831 -0.707107 0.853256 -0.4926366 0.1710653 0.8532567 -0.4926361 0.1710633 -0.4545102 -0.541683 0.7071067 -0.4545105 -0.5416831 0.7071065 -0.4545102 -0.5416832 0.7071067 -0.4545086 -0.5416833 0.7071075 -0.4545104 -0.5416824 0.7071071 -0.4545093 -0.5416836 0.7071069 -0.4545104 -0.5416828 0.7071068 -0.4545104 -0.5416829 0.7071068 -0.4545106 -0.5416821 0.7071072 -0.4545102 -0.541683 0.7071069 -0.45451 -0.5416848 0.7071056 -0.4545104 -0.5416835 0.7071062 -0.4545102 -0.5416823 0.7071073 -0.4545102 -0.5416831 0.7071068 -0.4545093 -0.5416884 0.7071033 -0.4545099 -0.5416829 0.707107 -0.4545126 -0.5416834 0.7071049 -0.4545084 -0.5416831 0.7071079 -0.4545105 -0.5416812 0.707108 -0.4545098 -0.5416836 0.7071067 -0.45451 -0.5416831 0.7071068 -0.4545106 -0.5416838 0.7071059 -0.45451 -0.5416826 0.7071072 -0.4545103 -0.5416827 0.707107 -0.4545109 -0.5416834 0.7071061 -0.4545099 -0.5416831 0.707107 -0.8788176 0.4021571 -0.2568061 -0.8788177 0.402157 -0.256806 0.8938962 0.4482742 0 0.9863142 0.162149 0.02986592 0.8939152 0.4408198 0.08120107 0.9863151 0.1540522 0.05874127 0.8939862 0.4186856 0.1596595 0.9863285 0.1415606 0.08436077 0.894011 0.3848766 0.2293777 0.98633 0.124903 0.1074815 0.8947266 0.3385176 0.2913245 0.9864361 0.1160769 0.1160602 -0.8938992 -0.316981 -0.316966 -0.9863145 -0.1357799 -0.09352707 -0.8939061 -0.3691456 -0.2542901 -0.9863143 -0.1504774 -0.06738418 -0.8939986 -0.4089342 -0.1831374 -0.9863288 -0.1597512 -0.04043436 -0.8940033 -0.4343611 -0.1099478 -0.9863281 -0.1643335 -0.01230895 -0.8947356 -0.4453485 -0.03335946 -0.9864388 -0.1641296 0 -1.17155e-5 0.6799603 -0.733249 7.32559e-4 0.5844934 -0.8113982 -6.62518e-4 0.639355 -0.7689114 6.21892e-4 0.4363012 -0.8998005 -5.53826e-4 0.490083 -0.8716756 5.40516e-4 0.2698287 -0.9629082 -6.3495e-4 0.3277303 -0.9447712 6.49904e-4 0.09161341 -0.9957945 -7.45413e-4 0.160449 -0.9870438 -6.49215e-7 0.03768038 -0.9992899 1.17156e-5 -0.6799664 0.7332432 -9.57752e-4 -0.6397298 0.7685993 8.56902e-4 -0.5840774 0.8116976 -9.11518e-4 -0.490453 0.8714671 8.07674e-4 -0.4359023 0.8999936 -7.94611e-4 -0.328161 0.9446215 9.244e-4 -0.2694201 0.9630223 -8.4432e-4 -0.1609513 0.986962 9.70066e-4 -0.09112507 0.9958389 6.49353e-7 -0.03768819 0.9992895 -0.9725828 -0.1644522 -0.1644329 -0.9725809 -0.164455 -0.1644412 -0.753101 -0.4652144 -0.4652037 -0.7531051 -0.4652132 -0.4651982 -0.3610979 -0.6594004 -0.6593933 -0.3610939 -0.6594 -0.6593958 0.113633 -0.7025247 -0.7025286 0.1136311 -0.7025256 -0.7025282 0.5623292 -0.5847117 -0.5847205 0.5623311 -0.5847101 -0.5847204 0.8822049 -0.3329439 -0.3329609 0.8822038 -0.3329461 -0.3329616 0.9999759 -0.004906535 -0.004923522 0.9999759 -0.004906594 -0.004923582 0.8886669 0.3242536 0.3242385 0.8886672 0.324253 0.3242384 0.5737752 0.579134 0.5791251 0.5737703 0.5791385 0.5791254 0.1274327 0.7013441 0.7013397 0.1274356 0.7013428 0.7013404 -0.348096 0.6628801 0.662887 -0.3480973 0.6628803 0.6628862 -0.743882 0.472561 0.4725736 -0.743882 0.4725609 0.4725735 -0.9692553 0.1739807 0.1739972 -0.9692543 0.1739821 0.1740013 0.9956183 0.06613045 0.06611353 0.9956183 0.06613045 0.06611353 0.9784908 -0.1458608 -0.1458774 0.9784909 -0.1458607 -0.1458774 0.8731306 -0.3446975 -0.3447123 0.8731308 -0.3446974 -0.3447118 0.6890395 -0.5124517 -0.5124627 0.68904 -0.5124517 -0.5124619 0.4428147 -0.6339979 -0.6340046 0.4428144 -0.6339977 -0.6340048 0.1566618 -0.6983745 -0.6983767 0.1566618 -0.6983746 -0.6983767 -0.1436176 -0.6997778 -0.6997749 -0.1436184 -0.6997773 -0.6997753 -0.4309498 -0.6380795 -0.6380727 -0.4309481 -0.6380812 -0.6380722 -0.6794168 -0.5188484 -0.5188345 -0.679418 -0.5188466 -0.5188347 -0.8666251 -0.3528254 -0.3528105 -0.8666239 -0.3528282 -0.3528105 -1.23148e-5 0.7071068 -0.7071068 -1.23668e-5 0.7071066 -0.707107 -1.20096e-5 0.7071058 -0.7071077 -1.20944e-5 0.7071068 -0.7071068 -1.26565e-5 0.7071068 -0.7071067 -1.17417e-5 0.7071071 -0.7071064 -1.03369e-5 0.7071071 -0.7071065 -1.2192e-5 0.7071062 -0.7071074 -1.1664e-5 0.7071073 -0.7071064 -1.27962e-5 0.7071064 -0.7071071 -1.19927e-5 0.7071074 -0.7071062 -1.33268e-5 0.7071068 -0.7071068 -1.15871e-5 0.7071066 -0.707107 -1.37315e-5 0.7071078 -0.7071058 -1.21758e-5 0.7071065 -0.707107 -1.19402e-5 0.707107 -0.7071066 -1.14916e-5 0.7071076 -0.707106 -1.23151e-5 0.7071067 -0.7071068 -1.21585e-5 0.7071068 -0.7071067 -1.09272e-5 0.7071058 -0.7071078 -1.15432e-5 0.7071067 -0.707107 -1.22804e-5 0.7071071 -0.7071066 -1.21272e-5 0.7071069 -0.7071067 -1.24613e-5 0.707107 -0.7071065 -1.2258e-5 0.7071068 -0.7071068 -1.20929e-5 0.7071068 -0.7071068 0.9702929 0.1710807 0.1710643 0.9702929 0.1710807 0.1710642 1.25839e-5 -0.7071067 0.7071068 1.196e-5 -0.707107 0.7071066 1.21535e-5 -0.7071068 0.7071068 1.16e-5 -0.7071061 0.7071074 1.18425e-5 -0.7071068 0.7071067 1.19944e-5 -0.707107 0.7071067 1.36075e-5 -0.7071076 0.7071061 1.16561e-5 -0.7071063 0.7071073 1.05615e-5 -0.7071061 0.7071075 1.28959e-5 -0.707107 0.7071066 1.17092e-5 -0.707107 0.7071066 1.22281e-5 -0.7071067 0.707107 1.14352e-5 -0.7071075 0.7071061 1.21832e-5 -0.7071065 0.7071071 1.23564e-5 -0.7071067 0.7071068 1.19494e-5 -0.707107 0.7071067 1.24285e-5 -0.7071063 0.7071073 1.19394e-5 -0.7071067 0.7071069 1.18692e-5 -0.7071067 0.7071068 1.14413e-5 -0.7071072 0.7071064 1.12682e-5 -0.7071081 0.7071055 1.20777e-5 -0.7071067 0.707107 1.20517e-5 -0.7071063 0.7071073 1.20234e-5 -0.7071065 0.7071071 1.14382e-5 -0.7071061 0.7071076 1.35814e-5 -0.7071079 0.7071058 -0.9317157 -0.2568207 -0.2568051 -0.9317156 -0.2568227 -0.2568039 0.3966215 0.9179823 0 0.6513359 0.7582017 0.02986538 0.4014235 0.9122859 0.08120185 0.6565341 0.7520056 0.05874258 0.4157114 0.8953735 0.1596573 0.6645768 0.7424426 0.0843603 0.4374454 0.869497 0.2293832 0.6752821 0.7296857 0.1074841 0.4678279 0.8344328 0.2913057 0.6810526 0.7229806 0.1160453 -0.4810225 -0.8174074 -0.3169582 -0.6682826 -0.7380046 -0.09352761 -0.4474956 -0.8573718 -0.2542859 -0.6588371 -0.7492617 -0.06738352 -0.4219757 -0.8879165 -0.1831415 -0.6528862 -0.7563761 -0.04043287 -0.4056465 -0.9073934 -0.1099461 -0.6499446 -0.759882 -0.01230549 -0.399137 -0.9162843 -0.03335762 -0.6501348 -0.7598189 0 -0.4370833 0.5208774 -0.7332428 -0.3751484 0.4482241 -0.8113932 -0.4114801 0.4893524 -0.7689073 -0.2799698 0.3346226 -0.8998026 -0.3154422 0.3750678 -0.8716768 -0.1730251 0.2070443 -0.9629096 -0.2111466 0.2506468 -0.9447715 -0.05839133 0.07059907 -0.9957943 -0.1037054 0.1224317 -0.9870439 -0.02422124 0.0288648 -0.9992898 0.1738877 -0.2057933 0.9630224 0.210329 -0.2518966 0.9446215 0.2808116 -0.3334017 0.8999934 0.3145596 -0.3762956 0.8714665 0.3760935 -0.4468777 0.8116982 0.4104753 -0.4906755 0.7686011 0.4370797 -0.5208733 0.7332479 0.05738943 -0.07143253 0.9957931 0.07961368 -0.09487658 0.9923004 0.1129774 -0.1119809 0.9872671 0.02422577 -0.02887016 0.9992896 -0.888419 -0.3328616 0.3160932 -0.8884191 -0.3328619 0.3160925 -0.756843 -0.6534455 -0.01406222 -0.7568438 -0.6534447 -0.01405894 -0.4518852 -0.8243322 -0.3409928 -0.4518837 -0.8243321 -0.3409954 -0.04340356 -0.8063746 -0.5898103 -0.0434035 -0.8063744 -0.5898105 0.3750218 -0.6036844 -0.7035082 0.3750199 -0.603687 -0.703507 0.7075315 -0.2627022 -0.6560387 0.707531 -0.2627037 -0.6560386 0.877956 0.1384625 -0.4582808 0.8779556 0.1384704 -0.4582793 0.8472495 0.5079144 -0.1555351 0.8472529 0.5079082 -0.1555374 0.6224513 0.7610014 0.1828426 0.6224488 0.7610032 0.1828436 0.2550554 0.8397552 0.4793307 0.2550554 0.8397552 0.4793307 -0.170769 0.7261308 0.6660119 -0.1707698 0.7261307 0.6660119 -0.5574761 0.4461568 0.7001175 -0.557474 0.4461579 0.7001186 -0.816467 0.06397718 0.5738368 -0.816469 0.06397527 0.5738342 0.7201812 0.690629 0.06611227 0.7201811 0.690629 0.06611216 0.8433251 0.5172258 -0.1458773 0.8433252 0.5172259 -0.1458769 0.8904243 0.2971845 -0.3447113 0.8904235 0.2971837 -0.3447141 0.8572316 0.05034607 -0.512464 0.8572328 0.05034685 -0.5124618 0.7467425 -0.2010332 -0.6340041 0.7467406 -0.2010341 -0.6340062 0.5689148 -0.4342858 -0.6983781 0.5689153 -0.4342856 -0.6983777 0.3397902 -0.6283766 -0.6997754 0.3397907 -0.6283766 -0.6997751 0.08002436 -0.7658062 -0.6380729 0.08002513 -0.7658061 -0.6380727 -0.1869564 -0.8341811 -0.5188344 -0.1869568 -0.834181 -0.5188345 -0.4370802 -0.8273361 -0.3528116 -0.4370799 -0.8273361 -0.3528116 -0.4545293 0.5416671 -0.7071067 -0.4545288 0.5416673 -0.7071069 -0.4545279 0.5416623 -0.7071112 -0.4545283 0.5416682 -0.7071064 -0.454528 0.5416691 -0.7071059 -0.4545295 0.5416667 -0.7071069 -0.4545288 0.5416694 -0.7071053 -0.4545288 0.5416685 -0.707106 -0.4545288 0.541667 -0.707107 -0.4545294 0.5416677 -0.7071062 -0.4545286 0.5416656 -0.7071083 -0.4545287 0.5416682 -0.7071062 -0.4545251 0.5416673 -0.7071093 -0.4545299 0.5416677 -0.7071059 -0.4545292 0.5416675 -0.7071065 -0.4545276 0.5416676 -0.7071073 -0.4545294 0.541667 -0.7071068 -0.4545288 0.5416675 -0.7071067 -0.4545298 0.541667 -0.7071065 -0.4545288 0.5416677 -0.7071065 -0.4545286 0.5416677 -0.7071067 -0.454528 0.5416673 -0.7071073 -0.4545283 0.5416674 -0.7071071 -0.4545285 0.5416675 -0.7071068 -0.4545308 0.5416667 -0.7071061 -0.4545281 0.5416674 -0.7071072 0.6333183 0.7547483 0.1710641 0.6333185 0.754748 0.171065 0.4545289 -0.5416679 0.7071062 0.4545288 -0.5416676 0.7071066 0.4545276 -0.5416681 0.707107 0.4545281 -0.5416676 0.7071071 0.4545314 -0.5416662 0.7071061 0.4545291 -0.5416678 0.7071063 0.4545282 -0.541668 0.7071067 0.4545272 -0.5416679 0.7071075 0.4545295 -0.5416676 0.7071062 0.4545275 -0.5416668 0.7071081 0.454529 -0.5416669 0.7071071 0.4545283 -0.5416696 0.7071053 0.4545289 -0.5416654 0.7071083 0.4545267 -0.5416676 0.707108 0.454528 -0.5416675 0.7071073 0.4545294 -0.5416671 0.7071067 0.4545294 -0.5416671 0.7071067 0.4545282 -0.5416663 0.707108 0.454529 -0.5416685 0.7071058 0.4545285 -0.541668 0.7071065 0.4545285 -0.5416669 0.7071074 0.4545288 -0.5416674 0.7071068 0.4545288 -0.5416674 0.7071069 0.4545287 -0.5416676 0.7071067 0.4545286 -0.5416676 0.7071067 0.4545286 -0.5416673 0.707107 -0.5486539 -0.7956322 -0.256804 -0.5486546 -0.7956315 -0.2568046 -0.2862421 0.9581574 0 0.0115897 0.9994866 0.02986609 -0.2789115 0.9568772 0.08120483 0.0195536 0.9980815 0.05874478 -0.2570585 0.9531173 0.1596509 0.03186124 0.9959259 0.08435958 -0.2237942 0.9472599 0.2293794 0.04826903 0.9930348 0.1074795 -0.1779975 0.9399214 0.291315 0.05698698 0.991607 0.1160518 0.156933 -0.9353662 -0.3169577 -0.03755819 -0.9949084 -0.09352385 0.2083114 -0.9444276 -0.254289 -0.02307844 -0.9974601 -0.06738543 0.247479 -0.9514278 -0.1831371 -0.01394879 -0.9990848 -0.04043549 0.2725167 -0.9558485 -0.1099475 -0.009443759 -0.9998797 -0.01230794 0.2832362 -0.9584699 -0.03336042 -0.009640097 -0.9999536 0 -0.6696297 0.118062 -0.7332513 -0.5754891 0.1022182 -0.8113961 -0.6297559 0.1103703 -0.7689121 -0.429562 0.07637494 -0.8998018 -0.4827395 0.08455753 -0.8716724 -0.2656328 0.04738706 -0.9629089 -0.3228604 0.05628418 -0.9447715 -0.09010988 0.01654869 -0.9957943 -0.1581409 0.02712756 -0.9870438 -0.03710716 0.006542325 -0.9992899 0.6696321 -0.1180624 0.7332491 0.6298453 -0.1120312 0.7685986 0.5753541 -0.1005803 0.8116966 0.4828431 -0.0860638 0.8714675 0.4294205 -0.0748983 0.8999934 0.3230368 -0.05776697 0.9446218 0.2654876 -0.04587399 0.9630223 0.1583598 -0.02878046 0.9869619 0.08990913 -0.01486837 0.9958389 0.03711557 -0.006543815 0.9992895 -0.7079542 -0.2792196 0.6487197 -0.7079544 -0.2792205 0.6487191 -0.5721217 -0.6898157 0.4436566 -0.5721216 -0.6898164 0.4436556 -0.3052221 -0.9423812 0.1369568 -0.3052235 -0.94238 0.1369616 0.03159767 -0.9790585 -0.201112 0.03159922 -0.9790576 -0.2011161 0.3611816 -0.7914447 -0.4931159 0.3611811 -0.7914456 -0.4931147 0.608021 -0.4225232 -0.6721493 0.608021 -0.4225233 -0.6721493 0.7155714 0.04319834 -0.6972027 0.7155722 0.04319506 -0.6972019 0.6591941 0.4990171 -0.5625345 0.6591925 0.4990195 -0.5625342 0.4518021 0.8405207 -0.2989977 0.4517995 0.8405225 -0.2989968 0.1409044 0.9894719 0.03303813 0.1409047 0.9894717 0.03303802 -0.202266 0.9117467 0.3575003 -0.2022647 0.9117471 0.3574999 -0.4991051 0.6251485 0.6000696 -0.4991059 0.6251477 0.6000697 -0.681603 0.1953389 0.7051666 -0.681603 0.1953389 0.7051666 0.1077627 0.9919758 0.06611412 0.107763 0.991976 0.0661112 0.3135575 0.938297 -0.1458776 0.3135575 0.938297 -0.1458779 0.4910786 0.8000091 -0.3447135 0.4910785 0.8000089 -0.344714 0.624316 0.5895848 -0.512464 0.6243164 0.589586 -0.5124621 0.7012596 0.3259959 -0.6340045 0.7012592 0.3259953 -0.6340053 0.7149683 0.03300982 -0.6983773 0.7149688 0.0330106 -0.6983767 0.6642078 -0.2629516 -0.6997747 0.6642071 -0.2629523 -0.699775 0.5535529 -0.5352031 -0.6380727 0.5535529 -0.5352032 -0.6380727 0.3929849 -0.7591925 -0.5188349 0.3929849 -0.7591925 -0.518835 0.1969792 -0.9147258 -0.3528116 0.1969778 -0.914726 -0.3528116 -0.6963664 0.1227759 -0.7071067 -0.6963663 0.1227757 -0.707107 -0.6963663 0.122776 -0.7071068 -0.696366 0.1227759 -0.7071071 -0.6963658 0.122776 -0.7071074 -0.6963663 0.122776 -0.7071068 -0.6963669 0.1227751 -0.7071064 -0.6963657 0.1227765 -0.7071073 -0.6963672 0.1227761 -0.7071059 -0.6963665 0.1227755 -0.7071067 -0.6963669 0.1227765 -0.7071061 -0.6963661 0.1227755 -0.7071071 -0.6963658 0.1227743 -0.7071076 -0.6963663 0.1227758 -0.7071068 -0.696367 0.1227768 -0.7071059 -0.6963664 0.1227757 -0.7071067 -0.6963639 0.1227778 -0.7071088 -0.696366 0.1227768 -0.707107 -0.6963663 0.1227765 -0.7071068 -0.6963664 0.1227763 -0.7071066 -0.6963664 0.1227763 -0.7071066 -0.6963667 0.122776 -0.7071065 -0.6963666 0.1227756 -0.7071066 -0.6963667 0.1227751 -0.7071065 -0.6963667 0.1227757 -0.7071065 -0.6963664 0.1227763 -0.7071066 6.98219e-6 0.9852599 0.1710643 7.74731e-6 0.9852595 0.1710663 0.6963666 -0.1227752 0.7071067 0.6963663 -0.1227764 0.7071068 0.6963664 -0.1227775 0.7071064 0.696367 -0.122775 0.7071063 0.6963661 -0.1227761 0.707107 0.6963666 -0.1227747 0.7071067 0.6963655 -0.1227746 0.7071079 0.6963662 -0.1227758 0.707107 0.6963661 -0.1227759 0.707107 0.6963668 -0.1227758 0.7071064 0.6963664 -0.1227762 0.7071067 0.6963665 -0.1227762 0.7071066 0.6963662 -0.1227759 0.7071069 0.6963663 -0.1227759 0.7071069 0.6963673 -0.1227751 0.707106 0.6963657 -0.1227765 0.7071073 0.6963663 -0.1227759 0.7071069 0.6963669 -0.1227762 0.7071062 0.6963668 -0.1227761 0.7071062 0.6963651 -0.1227747 0.7071083 0.6963661 -0.1227751 0.707107 0.6963669 -0.1227761 0.7071062 0.6963669 -0.1227761 0.7071062 0.6963664 -0.1227751 0.7071069 0.696366 -0.1227747 0.7071072 0.6963665 -0.1227763 0.7071065 0.0911293 -0.9621573 -0.2568051 0.09112864 -0.9621572 -0.2568056 0 0 1 0 0 1 0 0 1 0 0 1 0.8374221 0.5465567 0 0.8374221 0.5465567 0 -0.05462026 0.9985072 0 -0.05462026 0.9985072 0 -0.8920431 0.4519504 0 -0.8920431 0.4519504 0 -0.8374223 -0.5465562 0 -0.8374223 -0.5465562 0 0.05462116 -0.9985072 0 0.05462116 -0.9985072 0 0.8920431 -0.4519504 0 0.8920431 -0.4519504 0 0.1195159 0.9921399 -0.03706985 0.510769 0.859718 0 0.4515678 0.8912855 -0.04119074 0.3537228 0.9353502 0 0.2383995 0.9711672 0 0.6106747 0.7918816 0 0.7111347 0.7029802 -0.010302 0.7294424 0.6833446 -0.03088593 0.9482364 0.3175654 0 0.9187477 0.3924688 -0.04325205 0.8786864 0.4773995 0 0.8147341 0.5798347 0 0.9796009 0.200953 0 0.9982511 0.05460733 -0.02264398 0.9982512 0.05460703 -0.02264422 0.9255173 -0.3787056 0 0.9560758 -0.289911 -0.04325246 0.9772182 -0.212237 0 0.9956753 -0.09290128 0 0.8731213 -0.487503 0 0.7830768 -0.620823 -0.03700697 0.7999497 -0.5999401 -0.01234579 0.6934098 -0.7205435 0 0.6014979 -0.7988744 0 0.5460931 -0.8367112 -0.04119098 0.4536376 -0.8911862 0 0.3429078 -0.939369 0 0.2270234 -0.9731836 -0.03706914 0.1745789 -0.9846432 0 -0.06613343 -0.9978108 0 -0.119516 -0.9921399 -0.03706985 -0.5107703 -0.8597172 0 -0.4515667 -0.891286 -0.04119253 -0.353717 -0.9353525 0 -0.2383995 -0.9711672 0 -0.6106638 -0.79189 0 -0.711136 -0.702979 -0.01030308 -0.7294424 -0.6833445 -0.03088569 -0.9482363 -0.3175655 0 -0.9187479 -0.3924688 -0.04325181 -0.8786867 -0.4773988 0 -0.8147335 -0.5798357 0 -0.9796013 -0.2009513 0 -0.9982511 -0.05460691 -0.02264398 -0.9982511 -0.05460661 -0.02264422 -0.925517 0.378706 0 -0.9560757 0.2899111 -0.04325252 -0.9772182 0.212237 0 -0.9956753 0.09290051 0 -0.8731219 0.4875019 0 -0.783077 0.6208227 -0.03700715 -0.7999497 0.5999401 -0.01234632 -0.6934029 0.7205501 0 -0.6014982 0.7988742 0 -0.5460932 0.8367111 -0.0411911 -0.4536376 0.8911862 0 -0.3429074 0.9393692 0 -0.2270246 0.9731833 -0.03706866 -0.1745808 0.9846429 0 0.06613343 0.9978108 0 -0.8943634 0.3659584 0.2572717 -0.9619757 0.08975619 0.2579663 -0.9163891 -0.3068999 0.2569894 -0.7871816 -0.5602274 0.2578575 -0.4936596 -0.8309168 0.2566663 0.8943631 -0.3659579 0.2572733 0.9619751 -0.0897569 0.2579683 0.916389 0.3068997 0.2569898 0.787182 0.5602263 0.2578585 0.4936584 0.8309178 0.2566646 -0.0967099 0.5454642 0.8325358 0.09671318 -0.5454623 0.8325368 0.03663581 0.5527566 0.8325371 0.03663671 0.5527571 0.8325366 0.2244375 -0.5064693 0.8325363 0.2244383 -0.5064681 0.8325368 0.2988104 -0.6742964 0.6753049 -0.2244406 0.5064672 0.8325367 -0.2244398 0.5064686 0.8325361 -0.2988109 0.6742937 0.6753073 0.3391242 -0.4380391 0.8325363 0.3391242 -0.4380391 0.8325363 0.451498 -0.5831899 0.6753067 0.4514974 -0.5831918 0.6753054 0.5372473 -0.6939534 0.4793685 -0.3391223 0.4380404 0.8325362 -0.3391227 0.4380394 0.8325367 -0.4514968 0.5831913 0.6753064 -0.4514973 0.5831898 0.6753073 -0.5372487 0.6939533 0.479367 -0.1287595 0.7262107 0.6753066 0.04877686 0.7359226 0.6753063 0.04877495 0.7359215 0.6753078 0.3555636 -0.8023602 0.4793668 0.1532135 -0.8641363 0.4793682 0.1532123 -0.8641375 0.4793668 0.1287578 -0.7262109 0.6753067 -0.03663587 -0.5527578 0.8325363 -0.03663527 -0.5527573 0.8325366 -0.04877495 -0.7359227 0.6753065 -0.04877674 -0.7359237 0.6753052 -0.05804055 -0.8756924 0.4793683 -0.05804032 -0.8756923 0.4793687 -0.3555619 0.8023599 0.4793686 -0.153214 0.864136 0.4793688 -0.1532135 0.8641364 0.4793682 0.05803859 0.8756926 0.4793685 0.05804038 0.8756934 0.4793667 0.3417937 0.903806 0.2575106 0.2898027 0.9114677 0.2919606 0.2659211 0.8363571 0.4793671 0.2659214 0.8363571 0.4793668 0.2234771 0.7028645 0.6753069 0.2234759 0.7028641 0.6753076 0.1678549 0.5279279 0.8325365 0.1678541 0.5279276 0.8325368 0.5899955 0.7650662 0.2580291 0.502766 0.8209484 0.2706843 0.4583451 0.7484151 0.4793688 0.4583469 0.7484151 0.4793672 0.3851897 0.6289599 0.6753062 0.3851886 0.6289598 0.6753069 0.2893182 0.4724166 0.8325368 0.289319 0.4724167 0.8325365 0.3939678 0.3894506 0.8325368 0.3939687 0.3894505 0.8325365 0.5245168 0.5185014 0.6753063 0.5245165 0.5185014 0.6753064 0.624135 0.6169775 0.4793686 0.6241366 0.6169771 0.479367 0.6874201 0.6795346 0.2562937 0.6874182 0.6795356 0.2562962 0.8491089 0.4613298 0.2572723 0.8222512 0.4906162 0.2884419 0.7536519 0.4496847 0.4793667 0.7536517 0.4496849 0.4793668 0.6333598 0.3779097 0.675307 0.6333604 0.3779094 0.6753066 0.475722 0.2838507 0.8325366 0.4757225 0.2838506 0.8325365 0.946445 0.1941515 0.2579674 0.9177803 0.280195 0.2813715 0.8393684 0.2562561 0.4793677 0.8393689 0.2562557 0.4793673 0.7053958 0.2153543 0.6753068 0.7053958 0.2153543 0.6753067 0.5298293 0.1617546 0.8325362 0.5298284 0.1617552 0.8325366 0.5531437 0.03025853 0.8325362 0.5531437 0.03025847 0.8325362 0.7364358 0.04028511 0.6753069 0.7364363 0.04028451 0.6753064 0.8763042 0.04793554 0.4793674 0.8763041 0.0479356 0.4793675 0.9651553 0.05279594 0.2562965 0.965155 0.05279684 0.2562976 0.9443971 -0.2051088 0.2569913 0.9428672 -0.1784128 0.281372 0.8623123 -0.1631699 0.4793672 0.8623124 -0.1631701 0.4793671 0.7246781 -0.1371264 0.6753059 0.7246776 -0.1371252 0.6753067 0.5443111 -0.1029958 0.8325367 0.5443115 -0.1029968 0.8325362 0.8435952 -0.4710171 0.2578564 0.8708622 -0.3979965 0.2884403 0.7982062 -0.3647916 0.4793683 0.7982063 -0.364793 0.479367 0.6708033 -0.3065678 0.6753068 0.6708034 -0.3065692 0.6753059 0.5038453 -0.2302663 0.8325366 0.5038453 -0.230266 0.8325368 0.4340988 -0.3441524 0.8325366 0.4340988 -0.3441535 0.8325362 0.5779437 -0.4581938 0.6753069 0.5779437 -0.4581941 0.6753067 0.6877097 -0.5452167 0.4793685 0.6877098 -0.5452168 0.4793684 0.7574396 -0.6004986 0.2562941 0.7574398 -0.6004981 0.2562949 0.09671199 -0.5454635 0.8325361 0.1287587 -0.7262099 0.6753076 0.2988124 -0.6742931 0.6753074 0.3555647 -0.8023588 0.4793685 0.5372472 -0.6939536 0.4793683 0.5893145 -0.7612081 0.2706857 0.6699287 -0.6961436 0.2580304 -0.2303472 -0.9383645 0.2577058 -0.06392449 -0.9644823 0.2562956 -0.06392526 -0.9644826 0.2562947 0.1687477 -0.9517548 0.2562949 0.1687484 -0.9517544 0.2562958 0.3313255 -0.9076404 0.2577058 0.3874956 -0.8744177 0.2919601 0.4383388 -0.8611313 0.2575113 0.581348 -0.7721124 0.2566649 -0.341788 -0.9038078 0.2575125 -0.2898029 -0.9114683 0.2919585 -0.2659211 -0.8363571 0.4793671 -0.2659193 -0.8363566 0.4793688 -0.2234758 -0.7028653 0.6753066 -0.2234781 -0.7028661 0.675305 -0.1678559 -0.5279272 0.8325367 -0.1678559 -0.5279272 0.8325366 -0.5899844 -0.7650735 0.2580328 -0.5027672 -0.8209471 0.2706861 -0.4583468 -0.748415 0.4793674 -0.4583471 -0.748415 0.4793672 -0.3851894 -0.628959 0.6753072 -0.3851907 -0.6289591 0.6753064 -0.28932 -0.4724165 0.8325362 -0.2893189 -0.4724164 0.8325366 -0.3939696 -0.3894501 0.8325362 -0.3939676 -0.3894505 0.8325369 -0.5245155 -0.5185015 0.6753071 -0.5245165 -0.5185014 0.6753064 -0.6241355 -0.6169779 0.4793675 -0.6241353 -0.6169779 0.4793676 -0.6874182 -0.6795352 0.2562969 -0.6874195 -0.6795345 0.2562954 -0.8491095 -0.4613293 0.2572711 -0.8222513 -0.4906164 0.2884413 -0.7536512 -0.4496845 0.4793683 -0.7536517 -0.4496841 0.4793677 -0.6333606 -0.3779096 0.6753063 -0.6333602 -0.3779098 0.6753066 -0.4757221 -0.2838512 0.8325364 -0.4757209 -0.2838518 0.8325369 -0.9464455 -0.1941499 0.2579665 -0.9177805 -0.2801955 0.281371 -0.8393683 -0.2562565 0.4793678 -0.8393682 -0.2562567 0.479368 -0.7053955 -0.2153552 0.6753069 -0.7053961 -0.2153548 0.6753063 -0.5298284 -0.1617546 0.8325367 -0.5298289 -0.1617543 0.8325365 -0.5531431 -0.03025805 0.8325366 -0.5531428 -0.03025841 0.8325369 -0.736436 -0.04028511 0.6753067 -0.7364359 -0.04028522 0.6753068 -0.8763041 -0.04793649 0.4793676 -0.8763043 -0.04793632 0.4793673 -0.9651554 -0.05279672 0.2562962 -0.9651554 -0.05279648 0.256296 -0.9443976 0.2051089 0.2569895 -0.9428678 0.1784129 0.2813704 -0.8623119 0.1631698 0.479368 -0.862312 0.1631702 0.4793678 -0.7246774 0.1371263 0.6753066 -0.7246774 0.1371262 0.6753067 -0.5443111 0.1029966 0.8325365 -0.5443109 0.1029962 0.8325367 -0.8435952 0.4710158 0.2578586 -0.8708609 0.3979991 0.2884407 -0.7982053 0.3647942 0.4793679 -0.7982052 0.3647939 0.4793682 -0.6708032 0.3065689 0.6753063 -0.6708031 0.3065685 0.6753066 -0.5038455 0.230266 0.8325366 -0.5038456 0.2302666 0.8325364 -0.434099 0.3441521 0.8325367 -0.434099 0.3441529 0.8325363 -0.5779448 0.4581937 0.6753062 -0.5779448 0.4581933 0.6753064 -0.6877108 0.5452156 0.4793682 -0.6877107 0.5452166 0.4793671 -0.7574396 0.6004977 0.2562965 -0.7574396 0.6004974 0.2562968 -0.09671181 0.5454623 0.8325369 -0.128759 0.7262111 0.6753063 -0.29881 0.6742952 0.6753063 -0.3555614 0.8023604 0.479368 -0.5372491 0.6939523 0.4793678 -0.5893162 0.7612063 0.270687 -0.6699216 0.6961495 0.2580329 0.230347 0.9383639 0.2577081 0.06392443 0.9644817 0.256298 0.06392526 0.964482 0.2562971 -0.1687495 0.9517539 0.2562971 -0.1687484 0.9517544 0.2562958 -0.3313252 0.9076405 0.2577058 -0.3874943 0.8744186 0.2919595 -0.4383391 0.8611316 0.2575097 -0.5813484 0.7721126 0.2566637 0 0 1 0 0 1 0 0 1 0 0 1 0 0 1 0 0 1 0 0 1 0 0 1 0 0 1 0 0 1 0 0 1 0 0 1 0 0 1 0 0 1 0 0 1 0 0 1 0 0 1 0 0 1 0 0 1 0 0 1 0 0 1 0 0 1 0 0 1 0 0 1 0 0 1 0 0 1 0 0 1 0 0 1 0 0 1 0 0 1 0 0 1 0 0 1 0 0 1 0 0 1 0 0 1 0 0 1 0 0 1 0 0 1 0 0 1 0 0 1 0 0 1 0 0 1 0 0 1 0 0 1 0 0 1 0 0 1 0 0 1 0 0 1 0 0 1 0 0 1 0 0 1 0 0 1 0 0 1 0 0 1 0 0 1 0 0 1 0 0 1 0 0 1 0 0 1 0 0 1 0 0 1 0 0 1 0 0 1 0 0 1 -0.9410737 0.2195252 0.2572727 -0.9640386 -0.06389451 0.2579672 -0.8561366 -0.4483152 0.2569895 -0.6883996 -0.6779488 0.2578595 -0.355669 -0.8986783 0.2566651 0.941073 -0.2195278 0.2572727 0.9640387 0.06390291 0.2579649 0.8561376 0.4483132 0.2569895 0.6883995 0.6779496 0.2578573 0.35567 0.8986778 0.2566655 -0.1819735 0.523229 0.8325365 0.1819732 -0.5232291 0.8325366 -0.05146783 0.5515741 0.8325365 -0.05146825 0.5515738 0.8325368 0.3019025 -0.4644747 0.8325371 0.3019019 -0.4644761 0.8325365 0.4019421 -0.6183879 0.6753064 -0.3019021 0.4644758 0.8325368 -0.3019019 0.4644762 0.8325365 -0.401942 0.6183881 0.6753065 0.4042854 -0.3787288 0.8325369 0.4042856 -0.3787281 0.8325372 0.5382526 -0.5042263 0.6753073 0.5382524 -0.5042276 0.6753064 0.6404808 -0.5999937 0.4793661 -0.404286 0.3787295 0.8325363 -0.4042862 0.3787285 0.8325367 -0.5382534 0.5042268 0.6753064 -0.5382534 0.5042267 0.6753064 -0.6404812 0.599992 0.4793677 -0.2422733 0.6966091 0.6753068 -0.06852316 0.7343471 0.6753066 -0.0685234 0.7343469 0.6753067 0.4782816 -0.7358354 0.4793674 0.2882871 -0.828913 0.4793681 0.2882867 -0.8289135 0.4793674 0.2422729 -0.6966099 0.6753061 0.05146819 -0.551574 0.8325366 0.05146819 -0.551574 0.8325366 0.0685231 -0.7343471 0.6753064 0.06852346 -0.7343469 0.6753068 0.08153778 -0.8738182 0.4793677 0.0815376 -0.8738182 0.4793675 -0.4782815 0.7358346 0.4793686 -0.2882871 0.8289129 0.4793683 -0.2882863 0.8289138 0.4793672 -0.08153772 0.8738182 0.4793677 -0.0815373 0.8738185 0.4793673 0.1941666 0.946566 0.2575115 0.1416211 0.9458874 0.2919598 0.1299505 0.86794 0.4793673 0.1299502 0.8679398 0.4793677 0.1092086 0.7294067 0.6753069 0.1092087 0.7294068 0.6753067 0.08202755 0.5478634 0.8325366 0.08202749 0.5478634 0.8325366 0.4612269 0.8489342 0.2580317 0.366244 0.8902775 0.2706865 0.3338857 0.81162 0.4793675 0.3338861 0.8116201 0.4793672 0.2805942 0.6820766 0.6753062 0.2805932 0.6820763 0.6753069 0.2107558 0.5123131 0.8325367 0.210756 0.512313 0.8325366 0.3272365 0.4469885 0.8325368 0.3272374 0.4469885 0.8325365 0.4356731 0.5951058 0.6753059 0.4356714 0.5951058 0.6753069 0.5184168 0.7081319 0.4793675 0.5184158 0.708132 0.4793683 0.57098 0.7799323 0.2562959 0.5709806 0.779932 0.2562952 0.7652239 0.5901218 0.2572717 0.7340626 0.6147795 0.2884413 0.6728202 0.5634889 0.4793677 0.6728193 0.5634891 0.4793685 0.5654307 0.4735507 0.6753057 0.5654286 0.4735513 0.6753072 0.4246975 0.3556879 0.8325371 0.4246994 0.3556874 0.8325364 0.9036909 0.3417539 0.2579671 0.8617455 0.4221664 0.2813718 0.788122 0.3860985 0.479366 0.7881203 0.3860995 0.4793677 0.6623275 0.3244737 0.6753066 0.6623293 0.3244728 0.6753055 0.4974798 0.2437136 0.8325368 0.4974785 0.2437143 0.8325374 0.5413482 0.1175785 0.8325368 0.5413485 0.1175782 0.8325365 0.7207332 0.1565396 0.6753067 0.7207324 0.1565402 0.6753072 0.8576195 0.1862716 0.479366 0.8576191 0.186272 0.4793665 0.944575 0.2051586 0.2562965 0.944576 0.205157 0.2562943 0.9649719 -0.05277484 0.2569906 0.9592292 -0.02666175 0.2813689 0.8772749 -0.02438384 0.4793685 0.8772759 -0.0243858 0.4793666 0.7372518 -0.0204935 0.6753072 0.7372517 -0.0204935 0.6753072 0.553756 -0.01539283 0.8325368 0.5537562 -0.01539325 0.8325365 0.9076051 -0.3313037 0.2578582 0.9229488 -0.2548879 0.2884402 0.8459482 -0.2336229 0.4793661 0.8459476 -0.2336204 0.4793685 0.710925 -0.196332 0.6753069 0.7109248 -0.1963316 0.6753072 0.5339821 -0.1474664 0.8325363 0.5339818 -0.1474655 0.8325368 0.4831733 -0.2709739 0.8325363 0.4831731 -0.270972 0.832537 0.643281 -0.3607633 0.6753069 0.6432809 -0.3607625 0.6753075 0.7654578 -0.4292813 0.4793663 0.7654577 -0.4292818 0.4793658 0.843069 -0.4728075 0.2562962 0.8430691 -0.4728068 0.256297 0.1819732 -0.523229 0.8325366 0.2422732 -0.6966097 0.6753063 0.401942 -0.6183884 0.6753062 0.4782811 -0.7358363 0.4793665 0.6404808 -0.5999938 0.4793661 0.7025516 -0.6581409 0.2706877 0.7718281 -0.5811201 0.2580327 -0.07865136 -0.9630169 0.2577062 0.089805 -0.9624175 0.256296 0.08980494 -0.9624175 0.256296 0.3175171 -0.9129598 0.2562958 0.3175176 -0.9129592 0.2562965 0.4710447 -0.8436256 0.2577069 0.5212348 -0.8019188 0.29196 0.5693275 -0.7807393 0.2575117 0.6964145 -0.6701714 0.2566658 -0.1941661 -0.9465662 0.257511 -0.1416207 -0.9458876 0.2919594 -0.1299502 -0.8679401 0.4793671 -0.1299498 -0.86794 0.4793676 -0.1092082 -0.7294067 0.6753069 -0.1092088 -0.729407 0.6753064 -0.08202767 -0.5478635 0.8325366 -0.08202743 -0.5478633 0.8325366 -0.4612349 -0.8489303 0.2580305 -0.3662434 -0.8902778 0.2706867 -0.3338852 -0.8116204 0.4793674 -0.3338861 -0.8116204 0.4793666 -0.2805937 -0.6820757 0.6753073 -0.2805938 -0.6820757 0.6753072 -0.2107564 -0.5123131 0.8325365 -0.2107567 -0.5123131 0.8325364 -0.3272368 -0.4469891 0.8325364 -0.3272356 -0.4469891 0.8325368 -0.4356703 -0.5951059 0.6753077 -0.4356727 -0.5951058 0.6753061 -0.5184178 -0.7081313 0.4793673 -0.5184182 -0.7081313 0.4793671 -0.5709823 -0.779931 0.2562944 -0.5709802 -0.7799317 0.2562971 -0.7652238 -0.5901219 0.2572717 -0.7340611 -0.6147806 0.2884425 -0.6728197 -0.5634906 0.4793663 -0.6728191 -0.5634908 0.4793668 -0.5654286 -0.4735505 0.6753076 -0.5654314 -0.4735499 0.6753059 -0.4247002 -0.3556872 0.8325361 -0.4246978 -0.3556878 0.8325371 -0.9036943 -0.3417466 0.2579649 -0.8617447 -0.4221678 0.2813723 -0.7881204 -0.3860994 0.4793679 -0.7881219 -0.3860983 0.4793661 -0.6623281 -0.3244724 0.6753067 -0.6623265 -0.3244733 0.6753078 -0.4974794 -0.2437148 0.8325367 -0.4974812 -0.2437138 0.8325359 -0.5413482 -0.1175785 0.8325368 -0.5413498 -0.117577 0.8325359 -0.7207337 -0.1565378 0.6753065 -0.7207326 -0.1565387 0.6753073 -0.8576189 -0.1862695 0.4793679 -0.8576183 -0.1862701 0.4793685 -0.9445761 -0.2051569 0.2562941 -0.944575 -0.2051587 0.2562965 -0.9649719 0.05277484 0.2569906 -0.9592291 0.02666175 0.2813689 -0.877276 0.0243839 0.4793666 -0.8772749 0.02438181 0.4793686 -0.737252 0.02049022 0.675307 -0.7372516 0.02048963 0.6753075 -0.5537563 0.01538997 0.8325365 -0.5537574 0.01539152 0.8325358 -0.9076039 0.3313086 0.2578561 -0.9229491 0.2548861 0.2884408 -0.8459478 0.233621 0.479368 -0.8459481 0.2336224 0.4793667 -0.7109245 0.1963335 0.675307 -0.7109245 0.1963334 0.6753072 -0.5339806 0.1474674 0.8325372 -0.5339812 0.147469 0.8325366 -0.4831737 0.2709705 0.8325372 -0.483174 0.2709726 0.8325363 -0.6432809 0.3607633 0.6753069 -0.643281 0.3607643 0.6753063 -0.7654561 0.4292825 0.4793679 -0.765456 0.4292827 0.4793677 -0.8430687 0.4728093 0.2562941 -0.8430691 0.4728068 0.2562971 -0.1819733 0.5232293 0.8325363 -0.242273 0.6966096 0.6753066 -0.4019419 0.6183883 0.6753063 -0.4782809 0.7358359 0.4793672 -0.6404811 0.5999925 0.4793673 -0.7025524 0.65814 0.2706876 -0.7718282 0.5811199 0.2580327 0.07865083 0.9630169 0.257706 -0.08980476 0.9624174 0.2562959 -0.08980464 0.9624176 0.2562958 -0.3175173 0.9129594 0.2562966 -0.3175165 0.9129599 0.2562956 -0.4710432 0.8436267 0.2577057 -0.5212351 0.8019185 0.29196 -0.5693298 0.7807381 0.2575103 -0.6964145 0.670172 0.256664 -0.03930276 0.9985395 -0.0370692 0.3679978 0.9298266 0 0.3045393 0.9516087 -0.04119145 0.2009433 0.9796029 0 0.08140027 0.9966815 0 0.4773931 0.8786898 0 0.5906798 0.8068403 -0.01030206 0.6118693 0.7903556 -0.03088611 0.885891 0.4638935 0 0.8448996 0.5331736 -0.04325175 0.7918792 0.6106777 0 0.712494 0.7016783 0 0.935349 0.3537262 0 0.9769657 0.2121918 -0.02264356 0.9769657 0.2121912 -0.02264416 0.973854 -0.2271748 0 0.989948 -0.1346552 -0.04325389 0.9985078 -0.05460894 0 0.9978103 0.06614148 0 0.9393721 -0.3428996 0 0.8716049 -0.4888101 -0.03700691 0.8849533 -0.4655163 -0.01234591 0.7988812 -0.6014888 0 0.7205528 -0.6934001 0 0.6718475 -0.7395432 -0.04119133 0.5891981 -0.8079885 0 0.4875113 -0.8731167 0 0.3784534 -0.9248778 -0.03706932 0.3284891 -0.9445078 0 0.09290826 -0.9956746 0 0.03930264 -0.9985396 -0.03706932 -0.3679966 -0.929827 0 -0.3045384 -0.951609 -0.04119139 -0.2009428 -0.9796029 0 -0.08140081 -0.9966815 0 -0.4774013 -0.8786855 0 -0.5906797 -0.8068403 -0.01030123 -0.6118701 -0.7903551 -0.03088605 -0.88589 -0.4638954 0 -0.8448989 -0.5331747 -0.04325121 -0.7918791 -0.6106778 0 -0.7124944 -0.7016778 0 -0.935352 -0.3537185 0 -0.9769653 -0.2121937 -0.02264195 -0.976966 -0.2121899 -0.02264529 -0.9738547 0.227172 0 -0.9899483 0.1346539 -0.04325318 -0.9985078 0.05460894 0 -0.9978109 -0.06613284 0 -0.9393703 0.3429045 0 -0.871605 0.4888101 -0.03700578 -0.8849527 0.4655174 -0.01234585 -0.7988813 0.6014886 0 -0.7205525 0.6934003 0 -0.6718482 0.7395427 -0.04119056 -0.5892003 0.8079871 0 -0.4875096 0.8731177 0 -0.3784533 0.9248778 -0.0370689 -0.3284894 0.9445077 0 -0.09290808 0.9956747 0 0.9524174 -0.3047971 0 0.9524174 -0.3047971 0 0.212246 -0.9772163 0 0.212246 -0.9772163 0 -0.7401711 -0.6724186 0 -0.7401711 -0.6724186 0 -0.9524171 0.3047978 0 -0.9524171 0.3047978 0 -0.2122462 0.9772161 0 -0.2122462 0.9772161 0 0.7401707 0.672419 0 0.7401707 0.672419 0 0 0 1 0 0 1 0 0 1 0 0 1 0 0 1 0 0 1 0 0 1 0 0 1 0 0 1 0 0 1 0 0 1 0 0 1 0 0 1 0 0 1 0 0 1 0 0 1 0 0 1 0 0 1 0 0 1 0 0 1 0 0 1 0 0 1 0 0 1 0 0 1 0 0 1 0 0 1 0 0 1 0 0 1 0 0 1 0 0 1 0 0 1 0 0 1 0 0 1 0 0 1 0 0 1 0 0 1 -0.961366 0.09790909 0.2572728 -0.9480535 -0.1861395 0.2579661 -0.792084 -0.5536776 0.2569901 -0.5964725 -0.7600856 0.2578575 -0.2383431 -0.936652 0.2566626 0.9613659 -0.09790879 0.257273 0.9480549 0.1861298 0.2579684 0.7920835 0.5536785 0.2569901 0.5964722 0.7600852 0.2578591 0.2383421 0.9366519 0.2566637 -0.2471153 0.4957991 0.8325366 0.247115 -0.4957987 0.832537 -0.1212823 0.5405303 0.8325368 -0.1212829 0.5405297 0.8325372 0.3585878 -0.4222531 0.8325366 0.3585879 -0.4222524 0.8325368 0.4774119 -0.5621728 0.6753071 -0.3585873 0.4222535 0.8325365 -0.3585873 0.4222534 0.8325366 -0.4774112 0.562174 0.6753066 0.4492191 -0.3241679 0.8325367 0.4492192 -0.3241681 0.8325366 0.5980754 -0.4315865 0.6753065 0.5980755 -0.4315859 0.6753069 0.7116658 -0.5135555 0.4793668 -0.4492192 0.3241683 0.8325365 -0.4492192 0.3241681 0.8325366 -0.5980756 0.4315867 0.6753062 -0.5980756 0.4315864 0.6753063 -0.711665 0.5135553 0.4793683 -0.3290008 0.6600908 0.6753064 -0.1614723 0.7196443 0.6753064 -0.1614724 0.7196442 0.6753066 0.5680836 -0.6689453 0.4793674 0.3914865 -0.785458 0.4793683 0.391486 -0.7854588 0.4793676 0.3290009 -0.6600916 0.6753054 0.1212822 -0.5405299 0.8325371 0.1212822 -0.54053 0.8325371 0.1614716 -0.7196456 0.6753053 0.1614732 -0.7196439 0.6753067 0.1921409 -0.8563222 0.4793683 0.1921392 -0.8563238 0.4793662 -0.5680841 0.6689449 0.4793674 -0.3914864 0.7854585 0.4793676 -0.3914869 0.7854579 0.4793683 -0.19214 0.8563225 0.4793683 -0.1921393 0.856323 0.4793675 0.07205897 0.963585 0.25751 0.02002626 0.956221 0.2919594 0.01837599 0.877422 0.4793672 0.01837581 0.8774219 0.4793674 0.01544278 0.7373751 0.6753069 0.01544314 0.7373753 0.6753067 0.01159948 0.553848 0.832537 0.01159918 0.5538478 0.8325371 0.3493804 0.9007509 0.258033 0.2499026 0.9296647 0.2706883 0.2278236 0.8475282 0.4793664 0.2278226 0.8475281 0.4793673 0.1914594 0.7122523 0.6753073 0.19146 0.7122525 0.6753069 0.1438072 0.5349792 0.8325363 0.1438059 0.5349787 0.8325369 0.2676568 0.4850186 0.8325363 0.2676554 0.4850185 0.8325369 0.3563472 0.6457371 0.6753075 0.35635 0.6457374 0.6753059 0.4240298 0.7683793 0.4793664 0.4240283 0.7683793 0.4793676 0.4670218 0.8462874 0.2562972 0.4670221 0.8462874 0.2562969 0.6838539 0.6827554 0.2572724 0.649806 0.7032448 0.2884424 0.5955937 0.6445742 0.4793666 0.5955925 0.6445744 0.4793676 0.5005292 0.541693 0.6753067 0.5005307 0.5416927 0.6753058 0.3759522 0.4068694 0.8325367 0.3759514 0.4068694 0.832537 0.8528198 0.4540392 0.2579669 0.8009751 0.5284585 0.2813724 0.732544 0.4833098 0.4793651 0.7325425 0.4833106 0.4793667 0.6156198 0.4061683 0.6753071 0.6156201 0.4061682 0.6753069 0.4623972 0.3050762 0.8325367 0.4623976 0.3050761 0.8325365 0.5219703 0.1855522 0.8325368 0.5219709 0.1855517 0.8325365 0.694934 0.2470372 0.6753069 0.6949356 0.247036 0.6753056 0.8269218 0.2939546 0.4793651 0.8269186 0.2939574 0.479369 0.9107634 0.323763 0.2562961 0.9107626 0.3237639 0.2562975 0.9638372 0.07052314 0.2569906 0.9548156 0.09569489 0.2813711 0.8732401 0.0875191 0.4793664 0.8732383 0.08752167 0.4793692 0.7338602 0.07355231 0.6753068 0.7338613 0.07355105 0.6753058 0.5512082 0.05524468 0.8325368 0.5512092 0.05524361 0.8325362 0.9424026 -0.2130432 0.2578564 0.9478917 -0.1352891 0.2884408 0.8688094 -0.1240019 0.479368 0.8688102 -0.124004 0.4793661 0.7301371 -0.1042114 0.6753072 0.7301374 -0.1042119 0.6753068 0.5484125 -0.07827448 0.8325365 0.548412 -0.07827371 0.8325368 0.5137447 -0.2072423 0.8325365 0.5137447 -0.2072424 0.8325365 0.6839817 -0.2759153 0.6753073 0.6839818 -0.2759159 0.6753069 0.8138875 -0.3283194 0.4793679 0.8138877 -0.328321 0.4793664 0.8964101 -0.3616104 0.2562944 0.8964104 -0.3616074 0.256298 0.247115 -0.4957987 0.8325369 0.3290013 -0.6600911 0.675306 0.4774116 -0.5621743 0.6753061 0.5680838 -0.668945 0.4793678 0.711666 -0.5135546 0.4793676 0.7806363 -0.5633253 0.2706874 0.8395358 -0.4781195 0.2580338 0.04461055 -0.9651929 0.2577067 0.2116208 -0.9431483 0.2562966 0.2116205 -0.9431484 0.2562964 0.4311806 -0.8650985 0.2562963 0.4311807 -0.8650984 0.2562965 0.574631 -0.7767795 0.2577067 0.6191018 -0.7290217 0.2919597 0.6641086 -0.7018892 0.2575096 0.7760804 -0.5760409 0.2566636 -0.07205736 -0.9635855 0.2575088 -0.02002441 -0.9562214 0.2919583 -0.0183742 -0.877421 0.4793691 -0.01837682 -0.8774225 0.4793664 -0.01544368 -0.7373763 0.6753056 -0.01544219 -0.7373753 0.6753067 -0.0115987 -0.5538475 0.8325374 -0.01159918 -0.5538478 0.8325371 -0.3493734 -0.9007541 0.2580314 -0.2499026 -0.9296655 0.2706859 -0.2278232 -0.8475277 0.4793677 -0.2278215 -0.8475273 0.4793692 -0.1914588 -0.7122533 0.6753065 -0.1914603 -0.7122538 0.6753055 -0.1438071 -0.5349787 0.8325367 -0.1438055 -0.534978 0.8325374 -0.2676584 -0.4850173 0.8325365 -0.2676572 -0.4850172 0.832537 -0.3563504 -0.6457366 0.6753064 -0.3563503 -0.6457365 0.6753064 -0.4240303 -0.7683782 0.4793676 -0.4240296 -0.7683781 0.4793682 -0.4670235 -0.8462869 0.2562956 -0.4670237 -0.846287 0.2562954 -0.6838518 -0.6827574 0.2572723 -0.6498059 -0.7032456 0.2884405 -0.5955929 -0.6445744 0.4793671 -0.5955917 -0.6445747 0.4793683 -0.5005288 -0.5416935 0.6753067 -0.5005293 -0.5416934 0.6753064 -0.3759515 -0.4068701 0.8325366 -0.3759503 -0.4068703 0.8325371 -0.8528165 -0.4540458 0.2579657 -0.8009747 -0.5284606 0.2813696 -0.7325418 -0.4833105 0.4793678 -0.7325421 -0.4833104 0.4793675 -0.6156198 -0.4061683 0.6753071 -0.6156201 -0.4061682 0.6753069 -0.4623972 -0.3050762 0.8325367 -0.4623976 -0.3050761 0.8325365 -0.5219703 -0.1855522 0.8325368 -0.5219707 -0.1855519 0.8325365 -0.6949338 -0.2470375 0.6753069 -0.6949343 -0.2470372 0.6753066 -0.8269199 -0.2939558 0.4793677 -0.8269203 -0.2939556 0.4793673 -0.9107644 -0.3237606 0.2562953 -0.9107643 -0.3237608 0.2562955 -0.9638372 -0.07052415 0.2569907 -0.9548155 -0.09569561 0.2813712 -0.8732391 -0.0875197 0.479368 -0.8732397 -0.08751887 0.4793671 -0.7338609 -0.07354986 0.6753063 -0.7338607 -0.07355028 0.6753065 -0.5512088 -0.05524414 0.8325364 -0.5512085 -0.0552445 0.8325366 -0.9424029 0.2130392 0.2578587 -0.9478915 0.1352903 0.2884411 -0.8688098 0.1240031 0.4793672 -0.8688092 0.1240019 0.4793684 -0.7301374 0.1042098 0.6753072 -0.7301381 0.104211 0.6753063 -0.5484126 0.07827377 0.8325363 -0.5484126 0.07827377 0.8325365 -0.5137446 0.2072425 0.8325365 -0.5137446 0.2072423 0.8325365 -0.6839817 0.2759153 0.6753073 -0.683982 0.2759169 0.6753063 -0.8138875 0.3283206 0.479367 -0.8138874 0.3283193 0.4793682 -0.8964102 0.3616086 0.2562966 -0.8964102 0.3616092 0.256296 -0.2471154 0.4957989 0.8325368 -0.3290013 0.6600901 0.6753069 -0.4774114 0.5621733 0.675307 -0.5680842 0.6689445 0.4793677 -0.7116649 0.5135558 0.4793679 -0.7806355 0.5633268 0.2706862 -0.8395399 0.4781134 0.2580316 -0.04461258 0.965193 0.2577055 -0.2116202 0.9431488 0.2562953 -0.2116209 0.9431483 0.2562964 -0.4311817 0.865098 0.2562963 -0.4311813 0.8650985 0.2562955 -0.5746295 0.7767809 0.2577058 -0.6191022 0.729021 0.2919602 -0.6641085 0.7018891 0.2575105 -0.7760801 0.5760408 0.2566643 -0.1661287 0.9854071 -0.03706902 0.2466031 0.9691165 0 0.180889 0.9826406 -0.04119062 0.07457393 0.9972156 0 -0.04617214 0.9989335 0 0.3616266 0.932323 0 0.4831349 0.8754853 -0.0103017 0.5062517 0.8618326 -0.03088629 0.8196109 0.5729206 0 0.7701318 0.6364167 -0.04325139 0.707675 0.7065382 0 0.6173494 0.7866891 0 0.8826956 0.4699451 0 0.9419937 0.3348661 -0.02264285 0.9419945 0.3348635 -0.02264517 0.994854 -0.1013193 0 0.999036 -0.007507443 -0.04325217 0.9973339 0.07297408 0 0.9812675 0.1926503 0 0.975387 -0.2204998 0 0.9267519 -0.373847 -0.03700566 0.9370247 -0.349045 -0.01234656 0.8689624 -0.4948781 0 0.8029795 -0.5960066 0 0.760547 -0.647975 -0.04119062 0.6872868 -0.7263861 0 0.5947188 -0.8039339 0 0.493139 -0.8691604 -0.03706961 0.4460805 -0.8949929 0 0.2189335 -0.9757398 0 0.1661287 -0.9854071 -0.03706961 -0.2466041 -0.9691163 0 -0.180889 -0.9826406 -0.04119127 -0.0745722 -0.9972156 0 0.04617005 -0.9989336 0 -0.3616191 -0.932326 0 -0.4831364 -0.8754844 -0.01030242 -0.5062522 -0.8618323 -0.03088617 -0.8196116 -0.5729197 0 -0.7701312 -0.6364173 -0.0432524 -0.7076728 -0.7065403 0 -0.6173494 -0.7866891 0 -0.882692 -0.4699518 0 -0.9419948 -0.3348627 -0.02264469 -0.9419943 -0.3348639 -0.02264356 -0.9948539 0.1013196 0 -0.999036 0.007506787 -0.04325252 -0.9973338 -0.07297509 0 -0.9812656 -0.1926603 0 -0.9753879 0.2204958 0 -0.9267511 0.3738486 -0.03700721 -0.9370249 0.3490446 -0.01234596 -0.8689661 0.4948715 0 -0.8029795 0.5960066 0 -0.760547 0.6479752 -0.04119062 -0.6872869 0.7263861 0 -0.594717 0.8039352 0 -0.493139 0.8691604 -0.03706878 -0.4460816 0.8949923 0 -0.2189328 0.9757399 0 0.9834751 -0.1810434 0 0.9834751 -0.1810434 0 0.3349494 -0.9422361 0 0.3349494 -0.9422361 0 -0.6485254 -0.761193 0 -0.6485254 -0.761193 0 -0.9834752 0.181043 0 -0.9834752 0.181043 0 -0.3349493 0.9422362 0 -0.3349493 0.9422362 0 0.6485254 0.761193 0 0.6485254 0.761193 0 0 0 1 0 0 1 0 0 1 0 0 1 0 0 1 0 0 1 0 0 1 0 0 1 0 0 1 0 0 1 0 0 1 0 0 1 0 0 1 0 0 1 0 0 1 0 0 1 0 0 1 0 0 1 0 0 1 0 0 1 0 0 1 0 0 1 0 0 1 0 0 1 0 0 1 0 0 1 0 0 1 0 0 1 0 0 1 0 0 1 0 0 1 0 0 1 0 0 1 0 0 1 0 0 1 0 0 1 -0.9663069 0.007871627 0.2572724 -0.9265755 -0.2736991 0.2579664 -0.7370268 -0.6250983 0.2569897 -0.5230244 -0.8123762 0.2578576 -0.149998 -0.9547902 0.2566635 0.9663071 -0.007870912 0.2572718 0.926576 0.2736975 0.2579663 0.7370259 0.6250987 0.2569913 0.5230262 0.8123745 0.2578589 0.149996 0.9547907 0.2566634 -0.2922547 0.4706047 0.8325373 0.2922543 -0.4706069 0.8325363 -0.1711388 0.5268723 0.8325365 -0.1711376 0.5268739 0.8325358 0.396386 -0.3869893 0.8325368 0.3963859 -0.3869903 0.8325363 0.5277341 -0.5152252 0.6753072 -0.396385 0.38699 0.8325369 -0.3963851 0.3869892 0.8325372 -0.5277353 0.5152259 0.6753058 0.4774799 -0.2808839 0.8325365 0.4774799 -0.2808841 0.8325366 0.6357009 -0.3739597 0.6753062 0.6357008 -0.3739582 0.6753072 0.756437 -0.4449827 0.4793678 -0.4774798 0.2808827 0.8325371 -0.4774798 0.2808833 0.8325368 -0.6357013 0.373959 0.6753063 -0.6357014 0.3739596 0.675306 -0.7564366 0.4449836 0.4793676 -0.3890981 0.6265489 0.6753067 -0.2278463 0.7014605 0.6753067 -0.2278469 0.7014598 0.6753073 0.6279647 -0.6130808 0.4793665 0.462998 -0.7455468 0.4793671 0.4629974 -0.7455478 0.4793662 0.3890972 -0.626549 0.6753071 0.1711386 -0.5268726 0.8325365 0.1711388 -0.5268723 0.8325365 0.2278482 -0.7014595 0.6753071 0.227847 -0.7014611 0.6753059 0.2711209 -0.8346859 0.4793674 0.2711222 -0.8346843 0.4793692 -0.627964 0.6130823 0.4793655 -0.4629983 0.7455476 0.4793654 -0.4629987 0.745547 0.4793661 -0.2711214 0.8346865 0.4793658 -0.2711225 0.8346853 0.4793674 -0.01806962 0.9661068 0.2575096 -0.069193 0.953924 0.2919613 -0.06349104 0.8753149 0.4793669 -0.06349152 0.8753145 0.4793674 -0.05335754 0.7356044 0.6753067 -0.05335825 0.7356039 0.6753073 -0.04007786 0.5525189 0.8325363 -0.04007667 0.5525198 0.8325357 0.2639089 0.9293934 0.258031 0.1621575 0.9489114 0.2706879 0.1478308 0.8650745 0.4793663 0.14783 0.8650743 0.479367 0.1242345 0.7269976 0.6753076 0.1242358 0.7269982 0.6753067 0.09331452 0.5460546 0.8325364 0.0933147 0.5460547 0.8325363 0.2212839 0.5078552 0.8325362 0.2212811 0.5078546 0.8325374 0.2946064 0.6761411 0.6753076 0.2946086 0.6761415 0.6753062 0.3505624 0.8045583 0.4793663 0.3505612 0.8045582 0.4793673 0.3861058 0.8861349 0.2562952 0.3861044 0.8861351 0.2562969 0.617233 0.743528 0.2572734 0.5814253 0.7607535 0.2884417 0.5329175 0.6972846 0.4793674 0.5329176 0.6972845 0.4793674 0.4478579 0.5859901 0.6753066 0.4478587 0.58599 0.675306 0.3363904 0.440142 0.8325362 0.3363873 0.440142 0.8325374 0.8067823 0.5315594 0.2579671 0.7482288 0.6008192 0.2813717 0.6843031 0.5494875 0.479367 0.6843026 0.5494878 0.4793674 0.5750798 0.4617831 0.675307 0.5750806 0.4617829 0.6753066 0.4319475 0.3468487 0.8325366 0.4319486 0.3468485 0.8325363 0.502402 0.2333986 0.8325367 0.5024023 0.2333984 0.8325365 0.6688811 0.3107386 0.675307 0.6688814 0.3107385 0.6753069 0.7959194 0.3697559 0.4793671 0.7959196 0.3697558 0.479367 0.87662 0.4072463 0.2562963 0.8766205 0.4072458 0.2562956 0.9530676 0.1600581 0.2569895 0.9417386 0.1842798 0.2813708 0.8612796 0.1685355 0.4793676 0.8612799 0.168535 0.479367 0.7238098 0.1416349 0.6753066 0.7238094 0.1416352 0.675307 0.5436592 0.1063834 0.8325366 0.5436595 0.1063831 0.8325365 0.9581578 -0.1242693 0.2578581 0.9563754 -0.04634618 0.288441 0.8765854 -0.04247957 0.479368 0.8765857 -0.04248028 0.4793672 0.7366729 -0.03569996 0.6753063 0.7366725 -0.0356993 0.6753067 0.5533203 -0.02681398 0.8325369 0.5533203 -0.02681398 0.8325369 0.5308246 -0.1584525 0.8325372 0.530825 -0.1584538 0.8325367 0.7067235 -0.2109603 0.6753057 0.706723 -0.2109592 0.6753064 0.8409475 -0.2510256 0.4793679 0.8409475 -0.2510262 0.4793674 0.9262138 -0.2764785 0.2562962 0.9262138 -0.2764785 0.2562961 0.2922544 -0.4706065 0.8325364 0.3890972 -0.626549 0.6753071 0.5277341 -0.5152254 0.675307 0.6279649 -0.6130804 0.4793668 0.756437 -0.4449837 0.4793669 0.8297462 -0.4881087 0.2706863 0.88045 -0.3977779 0.2580319 0.1343888 -0.9568324 0.2577041 0.2986109 -0.9193176 0.2562941 0.2986124 -0.9193165 0.2562963 0.5099422 -0.8211401 0.2562965 0.5099425 -0.8211398 0.2562971 0.6445336 -0.7198356 0.2577071 0.6843601 -0.6681395 0.2919606 0.7266393 -0.6369322 0.2575127 0.8263962 -0.5011904 0.2566661 0.01807302 -0.9661067 0.2575095 0.06919306 -0.9539247 0.2919589 0.06349104 -0.8753138 0.4793689 0.06349158 -0.8753135 0.4793695 0.0533576 -0.7356044 0.6753067 0.0533564 -0.7356054 0.6753057 0.04007643 -0.5525189 0.8325365 0.04007667 -0.5525186 0.8325365 -0.2638934 -0.9293978 0.258031 -0.1621575 -0.9489122 0.2706857 -0.1478305 -0.8650736 0.4793682 -0.1478297 -0.8650733 0.479369 -0.1242346 -0.7269988 0.6753063 -0.1242337 -0.7269985 0.6753069 -0.09331279 -0.5460537 0.8325372 -0.0933147 -0.5460547 0.8325363 -0.2212815 -0.5078547 0.8325372 -0.2212828 -0.5078549 0.8325366 -0.2946087 -0.6761415 0.6753063 -0.2946085 -0.6761414 0.6753063 -0.350562 -0.8045574 0.479368 -0.3505613 -0.8045573 0.4793687 -0.3861061 -0.8861348 0.2562952 -0.3861061 -0.8861348 0.2562953 -0.6172339 -0.7435278 0.2572716 -0.581425 -0.7607541 0.2884412 -0.532917 -0.6972848 0.4793677 -0.5329163 -0.6972849 0.4793685 -0.447857 -0.5859907 0.6753067 -0.4478576 -0.5859906 0.6753063 -0.3363893 -0.4401422 0.8325366 -0.3363893 -0.4401422 0.8325366 -0.8067812 -0.5315607 0.2579676 -0.7482301 -0.6008177 0.2813712 -0.6843048 -0.5494867 0.4793655 -0.6843025 -0.5494877 0.4793679 -0.57508 -0.4617832 0.6753068 -0.5750798 -0.4617833 0.6753069 -0.4319472 -0.3468492 0.8325366 -0.4319475 -0.3468492 0.8325365 -0.5024026 -0.2333976 0.8325366 -0.502403 -0.2333974 0.8325364 -0.6688821 -0.3107373 0.6753066 -0.6688821 -0.3107373 0.6753067 -0.7959209 -0.3697546 0.4793658 -0.7959186 -0.3697562 0.4793683 -0.8766195 -0.407247 0.2562969 -0.8766201 -0.4072465 0.256296 -0.9530674 -0.1600579 0.2569905 -0.9417384 -0.1842793 0.2813715 -0.8612799 -0.1685352 0.4793673 -0.861279 -0.1685362 0.4793686 -0.7238095 -0.141636 0.6753066 -0.7238095 -0.1416361 0.6753066 -0.5436592 -0.106384 0.8325366 -0.5436597 -0.1063836 0.8325363 -0.9581577 0.1242707 0.2578575 -0.9563754 0.04634618 0.288441 -0.8765856 0.04247957 0.4793674 -0.8765857 0.04247969 0.4793674 -0.7366723 0.03569942 0.6753069 -0.7366725 0.03569978 0.6753066 -0.5533209 0.0268144 0.8325365 -0.5533207 0.02681404 0.8325367 -0.5308251 0.1584541 0.8325365 -0.5308248 0.1584533 0.8325368 -0.7067226 0.2109595 0.6753067 -0.7067227 0.2109599 0.6753065 -0.8409475 0.2510266 0.4793674 -0.8409473 0.2510262 0.4793677 -0.9262139 0.2764786 0.2562956 -0.9262138 0.2764776 0.2562968 -0.292254 0.4706064 0.8325366 -0.3890976 0.6265501 0.675306 -0.5277354 0.5152254 0.6753061 -0.6279649 0.613079 0.4793686 -0.7564367 0.4449828 0.4793683 -0.8297462 0.488108 0.2706875 -0.8804498 0.3977778 0.2580329 -0.1343891 0.9568318 0.2577062 -0.2986123 0.9193167 0.2562959 -0.2986124 0.9193165 0.2562961 -0.5099409 0.821141 0.2562962 -0.5099426 0.8211389 0.2562994 -0.6445333 0.7198352 0.2577092 -0.6843587 0.6681405 0.2919617 -0.7266415 0.6369304 0.2575107 -0.8263956 0.5011923 0.2566645 -0.2572588 0.9656313 -0.03706848 0.1551949 0.9878839 0 0.08850789 0.9952234 -0.04118961 -0.0187003 0.9998251 0 -0.1390869 0.9902802 0 0.273159 0.9619689 0 0.3994255 0.9167078 -0.01030087 0.4237149 0.9052688 -0.03088617 0.7626401 0.6468231 0 0.7074566 0.7054321 -0.0432524 0.6387337 0.769428 0 0.5413327 0.8408085 0 0.8350455 0.5501809 0 0.9066802 0.4212105 -0.0226441 0.9066801 0.4212108 -0.0226438 0.9999668 -0.008145093 0 0.9953861 0.08564841 -0.04325211 0.9861896 0.1656206 0 0.9590356 0.2832856 0 0.9916941 -0.1286188 0 0.9575635 -0.2858366 -0.03700703 0.9654804 -0.2601831 -0.01234602 0.9113103 -0.4117203 0 0.85504 -0.5185622 0 0.8176351 -0.5742614 -0.04119199 0.7520005 -0.6591626 0 0.667065 -0.7449995 0 0.5720088 -0.8194094 -0.03706902 0.5275638 -0.8495154 0 0.3089295 -0.9510849 0 0.2572575 -0.9656317 -0.03706824 -0.155197 -0.9878835 0 -0.08850789 -0.9952234 -0.04119098 0.01870375 -0.9998251 0 0.1390866 -0.9902802 0 -0.273143 -0.9619734 0 -0.3994271 -0.9167071 -0.01030224 -0.4237142 -0.9052692 -0.03088557 -0.7626408 -0.6468224 0 -0.7074571 -0.7054316 -0.04325252 -0.6387344 -0.7694274 0 -0.5413305 -0.8408099 0 -0.8350445 -0.5501825 0 -0.9066799 -0.4212113 -0.02264428 -0.9066796 -0.4212116 -0.02264386 -0.9999668 0.008145809 0 -0.9953863 -0.08564776 -0.04325228 -0.9861896 -0.1656204 0 -0.9590352 -0.2832872 0 -0.9916939 0.1286202 0 -0.9575638 0.2858358 -0.03700649 -0.9654805 0.2601828 -0.01234602 -0.9113103 0.4117203 0 -0.8550388 0.5185639 0 -0.817635 0.5742616 -0.04119086 -0.7520025 0.6591603 0 -0.667065 0.7449995 0 -0.5720078 0.8194102 -0.03706932 -0.5275624 0.8495163 0 -0.3089312 0.9510844 0 0.9960688 -0.08858275 0 0.9960688 -0.08858275 0 0.4213194 -0.9069123 0 0.4213194 -0.9069123 0 -0.5747501 -0.818329 0 -0.5747501 -0.818329 0 -0.9960688 0.08858317 0 -0.9960688 0.08858317 0 -0.4213196 0.9069122 0 -0.4213196 0.9069122 0 0.5747501 0.818329 0 0.5747501 0.818329 0 0 0 1 0 0 1 0 0 1 0 0 1 0 0 1 0 0 1 0 0 1 0 0 1 0 0 1 0 0 1 0 0 1 0 0 1 0 0 1 0 0 1 0 0 1 0 0 1 0 0 1 0 0 1 0 0 1 0 0 1 0 0 1 0 0 1 0 0 1 0 0 1 0 0 1 0 0 1 0 0 1 0 0 1 0 0 1 0 0 1 0 0 1 0 0 1 0 0 1 0 0 1 0 0 1 0 0 1 -0.9653023 -0.04474192 0.2572737 -0.9103037 -0.323728 0.2579677 -0.7019045 -0.6642943 0.2569885 -0.4780274 -0.8396422 0.257858 -0.09779894 -0.9615398 0.2566643 0.9653033 0.04474759 0.2572691 0.9103016 0.3237357 0.2579654 0.701903 0.6642952 0.2569903 0.4780265 0.8396424 0.2578591 0.09779876 0.9615398 0.2566647 -0.3174407 0.453998 0.8325366 0.3174399 -0.4539986 0.8325366 -0.1995666 0.5167747 0.8325366 -0.1995665 0.5167749 0.8325365 0.4168651 -0.3648373 0.8325366 0.4168651 -0.3648373 0.8325366 0.5550003 -0.4857323 0.6753066 -0.416865 0.3648374 0.8325366 -0.416865 0.3648375 0.8325366 -0.5549994 0.4857318 0.6753075 0.4920628 -0.2544751 0.8325363 0.4920626 -0.2544741 0.8325366 0.6551162 -0.3387985 0.6753061 0.6551162 -0.3387979 0.6753064 0.7795388 -0.403144 0.4793685 -0.4920628 0.2544751 0.8325363 -0.4920627 0.2544741 0.8325366 -0.6551153 0.3387979 0.6753073 -0.6551153 0.3387975 0.6753076 -0.7795395 0.4031444 0.479367 -0.4226298 0.6044375 0.6753068 -0.265696 0.6880164 0.6753067 -0.2656962 0.6880159 0.675307 0.6604083 -0.5779855 0.479368 0.5028969 -0.7192369 0.4793673 0.5028972 -0.7192364 0.4793679 0.4226294 -0.6044386 0.6753061 0.1995669 -0.516774 0.8325369 0.1995667 -0.5167741 0.8325369 0.2656968 -0.6880165 0.6753063 0.265697 -0.6880163 0.6753064 0.3161596 -0.818688 0.4793673 0.31616 -0.8186875 0.479368 -0.6604081 0.5779857 0.479368 -0.502898 0.7192357 0.4793679 -0.5028977 0.7192363 0.4793672 -0.3161589 0.8186883 0.4793674 -0.3161588 0.8186885 0.4793671 -0.07064056 0.9636898 0.2575111 -0.1210206 0.9487431 0.2919599 -0.1110477 0.8705604 0.4793674 -0.1110478 0.8705604 0.4793674 -0.09332323 0.7316089 0.6753067 -0.09332334 0.7316088 0.6753068 -0.07009595 0.5495174 0.8325366 -0.07009589 0.5495175 0.8325366 0.2129063 0.9423856 0.2580316 0.1102596 0.9563325 0.2706863 0.100518 0.8718388 0.4793674 0.1005176 0.8718387 0.4793678 0.08447384 0.7326834 0.6753067 0.08447414 0.7326835 0.6753065 0.0634492 0.5503246 0.8325365 0.06344902 0.5503245 0.8325366 0.1933073 0.5191488 0.8325363 0.1933063 0.5191486 0.8325368 0.2573615 0.6911769 0.675307 0.2573623 0.6911771 0.6753065 0.306242 0.8224493 0.4793673 0.3062424 0.8224493 0.479367 0.3372931 0.9058398 0.2562958 0.3372923 0.9058399 0.2562967 0.5758416 0.7760268 0.2572723 0.5391481 0.791278 0.2884416 0.4941673 0.7252622 0.4793678 0.4941686 0.7252621 0.4793666 0.4152938 0.6095021 0.675306 0.4152932 0.6095021 0.6753064 0.3119299 0.4578016 0.8325368 0.3119295 0.4578016 0.8325369 0.7766536 0.5746855 0.2579649 0.7144114 0.6406609 0.2813715 0.6533747 0.5859252 0.4793675 0.6533742 0.5859254 0.479368 0.5490884 0.4924052 0.6753066 0.5490896 0.4924049 0.6753059 0.4124252 0.3698489 0.8325366 0.4124247 0.3698491 0.8325368 0.4889518 0.2604019 0.8325366 0.4889513 0.260402 0.8325368 0.6509736 0.3466906 0.6753066 0.6509743 0.3466902 0.6753062 0.7746105 0.4125353 0.4793674 0.7746098 0.4125358 0.4793682 0.8531508 0.4543645 0.256294 0.8531503 0.454365 0.2562948 0.9429417 0.2117037 0.256987 0.9303099 0.2352748 0.2813704 0.8508263 0.2151735 0.4793692 0.8508271 0.2151728 0.4793683 0.7150255 0.1808288 0.6753069 0.7150267 0.1808277 0.675306 0.5370613 0.1358209 0.8325371 0.537062 0.1358202 0.8325366 0.9635015 -0.07192629 0.2578595 0.9574798 0.005783677 0.2884422 0.8775986 0.005301117 0.4793668 0.8775972 0.005303561 0.4793694 0.7375237 0.004457056 0.6753066 0.7375233 0.004457592 0.6753071 0.5539609 0.003348171 0.8325361 0.5539591 0.003350555 0.8325372 0.5386648 -0.1293215 0.8325361 0.5386645 -0.1293208 0.8325363 0.7171592 -0.1721733 0.6753066 0.7171595 -0.1721741 0.6753061 0.8533663 -0.2048743 0.4793667 0.8533657 -0.2048723 0.4793686 0.9398915 -0.225645 0.2562975 0.9398917 -0.2256482 0.2562937 0.3174402 -0.4539976 0.8325371 0.4226297 -0.604438 0.6753065 0.5550003 -0.4857324 0.6753064 0.6604084 -0.577985 0.4793685 0.7795388 -0.4031438 0.4793686 0.8550878 -0.4422146 0.2706868 0.9008064 -0.3492401 0.2580296 0.1862737 -0.948098 0.2577059 0.3482164 -0.9016972 0.2562958 0.3482165 -0.901697 0.256296 0.5538873 -0.7921624 0.2562963 0.553887 -0.7921625 0.2562959 0.6827673 -0.6836786 0.2577062 0.7197185 -0.6298934 0.2919581 0.7602375 -0.5964295 0.2575088 0.852454 -0.4554631 0.2566624 0.07064062 -0.96369 0.2575103 0.1210203 -0.9487435 0.2919588 0.1110473 -0.8705601 0.4793679 0.1110473 -0.8705601 0.4793679 0.09332293 -0.7316089 0.6753068 0.09332263 -0.7316092 0.6753065 0.07009536 -0.5495175 0.8325366 0.07009559 -0.5495172 0.8325367 -0.2129033 -0.9423863 0.2580316 -0.1102597 -0.9563326 0.2706859 -0.1005181 -0.8718388 0.4793675 -0.1005178 -0.8718387 0.4793679 -0.08447396 -0.7326833 0.6753068 -0.0844742 -0.7326835 0.6753066 -0.06344932 -0.5503248 0.8325364 -0.0634483 -0.5503243 0.8325368 -0.193307 -0.5191488 0.8325365 -0.1933076 -0.519149 0.8325362 -0.257363 -0.6911767 0.6753067 -0.2573623 -0.6911765 0.6753071 -0.3062422 -0.8224492 0.4793673 -0.3062416 -0.8224491 0.4793679 -0.3372924 -0.90584 0.2562958 -0.3372924 -0.9058401 0.2562959 -0.5758419 -0.776027 0.2572709 -0.5391488 -0.7912781 0.2884401 -0.4941674 -0.7252616 0.4793688 -0.4941684 -0.7252615 0.4793679 -0.4152934 -0.6095014 0.675307 -0.4152929 -0.6095014 0.6753073 -0.3119304 -0.4578022 0.8325363 -0.3119313 -0.4578022 0.8325359 -0.7766454 -0.5746957 0.2579666 -0.7144128 -0.6406602 0.2813695 -0.6533757 -0.5859243 0.4793672 -0.6533735 -0.5859251 0.4793692 -0.5490882 -0.4924052 0.6753067 -0.5490877 -0.4924054 0.6753071 -0.4124245 -0.3698499 0.8325365 -0.4124253 -0.3698497 0.8325362 -0.4889516 -0.2604019 0.8325365 -0.4889515 -0.260402 0.8325366 -0.6509736 -0.3466905 0.6753067 -0.6509727 -0.3466909 0.6753073 -0.7746099 -0.4125368 0.4793673 -0.7746106 -0.4125363 0.4793665 -0.8531503 -0.4543644 0.256296 -0.8531497 -0.454365 0.256297 -0.9429401 -0.2117058 0.2569916 -0.9303102 -0.235273 0.2813708 -0.8508278 -0.2151721 0.4793674 -0.8508286 -0.2151712 0.4793663 -0.715027 -0.1808276 0.6753057 -0.715025 -0.1808292 0.6753074 -0.537061 -0.1358223 0.8325369 -0.5370615 -0.1358219 0.8325367 -0.9635025 0.07192081 0.2578572 -0.9574807 -0.005787551 0.2884392 -0.8775976 -0.005304694 0.4793686 -0.8775983 -0.005303561 0.4793673 -0.7375249 -0.004457056 0.6753053 -0.7375245 -0.004457592 0.6753057 -0.5539585 -0.003348112 0.8325376 -0.5539594 -0.00334692 0.832537 -0.5386629 0.1293192 0.8325377 -0.5386641 0.1293222 0.8325363 -0.7171601 0.1721754 0.6753052 -0.7171588 0.1721723 0.6753073 -0.8533657 0.2048723 0.4793686 -0.8533663 0.2048742 0.479367 -0.9398916 0.2256469 0.256295 -0.9398916 0.2256463 0.2562958 -0.3174406 0.4539982 0.8325366 -0.4226297 0.6044379 0.6753065 -0.5549992 0.4857333 0.6753065 -0.6604079 0.5779867 0.4793671 -0.7795395 0.4031442 0.479367 -0.8550878 0.4422145 0.2706865 -0.9008002 0.3492544 0.2580316 -0.186276 0.9480974 0.2577062 -0.3482154 0.9016974 0.2562961 -0.3482151 0.9016978 0.2562956 -0.5538875 0.7921625 0.2562953 -0.553888 0.7921619 0.2562962 -0.6827651 0.6836806 0.2577065 -0.7197179 0.6298933 0.2919599 -0.7602372 0.5964292 0.2575105 -0.8524545 0.4554612 0.2566643 -0.3094442 0.9501949 -0.03706884 0.1011885 0.9948673 0 0.0341981 0.9985659 -0.04119139 -0.07310605 0.9973242 0 -0.1927878 0.9812405 0 0.2203688 0.9754167 0 0.3489293 0.9370924 -0.01030218 0.3738042 0.9269932 -0.03088641 0.7262964 0.6873816 0 0.6680045 0.7428992 -0.04325217 0.5959002 0.8030586 0 0.4947579 0.8690308 0 0.8038608 0.5948175 0 0.8824051 0.4699453 -0.02264261 0.8824055 0.4699445 -0.0226435 0.9989273 0.04630625 0 0.9892475 0.1397094 -0.04325133 0.9757112 0.219061 0 0.9421908 0.3350767 0 0.9972252 -0.07444381 0 0.9717038 -0.2332856 -0.03700679 0.9782127 -0.2072379 -0.01234459 0.9323795 -0.361481 0 0.882 -0.4712494 0 0.8476839 -0.5289003 -0.04119056 0.7867706 -0.6172455 0 0.7066351 -0.7075783 0 0.6157684 -0.7870547 -0.03706979 0.5730274 -0.8195362 0 0.3602493 -0.932856 0 0.3094438 -0.950195 -0.03706973 -0.1011887 -0.9948673 0 -0.0341981 -0.9985658 -0.04119139 0.07310605 -0.9973242 0 0.1927853 -0.9812409 0 -0.2203657 -0.9754173 0 -0.3489293 -0.9370924 -0.01030242 -0.3738042 -0.9269932 -0.03088665 -0.7262976 -0.6873804 0 -0.6680052 -0.7428987 -0.04325252 -0.5959003 -0.8030585 0 -0.4947588 -0.8690304 0 -0.8038527 -0.5948284 0 -0.8824049 -0.4699455 -0.02264487 -0.8824049 -0.4699455 -0.02264487 -0.9989275 -0.04630047 0 -0.9892475 -0.139708 -0.04325336 -0.9757107 -0.2190634 0 -0.9421936 -0.3350688 0 -0.9972256 0.07443809 0 -0.9717043 0.2332838 -0.03700762 -0.978213 0.2072367 -0.01234602 -0.9323737 0.361496 0 -0.8820009 0.4712476 0 -0.8476844 0.5288992 -0.04119104 -0.7867706 0.6172455 0 -0.7066329 0.7075804 0 -0.6157678 0.7870552 -0.0370692 -0.5730274 0.8195362 0 -0.3602483 0.9328564 0 0.999414 -0.03422719 0 0.999414 -0.03422719 0 0.4700655 -0.8826315 0 0.4700655 -0.8826315 0 -0.5293487 -0.8484044 0 -0.5293487 -0.8484044 0 -0.9994142 0.03422629 0 -0.9994142 0.03422629 0 -0.4700651 0.8826317 0 -0.4700651 0.8826317 0 0.5293487 0.8484044 0 0.5293487 0.8484044 0 0 0 1 0 0 1 0 0 1 0 0 1 0 0 1 0 0 1 0 0 1 0 0 1 0 0 1 0 0 1 0 0 1 0 0 1 0 0 1 0 0 1 0 0 1 0 0 1 0 0 1 0 0 1 0 0 1 0 0 1 0 0 1 0 0 1 0 0 1 0 0 1 0 0 1 0 0 1 0 0 1 0 0 1 0 0 1 0 0 1 0 0 1 0 0 1 0 0 1 0 0 1 0 0 1 0 0 1 -0.9648215 -0.05413132 0.257273 -0.90711 -0.3325752 0.2579638 -0.6954078 -0.6710914 0.2569906 -0.4698365 -0.8442525 0.2578589 -0.08844071 -0.9624453 0.2566658 0.9648217 0.05413275 0.2572717 0.9071115 0.3325685 0.2579667 0.695408 0.6710917 0.2569898 0.4698374 0.8442519 0.2578593 0.08843952 0.962446 0.2566636 -0.3218424 0.4508896 0.832536 0.3218418 -0.4508888 0.8325366 -0.2045826 0.51481 0.8325362 -0.2045848 0.5148066 0.8325378 0.4203939 -0.3607646 0.832537 0.4203938 -0.3607658 0.8325365 0.5596986 -0.4803119 0.6753058 -0.4203945 0.3607645 0.8325367 -0.4203944 0.3607663 0.832536 -0.559698 0.4803113 0.6753067 0.4945148 -0.2496751 0.8325367 0.4945147 -0.2496744 0.832537 0.6583812 -0.3324086 0.6753064 0.6583812 -0.3324092 0.6753061 0.7834244 -0.395542 0.4793668 -0.4945147 0.2496741 0.8325371 -0.4945148 0.2496752 0.8325367 -0.6583803 0.3324092 0.675307 -0.6583804 0.3324096 0.6753067 -0.7834241 0.3955428 0.4793668 -0.4284887 0.6003 0.6753055 -0.2723787 0.6853996 0.6753054 -0.2723793 0.6853987 0.675306 0.6659996 -0.5715339 0.4793679 0.5098699 -0.7143108 0.4793668 0.5098707 -0.7143096 0.4793682 0.4284895 -0.6002976 0.675307 0.204586 -0.5148082 0.8325365 0.2045857 -0.5148088 0.8325362 0.272378 -0.6853979 0.6753072 0.2723766 -0.6854002 0.6753056 0.3241075 -0.8155745 0.4793668 0.324109 -0.8155727 0.4793688 -0.6659998 0.5715326 0.4793692 -0.5098683 0.7143105 0.4793692 -0.5098683 0.7143106 0.4793691 -0.3241105 0.8155719 0.4793691 -0.3241091 0.8155738 0.4793671 -0.08001071 0.9629575 0.2575097 -0.130244 0.9475212 0.2919591 -0.119511 0.8694387 0.4793678 -0.1195102 0.8694393 0.4793669 -0.1004349 0.7306661 0.6753073 -0.1004334 0.7306674 0.675306 -0.07543629 0.54881 0.8325365 -0.07543903 0.5488075 0.8325379 0.2037237 0.9444127 0.2580335 0.1009525 0.9573594 0.2706874 0.09203314 0.8727751 0.4793678 0.09203344 0.8727753 0.4793675 0.07734388 0.7334707 0.6753063 0.07734239 0.7334699 0.6753074 0.05809259 0.5509164 0.8325361 0.05809187 0.550916 0.8325364 0.1882489 0.5210048 0.8325361 0.1882473 0.5210044 0.8325368 0.2506264 0.6936483 0.6753062 0.2506242 0.6936477 0.6753076 0.2982245 0.8253899 0.4793679 0.2982267 0.8253903 0.4793659 0.3284643 0.9090779 0.2562976 0.3284646 0.909078 0.2562974 0.5682651 0.781592 0.257272 0.5314252 0.7964854 0.288441 0.4870889 0.7300353 0.4793673 0.4870902 0.7300351 0.4793661 0.4093444 0.6135122 0.6753073 0.4093439 0.6135121 0.6753076 0.3074622 0.460815 0.8325362 0.3074608 0.4608149 0.8325368 0.7710235 0.582217 0.2579655 0.7081455 0.6475803 0.2813708 0.6476437 0.592253 0.4793684 0.6476445 0.5922527 0.4793677 0.5442734 0.4977228 0.6753062 0.5442722 0.4977231 0.675307 0.4088068 0.3738434 0.8325371 0.4088091 0.373843 0.8325362 0.4863939 0.265147 0.8325371 0.4863957 0.2651462 0.8325363 0.6475707 0.3530066 0.6753062 0.6475693 0.3530073 0.6753072 0.7705594 0.4200525 0.4793683 0.7705606 0.4200519 0.4793672 0.8486901 0.4626423 0.2562949 0.8486894 0.462643 0.2562961 0.9408367 0.2208678 0.2569895 0.9279776 0.2443122 0.28137 0.8486944 0.223439 0.4793671 0.8486944 0.223439 0.4793671 0.7132328 0.1877755 0.6753069 0.7132323 0.1877759 0.6753073 0.5357149 0.1410401 0.8325366 0.5357156 0.1410395 0.8325363 0.9641562 -0.06254619 0.2578585 0.9573788 0.01510006 0.2884405 0.877505 0.01384031 0.4793679 0.8775054 0.0138396 0.4793671 0.7374451 0.01163059 0.6753069 0.7374452 0.01163041 0.6753067 0.5539014 0.008735716 0.8325365 0.553901 0.008736252 0.8325367 0.5398965 -0.1240745 0.8325366 0.5398965 -0.1240743 0.8325368 0.7188004 -0.1651885 0.6753064 0.7188004 -0.1651886 0.6753064 0.8553184 -0.1965621 0.4793681 0.8553187 -0.196563 0.4793671 0.9420418 -0.2164931 0.2562965 0.9420419 -0.2164928 0.2562968 0.3218418 -0.4508889 0.8325365 0.4284892 -0.6002982 0.6753066 0.5596987 -0.4803105 0.6753067 0.6659996 -0.5715336 0.479368 0.7834244 -0.3955412 0.4793676 0.859349 -0.4338746 0.2706886 0.9041568 -0.34047 0.2580326 0.1954891 -0.9462409 0.2577056 0.3569708 -0.8982675 0.2562954 0.3569716 -0.8982667 0.2562966 0.5615671 -0.7867366 0.2562968 0.561567 -0.7867367 0.2562966 0.6893845 -0.6770053 0.2577068 0.7258116 -0.6228621 0.2919596 0.7660034 -0.5890054 0.2575102 0.8568442 -0.447148 0.2566643 0.08001238 -0.9629567 0.257512 0.1302429 -0.9475212 0.2919595 0.1195101 -0.8694394 0.4793667 0.1195121 -0.8694379 0.4793689 0.1004367 -0.7306665 0.6753066 0.1004354 -0.7306677 0.6753055 0.07543772 -0.5488099 0.8325364 0.07543754 -0.5488102 0.8325362 -0.2037221 -0.9444134 0.2580323 -0.1009507 -0.9573598 0.2706863 -0.09203147 -0.8727753 0.4793677 -0.09203237 -0.8727758 0.4793667 -0.07734292 -0.7334703 0.675307 -0.07734346 -0.7334705 0.6753066 -0.0580933 -0.5509157 0.8325365 -0.05809372 -0.550916 0.8325363 -0.1882467 -0.5210048 0.8325365 -0.1882473 -0.521005 0.8325363 -0.2506259 -0.6936478 0.6753069 -0.2506259 -0.6936478 0.6753069 -0.2982262 -0.8253893 0.4793678 -0.2982273 -0.8253896 0.4793668 -0.3284654 -0.9090779 0.2562965 -0.3284651 -0.9090779 0.2562967 -0.568265 -0.7815917 0.2572728 -0.531426 -0.796485 0.2884413 -0.4870896 -0.730035 0.4793668 -0.4870895 -0.730035 0.4793669 -0.4093444 -0.613513 0.6753066 -0.4093441 -0.6135129 0.6753067 -0.3074616 -0.4608143 0.8325369 -0.3074628 -0.4608143 0.8325363 -0.7710195 -0.5822213 0.2579678 -0.7081454 -0.6475802 0.2813716 -0.6476437 -0.592253 0.4793684 -0.6476453 -0.5922525 0.4793669 -0.5442738 -0.4977223 0.6753063 -0.5442734 -0.4977224 0.6753066 -0.4088082 -0.3738434 0.8325363 -0.4088071 -0.3738438 0.8325369 -0.4863953 -0.2651469 0.8325363 -0.4863954 -0.2651468 0.8325363 -0.6475703 -0.3530074 0.6753062 -0.647569 -0.353008 0.6753071 -0.770559 -0.4200534 0.4793684 -0.7705594 -0.4200531 0.479368 -0.8486888 -0.4626436 0.2562972 -0.8486914 -0.4626412 0.256293 -0.9408363 -0.2208677 0.2569912 -0.9279783 -0.2443099 0.2813695 -0.8486949 -0.2234368 0.4793673 -0.8486943 -0.2234375 0.479368 -0.7132333 -0.1877744 0.6753066 -0.7132325 -0.187775 0.6753072 -0.5357152 -0.1410395 0.8325365 -0.5357157 -0.141039 0.8325363 -0.9641567 0.06254309 0.2578573 -0.9573792 -0.01510202 0.288439 -0.877505 -0.0138421 0.4793678 -0.8775053 -0.0138415 0.4793673 -0.7374453 -0.01163226 0.6753067 -0.7374452 -0.01163238 0.6753069 -0.5539014 -0.008737206 0.8325364 -0.5539014 -0.008737146 0.8325365 -0.5398969 0.1240759 0.8325362 -0.5398962 0.1240743 0.8325369 -0.7187998 0.1651884 0.675307 -0.7187998 0.1651884 0.675307 -0.8553184 0.1965621 0.4793681 -0.8553187 0.196563 0.4793671 -0.9420421 0.2164932 0.2562953 -0.9420422 0.2164929 0.2562957 -0.3218428 0.4508883 0.8325364 -0.4284899 0.6002964 0.6753078 -0.5596981 0.48031 0.6753076 -0.6659995 0.5715336 0.4793683 -0.783424 0.395541 0.4793685 -0.85935 0.433875 0.2706844 -0.9041494 0.3404903 0.2580315 -0.1954874 0.9462409 0.2577068 -0.3569723 0.8982667 0.2562964 -0.3569714 0.8982673 0.2562951 -0.5615663 0.7867376 0.2562952 -0.5615661 0.7867378 0.2562949 -0.6893838 0.6770066 0.2577052 -0.7258124 0.6228612 0.2919594 -0.7660033 0.5890053 0.2575107 -0.856846 0.4471447 0.2566642 -0.3186733 0.9471395 -0.03706991 0.09150487 0.9958046 0 0.02448242 0.9988512 -0.04119086 -0.08280324 0.9965659 0 -0.2023212 0.9793192 0 0.2108645 0.9775153 0 0.339797 0.9404423 -0.0103026 0.3647691 0.9305855 -0.03088694 0.7195756 0.6944142 0 0.6607461 0.7493622 -0.04325228 0.5880597 0.8088176 0 0.4862823 0.8738018 0 0.7980335 0.602613 0 0.8777915 0.4785073 -0.02264338 0.8777922 0.478506 -0.02264463 0.9984297 0.05601841 0 0.9878417 0.1493253 -0.04325246 0.9735336 0.2285436 0 0.9388895 0.344219 0 0.9979025 -0.06473535 0 0.9739275 -0.2238206 -0.03700721 0.9801826 -0.1977115 -0.01234579 0.9358481 -0.3524037 0 0.8865429 -0.4626464 0 0.8527891 -0.5206286 -0.04119068 0.792738 -0.6095625 0 0.7134838 -0.7006718 0 0.6233955 -0.7810276 -0.03706955 0.5809726 -0.8139231 0 0.3693062 -0.9293077 0 0.3186725 -0.9471397 -0.0370692 -0.09150618 -0.9958046 0 -0.02448248 -0.9988512 -0.04119151 0.08280491 -0.9965658 0 0.2023229 -0.9793189 0 -0.2108627 -0.9775157 0 -0.3397976 -0.9404422 -0.0103029 -0.3647689 -0.9305856 -0.03088659 -0.7195756 -0.6944142 0 -0.6607461 -0.7493622 -0.04325228 -0.5880597 -0.8088176 0 -0.4862813 -0.8738023 0 -0.7980299 -0.6026178 0 -0.8777928 -0.4785051 -0.02264469 -0.8777921 -0.4785063 -0.0226435 -0.9984298 -0.05601692 0 -0.9878418 -0.1493247 -0.04325282 -0.9735336 -0.2285436 0 -0.938887 -0.3442256 0 -0.9979027 0.06473213 0 -0.9739275 0.2238206 -0.03700816 -0.9801824 0.1977121 -0.01234734 -0.9358403 0.3524246 0 -0.8865448 0.462643 0 -0.8527902 0.5206266 -0.04119163 -0.792738 0.6095625 0 -0.7134827 0.7006729 0 -0.6233943 0.7810285 -0.03706949 -0.5809715 0.8139238 0 -0.3693078 0.9293071 0 0.9996998 -0.02450346 0 0.9996998 -0.02450346 0 0.4786297 -0.8780169 0 0.4786297 -0.8780169 0 -0.5210698 -0.8535141 0 -0.5210698 -0.8535141 0 -0.9996998 0.02450346 0 -0.9996998 0.02450346 0 -0.4786289 0.8780173 0 -0.4786289 0.8780173 0 0.52107 0.853514 0 0.52107 0.853514 0 0 0 1 0 0 1 0 0 1 0 0 1 0 0 1 0 0 1 0 0 1 0 0 1 0 0 1 0 0 1 0 0 1 0 0 1 0 0 1 0 0 1 0 0 1 0 0 1 0 0 1 0 0 1 0 0 1 0 0 1 0 0 1 0 0 1 0 0 1 0 0 1 0 0 1 0 0 1 0 0 1 0 0 1 0 0 1 0 0 1 0 0 1 0 0 1 0 0 1 0 0 1 0 0 1 0 0 1 0 0 1 0 0 1 0 0 1 0 0 1 0 0 1 0 0 1 0 0 1 0 0 1 0 0 1 0 0 1 0 0 1 0 0 1 0 0 1 0 0 1 0 0 1 0 0 1 0 0 1 0 0 1 0 0 1 0 0 1 0 0 1 0 0 1 0 0 1 0 0 1 0 0 1 0 0 1 0 0 1 0 0 1 0 0 1 0 0 1 0 0 1 0 0 1 0 0 1 0 0 1 0 0 1 0 0 1 0 0 1 0 0 1 0 0 1 0 0 1 0 0 1 0 0 1 0 0 1 0 0 1 0 0 1 0 0 1 0 0 1 0 0 1 0 0 1 0 0 1 0 0 1 0 0 1 0 0 1 0 0 1 0 0 1 0 0 1 0 0 1 0 0 1 0 0 1 0 0 1 0 0 1 0 0 1 0 0 1 0 0 1 0 0 1 0 0 1 0 0 1 0 0 1 0 0 1 0 0 1 0 0 1 0 0 1 0 0 1 0 0 1 0 0 1 0 0 1 0 0 1 0 0 1 0 0 1 0 0 1 0 0 1 0 0 1 0 0 1 0 0 1 0 0 1 0 0 1 0 0 1 0 0 1 0 0 1 0 0 1 0 0 1 0 0 1 0 0 1 0 0 1 0 0 1 0 0 1 0 0 1 0 0 1 0 0 1 0 0 1 0 0 1 0 0 1 0 0 1 0 0 1 0 0 1 0 0 1 0 0 1 0 0 1 0 0 1 0 0 1 0 0 1 0 0 1 0 0 1 0 0 1 0 0 1 0.1698103 0.9854768 0 0.1698103 0.9854767 -2.52371e-7 0.1698101 0.9854768 0 -0.275654 0.9612569 0 -0.275654 0.9612569 0 0.2756537 -0.961257 0 0.2756537 -0.961257 0 0.04387873 -0.9990369 0 0.04387873 -0.9990369 0 -0.4140146 -0.9102702 0 -0.4140146 -0.9102702 0 -0.7818415 -0.6234772 0 -0.7818415 -0.6234772 0 -0.979582 -0.2010447 0 -0.979582 -0.2010447 0 -0.9642168 0.2651147 0 -0.9642168 0.2651147 0 -0.7390883 0.6736086 0 -0.7390883 0.6736086 0 -0.3531729 0.935558 0 -0.3531729 0.935558 0 -0.5033702 0.8640709 0 -0.5033702 0.8640709 0 -0.829047 0.559179 0 -0.829047 0.559179 0 0.8290476 -0.5591782 0 0.8290476 -0.5591782 0 0.6757819 -0.7371016 0 0.6757819 -0.7371016 0 0.2679556 -0.9634312 0 0.2679556 -0.9634312 0 -0.1981629 -0.9801691 0 -0.1981629 -0.9801691 0 -0.621172 -0.7836742 0 -0.621172 -0.7836742 0 -0.9090477 -0.4166918 0 -0.9090477 -0.4166918 0 -0.9991617 0.04093724 0 -0.9991617 0.04093724 0 -0.8719121 0.4896625 0 -0.8719121 0.4896625 0 -0.9410178 0.3383572 0 -0.9410178 0.3383572 0 -0.9945201 -0.1045458 0 -0.9945201 -0.1045456 9.61288e-7 -0.9945201 -0.1045451 0 0.9945201 0.1045454 0 0.9945201 0.1045454 0 0.9914791 -0.1302661 0 0.9914791 -0.1302661 0 0.8245456 -0.5657957 0 0.8245456 -0.5657957 0 0.478242 -0.8782281 0 0.478242 -0.8782281 0 0.02789008 -0.999611 0 0.02789008 -0.999611 0 -0.4285262 -0.9035293 0 -0.4285262 -0.9035293 0 -0.7917149 -0.6108908 0 -0.7917149 -0.6108908 0 -0.9826732 -0.1853463 0 -0.9826732 -0.1853463 0 -0.9383537 -0.3456767 0 -0.9383537 -0.3456767 0 -0.6946458 -0.7193519 0 -0.6946458 -0.7193519 0 0.6946451 0.7193526 0 0.6946451 0.7193526 0 0.8432531 0.5375167 0 0.8432531 0.5375167 0 0.9953245 0.09658807 0 0.9953245 0.09658807 0 0.9308681 -0.3653554 0 0.9308681 -0.3653554 0 0.6639008 -0.7478206 0 0.6639008 -0.7478206 0 0.2525131 -0.9675935 0 0.2525131 -0.9675935 0 -0.2138242 -0.9768721 0 -0.2138242 -0.9768721 0 -0.6336294 -0.7736368 0 -0.6336294 -0.7736368 0 -0.4966248 -0.8679653 0 -0.4966248 -0.8679653 0 -0.06973928 -0.9975652 0 -0.06973987 -0.9975652 0 -0.06973928 -0.9975652 2.84591e-7 -0.06973952 -0.9975653 1.32279e-6 -0.06973856 -0.9975653 -3.65067e-7 0.06973952 0.9975653 0 0.06973952 0.9975653 0 0.3004555 0.9537958 0 0.3004555 0.9537958 0 0.7003799 0.7137703 0 0.7003799 0.7137703 0 0.9479321 0.3184721 0 0.9479321 0.3184721 0 0.9892675 -0.1461161 0 0.9892675 -0.1461161 0 0.8153902 -0.5789117 0 0.8153902 -0.5789117 0 0.4641271 -0.8857686 0 0.4641271 -0.8857686 0 0.01189821 -0.9999292 0 0.01189821 -0.9999292 0 0.1774801 -0.9841244 0 0.1774801 -0.9841244 0 0.587799 -0.809007 0 0.587799 -0.809007 0 -0.5878019 0.8090049 0 -0.5878019 0.8090049 0 -0.3829227 0.9237804 0 -0.3829227 0.9237804 0 0.07771623 0.9969756 0 0.07771623 0.9969756 0 0.5214515 0.853281 0 0.5214515 0.853281 0 0.851744 0.5239582 0 0.851744 0.5239582 0 0.9967422 0.08065289 0 0.9967422 0.08065289 0 0.9249038 -0.3802011 0 0.9249038 -0.3802011 0 0.6518527 -0.7583456 0 0.6518527 -0.7583456 0 0.768541 -0.6398006 0 0.768541 -0.6398006 0 0.9702998 -0.2419055 0 0.9702998 -0.2419053 -8.62757e-7 0.9702996 -0.2419062 0 -0.9702988 0.2419096 0 -0.9702988 0.2419096 0 -0.8871324 0.461515 0 -0.8871324 0.461515 0 -0.5813085 0.8136833 0 -0.5813085 0.8136833 0 -0.1490265 0.9888331 0 -0.1490265 0.9888331 0 0.315679 0.9488661 0 0.315679 0.9488661 0 0.7117071 0.7024764 0 0.7117071 0.7024764 0 0.9529061 0.3032655 0 0.9529061 0.3032655 0 0.986804 -0.16192 0 0.986804 -0.16192 0 0.9999924 0.003893852 0 0.9999924 0.003893852 0 0.9999924 0.003893852 0 0.8987866 0.4383863 0 0.8987866 0.4383863 0 -0.8987862 -0.4383872 0 -0.8987862 -0.4383872 0 -0.9762398 -0.2166931 0 -0.9762398 -0.2166931 0 -0.9683337 0.2496592 0 -0.9683337 0.2496592 0 -0.7497691 0.6616995 0 -0.7497691 0.6616995 0 -0.3680955 0.9297881 0 -0.3680955 0.9297881 0 0.09365379 0.9956048 0 0.09365379 0.9956048 0 0.5350357 0.8448294 0 0.5350357 0.8448294 0 0.8600171 0.5102652 0 0.8600171 0.5102652 0 0.7635343 0.6457673 0 0.7635352 0.6457662 -1.26815e-6 0.763535 0.6457666 0 0.7635348 0.6457667 -1.04433e-6 0.7635431 0.6457568 0 0.4067209 0.9135525 0 0.4067209 0.9135525 0 -0.4067217 -0.9135521 0 -0.4067217 -0.9135521 0 -0.6085532 -0.7935131 0 -0.6085532 -0.7935131 0 -0.9022643 -0.4311835 0 -0.9022643 -0.4311835 0 -0.9996887 0.0249477 0 -0.9996887 0.0249477 0 -0.8796337 0.4756518 0 -0.8796337 0.4756518 0 -0.5682204 0.8228765 0 -0.5682204 0.8228765 0 -0.1331847 0.9910913 0 -0.1331847 0.9910913 0 0.3308189 0.9436943 0 0.3308189 0.9436943 0 0.9729007 0.2312234 0 0.8597657 0.5098145 -0.02986603 0.9681248 0.2369395 -0.08120328 0.8545723 0.5159994 -0.05874443 0.9539466 0.2539626 -0.1596525 0.8465424 0.5255952 -0.08435529 0.9322394 0.2798428 -0.2293856 0.8358439 0.5383415 -0.107487 0.9029824 0.3158506 -0.2913096 0.8302419 0.5451893 -0.1160476 -0.8885063 -0.3318016 0.3169609 -0.8428196 -0.5300075 0.09352552 -0.9220435 -0.2918456 0.2542871 -0.8522683 -0.5187467 0.06738549 -0.9476929 -0.2614145 0.1831411 -0.8582404 -0.5116526 0.0404343 -0.9640383 -0.2419548 0.109946 -0.8611824 -0.508147 0.01230782 -0.9716685 -0.233982 0.03336012 -0.8611475 -0.5083552 0 0.4370759 -0.5208685 0.7332535 0.3762829 -0.4472656 0.8113967 0.4104853 -0.4901942 0.7689028 0.2809393 -0.3338199 0.8997985 0.3145977 -0.3757578 0.8716848 0.1738647 -0.2063481 0.9629079 0.2101895 -0.2514644 0.9447677 0.05938231 -0.06975281 0.9957954 0.1025685 -0.1233874 0.9870437 0.0242204 -0.02886372 0.9992899 -0.4370856 0.5208804 -0.7332392 -0.4119622 0.4894332 -0.7685977 -0.3747926 0.4479628 -0.8117018 -0.315964 0.3751074 -0.8714707 -0.2795875 0.3344326 -0.8999921 -0.2115575 0.2508707 -0.9446202 -0.1724804 0.206978 -0.9630216 -0.1041111 0.1227527 -0.9869614 -0.05783116 0.07042515 -0.9958392 -0.02421438 0.02885651 -0.9992902 0.6539341 -0.3360856 -0.6778028 0.6539337 -0.3360871 -0.6778025 0.2979702 -0.65565 -0.6937844 0.2979707 -0.6556496 -0.6937847 -0.126257 -0.8250135 -0.5508284 -0.1262553 -0.8250124 -0.5508304 -0.5215578 -0.8053755 -0.2816876 -0.5215583 -0.8053755 -0.2816864 -0.7973791 -0.601235 0.05199009 -0.7973788 -0.6012355 0.0519883 -0.8905285 -0.2593619 0.3737516 -0.8905279 -0.2593606 0.3737542 -0.7796679 0.1419309 0.6098964 -0.7796687 0.1419302 0.6098955 -0.4901953 0.5107085 0.7063181 -0.4901964 0.510708 0.7063178 -0.08842581 0.7624878 0.6409316 -0.08842563 0.7624878 0.6409316 0.3336012 0.839591 0.4287158 0.3336029 0.8395906 0.4287154 0.6792051 0.7243541 0.1182869 0.6792051 0.724354 0.1182869 0.8692113 0.4431759 -0.2192416 0.8692115 0.4431754 -0.2192417 0.860091 0.0604707 -0.5065439 0.860091 0.06047177 -0.5065437 0.8051742 0.5893417 -0.06611311 0.8051742 0.5893419 -0.06611132 0.6557853 0.7407197 0.1458767 0.655785 0.7407197 0.145878 0.4472625 0.8253058 0.3447123 0.4472627 0.8253058 0.344712 0.198408 0.8354728 0.5124641 0.198409 0.8354739 0.512462 -0.06833565 0.7703047 0.6340038 -0.0683366 0.7703033 0.6340055 -0.3289191 0.6356739 0.6983774 -0.3289189 0.6356744 0.698377 -0.5598415 0.4437257 0.6997749 -0.5598413 0.4437265 0.6997747 -0.7402831 0.2117646 0.6380726 -0.7402831 0.2117645 0.6380727 -0.8539711 -0.03929132 0.5188348 -0.8539711 -0.03929132 0.5188348 -0.8906555 -0.2868043 0.352812 -0.8906551 -0.2868051 0.3528119 0.4545288 -0.5416671 0.707107 0.4545301 -0.5416669 0.7071064 0.4545285 -0.5416678 0.7071067 0.4545276 -0.5416672 0.7071076 0.4545289 -0.5416675 0.7071066 0.4545289 -0.5416675 0.7071065 0.4545291 -0.5416676 0.7071065 0.4545283 -0.5416674 0.7071071 0.4545283 -0.5416674 0.7071071 0.4545288 -0.5416651 0.7071085 0.4545287 -0.5416679 0.7071065 0.4545273 -0.5416706 0.7071052 0.454528 -0.5416681 0.7071068 0.4545304 -0.5416647 0.7071079 0.4545292 -0.5416672 0.7071066 0.4545278 -0.5416688 0.7071064 0.454528 -0.5416684 0.7071065 0.4545289 -0.5416676 0.7071065 0.4545282 -0.5416671 0.7071074 0.4545291 -0.5416676 0.7071065 0.4545276 -0.5416676 0.7071074 0.4545291 -0.5416674 0.7071067 0.4545293 -0.5416669 0.7071068 0.4545294 -0.541667 0.7071067 0.4545296 -0.5416685 0.7071054 0.4545282 -0.5416671 0.7071074 0.8532392 0.4926658 -0.171065 0.8532389 0.492666 -0.1710657 -0.4545264 0.5416705 -0.7071059 -0.4545289 0.5416668 -0.7071071 -0.4545291 0.5416667 -0.7071071 -0.4545267 0.5416674 -0.7071081 -0.4545293 0.5416672 -0.7071067 -0.4545292 0.5416684 -0.7071058 -0.4545287 0.5416668 -0.7071074 -0.4545289 0.541666 -0.7071078 -0.4545289 0.5416681 -0.7071061 -0.4545291 0.5416678 -0.7071063 -0.4545288 0.5416668 -0.7071073 -0.4545289 0.5416669 -0.7071071 -0.4545294 0.5416676 -0.7071063 -0.4545282 0.5416671 -0.7071074 -0.4545289 0.5416678 -0.7071064 -0.4545285 0.5416678 -0.7071067 -0.4545283 0.5416675 -0.707107 -0.4545289 0.5416671 -0.707107 -0.4545313 0.5416667 -0.7071057 -0.4545286 0.5416678 -0.7071066 -0.4545286 0.5416678 -0.7071067 -0.4545303 0.5416675 -0.7071058 -0.4545282 0.5416671 -0.7071074 -0.4545284 0.5416672 -0.7071072 -0.4545285 0.5416664 -0.7071078 -0.4545279 0.5416688 -0.7071064 -0.8788038 -0.4021869 0.2568065 -0.8788034 -0.4021876 0.256807 0.893913 -0.4482406 0 0.9863201 -0.1621128 -0.0298655 0.8939272 -0.4407951 -0.08120256 0.9863197 -0.1540218 -0.05874246 0.8940079 -0.4186413 -0.1596544 0.9863333 -0.1415274 -0.0843594 0.8940227 -0.3848495 -0.2293782 0.9863348 -0.1248673 -0.1074794 0.8947306 -0.3384988 -0.2913344 0.986439 -0.1160479 -0.1160647 -0.8939104 0.3169498 0.3169652 -0.9863203 0.135742 0.09352147 -0.8939287 0.3690998 0.2542772 -0.9863188 0.1504466 0.06738758 -0.8940018 0.4089226 0.1831477 -0.9863347 0.1597158 0.04043251 -0.8940312 0.4343058 0.1099403 -0.9863345 0.164295 0.01230901 -0.8947403 0.4453389 0.03336137 -0.9864433 0.1641024 0 1.16606e-5 -0.6799554 0.7332534 7.52617e-4 -0.5844933 0.8113982 -6.4068e-4 -0.6393591 0.768908 6.36708e-4 -0.4363082 0.8997972 -5.36702e-4 -0.4900691 0.8716834 5.50063e-4 -0.2698277 0.9629085 -6.23661e-4 -0.3277405 0.9447675 6.53243e-4 -0.09160363 0.9957954 -7.39905e-4 -0.160449 0.9870439 6.46171e-7 -0.03768002 0.9992899 -1.16607e-5 0.6799649 -0.7332447 -9.79651e-4 0.639732 -0.7685975 8.37101e-4 0.5840738 -0.8117001 -9.28135e-4 0.4904467 -0.8714707 7.92723e-4 0.4359024 -0.8999937 -8.05805e-4 0.3281649 -0.9446201 9.15218e-4 0.2694241 -0.9630212 -8.4978e-4 0.160955 -0.9869614 9.67191e-4 0.09112143 -0.9958394 -6.46009e-7 0.03767025 -0.9992903 0.834401 -0.3897204 -0.3897346 0.8344014 -0.3897197 -0.3897344 0.4826915 -0.6192728 -0.6192819 0.4826915 -0.6192729 -0.619282 0.02040112 -0.7069589 -0.7069603 0.02039819 -0.70696 -0.7069594 -0.4465628 -0.6326897 -0.6326812 -0.4465633 -0.6326897 -0.6326808 -0.8112235 -0.4134789 -0.4134629 -0.8112215 -0.4134797 -0.4134659 -0.9900432 -0.09954339 -0.09952658 -0.9900437 -0.09954196 -0.09952247 -0.942055 0.2371954 0.2372145 -0.9420564 0.237194 0.23721 -0.6782556 0.5195948 0.5196063 -0.6782548 0.5195949 0.5196071 -0.2590717 0.6829621 0.6829674 -0.2590745 0.6829626 0.6829659 0.2194577 0.6898713 0.6898666 0.2194578 0.6898713 0.6898666 0.6477141 0.5387389 0.5387272 0.6477158 0.5387372 0.5387269 0.927588 0.2641862 0.2641708 0.9275878 0.2641867 0.264171 0.9949615 -0.07088476 -0.07090169 0.9949615 -0.07088476 -0.07090169 0.9956208 -0.06609481 -0.06611168 0.9956208 -0.06609481 -0.06611168 0.9784862 0.1458928 0.1458762 0.9784858 0.1458931 0.1458792 0.8731188 0.3447261 0.3447138 0.8731186 0.3447261 0.3447139 0.6890203 0.5124747 0.5124653 0.6890232 0.5124751 0.5124611 0.442794 0.6340131 0.6340038 0.4427934 0.6340128 0.6340045 0.1566377 0.6983797 0.698377 0.156637 0.6983793 0.6983776 -0.1436421 0.6997726 0.6997751 -0.1436425 0.6997722 0.6997753 -0.4309702 0.6380653 0.6380731 -0.4309689 0.6380666 0.6380727 -0.6794365 0.5188237 0.5188333 -0.6794365 0.5188237 0.5188333 -0.8666352 0.3527994 0.3528117 -0.8666365 0.3527964 0.3528116 1.27414e-5 -0.7071067 0.7071069 1.18569e-5 -0.7071068 0.7071067 1.13882e-5 -0.7071071 0.7071065 1.22649e-5 -0.7071062 0.7071073 1.15713e-5 -0.7071067 0.707107 1.02821e-5 -0.7071085 0.7071051 1.228e-5 -0.7071068 0.7071068 1.12453e-5 -0.7071059 0.7071076 1.33921e-5 -0.7071078 0.7071059 1.22007e-5 -0.7071065 0.7071071 1.06335e-5 -0.7071058 0.7071079 1.21962e-5 -0.7071069 0.7071067 1.22709e-5 -0.7071068 0.7071067 1.21243e-5 -0.707107 0.7071067 1.2088e-5 -0.7071069 0.7071067 1.18585e-5 -0.7071067 0.707107 1.25748e-5 -0.7071072 0.7071064 1.20428e-5 -0.707107 0.7071065 1.32438e-5 -0.707107 0.7071066 1.20842e-5 -0.7071068 0.7071068 1.18822e-5 -0.7071068 0.7071067 1.19778e-5 -0.7071069 0.7071067 1.19428e-5 -0.707107 0.7071066 1.18547e-5 -0.7071066 0.707107 1.18929e-5 -0.7071063 0.7071073 1.23814e-5 -0.7071071 0.7071064 0.9702987 -0.1710478 -0.1710644 0.9702987 -0.1710478 -0.1710643 -1.32438e-5 0.7071068 -0.7071068 -1.20753e-5 0.7071069 -0.7071067 -1.15413e-5 0.7071068 -0.7071068 -1.19618e-5 0.7071065 -0.707107 -1.20029e-5 0.7071067 -0.707107 -1.16258e-5 0.7071072 -0.7071064 -1.25293e-5 0.7071076 -0.7071059 -1.23514e-5 0.707107 -0.7071066 -1.28979e-5 0.7071056 -0.707108 -1.28815e-5 0.7071067 -0.7071069 -1.09847e-5 0.7071074 -0.7071061 -1.18788e-5 0.7071068 -0.7071068 -1.25492e-5 0.7071071 -0.7071065 -1.15525e-5 0.7071061 -0.7071076 -1.18878e-5 0.7071062 -0.7071073 -1.25573e-5 0.7071074 -0.7071061 -1.20994e-5 0.7071068 -0.7071068 -1.19305e-5 0.7071065 -0.707107 -1.21321e-5 0.7071068 -0.7071068 -1.21111e-5 0.7071068 -0.7071067 -1.22261e-5 0.7071067 -0.7071068 -1.16025e-5 0.7071073 -0.7071063 -1.2698e-5 0.7071062 -0.7071073 -1.15605e-5 0.7071066 -0.707107 -1.13826e-5 0.7071068 -0.7071067 -1.20625e-5 0.7071067 -0.7071069 -0.9317227 0.2567924 0.2568084 -0.9317227 0.2567923 0.2568085 0.3966619 -0.9179648 0 0.6513646 -0.7581768 -0.02986478 0.4014399 -0.9122784 -0.08120417 0.6565604 -0.7519823 -0.05874377 0.4157488 -0.8953562 -0.1596565 0.6646056 -0.7424169 -0.08435976 0.4374828 -0.8694787 -0.2293812 0.6753068 -0.7296626 -0.1074858 0.4678535 -0.8344171 -0.2913095 0.6810697 -0.722963 -0.1160544 -0.4810487 0.8173913 0.3169597 -0.6683101 0.7379803 0.09352362 -0.4475244 0.857357 0.2542852 -0.6588596 0.7492418 0.06738525 -0.4220074 0.8879015 0.1831412 -0.6529097 0.7563558 0.04043477 -0.4056845 0.9073766 0.1099452 -0.6499718 0.7598587 0.01230698 -0.3991398 0.916283 0.03336077 -0.6501587 0.7597984 0 -0.4370643 -0.5208911 0.7332443 -0.3751281 -0.4482312 0.8113986 -0.4114664 -0.4893698 0.7689036 -0.2799655 -0.3346405 0.8997973 -0.31542 -0.3750681 0.8716847 -0.1730218 -0.2070552 0.9629079 -0.2111465 -0.2506645 0.9447669 -0.05838161 -0.07059276 0.9957954 -0.1037013 -0.1224354 0.9870439 -0.02421933 -0.02886456 0.9992899 0.4370679 0.5208951 -0.7332393 0.4104607 0.4906921 -0.7685983 0.3760763 0.446888 -0.8117005 0.3145428 0.3763014 -0.8714702 0.2808004 0.3334115 -0.8999933 0.210322 0.2519057 -0.9446206 0.1738829 0.2058018 -0.9630215 0.1028093 0.1238453 -0.9869613 0.05931305 0.06918185 -0.9958392 0.02421325 0.02885729 -0.9992902 0.8129193 -0.5767588 0.08069437 0.8129212 -0.576756 0.08069556 0.550591 -0.7948704 -0.2550111 0.5505902 -0.7948709 -0.2550114 0.1621285 -0.8308886 -0.5322955 0.1621263 -0.8308888 -0.5322958 -0.2634781 -0.6765599 -0.6876379 -0.2634754 -0.6765606 -0.6876384 -0.6287212 -0.3672397 -0.6854521 -0.6287213 -0.3672397 -0.6854521 -0.8499341 0.02621126 -0.5262365 -0.8499353 0.02621269 -0.5262346 -0.8764368 0.4136601 -0.2464627 -0.8764366 0.4136584 -0.2464662 -0.702158 0.70634 0.08976554 -0.7021575 0.7063403 0.08976703 -0.3670241 0.8372076 0.405434 -0.3670237 0.8372076 0.4054346 0.05219089 0.776282 0.6282216 0.0521925 0.7762807 0.6282231 0.4594501 0.537518 0.7070926 0.459449 0.5375199 0.7070919 0.7614544 0.1756173 0.6239759 0.7614547 0.1756157 0.6239759 0.8890188 -0.2265188 0.3979131 0.8890189 -0.2265179 0.3979133 0.7202049 -0.6906043 -0.0661115 0.7202048 -0.6906042 -0.06611216 0.8433424 -0.5171979 0.1458767 0.8433423 -0.5171978 0.1458775 0.890434 -0.2971547 0.344712 0.8904349 -0.2971556 0.3447089 0.857235 -0.05031681 0.5124612 0.8572323 -0.05031514 0.5124657 0.7467331 0.2010603 0.6340066 0.7467346 0.2010597 0.6340051 0.5689009 0.4343053 0.6983772 0.5689011 0.4343053 0.698377 0.339769 0.6283885 0.699775 0.3397693 0.6283885 0.6997749 0.07999837 0.7658087 0.6380731 0.07999843 0.7658088 0.638073 -0.1869847 0.8341745 0.518835 -0.186985 0.8341744 0.518835 -0.4371086 0.827321 0.3528116 -0.4371086 0.827321 0.3528116 -0.4545102 -0.5416837 0.7071062 -0.45451 -0.5416829 0.707107 -0.45451 -0.5416829 0.707107 -0.4545102 -0.5416805 0.7071087 -0.4545107 -0.5416821 0.7071072 -0.4545099 -0.5416862 0.7071046 -0.4545122 -0.5416824 0.707106 -0.4545103 -0.5416831 0.7071067 -0.4545096 -0.5416827 0.7071074 -0.45451 -0.5416828 0.7071071 -0.4545102 -0.5416829 0.7071069 -0.4545102 -0.541684 0.7071062 -0.4545102 -0.5416825 0.7071072 -0.4545101 -0.541683 0.7071069 -0.4545092 -0.541683 0.7071075 -0.4545107 -0.5416832 0.7071063 -0.45451 -0.5416834 0.7071066 -0.4545091 -0.5416834 0.7071071 -0.4545102 -0.541683 0.7071069 -0.4545106 -0.5416828 0.7071067 -0.4545114 -0.5416824 0.7071065 -0.4545097 -0.541684 0.7071063 -0.4545102 -0.5416827 0.707107 -0.4545102 -0.5416827 0.7071071 -0.4545102 -0.5416827 0.707107 -0.45451 -0.5416829 0.707107 0.6333443 -0.7547265 -0.1710637 0.6333444 -0.7547264 -0.1710643 0.4545089 0.541684 -0.707107 0.4545098 0.5416857 -0.7071051 0.4545103 0.5416828 -0.7071068 0.4545109 0.541683 -0.7071064 0.4545109 0.541683 -0.7071065 0.4545094 0.541683 -0.7071073 0.4545089 0.5416829 -0.7071077 0.4545114 0.5416823 -0.7071065 0.4545103 0.5416813 -0.707108 0.4545103 0.5416848 -0.7071053 0.45451 0.5416826 -0.7071072 0.4545105 0.5416827 -0.7071068 0.4545109 0.5416827 -0.7071067 0.45451 0.5416827 -0.7071071 0.45451 0.5416828 -0.7071071 0.4545103 0.541683 -0.7071067 0.4545103 0.541683 -0.7071067 0.4545105 0.5416832 -0.7071064 0.4545105 0.5416826 -0.7071069 0.4545097 0.5416836 -0.7071066 0.4545102 0.5416831 -0.7071066 0.4545103 0.5416829 -0.7071068 0.4545099 0.5416834 -0.7071067 0.4545101 0.5416828 -0.7071069 0.4545105 0.5416825 -0.7071071 0.4545105 0.5416825 -0.7071071 -0.5486764 0.7956151 0.2568086 -0.5486772 0.7956145 0.2568092 -0.2862213 -0.9581636 0 0.01161879 -0.9994863 -0.02986693 -0.2788541 -0.9568944 -0.08120036 0.01959037 -0.998081 -0.0587418 -0.2570328 -0.9531241 -0.1596517 0.03190201 -0.9959248 -0.08435672 -0.2237665 -0.9472656 -0.2293828 0.04829853 -0.9930331 -0.1074833 -0.1779471 -0.9399355 -0.291301 0.05701464 -0.991605 -0.1160554 0.1569027 0.9353706 0.3169595 -0.03759139 0.9949071 0.09352433 0.2082737 0.9444369 0.2542854 -0.02311462 0.9974593 0.06738477 0.2474555 0.9514332 0.1831412 -0.01398456 0.9990844 0.04043382 0.272476 0.9558604 0.1099445 -0.009474754 0.9998794 0.01230859 0.2832141 0.9584763 0.03336173 -0.009675323 0.9999532 0 -0.6696165 -0.1180834 0.7332599 -0.5754868 -0.1022381 0.8113952 -0.6297597 -0.1103931 0.7689058 -0.4295694 -0.07639122 0.8997969 -0.4827151 -0.08457082 0.8716846 -0.2656299 -0.0473963 0.9629093 -0.3228727 -0.05629783 0.9447665 -0.09009885 -0.01655012 0.9957953 -0.1581397 -0.02713292 0.9870439 -0.0371074 -0.006543636 0.9992899 0.6696336 0.1180862 -0.7332438 0.6298425 0.1120529 -0.7685978 0.5753453 0.1005989 -0.8117004 0.4828346 0.08607918 -0.8714707 0.4294191 0.07491326 -0.899993 0.3230393 0.05777877 -0.9446201 0.2654882 0.04588335 -0.9630216 0.1583626 0.02878642 -0.9869613 0.08990544 0.01487058 -0.9958392 0.03709775 0.006541967 -0.9992903 0.624991 -0.5880821 0.5133669 0.6249935 -0.5880791 0.5133674 0.3894495 -0.8922331 0.2285806 0.3894508 -0.8922325 0.228581 0.06469446 -0.9919822 -0.1085633 0.06469035 -0.9919824 -0.1085647 -0.2748891 -0.8644814 -0.4208419 -0.2748858 -0.8644828 -0.4208412 -0.5514943 -0.5389382 -0.6367101 -0.5514951 -0.5389373 -0.6367101 -0.7017592 -0.08993256 -0.7067149 -0.7017599 -0.08993119 -0.7067145 -0.6912602 0.379679 -0.6148197 -0.6912604 0.37968 -0.6148188 -0.5224003 0.7623097 -0.3820757 -0.5224004 0.7623097 -0.3820757 -0.2338672 0.9703021 -0.06180638 -0.2338672 0.9703021 -0.06180638 0.1082429 0.9560126 0.2726233 0.1082429 0.9560126 0.2726233 0.4255583 0.7227106 0.5446004 0.4255588 0.7227091 0.5446019 0.6453812 0.3238433 0.6918155 0.6453812 0.3238461 0.6918142 0.7173557 -0.1492077 0.6805424 0.717355 -0.1492097 0.6805427 0.107797 -0.9919723 -0.06611138 0.107797 -0.9919723 -0.06611138 0.3135909 -0.9382858 0.1458789 0.3135907 -0.9382863 0.1458757 0.4911061 -0.7999935 0.3447104 0.4911061 -0.7999933 0.3447107 0.6243375 -0.5895634 0.5124624 0.6243374 -0.5895633 0.5124627 0.701271 -0.325971 0.6340046 0.7012708 -0.3259706 0.6340051 0.7149693 -0.0329855 0.6983773 0.7149699 -0.03298628 0.6983767 0.6641979 0.2629752 0.6997751 0.6641991 0.2629741 0.6997745 0.5535362 0.5352212 0.6380721 0.5535353 0.5352219 0.6380724 0.3929585 0.7592068 0.518834 0.3929585 0.7592068 0.5188339 0.1969478 0.9147326 0.3528113 0.1969472 0.9147327 0.3528113 -0.6963616 -0.1227974 0.7071078 -0.6963626 -0.1228003 0.7071062 -0.6963621 -0.1228002 0.7071067 -0.6963619 -0.1227999 0.707107 -0.6963627 -0.1228004 0.7071061 -0.6963619 -0.1227993 0.707107 -0.6963613 -0.122802 0.7071074 -0.6963623 -0.1227998 0.7071067 -0.696362 -0.1227999 0.707107 -0.6963629 -0.1227994 0.7071062 -0.6963622 -0.1228001 0.7071067 -0.6963623 -0.1227999 0.7071065 -0.6963611 -0.1227987 0.707108 -0.6963625 -0.1228002 0.7071064 -0.6963625 -0.1228002 0.7071064 -0.6963621 -0.1227994 0.7071069 -0.6963611 -0.1228002 0.7071078 -0.696362 -0.1227998 0.707107 -0.6963627 -0.1227989 0.7071064 -0.6963626 -0.1227998 0.7071064 -0.6963625 -0.1227993 0.7071064 -0.6963616 -0.1228032 0.7071067 -0.6963619 -0.1227993 0.7071071 -0.6963622 -0.1227988 0.707107 -0.6963619 -0.1228 0.707107 -0.6963624 -0.1227992 0.7071067 3.94945e-5 -0.98526 -0.171063 4.0256e-5 -0.9852597 -0.171065 0.6963623 0.1228001 -0.7071066 0.6963611 0.1228005 -0.7071078 0.6963623 0.1227997 -0.7071067 0.6963613 0.1227985 -0.7071079 0.6963626 0.1227996 -0.7071064 0.6963605 0.122801 -0.7071082 0.6963613 0.1228001 -0.7071076 0.696362 0.1227999 -0.707107 0.6963626 0.1227991 -0.7071064 0.6963621 0.1227999 -0.7071067 0.696361 0.1227997 -0.707108 0.696362 0.1227995 -0.707107 0.6963627 0.1227999 -0.7071062 0.696362 0.1227987 -0.7071072 0.6963621 0.1227996 -0.7071068 0.6963622 0.1227995 -0.7071068 0.6963627 0.1228009 -0.7071061 0.6963615 0.1227998 -0.7071075 0.6963626 0.1227998 -0.7071064 0.6963624 0.1228002 -0.7071065 0.6963625 0.1227988 -0.7071066 0.6963621 0.1228002 -0.7071068 0.6963621 0.1227987 -0.7071071 0.6963622 0.1227997 -0.7071067 0.6963625 0.1228004 -0.7071063 0.6963624 0.1228002 -0.7071065 0.09110033 0.962159 0.2568091 0.09110039 0.962159 0.2568091 -0.8351503 -0.5500219 0 -0.6335548 -0.7731212 -0.02986675 -0.828706 -0.5537619 -0.08120411 -0.6265482 -0.7771656 -0.05874413 -0.8095538 -0.5649194 -0.1596524 -0.6157342 -0.7834252 -0.08435964 -0.7803016 -0.5818203 -0.2293787 -0.6013059 -0.7917572 -0.1074791 -0.7405186 -0.605601 -0.2913411 -0.5937119 -0.7962645 -0.1160567 0.7214381 0.6156821 0.3169583 0.6107161 0.7863073 0.09352403 0.766619 0.5896052 0.2542854 0.6234484 0.7789551 0.06738656 0.8011359 0.5697709 0.1831457 0.6314829 0.774335 0.04043102 0.8231431 0.5570888 0.109943 0.6354501 0.7720439 0.01230663 0.8330331 0.5522166 0.03335791 0.6353474 0.7722265 0 -0.588855 0.339962 0.7332636 -0.5065624 0.2915948 0.8113982 -0.5533854 0.3202371 0.7689036 -0.3781743 0.2176038 0.899796 -0.4241427 0.2454986 0.8716843 -0.2339534 0.1344379 0.9629083 -0.2835175 0.1644089 0.9447685 -0.07965743 0.04523587 0.9957954 -0.1385843 0.08086603 0.9870436 -0.03263229 0.01883947 0.9992899 0.5888742 -0.3399732 -0.7332431 0.5545145 -0.3190178 -0.7685971 0.5054054 -0.2927625 -0.8116992 0.4252037 -0.2444196 -0.8714705 0.377105 -0.218637 -0.8999943 0.2846023 -0.1633847 -0.94462 0.2328707 -0.1355047 -0.9630212 0.1398163 -0.07974171 -0.9869613 0.07842993 -0.04639834 -0.9958394 0.03262364 -0.01883453 -0.9992902 0.5812076 -0.4049756 0.7058276 0.5812087 -0.4049746 0.7058272 0.2655891 -0.7504475 0.6052199 0.2655906 -0.7504469 0.60522 -0.1108716 -0.9240006 0.3659648 -0.1108757 -0.9240006 0.3659638 -0.4619372 -0.8858759 0.04287111 -0.4619407 -0.8858741 0.04286968 -0.7071766 -0.6448071 -0.2900435 -0.7071748 -0.6448093 -0.2900427 -0.7904083 -0.2560227 -0.5565134 -0.7904083 -0.2560227 -0.5565134 -0.6925681 0.1914166 -0.695492 -0.6925683 0.1914149 -0.6954923 -0.4360697 0.5949999 -0.6751433 -0.4360693 0.5950008 -0.6751427 -0.0796715 0.8622801 -0.5001255 -0.0796715 0.8622801 -0.5001255 0.294977 0.9320209 -0.2105363 0.294977 0.9320209 -0.2105363 0.6020515 0.7882463 0.127286 0.6020515 0.7882463 0.127286 0.7712016 0.4638948 0.4359467 0.771202 0.4638967 0.4359442 0.7636799 0.03327107 0.6447371 0.7636792 0.03326988 0.6447381 -0.5550507 -0.8291853 -0.06611043 -0.5550508 -0.829185 -0.06611299 -0.3628941 -0.920341 0.1458779 -0.3628945 -0.9203412 0.1458749 -0.1380177 -0.9285079 0.3447089 -0.1380169 -0.9285067 0.3447121 0.09930515 -0.8529479 0.512463 0.09930521 -0.8529478 0.5124633 0.3276747 -0.7004758 0.6340056 0.3276745 -0.7004764 0.6340048 0.5264959 -0.4848419 0.698377 0.5264959 -0.4848418 0.698377 0.6778422 -0.2254881 0.699775 0.6778421 -0.2254874 0.6997753 0.7680661 0.05419784 0.638073 0.768066 0.05419808 0.638073 0.7890318 0.3289979 0.5188345 0.789032 0.3289975 0.5188344 0.7388494 0.5741299 0.3528122 0.7388483 0.5741314 0.3528121 -0.6123778 0.3535439 0.7071069 -0.6123754 0.3535429 0.7071095 -0.6123786 0.3535428 0.7071067 -0.6123787 0.3535422 0.707107 -0.6123803 0.3535408 0.7071063 -0.6123788 0.3535428 0.7071066 -0.6123782 0.3535431 0.7071069 -0.6123776 0.3535432 0.7071074 -0.6123784 0.3535429 0.7071069 -0.6123795 0.353543 0.7071058 -0.6123785 0.3535432 0.7071066 -0.612378 0.353543 0.7071072 -0.6123776 0.3535423 0.7071079 -0.6123787 0.3535431 0.7071065 -0.612379 0.3535416 0.7071071 -0.6123788 0.3535447 0.7071056 -0.6123803 0.3535424 0.7071054 -0.6123793 0.3535427 0.7071062 -0.6123783 0.3535431 0.707107 -0.6123782 0.3535429 0.707107 -0.6123785 0.3535436 0.7071065 -0.6123785 0.3535425 0.707107 -0.6123787 0.3535429 0.7071067 -0.6123786 0.3535429 0.7071067 -0.6123786 0.3535429 0.7071067 -0.6123786 0.3535428 0.7071067 -0.6332803 -0.7547798 -0.1710661 -0.6332815 -0.7547795 -0.171063 0.6123781 -0.3535429 -0.7071071 0.6123793 -0.3535427 -0.7071062 0.6123782 -0.3535427 -0.707107 0.6123782 -0.3535429 -0.7071071 0.6123785 -0.3535428 -0.7071069 0.6123788 -0.3535435 -0.7071062 0.6123785 -0.3535435 -0.7071064 0.6123783 -0.3535419 -0.7071075 0.6123782 -0.3535429 -0.707107 0.61238 -0.3535436 -0.7071051 0.6123789 -0.3535428 -0.7071065 0.6123772 -0.3535427 -0.707108 0.6123785 -0.3535432 -0.7071067 0.6123796 -0.353543 -0.7071059 0.6123783 -0.3535432 -0.7071068 0.6123782 -0.3535433 -0.7071068 0.6123777 -0.3535436 -0.7071072 0.6123784 -0.3535429 -0.7071068 0.6123784 -0.3535429 -0.7071068 0.6123783 -0.3535429 -0.7071069 0.6123784 -0.3535433 -0.7071067 0.6123785 -0.3535429 -0.7071068 0.6123785 -0.3535422 -0.7071072 0.6123788 -0.3535412 -0.7071074 0.6123783 -0.3535436 -0.7071065 0.612379 -0.3535425 -0.7071065 0.68825 0.6784995 0.2568084 0.6882491 0.6785001 0.256809 -0.9933084 0.115492 0 -0.9822844 -0.1850001 -0.02986711 -0.9907787 0.1084615 -0.08120143 -0.9795151 -0.1926125 -0.05874186 -0.9832748 0.0876348 -0.1596587 -0.9752545 -0.2043573 -0.08436036 -0.9717345 0.05585306 -0.2293739 -0.96956 -0.220001 -0.1074849 -0.9565454 0.01206928 -0.2913334 -0.9666377 -0.2283509 -0.1160485 0.9484058 0.007905721 0.3169605 0.9732643 0.2097846 0.09352415 0.966254 -0.04111522 0.2542889 0.9782922 0.1959682 0.06738638 0.979949 -0.07848066 0.1831414 0.9814777 0.1872602 0.04043459 0.9886528 -0.102359 0.1099467 0.9830432 0.1829606 0.0123077 0.9930967 -0.112455 0.03335976 0.9830808 0.1831727 0 -0.2325725 0.6389536 0.7332451 -0.2006155 0.5489859 0.8113987 -0.2180722 0.6010218 0.7689065 -0.1498249 0.4097788 0.8997966 -0.1671101 0.4607005 0.8716819 -0.09280323 0.2533665 0.9629086 -0.1115071 0.3081864 0.9447683 -0.03194427 0.08585619 0.9957954 -0.05418175 0.1510264 0.9870437 -0.01288831 0.03540843 0.9992899 0.2325737 -0.638957 -0.7332416 0.2197219 -0.6008166 -0.7685973 0.1989784 -0.5491361 -0.8117002 0.1686152 -0.4605528 -0.87147 0.1483429 -0.4098864 -0.8999931 0.1129961 -0.3080981 -0.9446203 0.09128797 -0.2534876 -0.9630216 0.0558483 -0.1509574 -0.9869614 0.03025662 -0.08595728 -0.9958394 0.01288467 -0.03539854 -0.9992902 0.7539276 -0.3300622 0.5680248 0.7539286 -0.3300617 0.5680239 0.3837116 -0.6038454 0.6986674 0.3837094 -0.6038457 0.6986684 -0.07441073 -0.7392966 0.6692559 -0.07441258 -0.7392963 0.6692561 -0.5154882 -0.7053831 0.486525 -0.5154861 -0.7053844 0.4865254 -0.838471 -0.509876 0.1923353 -0.8384702 -0.5098772 0.1923359 -0.9693699 -0.1975634 -0.1459134 -0.9693702 -0.1975613 -0.1459141 -0.8781999 0.1600095 -0.4507348 -0.8781994 0.1600115 -0.4507351 -0.5858407 0.4809303 -0.6523011 -0.5858438 0.4809263 -0.6523013 -0.159279 0.6916682 -0.7044326 -0.1592756 0.6916707 -0.704431 0.3037784 0.7439591 -0.5951837 0.3037756 0.7439582 -0.5951862 0.6972414 0.6258138 -0.3495877 0.6972406 0.6258139 -0.349589 0.9309714 0.3643082 -0.02391111 0.930972 0.364307 -0.023907 0.9514304 0.0193355 0.307256 0.9514317 0.01933723 0.3072521 -0.9581828 -0.2784149 -0.06611222 -0.9581827 -0.2784148 -0.06611263 -0.8695775 -0.4717578 0.1458752 -0.8695771 -0.4717578 0.1458776 -0.7025605 -0.6225616 0.344711 -0.7025597 -0.6225614 0.3447133 -0.4721908 -0.7172279 0.5124646 -0.4721931 -0.7172291 0.5124608 -0.1992443 -0.7472223 0.6340037 -0.1992424 -0.7472208 0.6340059 0.09166651 -0.7098358 0.698377 0.09166783 -0.7098344 0.6983782 0.3743171 -0.6084408 0.699776 0.3743148 -0.6084442 0.6997743 0.623211 -0.4521859 0.6380721 0.6232116 -0.4521846 0.6380724 0.8159086 -0.2551535 0.518835 0.8159087 -0.2551532 0.5188351 0.9350353 -0.03511333 0.3528117 0.9350353 -0.03511363 0.3528116 -0.2418565 0.6644589 0.7071067 -0.2418558 0.6644587 0.707107 -0.2418555 0.6644582 0.7071077 -0.2418555 0.6644584 0.7071074 -0.2418563 0.6644594 0.7071062 -0.2418553 0.6644601 0.707106 -0.2418569 0.6644589 0.7071065 -0.2418536 0.6644598 0.7071067 -0.2418547 0.6644592 0.707107 -0.2418565 0.6644589 0.7071067 -0.2418562 0.6644588 0.7071069 -0.2418566 0.6644588 0.7071067 -0.2418578 0.6644591 0.707106 -0.2418563 0.6644594 0.7071064 -0.2418561 0.6644586 0.7071071 -0.2418571 0.6644594 0.707106 -0.2418569 0.6644592 0.7071062 -0.2418562 0.6644583 0.7071074 -0.2418563 0.6644578 0.7071077 -0.241856 0.6644595 0.7071062 -0.2418563 0.6644592 0.7071065 -0.2418568 0.6644582 0.7071071 -0.2418567 0.6644583 0.7071071 -0.2418563 0.6644587 0.7071069 -0.2418547 0.66446 0.7071062 -0.2418571 0.6644576 0.7071077 -0.970284 -0.1711298 -0.1710656 -0.970284 -0.1711298 -0.1710656 0.241856 -0.6644589 -0.7071067 0.2418563 -0.6644589 -0.7071067 0.2418559 -0.6644588 -0.7071069 0.2418563 -0.6644586 -0.7071071 0.2418561 -0.6644589 -0.7071069 0.2418561 -0.6644589 -0.7071068 0.2418559 -0.6644592 -0.7071066 0.2418563 -0.6644586 -0.707107 0.2418562 -0.6644587 -0.7071069 0.2418559 -0.6644582 -0.7071076 0.241856 -0.6644601 -0.7071057 0.2418553 -0.6644592 -0.7071067 0.241855 -0.6644582 -0.7071078 0.2418558 -0.6644588 -0.707107 0.2418562 -0.6644587 -0.7071069 0.2418547 -0.6644595 -0.7071068 0.2418569 -0.6644592 -0.7071062 0.2418555 -0.6644585 -0.7071074 0.2418557 -0.6644586 -0.7071072 0.2418559 -0.6644583 -0.7071074 0.2418558 -0.6644593 -0.7071066 0.2418556 -0.6644594 -0.7071065 0.2418556 -0.6644594 -0.7071065 0.2418565 -0.6644586 -0.707107 0.2418562 -0.6644591 -0.7071066 0.2418569 -0.6644586 -0.7071068 0.9633614 0.07736426 0.2568066 0.9633615 0.07736402 0.2568064 -0.6867015 0.7269394 0 -0.8713927 0.4896762 -0.02986478 -0.6892558 0.7199531 -0.08120214 -0.8741592 0.4820737 -0.05874192 -0.696901 0.6991698 -0.1596577 -0.8784473 0.4703339 -0.0843591 -0.7084909 0.6674045 -0.2293729 -0.8841385 0.4546933 -0.1074852 -0.7249928 0.6241059 -0.2913369 -0.8872686 0.4464162 -0.1160475 0.7316002 -0.6035696 0.3169617 0.8804094 -0.4649004 0.09352457 0.7137745 -0.6525852 0.2542806 0.8753822 -0.478712 0.06738489 0.7002355 -0.6900212 0.1831423 0.8722223 -0.4874354 0.04043579 0.6915581 -0.7139042 0.1099463 0.8706597 -0.4917318 0.01230806 0.6884689 -0.7244982 0.03336024 0.8708242 -0.4915947 0 0.2325456 0.6389481 0.7332584 0.1992033 0.5495072 0.8113938 0.2192767 0.6005849 0.7689054 0.1486272 0.4102118 0.8997979 0.1681181 0.4603315 0.871683 0.09176975 0.2537437 0.9629083 0.1126795 0.3077611 0.9447679 0.03071641 0.08630269 0.9957954 0.05557227 0.1505203 0.9870438 0.01288664 0.03540778 0.9992899 -0.2325515 -0.6389639 -0.7332428 -0.2178806 -0.6014865 -0.7685975 -0.2005514 -0.5485631 -0.8117005 -0.1668707 -0.4611871 -0.8714704 -0.1498324 -0.4093435 -0.8999934 -0.1114813 -0.3086484 -0.9446206 -0.09300845 -0.2528628 -0.9630212 -0.05425137 -0.1515391 -0.9869614 -0.03207421 -0.08529543 -0.9958394 -0.01288336 -0.03539872 -0.9992902 0.8576994 -0.4871481 0.1644335 0.8576983 -0.487149 0.164437 0.5485953 -0.694716 0.465202 0.5485951 -0.694716 0.4652023 0.1138178 -0.7431318 0.6593942 0.1138187 -0.7431321 0.6593936 -0.3470347 -0.6213072 0.7025271 -0.3470371 -0.621305 0.7025279 -0.7283895 -0.3571428 0.5847203 -0.7283885 -0.3571447 0.5847203 -0.9428742 -0.01116853 0.3329619 -0.9428741 -0.01116925 0.332962 -0.9413598 0.3373685 0.00492388 -0.9413597 0.3373687 0.00492376 -0.7241911 0.6086174 -0.3242409 -0.7241906 0.608618 -0.3242411 -0.3411201 0.7404397 -0.5791252 -0.3411199 0.7404398 -0.5791253 0.1200996 0.7026357 -0.701341 0.1201007 0.7026358 -0.7013407 0.5538024 0.5038679 -0.6628877 0.553807 0.5038667 -0.6628847 0.8606419 0.1896668 -0.4725697 0.8606392 0.1896687 -0.4725737 0.9703127 -0.1679826 -0.1739977 0.9703122 -0.1679809 -0.1740018 -0.9129717 0.4026311 -0.06611204 -0.9129717 0.4026311 -0.0661121 -0.9693748 0.1975651 0.1458783 -0.9693753 0.1975656 0.1458751 -0.9383685 -0.02531182 0.3447082 -0.9383663 -0.02531284 0.3447144 -0.822744 -0.2459095 0.5124654 -0.8227459 -0.245909 0.5124627 -0.6329351 -0.4443323 0.6340048 -0.6329338 -0.4443324 0.634006 -0.3860507 -0.6026887 0.6983776 -0.3860521 -0.6026889 0.6983767 -0.1043559 -0.7066997 0.6997752 -0.1043564 -0.7066999 0.699775 0.1867483 -0.7469856 0.6380733 0.1867475 -0.746986 0.6380732 0.4610138 -0.7199147 0.5188342 0.461013 -0.7199154 0.5188342 0.6937064 -0.6279292 0.3528121 0.6937089 -0.6279266 0.352812 0.2418332 0.664467 0.7071071 0.2418327 0.6644676 0.7071065 0.241834 0.6644666 0.707107 0.2418326 0.664467 0.7071071 0.2418333 0.6644673 0.7071067 0.2418336 0.6644677 0.7071062 0.2418334 0.6644671 0.7071067 0.2418334 0.6644673 0.7071066 0.2418335 0.6644669 0.707107 0.2418333 0.6644671 0.7071068 0.2418333 0.6644672 0.7071068 0.241833 0.6644675 0.7071067 0.241833 0.6644669 0.7071072 0.2418333 0.6644668 0.7071071 0.2418345 0.6644671 0.7071064 0.2418334 0.6644671 0.7071068 0.2418338 0.6644672 0.7071066 0.2418335 0.6644673 0.7071067 0.2418322 0.6644663 0.707108 0.2418336 0.6644669 0.707107 0.2418329 0.6644682 0.7071059 0.2418321 0.6644672 0.7071073 0.2418345 0.6644676 0.7071061 0.2418333 0.6644671 0.7071068 0.2418327 0.6644697 0.7071046 0.2418337 0.6644662 0.7071076 -0.8532807 0.492594 -0.1710646 -0.8532808 0.492594 -0.1710646 -0.2418348 -0.6644676 -0.7071059 -0.2418331 -0.6644673 -0.7071068 -0.241833 -0.6644664 -0.7071077 -0.2418333 -0.6644672 -0.7071067 -0.2418335 -0.6644667 -0.7071072 -0.2418335 -0.6644672 -0.7071067 -0.2418334 -0.6644675 -0.7071064 -0.2418334 -0.6644669 -0.707107 -0.2418333 -0.6644672 -0.7071068 -0.2418334 -0.6644668 -0.7071071 -0.2418331 -0.6644672 -0.707107 -0.2418348 -0.6644663 -0.7071071 -0.241833 -0.6644676 -0.7071065 -0.2418339 -0.6644671 -0.7071066 -0.2418333 -0.664467 -0.707107 -0.241833 -0.6644684 -0.7071058 -0.2418335 -0.6644675 -0.7071064 -0.2418308 -0.6644675 -0.7071074 -0.2418337 -0.664467 -0.707107 -0.241835 -0.6644672 -0.7071063 -0.2418335 -0.6644672 -0.7071067 -0.2418331 -0.6644671 -0.707107 -0.2418328 -0.6644667 -0.7071075 -0.2418335 -0.6644671 -0.7071068 -0.2418333 -0.6644673 -0.7071067 -0.2418336 -0.6644667 -0.7071071 0.787707 -0.5599724 0.2568045 0.7877081 -0.5599704 0.256806 -0.05877411 0.9982713 0 -0.3527701 0.9352332 -0.02986514 -0.06521636 0.9945616 -0.08120405 -0.3597708 0.9311896 -0.05874407 -0.08445644 0.9835538 -0.1596528 -0.3706061 0.9249513 -0.08435785 -0.1137139 0.9666707 -0.2293838 -0.3850195 0.9166278 -0.1074867 -0.1542441 0.9441106 -0.2913138 -0.3927386 0.9122992 -0.1160457 0.1724623 -0.9326236 0.31697 0.3756009 -0.9220505 0.09352403 0.1273125 -0.9587147 0.2542786 0.3628721 -0.9293994 0.06738448 0.09287095 -0.9786896 0.1831437 0.3548445 -0.9340506 0.04043465 0.070885 -0.9914069 0.1099436 0.3508841 -0.936338 0.01230853 0.06168246 -0.9975381 0.03336197 0.3510964 -0.9363393 0 0.5888572 0.3399904 0.7332488 0.5058165 0.2929023 0.8113926 0.55403 0.3191296 0.7688999 0.3775339 0.2187045 0.899798 0.4246762 0.2445673 0.8716863 0.2334012 0.1353895 0.9629089 0.2841429 0.1633298 0.9447678 0.07900482 0.04636776 0.9957952 0.1393235 0.07958406 0.9870437 0.03263163 0.01884061 0.9992899 -0.5888628 -0.3399937 -0.7332428 -0.5535351 -0.320715 -0.7685967 -0.50624 -0.2913112 -0.8117012 -0.4242762 -0.2460277 -0.8714702 -0.3778998 -0.2172651 -0.8999931 -0.2837957 -0.16478 -0.9446204 -0.2337852 -0.1339191 -0.9630214 -0.1389665 -0.08121359 -0.9869613 -0.07939732 -0.04472321 -0.9958393 -0.03262299 -0.0188356 -0.9992902 0.7210165 -0.6166189 -0.3160955 0.7210162 -0.6166214 -0.3160909 0.4877384 -0.8728766 0.01406222 0.4877391 -0.8728762 0.01406008 0.1427261 -0.9291675 0.3409941 0.1427249 -0.9291668 0.3409965 -0.2349836 -0.772597 0.5898106 -0.2349827 -0.7725983 0.5898092 -0.5588616 -0.4390347 0.7035072 -0.5588613 -0.4390355 0.7035068 -0.754711 -0.004895627 0.6560392 -0.7547107 -0.00489211 0.6560394 -0.7776639 0.4303704 0.4582796 -0.7776647 0.4303685 0.45828 -0.6224663 0.767036 0.1555364 -0.622466 0.7670362 0.1555363 -0.324667 0.9279873 -0.1828411 -0.3246661 0.9279875 -0.1828414 0.04751038 0.8763474 -0.4793307 0.04751026 0.8763474 -0.4793308 0.4088031 0.6239464 -0.6660113 0.4088017 0.6239472 -0.6660114 0.6764423 0.2286084 -0.7001171 0.676441 0.2286098 -0.700118 0.7891183 -0.2191063 -0.5738333 0.7891172 -0.2191039 -0.5738358 -0.4405714 0.8952798 -0.06611275 -0.4405719 0.8952798 -0.06610995 -0.6155914 0.774446 0.1458789 -0.6155915 0.7744466 0.1458756 -0.7351021 0.583781 0.3447093 -0.7351016 0.5837799 0.3447126 -0.7883269 0.3404727 0.5124637 -0.7883267 0.3404725 0.5124641 -0.770467 0.066464 0.6340056 -0.7704674 0.06646424 0.6340053 -0.6831335 -0.2135369 0.6983772 -0.6831334 -0.2135369 0.6983773 -0.5341988 -0.4742853 0.6997752 -0.5342001 -0.4742847 0.6997745 -0.3370966 -0.6922638 0.6380726 -0.3370956 -0.6922641 0.6380729 -0.109596 -0.8478204 0.5188346 -0.1095968 -0.8478203 0.5188346 0.1277871 -0.9269275 0.3528114 0.1277872 -0.9269275 0.3528115 0.612367 0.3535642 0.7071061 0.6123664 0.3535646 0.7071063 0.612366 0.353564 0.7071071 0.6123663 0.3535637 0.707107 0.6123664 0.3535626 0.7071074 0.6123664 0.3535634 0.707107 0.6123675 0.3535605 0.7071075 0.6123666 0.3535642 0.7071065 0.6123665 0.3535642 0.7071065 0.612367 0.3535653 0.7071054 0.6123663 0.3535646 0.7071065 0.6123662 0.3535639 0.707107 0.6123672 0.3535628 0.7071066 0.6123639 0.3535652 0.7071083 0.6123664 0.353564 0.7071067 0.6123641 0.3535598 0.7071107 0.6123663 0.353564 0.7071068 0.6123649 0.3535643 0.7071079 0.6123669 0.3535637 0.7071064 0.6123668 0.3535638 0.7071065 0.612366 0.3535642 0.7071071 0.612367 0.3535638 0.7071063 0.6123669 0.3535641 0.7071063 0.6123652 0.3535658 0.7071069 0.6123663 0.3535642 0.7071067 0.6123664 0.3535641 0.7071067 -0.3370175 0.9258272 -0.1710652 -0.3370178 0.9258269 -0.1710659 -0.6123653 -0.3535615 -0.7071089 -0.6123669 -0.353563 -0.7071067 -0.6123666 -0.3535641 -0.7071065 -0.6123669 -0.3535647 -0.7071059 -0.6123666 -0.3535636 -0.7071067 -0.6123658 -0.3535649 -0.7071068 -0.6123657 -0.353565 -0.7071068 -0.6123661 -0.3535646 -0.7071067 -0.6123672 -0.353563 -0.7071065 -0.6123656 -0.3535643 -0.7071073 -0.6123659 -0.3535642 -0.7071071 -0.6123673 -0.3535636 -0.7071062 -0.6123684 -0.3535636 -0.7071052 -0.6123661 -0.3535642 -0.7071069 -0.6123661 -0.3535643 -0.7071067 -0.6123659 -0.353563 -0.7071077 -0.6123671 -0.3535639 -0.7071061 -0.612367 -0.3535635 -0.7071064 -0.6123651 -0.3535614 -0.7071092 -0.6123664 -0.3535645 -0.7071064 -0.6123674 -0.353565 -0.7071054 -0.6123661 -0.3535634 -0.7071071 -0.6123658 -0.3535634 -0.7071076 -0.6123665 -0.3535639 -0.7071068 -0.6123665 -0.3535638 -0.7071068 -0.6123641 -0.3535649 -0.7071082 0.2434766 -0.9352917 0.2568045 0.2434767 -0.9352917 0.2568045 0.5966486 0.8025027 0 0.3309219 0.9431855 -0.02986443 0.5893296 0.8038015 -0.08120203 0.3229561 0.9445891 -0.05874198 0.5675339 0.807722 -0.1596576 0.310645 0.9467753 -0.0843575 0.5342446 0.8136144 -0.2293782 0.2942526 0.9496643 -0.1074851 0.4887309 0.8223523 -0.2913398 0.2855727 0.9513035 -0.1160598 -0.4673601 -0.8252922 0.3169656 -0.3049521 -0.9477646 0.09352195 -0.5187312 -0.8162455 0.2542855 -0.3194361 -0.9452087 0.06738841 -0.5579338 -0.8094259 0.1831383 -0.3285599 -0.9436173 0.04043233 -0.5829761 -0.8050158 0.1099472 -0.3330785 -0.9428188 0.01230871 -0.5939478 -0.8038116 0.03336095 -0.3329116 -0.942958 0 0.6696286 -0.1180617 0.7332524 0.5757446 -0.100755 0.8113979 0.6295359 -0.1116548 0.7689069 0.4297907 -0.07513713 0.8997969 0.4825286 -0.08562773 0.8716847 0.2658244 -0.0463134 0.9629083 0.322653 -0.05752563 0.9447676 0.09032523 -0.01526343 0.9957954 0.1578837 -0.02859044 0.9870437 0.03710758 -0.006542384 0.9992899 -0.669636 0.118063 -0.7332454 -0.6301835 0.1101236 -0.7685971 -0.5750552 0.1022478 -0.8117001 -0.4831569 0.08425116 -0.8714706 -0.429143 0.07647442 -0.8999933 -0.3233184 0.0561915 -0.9446204 -0.2651716 0.04768621 -0.9630212 -0.1586574 0.02711266 -0.9869614 -0.08956927 0.01677554 -0.9958394 -0.03709822 0.006540715 -0.9992902 0.569777 -0.5044986 -0.6487183 0.5697771 -0.5044986 -0.6487182 0.3017166 -0.8438814 -0.4436569 0.3017184 -0.843878 -0.4436619 -0.03546267 -0.9899412 -0.1369629 -0.03546446 -0.9899418 -0.1369581 -0.3645195 -0.9092187 0.2011144 -0.3645186 -0.9092196 0.2011114 -0.6100689 -0.6202046 0.4931149 -0.6100688 -0.6202058 0.4931135 -0.7158586 -0.1891089 0.672149 -0.7158581 -0.1891075 0.6721498 -0.6576539 0.2853072 0.6972025 -0.6576529 0.2853085 0.6972027 -0.4487881 0.6943657 0.562535 -0.4487885 0.6943654 0.562535 -0.1371126 0.9443517 0.2989983 -0.1371126 0.9443517 0.2989984 0.2059752 0.9779993 -0.03303611 0.2059789 0.9779986 -0.03303748 0.5018785 0.7875973 -0.3575031 0.5018772 0.7875983 -0.3575027 0.6828045 0.4167674 -0.6000692 0.6828055 0.4167658 -0.6000692 0.7073091 -0.04953855 -0.7051665 0.7073091 -0.04953885 -0.7051665 0.2379785 0.9690178 -0.06611269 0.2379785 0.9690177 -0.06611275 0.02623492 0.9889549 0.1458763 0.02623462 0.9889545 0.1458792 -0.1878734 0.9197155 0.3447127 -0.1878733 0.9197164 0.3447105 -0.3850418 0.7675446 0.5124627 -0.3850418 0.7675449 0.5124623 -0.5474908 0.5461608 0.6340048 -0.5474908 0.5461608 0.6340049 -0.6605702 0.2755298 0.6983769 -0.6605702 0.2755299 0.6983768 -0.7140848 -0.01994562 0.6997751 -0.7140851 -0.01994514 0.6997749 -0.7032092 -0.3136242 0.6380726 -0.7032089 -0.3136246 0.6380728 -0.628924 -0.5790203 0.5188354 -0.628924 -0.5790203 0.5188354 -0.4979267 -0.7922074 0.3528121 -0.4979261 -0.7922078 0.3528121 0.6963638 -0.1227771 0.7071092 0.6963667 -0.1227759 0.7071065 0.6963666 -0.1227757 0.7071066 0.6963667 -0.1227757 0.7071065 0.6963661 -0.122776 0.707107 0.6963665 -0.1227757 0.7071067 0.696367 -0.1227766 0.707106 0.696366 -0.1227756 0.7071071 0.6963662 -0.122776 0.7071069 0.6963664 -0.1227763 0.7071067 0.6963662 -0.1227757 0.7071069 0.696367 -0.1227751 0.7071062 0.6963664 -0.1227755 0.7071067 0.6963663 -0.1227759 0.7071069 0.6963665 -0.1227754 0.7071068 0.6963665 -0.1227759 0.7071067 0.6963656 -0.1227757 0.7071075 0.6963658 -0.1227759 0.7071073 0.6963661 -0.1227759 0.707107 0.6963666 -0.122776 0.7071065 0.6963661 -0.1227762 0.707107 0.6963666 -0.1227756 0.7071067 0.6963661 -0.1227764 0.7071069 0.6963661 -0.1227762 0.707107 0.6963663 -0.1227757 0.7071069 0.6963663 -0.1227757 0.7071069 0.3369391 0.9258558 -0.1710647 0.3369392 0.9258559 -0.1710644 -0.6963663 0.1227751 -0.707107 -0.6963661 0.122776 -0.707107 -0.6963672 0.1227753 -0.7071061 -0.6963662 0.1227758 -0.7071069 -0.6963655 0.1227763 -0.7071075 -0.6963665 0.1227756 -0.7071067 -0.6963667 0.1227759 -0.7071064 -0.6963661 0.1227755 -0.7071071 -0.6963666 0.1227762 -0.7071067 -0.6963666 0.1227759 -0.7071065 -0.6963666 0.1227752 -0.7071066 -0.6963661 0.1227766 -0.7071068 -0.6963662 0.1227765 -0.7071067 -0.6963664 0.1227761 -0.7071067 -0.6963668 0.1227767 -0.7071062 -0.6963663 0.122776 -0.7071067 -0.6963663 0.1227759 -0.7071067 -0.6963668 0.1227759 -0.7071063 -0.6963665 0.1227759 -0.7071067 -0.6963652 0.1227763 -0.7071079 -0.6963658 0.1227762 -0.7071073 -0.6963673 0.1227751 -0.707106 -0.6963668 0.1227753 -0.7071065 -0.696366 0.1227762 -0.7071071 -0.6963657 0.1227764 -0.7071074 -0.6963667 0.1227747 -0.7071066 -0.41468 -0.8729785 0.2568057 -0.4146797 -0.8729785 0.2568058 0 0 -1 0 0 -1 0 0 -1 0 0 -1 -0.6248185 0.78077 0 -0.6248185 0.78077 0 0.3637573 0.9314938 0 0.3637573 0.9314938 0 0.9885758 0.1507242 0 0.9885758 0.1507242 0 0.6248185 -0.7807701 0 0.6248185 -0.7807701 0 -0.3637566 -0.9314941 0 -0.3637566 -0.9314941 0 -0.9885759 -0.1507239 0 -0.9885759 -0.1507239 0 0.1963455 0.9798338 0.03706842 -0.2166963 0.976239 0 -0.150598 0.9877366 0.04119026 -0.04388618 0.9990366 0 0.07686328 0.9970417 0 -0.3327847 0.9430028 0 -0.4559931 0.8899237 0.01030254 -0.479518 0.8769884 0.03088659 -0.8016119 0.5978448 0 -0.7502031 0.6597913 0.0432524 -0.6856185 0.727961 0 -0.5928744 0.8052949 0 -0.8678287 0.4968636 0 -0.9312547 0.3636646 0.02264398 -0.9312549 0.363664 0.02264451 -0.9974985 -0.07068818 0 -0.9987946 0.02320843 0.04325228 -0.994619 0.1035997 0 -0.9748799 0.2227306 0 -0.9817053 -0.1904071 0 -0.9378058 -0.3451821 0.03700709 -0.9473121 -0.3200742 0.01234614 -0.8837679 -0.4679256 0 -0.820923 -0.571039 0 -0.7801072 -0.6242885 0.04119151 -0.7092904 -0.7049164 0 -0.6191515 -0.7852716 0 -0.5196254 -0.8535897 0.03706932 -0.4733836 -0.8808563 0 -0.2488266 -0.9685481 0 -0.1963442 -0.9798341 0.03706932 0.2166962 -0.9762391 0 0.1505967 -0.9877367 0.0411911 0.04388266 -0.9990367 0 -0.07685899 -0.997042 0 0.3327847 -0.9430028 0 0.4559932 -0.8899236 0.01030254 0.479518 -0.8769883 0.03088653 0.801612 -0.5978447 0 0.7502031 -0.6597912 0.04325252 0.6856184 -0.7279611 0 0.592874 -0.8052952 0 0.8678301 -0.496861 0 0.9312548 -0.3636642 0.0226438 0.9312549 -0.3636639 0.02264404 0.9974985 0.07068818 0 0.9987946 -0.02320843 0.04325228 0.994619 -0.1035997 0 0.9748796 -0.2227326 0 0.9817053 0.1904071 0 0.9378058 0.3451822 0.03700715 0.9473122 0.3200739 0.01234573 0.8837717 0.4679184 0 0.8209223 0.5710399 0 0.7801066 0.6242892 0.04119133 0.7092902 0.7049166 0 0.6191545 0.7852693 0 0.5196255 0.8535896 0.03707057 0.4733821 0.8808572 0 0.2488266 0.9685481 0 0.9639219 0.06830877 -0.2572714 0.941884 -0.215194 -0.2579655 0.774689 -0.5777654 -0.2569907 0.5728248 -0.7780625 -0.2578576 0.209437 -0.9435358 -0.2566639 -0.963922 -0.06830877 -0.2572713 -0.9418842 0.2151921 -0.257966 -0.7746892 0.5777658 -0.2569891 -0.5728255 0.7780627 -0.2578556 -0.2094371 0.9435358 -0.2566639 0.2622404 0.487969 -0.8325361 -0.2622399 -0.487968 -0.8325368 0.1378422 0.5365467 -0.8325365 0.1378428 0.5365461 -0.8325369 -0.3713994 -0.4110291 -0.8325369 -0.3713993 -0.4110293 -0.8325368 -0.4944673 -0.5472292 -0.675309 0.3713985 0.4110301 -0.8325367 0.3713983 0.4110314 -0.8325363 0.4944659 0.5472319 -0.6753079 -0.4589726 -0.3102059 -0.8325361 -0.4589725 -0.3102045 -0.8325367 -0.6110594 -0.412995 -0.6753084 -0.6110596 -0.4129947 -0.6753086 -0.7271174 -0.4914343 -0.4793668 0.4589724 0.3102047 -0.8325367 0.4589725 0.3102048 -0.8325367 0.6110594 0.4129954 -0.6753082 0.6110595 0.4129958 -0.675308 0.7271169 0.4914354 -0.4793666 0.3491367 0.6496632 -0.6753082 0.183519 0.7143384 -0.6753083 0.1835173 0.7143403 -0.6753067 -0.5883805 -0.6511653 -0.4793666 -0.4154487 -0.7730529 -0.4793658 -0.4154491 -0.7730522 -0.4793666 -0.3491379 -0.6496627 -0.6753082 -0.1378406 -0.5365473 -0.8325365 -0.1378414 -0.5365463 -0.832537 -0.1835173 -0.714339 -0.6753082 -0.183517 -0.7143392 -0.675308 -0.2183723 -0.850013 -0.4793657 -0.2183743 -0.8500111 -0.4793681 0.5883813 0.6511644 -0.4793666 0.4154477 0.7730529 -0.4793666 0.4154472 0.7730536 -0.4793659 0.2183723 0.850013 -0.4793657 0.2183728 0.8500124 -0.4793663 -0.04240614 0.9653447 -0.2575101 0.009379744 0.9563839 -0.291962 0.008606791 0.8775727 -0.4793664 0.008606731 0.8775727 -0.4793664 0.007232964 0.7375003 -0.6753082 0.007230818 0.7375018 -0.6753065 0.005431115 0.5539444 -0.8325359 0.00543344 0.5539427 -0.832537 -0.3215156 0.9110699 -0.2580296 -0.2212032 0.9369095 -0.270684 -0.2016592 0.8541307 -0.4793686 -0.2016616 0.8541314 -0.4793664 -0.1694741 0.717802 -0.6753065 -0.1694713 0.717801 -0.6753083 -0.1272915 0.5391469 -0.8325368 -0.1272939 0.5391479 -0.8325358 -0.2526202 0.4930167 -0.8325369 -0.2526205 0.4930167 -0.8325367 -0.3363305 0.6563862 -0.6753065 -0.3363289 0.656386 -0.6753075 -0.4002066 0.7810509 -0.4793686 -0.4002066 0.7810509 -0.4793685 -0.4407854 0.8602451 -0.256294 -0.4407859 0.8602451 -0.2562934 -0.6625401 0.7034574 -0.2572712 -0.6278811 0.722889 -0.2884387 -0.5754973 0.6625787 -0.4793666 -0.5754953 0.6625791 -0.4793685 -0.4836394 0.5568236 -0.6753076 -0.4836393 0.5568236 -0.6753077 -0.3632658 0.4182351 -0.8325368 -0.3632658 0.4182351 -0.8325366 -0.8384563 0.4800468 -0.2579655 -0.7843512 0.552833 -0.2813695 -0.7173392 0.5056011 -0.4793664 -0.717339 0.5056011 -0.4793666 -0.6028422 0.4249005 -0.675308 -0.6028428 0.4249003 -0.6753076 -0.4528009 0.3191466 -0.8325363 -0.4528 0.3191469 -0.8325368 -0.51602 0.2015105 -0.8325364 -0.5160203 0.2015103 -0.8325362 -0.6870104 0.2682834 -0.6753079 -0.6870102 0.2682835 -0.675308 -0.817493 0.3192382 -0.4793663 -0.8174923 0.3192389 -0.4793673 -0.9003804 0.3516075 -0.256295 -0.9003803 0.3516079 -0.2562955 -0.9612141 0.1001203 -0.2569891 -0.9514226 0.125003 -0.28137 -0.8701366 0.1143232 -0.4793667 -0.8701364 0.1143236 -0.4793671 -0.7312515 0.09607607 -0.6753078 -0.7312515 0.09607607 -0.6753078 -0.54925 0.07216364 -0.8325365 -0.5492499 0.0721637 -0.8325365 -0.948507 -0.1839681 -0.2578573 -0.9516029 -0.1060869 -0.2884399 -0.8722115 -0.09723609 -0.4793666 -0.8722113 -0.09723585 -0.4793668 -0.7329949 -0.0817157 -0.6753082 -0.7329953 -0.08171653 -0.6753075 -0.5505595 -0.061378 -0.8325365 -0.5505591 -0.0613774 -0.8325368 -0.5198727 -0.1913518 -0.8325364 -0.5198727 -0.191352 -0.8325363 -0.6921395 -0.2547591 -0.6753081 -0.6921393 -0.2547587 -0.6753082 -0.8235963 -0.3031446 -0.4793666 -0.8235964 -0.3031445 -0.4793668 -0.9071031 -0.3338811 -0.2562952 -0.9071032 -0.3338813 -0.2562952 -0.2622397 -0.4879683 -0.8325366 -0.349137 -0.6496645 -0.675307 -0.4944667 -0.5472319 -0.6753073 -0.5883799 -0.6511667 -0.4793651 -0.7271173 -0.4914358 -0.4793655 -0.7975845 -0.5390625 -0.2706853 -0.8538406 -0.45208 -0.2580308 -0.07426297 -0.9633657 -0.2577042 -0.2405154 -0.9361975 -0.256294 -0.2405161 -0.9361971 -0.2562949 -0.457572 -0.8514345 -0.2562949 -0.4575719 -0.8514346 -0.2562949 -0.5982388 -0.7587479 -0.257705 -0.6412213 -0.7096446 -0.2919586 -0.6853699 -0.6811434 -0.2575107 -0.7934225 -0.5519095 -0.2566644 0.04240274 -0.9653448 -0.2575101 -0.009377777 -0.956385 -0.2919585 -0.008605003 -0.8775727 -0.4793666 -0.008606731 -0.8775717 -0.4793683 -0.007233023 -0.7375015 -0.6753068 -0.007234692 -0.7375003 -0.6753081 -0.005434036 -0.5539435 -0.8325366 -0.005435287 -0.5539426 -0.8325371 0.3215156 -0.9110699 -0.2580296 0.2212031 -0.9369095 -0.270684 0.2016594 -0.8541317 -0.4793667 0.2016597 -0.8541318 -0.4793665 0.1694722 -0.7178013 -0.6753078 0.1694735 -0.7178018 -0.6753069 0.1272929 -0.5391464 -0.8325369 0.1272935 -0.5391468 -0.8325365 0.2526202 -0.4930167 -0.8325369 0.2526205 -0.4930167 -0.8325367 0.33633 -0.6563853 -0.6753078 0.3363301 -0.6563853 -0.6753077 0.4002085 -0.781051 -0.4793667 0.4002087 -0.781051 -0.4793666 0.4407871 -0.8602442 -0.2562938 0.4407858 -0.8602445 -0.2562955 0.6625396 -0.7034571 -0.2572731 0.6278805 -0.7228887 -0.2884407 0.5754977 -0.6625794 -0.4793651 0.5754961 -0.6625797 -0.4793665 0.4836395 -0.5568236 -0.6753076 0.4836394 -0.5568236 -0.6753077 0.3632658 -0.4182351 -0.8325368 0.3632659 -0.418235 -0.8325367 0.8384579 -0.4800444 -0.2579645 0.7843505 -0.5528342 -0.2813696 0.7173378 -0.5056017 -0.4793677 0.7173402 -0.5056006 -0.4793654 0.6028433 -0.4249001 -0.6753072 0.6028427 -0.4249003 -0.6753076 0.4528002 -0.3191463 -0.8325369 0.4528006 -0.3191461 -0.8325368 0.5160194 -0.2015104 -0.8325368 0.5160198 -0.2015101 -0.8325365 0.6870108 -0.2682836 -0.6753073 0.6870099 -0.2682842 -0.6753081 0.8174923 -0.3192389 -0.4793674 0.8174925 -0.3192386 -0.479367 0.9003808 -0.3516073 -0.2562943 0.9003806 -0.3516075 -0.2562946 0.9612141 -0.1001203 -0.2569893 0.9514228 -0.1250029 -0.2813701 0.8701366 -0.1143231 -0.4793669 0.8701366 -0.114323 -0.4793668 0.7312517 -0.09607559 -0.6753076 0.7312514 -0.09607595 -0.675308 0.5492497 -0.07216352 -0.8325366 0.5492497 -0.0721634 -0.8325366 0.9485071 0.1839682 -0.257857 0.9516029 0.1060866 -0.2884398 0.8722115 0.09723591 -0.4793666 0.8722115 0.09723603 -0.4793664 0.732995 0.08171588 -0.6753079 0.7329949 0.08171576 -0.6753081 0.5505592 0.06137746 -0.8325366 0.5505594 0.06137788 -0.8325365 0.5198723 0.1913508 -0.8325368 0.5198724 0.1913514 -0.8325366 0.6921395 0.2547583 -0.6753082 0.6921396 0.2547585 -0.6753081 0.8235964 0.3031443 -0.4793668 0.8235964 0.3031445 -0.4793666 0.9071033 0.3338812 -0.2562945 0.9071034 0.3338814 -0.2562943 0.262241 0.4879678 -0.8325365 0.3491376 0.6496616 -0.6753095 0.4944663 0.5472299 -0.6753092 0.5883809 0.6511659 -0.4793652 0.7271168 0.4914365 -0.4793655 0.797584 0.5390632 -0.2706854 0.8538445 0.4520733 -0.2580298 0.07426708 0.9633647 -0.2577067 0.2405153 0.9361969 -0.2562963 0.2405142 0.9361975 -0.2562949 0.4575705 0.8514354 -0.256295 0.4575705 0.8514354 -0.2562949 0.5982417 0.7587457 -0.2577052 0.6412225 0.709644 -0.2919575 0.6853697 0.6811436 -0.2575107 0.7934219 0.5519104 -0.2566645 0 0 -1 0 0 -1 0 0 -1 0 0 -1 0 0 -1 0 0 -1 0 0 -1 0 0 -1 0 0 -1 0 0 -1 0 0 -1 0 0 -1 0 0 -1 0 0 -1 0 0 -1 0 0 -1 0 0 -1 0 0 -1 0 0 -1 0 0 -1 0 0 -1 0 0 -1 0 0 -1 0 0 -1 0 0 -1 0 0 -1 0 0 -1 0 0 -1 0 0 -1 0 0 -1 0 0 -1 0 0 -1 0 0 -1 0 0 -1 0 0 -1 0 0 -1 0 0 -1 0 0 -1 0 0 -1 0 0 -1 0 0 -1 0 0 -1 0 0 -1 0 0 -1 0 0 -1 0 0 -1 0 0 -1 0 0 -1 0 0 -1 0 0 -1 0 0 -1 0 0 -1 0 0 -1 0 0 -1 0 0 -1 0 0 -1 0 0 -1 0 0 -1 0 0 -1 0 0 -1 0 0 -1 0 0 -1 0 0 -1 0 0 -1 0.9374155 0.2346561 -0.2572718 0.9649426 -0.04837316 -0.2579646 0.8632479 -0.4344651 -0.2569885 0.6992303 -0.6667732 -0.2578577 0.3700984 -0.8928328 -0.2566647 -0.9374167 -0.2346536 -0.2572696 -0.964942 0.04837292 -0.2579669 -0.8632472 0.4344654 -0.2569906 -0.6992284 0.6667754 -0.257857 -0.3700984 0.8928329 -0.2566643 0.1735211 0.5260924 -0.8325366 -0.1735215 -0.5260922 -0.8325366 0.04257714 0.5523311 -0.8325368 0.04257756 0.5523307 -0.832537 -0.294382 -0.4692791 -0.8325361 -0.2943825 -0.4692779 -0.8325366 -0.3919299 -0.6247792 -0.6753088 0.2943824 0.4692782 -0.8325365 0.2943825 0.4692779 -0.8325366 0.3919304 0.6247799 -0.6753078 -0.3981336 -0.3851916 -0.8325365 -0.3981334 -0.3851928 -0.832536 -0.5300598 -0.5128312 -0.675308 -0.53006 -0.51283 -0.6753088 -0.6307338 -0.6102313 -0.4793667 0.3981332 0.3851908 -0.8325371 0.3981329 0.3851928 -0.8325363 0.5300597 0.5128316 -0.6753078 0.5300597 0.5128318 -0.6753076 0.6307327 0.6102327 -0.4793667 0.2310218 0.70042 -0.6753079 0.05668634 0.7353543 -0.6753078 0.05668663 0.7353541 -0.6753081 -0.4663679 -0.7434444 -0.4793657 -0.2748984 -0.8334498 -0.4793666 -0.2748979 -0.8334504 -0.4793659 -0.2310203 -0.7004201 -0.6753083 -0.04257762 -0.5523313 -0.8325366 -0.04257768 -0.5523312 -0.8325368 -0.05668646 -0.7353541 -0.6753082 -0.05668586 -0.7353546 -0.6753076 -0.06745201 -0.8750188 -0.4793664 -0.06745266 -0.8750185 -0.4793671 0.4663679 0.7434426 -0.4793685 0.2748991 0.8334487 -0.4793682 0.2748979 0.83345 -0.4793664 0.06745302 0.8750186 -0.4793668 0.06745183 0.8750194 -0.4793655 -0.2093875 0.9433161 -0.2575106 -0.156837 0.9434839 -0.2919595 -0.1439126 0.8657347 -0.4793668 -0.1439138 0.8657352 -0.4793656 -0.1209432 0.7275516 -0.6753083 -0.120944 0.7275521 -0.6753078 -0.09084224 0.5464711 -0.8325365 -0.09084069 0.5464704 -0.8325372 -0.474843 0.841394 -0.2580314 -0.3805368 0.8842627 -0.2706868 -0.346916 0.8061372 -0.4793666 -0.3469153 0.806137 -0.4793671 -0.2915433 0.6774675 -0.6753076 -0.2915425 0.6774673 -0.6753081 -0.2189805 0.5088524 -0.8325363 -0.2189798 0.5088523 -0.8325366 -0.3343947 0.4416602 -0.8325362 -0.3343932 0.4416602 -0.8325368 -0.4451994 0.588011 -0.6753078 -0.4451994 0.588011 -0.6753078 -0.5297552 0.6996906 -0.4793669 -0.5297566 0.6996904 -0.4793656 -0.5834696 0.7706333 -0.2562958 -0.5834704 0.7706331 -0.2562947 -0.7746279 0.5777217 -0.2572724 -0.7438687 0.6028774 -0.2884411 -0.6818082 0.5525798 -0.4793675 -0.6818104 0.552579 -0.4793654 -0.572984 0.4643797 -0.6753079 -0.5729845 0.4643796 -0.6753076 -0.4303742 0.3488 -0.8325363 -0.4303731 0.3488003 -0.8325366 -0.9090818 0.3271455 -0.2579652 -0.8684331 0.4082321 -0.2813724 -0.7942376 0.3733544 -0.4793673 -0.7942373 0.3733547 -0.4793679 -0.6674677 0.3137629 -0.675307 -0.6674668 0.3137634 -0.6753077 -0.50134 0.2356704 -0.8325369 -0.5013418 0.2356694 -0.8325361 -0.5431713 0.108844 -0.8325371 -0.5431716 0.1088438 -0.8325369 -0.7231607 0.1449109 -0.6753069 -0.7231604 0.1449113 -0.6753072 -0.8605076 0.1724338 -0.4793675 -0.8605092 0.172432 -0.4793654 -0.947758 0.1899152 -0.2562946 -0.9477573 0.1899165 -0.2562962 -0.9639971 -0.06831544 -0.2569876 -0.9586745 -0.04210638 -0.2813722 -0.8767694 -0.03850901 -0.4793668 -0.8767701 -0.03851038 -0.4793654 -0.7368261 -0.03236359 -0.6753073 -0.7368263 -0.03236383 -0.6753072 -0.5534351 -0.02430868 -0.8325375 -0.5534359 -0.02430981 -0.8325371 -0.9021507 -0.3458813 -0.2578572 -0.9187238 -0.2697203 -0.2884398 -0.842075 -0.2472176 -0.4793673 -0.8420752 -0.2472181 -0.479367 -0.7076699 -0.2077591 -0.675307 -0.7076697 -0.2077587 -0.6753072 -0.5315369 -0.1560494 -0.8325365 -0.531536 -0.1560468 -0.8325377 -0.4787462 -0.2787202 -0.8325365 -0.4787462 -0.2787203 -0.8325365 -0.6373862 -0.3710786 -0.675307 -0.637386 -0.3710769 -0.675308 -0.7584436 -0.4415548 -0.479367 -0.7584436 -0.4415551 -0.4793668 -0.8353443 -0.4863256 -0.2562952 -0.8353446 -0.4863246 -0.2562963 -0.1735215 -0.5260922 -0.8325366 -0.2310202 -0.7004203 -0.6753082 -0.3919296 -0.6247798 -0.6753084 -0.4663684 -0.7434435 -0.4793666 -0.6307339 -0.6102315 -0.4793667 -0.6918606 -0.6693713 -0.2706865 -0.7623655 -0.5934799 -0.258032 0.09415256 -0.9616253 -0.2577055 -0.0742914 -0.9637393 -0.256295 -0.07429188 -0.9637392 -0.2562956 -0.3027715 -0.9179553 -0.2562956 -0.3027711 -0.9179556 -0.256295 -0.4573948 -0.8511041 -0.257705 -0.5082508 -0.8102107 -0.2919584 -0.5566783 -0.7898087 -0.2575103 -0.6855302 -0.6813015 -0.2566642 0.2093876 -0.9433161 -0.2575106 0.1568379 -0.9434839 -0.2919588 0.1439135 -0.8657348 -0.4793666 0.1439133 -0.8657346 -0.4793668 0.1209428 -0.7275521 -0.6753078 0.1209431 -0.7275522 -0.6753077 0.09084153 -0.5464712 -0.8325366 0.09084129 -0.5464711 -0.8325366 0.4748407 -0.8413953 -0.2580314 0.380536 -0.8842631 -0.2706862 0.3469152 -0.8061374 -0.4793666 0.3469154 -0.8061375 -0.4793664 0.2915431 -0.677467 -0.6753081 0.2915434 -0.6774671 -0.675308 0.218981 -0.508852 -0.8325366 0.2189814 -0.508852 -0.8325363 0.3343936 -0.4416605 -0.8325364 0.3343935 -0.4416605 -0.8325365 0.445199 -0.5880103 -0.6753086 0.4452005 -0.5880103 -0.6753075 0.5297566 -0.6996899 -0.4793664 0.5297557 -0.6996899 -0.4793671 0.5834693 -0.7706336 -0.2562958 0.5834695 -0.7706335 -0.2562956 0.7746291 -0.5777209 -0.2572706 0.7438685 -0.6028777 -0.2884406 0.6818079 -0.5525799 -0.4793677 0.6818084 -0.5525798 -0.4793673 0.5729834 -0.4643812 -0.6753075 0.5729832 -0.4643812 -0.6753076 0.4303724 -0.3488006 -0.8325369 0.4303737 -0.3488003 -0.8325365 0.9090782 -0.3271555 -0.2579655 0.8684338 -0.4082324 -0.2813698 0.7942374 -0.3733543 -0.4793677 0.7942372 -0.3733545 -0.479368 0.667467 -0.3137624 -0.675308 0.667468 -0.3137618 -0.6753073 0.5013413 -0.2356693 -0.8325365 0.50134 -0.23567 -0.832537 0.5431728 -0.1088424 -0.8325363 0.5431714 -0.1088437 -0.832537 0.7231597 -0.1449108 -0.6753081 0.7231607 -0.1449097 -0.6753072 0.8605079 -0.1724319 -0.4793676 0.8605082 -0.1724317 -0.4793673 0.947758 -0.1899151 -0.2562948 0.9477584 -0.1899145 -0.256294 0.9639967 0.068313 -0.2569898 0.9586749 0.04210841 -0.2813703 0.8767693 0.03851079 -0.4793668 0.8767691 0.03851032 -0.4793673 0.7368248 0.03236353 -0.6753087 0.7368263 0.03236579 -0.675307 0.5534372 0.02431023 -0.8325361 0.5534358 0.02430796 -0.8325371 0.9021525 0.3458769 -0.2578564 0.9187248 0.2697184 -0.2884381 0.8420755 0.2472158 -0.4793676 0.8420757 0.2472165 -0.4793668 0.7076703 0.2077578 -0.6753069 0.7076693 0.2077547 -0.6753089 0.531537 0.1560465 -0.832537 0.531538 0.1560492 -0.8325359 0.4787456 0.2787199 -0.832537 0.4787456 0.2787195 -0.8325372 0.6373865 0.3710781 -0.675307 0.6373863 0.3710768 -0.6753078 0.7584435 0.4415544 -0.4793675 0.7584435 0.4415553 -0.4793668 0.8353444 0.4863259 -0.2562943 0.8353444 0.486326 -0.256294 0.1735213 0.526092 -0.8325369 0.2310207 0.7004216 -0.6753067 0.3919296 0.624782 -0.6753064 0.466367 0.7434441 -0.4793669 0.6307328 0.6102322 -0.4793671 0.6918601 0.6693727 -0.2706841 0.7623643 0.5934823 -0.2580298 -0.09415048 0.9616255 -0.2577055 0.07429033 0.9637395 -0.2562951 0.07429093 0.9637392 -0.2562958 0.3027714 0.9179552 -0.2562963 0.3027706 0.9179559 -0.256295 0.4573939 0.8511045 -0.257705 0.5082516 0.8102099 -0.2919595 0.5566787 0.7898079 -0.2575116 0.6855315 0.6812997 -0.2566658 0.0232138 0.999043 0.03706866 -0.3829262 0.923779 0 -0.319827 0.9465802 0.04119133 -0.2166955 0.9762392 0 -0.09744173 0.9952412 0 -0.4914864 0.8708853 0 -0.6036005 0.7972204 0.0103023 -0.6245207 0.7803973 0.03088527 -0.8932479 0.4495645 0 -0.8533769 0.519497 0.04325246 -0.8016111 0.5978459 0 -0.7237017 0.6901129 0 -0.9409283 0.3386058 0 -0.9802566 0.1964289 0.02264207 -0.9802568 0.1964275 0.02264332 -0.9700695 -0.2428272 0 -0.9876506 -0.1505836 0.04325169 -0.9974984 -0.07068955 0 -0.9987459 0.05006754 0 -0.9337265 -0.3579874 0 -0.8636188 -0.5027855 0.03700643 -0.8773401 -0.4797104 0.01234626 -0.7890868 -0.6142818 0 -0.709291 -0.7049158 0 -0.6598486 -0.7502687 0.04119151 -0.5761072 -0.8173741 0 -0.473384 -0.8808562 0 -0.3635076 -0.9308534 0.03706896 -0.313234 -0.949676 0 -0.07685863 -0.997042 0 -0.02321386 -0.999043 0.03706932 0.09744387 -0.9952411 0 0.2166956 -0.9762392 0 0.3198269 -0.9465801 0.04119139 0.6032183 -0.7967172 0.03700655 0.6247712 -0.7807103 0.01234602 0.491484 -0.8708866 0 0.3829262 -0.923779 0 0.8932482 -0.449564 0 0.8533775 -0.519496 0.04325217 0.801612 -0.5978448 0 0.7237038 -0.6901108 0 0.9409245 -0.3386163 0 0.980257 -0.1964266 0.02264404 0.9802569 -0.1964277 0.0226432 0.9700689 0.2428299 0 0.9876506 0.1505836 0.043253 0.9974985 0.07068705 0 0.9987457 -0.05006772 0 0.9337282 0.3579828 0 0.863618 0.5027866 0.03700774 0.87734 0.4797105 0.01234638 0.7890852 0.6142839 0 0.7092927 0.7049141 0 0.6598498 0.7502676 0.04119187 0.5761078 0.8173738 0 0.4733831 0.8808566 0 0.3635072 0.9308536 0.03706878 0.313234 0.949676 0 0.0768575 0.9970421 0 -0.9473839 -0.3200993 0 -0.9473839 -0.3200993 0 -0.1964787 -0.9805082 0 -0.1964787 -0.9805082 0 0.7509055 -0.6604098 0 0.7509055 -0.6604098 0 0.9473842 0.3200985 0 0.9473842 0.3200985 0 0.1964784 0.980508 0 0.1964784 0.980508 0 -0.7509055 0.6604096 0 -0.7509055 0.6604096 0 0 0 -1 0 0 -1 0 0 -1 0 0 -1 0 0 -1 0 0 -1 0 0 -1 0 0 -1 0 0 -1 0 0 -1 0 0 -1 0 0 -1 0 0 -1 0 0 -1 0 0 -1 0 0 -1 0 0 -1 0 0 -1 0 0 -1 0 0 -1 0 0 -1 0 0 -1 0 0 -1 0 0 -1 0 0 -1 0 0 -1 0 0 -1 0 0 -1 0 0 -1 0 0 -1 0 0 -1 0 0 -1 0 0 -1 0 0 -1 0 0 -1 0 0 -1 0.8824281 0.3938682 -0.2572712 0.9586818 0.1199279 -0.2579659 0.9255771 -0.2779636 -0.2569887 0.8043914 -0.535223 -0.2578585 0.5195128 -0.8150033 -0.2566635 -0.8824261 -0.3938722 -0.2572723 -0.9586824 -0.1199237 -0.2579658 -0.9255769 0.2779644 -0.2569884 -0.8043932 0.5352196 -0.2578598 -0.5195151 0.8150014 -0.2566644 0.07953065 0.5482317 -0.8325365 -0.07953047 -0.5482323 -0.8325361 -0.05398046 0.5513341 -0.8325363 -0.05398035 0.551334 -0.8325365 -0.2084206 -0.5132675 -0.8325366 -0.2084199 -0.5132687 -0.8325361 -0.2774822 -0.6833462 -0.6753086 0.2084199 0.5132678 -0.8325367 0.2084197 0.5132682 -0.8325365 0.2774824 0.6833466 -0.6753079 -0.3251968 -0.4484744 -0.8325368 -0.3251967 -0.4484748 -0.8325368 -0.4329554 -0.5970834 -0.6753081 -0.4329556 -0.5970829 -0.6753085 -0.5151866 -0.7104864 -0.4793663 0.3251971 0.4484742 -0.8325369 0.3251969 0.448475 -0.8325366 0.4329556 0.5970838 -0.6753075 0.4329559 0.5970833 -0.675308 0.5151866 0.7104864 -0.4793663 0.1058836 0.7298958 -0.6753079 -0.07186746 0.7340263 -0.6753076 -0.07186764 0.7340264 -0.6753076 -0.3301835 -0.8131342 -0.479366 -0.1259959 -0.8685232 -0.4793667 -0.1259949 -0.868524 -0.4793655 -0.1058844 -0.7298959 -0.6753077 0.05398136 -0.5513342 -0.8325363 0.05398041 -0.5513336 -0.8325367 0.07186764 -0.7340262 -0.6753078 0.07186782 -0.7340263 -0.6753078 0.08551752 -0.8734382 -0.4793666 0.08551627 -0.8734378 -0.4793677 0.330185 0.8131335 -0.479366 0.1259939 0.8685237 -0.4793661 0.125995 0.868523 -0.4793674 -0.08551728 0.8734377 -0.4793677 -0.08551812 0.8734381 -0.4793669 -0.3700119 0.892625 -0.2575107 -0.318289 0.9019156 -0.2919596 -0.2920601 0.8275923 -0.4793661 -0.2920594 0.8275922 -0.4793667 -0.2454429 0.6954976 -0.6753079 -0.2454437 0.6954978 -0.6753075 -0.1843549 0.5223944 -0.8325367 -0.184355 0.5223945 -0.8325366 -0.6137294 0.7461606 -0.2580321 -0.5283063 0.8047494 -0.2706861 -0.4816303 0.7336494 -0.4793649 -0.4816288 0.7336496 -0.4793663 -0.4047539 0.6165487 -0.6753088 -0.4047557 0.6165488 -0.6753077 -0.3040159 0.4630957 -0.8325363 -0.3040146 0.4630956 -0.8325369 -0.4060076 0.3768834 -0.8325363 -0.4060062 0.3768837 -0.8325369 -0.540542 0.5017693 -0.6753088 -0.5405446 0.5017687 -0.6753071 -0.6432095 0.5970689 -0.4793646 -0.6432079 0.5970693 -0.479366 -0.7084241 0.6576074 -0.2562965 -0.7084233 0.6576079 -0.2562974 -0.8631813 0.4344307 -0.2572705 -0.837256 0.4645474 -0.288441 -0.767405 0.4257909 -0.4793658 -0.7674048 0.425791 -0.479366 -0.6449163 0.3578288 -0.6753085 -0.6449184 0.3578279 -0.675307 -0.4844039 0.2687676 -0.8325365 -0.4844029 0.268768 -0.8325368 -0.9520768 0.1643272 -0.2579657 -0.9261289 0.2512295 -0.2813699 -0.8470043 0.2297655 -0.4793659 -0.8470044 0.2297653 -0.4793657 -0.7118104 0.1930915 -0.6753085 -0.7118101 0.1930918 -0.6753088 -0.5346469 0.145033 -0.8325371 -0.5346487 0.1450315 -0.8325362 -0.5538194 0.0128706 -0.8325372 -0.5538213 0.01286834 -0.8325362 -0.7373363 0.01713234 -0.6753087 -0.7373358 0.01713299 -0.6753091 -0.8773784 0.02038705 -0.4793658 -0.8773791 0.0203858 -0.4793645 -0.9663379 0.02245271 -0.2562949 -0.9663378 0.02245301 -0.2562952 -0.9374892 -0.2346704 -0.2569902 -0.9367986 -0.2079398 -0.2813708 -0.8567612 -0.190174 -0.4793685 -0.8567625 -0.1901782 -0.4793646 -0.7200124 -0.1598232 -0.6753063 -0.7200108 -0.1598193 -0.675309 -0.5408068 -0.1200417 -0.8325372 -0.5408077 -0.1200441 -0.8325362 -0.8283853 -0.4972797 -0.257858 -0.8579301 -0.425157 -0.2884393 -0.7863539 -0.3896866 -0.4793661 -0.7863537 -0.389684 -0.4793684 -0.660842 -0.3274856 -0.6753081 -0.6608424 -0.3274884 -0.6753064 -0.4963638 -0.245979 -0.8325366 -0.4963636 -0.2459779 -0.8325371 -0.4230738 -0.3576191 -0.8325365 -0.4230738 -0.3576182 -0.8325369 -0.5632658 -0.4761204 -0.6753081 -0.5632658 -0.4761204 -0.6753081 -0.6702461 -0.5665493 -0.4793663 -0.6702461 -0.5665495 -0.4793661 -0.7382039 -0.6239932 -0.2562959 -0.7382039 -0.623993 -0.256296 -0.07953107 -0.5482317 -0.8325363 -0.1058847 -0.7298956 -0.6753079 -0.2774815 -0.6833472 -0.6753078 -0.3301832 -0.8131345 -0.4793655 -0.5151862 -0.7104871 -0.4793655 -0.5651146 -0.7793427 -0.2706854 -0.6477213 -0.716852 -0.2580319 0.2597067 -0.9306669 -0.2577043 0.09418916 -0.9619988 -0.256294 0.09418708 -0.9619984 -0.2562965 -0.1387704 -0.9565851 -0.2562964 -0.138771 -0.9565847 -0.2562973 -0.3026539 -0.9175988 -0.2577074 -0.3598361 -0.886159 -0.2919594 -0.4110723 -0.8744759 -0.2575102 -0.5568091 -0.7899919 -0.256664 0.3700135 -0.8926247 -0.2575097 0.3182909 -0.9019153 -0.2919584 0.2920617 -0.8275918 -0.4793661 0.2920601 -0.8275914 -0.4793676 0.2454438 -0.6954981 -0.6753072 0.2454427 -0.6954978 -0.675308 0.184354 -0.5223941 -0.8325371 0.1843557 -0.5223945 -0.8325364 0.6137381 -0.7461543 -0.2580297 0.5283042 -0.8047509 -0.2706854 0.4816271 -0.7336492 -0.4793685 0.4816297 -0.733649 -0.4793663 0.4047554 -0.6165492 -0.6753075 0.4047557 -0.6165492 -0.6753073 0.3040155 -0.4630954 -0.8325366 0.3040143 -0.4630954 -0.8325371 0.4060078 -0.3768827 -0.8325365 0.4060062 -0.376883 -0.8325372 0.5405434 -0.5017697 -0.6753073 0.5405431 -0.5017697 -0.6753075 0.6432063 -0.5970688 -0.4793688 0.6432092 -0.597068 -0.4793662 0.708426 -0.6576064 -0.2562938 0.708424 -0.6576074 -0.2562965 0.8631809 -0.4344312 -0.257271 0.8372559 -0.4645473 -0.2884411 0.7674044 -0.4257906 -0.479367 0.7674052 -0.4257902 -0.4793664 0.6449168 -0.3578283 -0.6753082 0.6449181 -0.3578277 -0.6753074 0.4844041 -0.2687678 -0.8325363 0.4844014 -0.268769 -0.8325374 0.9520769 -0.1643265 -0.2579659 0.926129 -0.2512286 -0.2813703 0.8470041 -0.2297646 -0.4793666 0.8470035 -0.2297651 -0.4793673 0.711811 -0.1930917 -0.6753079 0.7118104 -0.1930921 -0.6753083 0.5346478 -0.1450334 -0.8325365 0.5346484 -0.1450329 -0.8325362 0.5538208 -0.01286882 -0.8325364 0.5538207 -0.012869 -0.8325365 0.7373368 -0.01713335 -0.675308 0.7373371 -0.01713299 -0.6753078 0.8773779 -0.02038699 -0.4793668 0.8773781 -0.02038669 -0.4793664 0.9663378 -0.02245372 -0.256295 0.9663377 -0.0224539 -0.2562952 0.9374888 0.234673 -0.2569891 0.9367983 0.2079416 -0.2813704 0.8567624 0.190176 -0.4793657 0.856762 0.1901751 -0.4793666 0.7200112 0.1598206 -0.6753082 0.7200117 0.1598214 -0.6753076 0.5408069 0.1200432 -0.8325368 0.5408072 0.1200441 -0.8325365 0.8283839 0.4972816 -0.2578586 0.8579301 0.425156 -0.2884412 0.7863544 0.389686 -0.4793657 0.7863546 0.3896859 -0.4793657 0.6608421 0.327487 -0.6753072 0.660842 0.3274853 -0.6753084 0.4963639 0.2459769 -0.8325372 0.4963641 0.2459782 -0.8325368 0.4230735 0.3576181 -0.8325372 0.4230734 0.3576186 -0.832537 0.5632657 0.4761214 -0.6753074 0.5632658 0.476121 -0.6753077 0.670246 0.56655 -0.4793655 0.6702461 0.5665495 -0.4793661 0.7382037 0.623993 -0.2562966 0.7382033 0.6239941 -0.2562953 0.07953035 0.548232 -0.8325362 0.1058838 0.7298956 -0.6753081 0.2774826 0.6833463 -0.6753082 0.3301848 0.8131338 -0.4793656 0.5151862 0.7104871 -0.4793655 0.5651146 0.7793427 -0.2706854 0.647726 0.716848 -0.258031 -0.2597065 0.9306664 -0.2577065 -0.09418725 0.9619984 -0.2562963 -0.09418904 0.9619988 -0.2562941 0.1387695 0.9565858 -0.2562941 0.1387701 0.9565854 -0.2562949 0.3026509 0.9176003 -0.2577052 0.3598377 0.8861581 -0.2919601 0.4110749 0.8744747 -0.2575103 0.5568091 0.7899919 -0.256664 -0.1506197 0.9878965 0.03706955 -0.5375218 0.8432499 0 -0.4793404 0.8766619 0.04119145 -0.3829259 0.923779 0 -0.2687852 0.9632001 0 -0.635241 0.772314 0 -0.7328649 0.6802962 0.0103026 -0.7505472 0.6600945 0.03088706 -0.9577432 0.2876245 0 -0.9306222 0.3634166 0.04325169 -0.8932485 0.4495632 0 -0.832548 0.5539529 0 -0.9854296 0.1700838 0 -0.9994739 0.02322292 0.02264428 -0.9994739 0.02322387 0.02264344 -0.9131641 -0.4075921 0 -0.9464974 -0.3197993 0.04325342 -0.9700699 -0.2428259 0 -0.9922666 -0.1241249 0 -0.8573794 -0.5146849 0 -0.76319 -0.6451135 0.03700757 -0.7807103 -0.6247711 0.01234674 -0.6704242 -0.741978 0 -0.5761083 -0.8173733 0 -0.5195416 -0.8534516 0.04119157 -0.4254193 -0.9049964 0 -0.313234 -0.949676 0 -0.1963443 -0.9798341 0.0370692 -0.1435657 -0.9896408 0 0.09744393 -0.995241 0 0.150621 -0.9878963 0.0370692 0.5375192 -0.8432515 0 0.4793394 -0.8766625 0.04119038 0.3829274 -0.9237785 0 0.2687852 -0.9632001 0 0.6352496 -0.772307 0 0.7328654 -0.6802957 0.0103017 0.7505477 -0.6600943 0.03088599 0.9577435 -0.2876237 0 0.9306222 -0.3634166 0.04325211 0.8932482 -0.4495638 0 0.8325458 -0.5539563 0 0.9854297 -0.1700831 0 0.9994738 -0.02322381 0.0226441 0.9994738 -0.02322387 0.0226441 0.9131659 0.407588 0 0.9464978 0.3197987 0.04325163 0.9700691 0.2428286 0 0.9922661 0.1241291 0 0.8573781 0.5146871 0 0.7631893 0.6451145 0.03700739 0.7807098 0.624772 0.01234626 0.670429 0.7419737 0 0.5761083 0.8173733 0 0.5195428 0.8534511 0.0411908 0.4254221 0.9049951 0 0.3132308 0.9496771 0 0.1963427 0.9798344 0.03706878 0.1435648 0.989641 0 -0.09744203 0.9952412 0 -0.8774065 -0.4797476 0 -0.8774065 -0.4797476 0 -0.02322971 -0.9997302 0 -0.02322971 -0.9997302 0 0.8541764 -0.5199834 0 0.8541764 -0.5199834 0 0.8774065 0.4797478 0 0.8774065 0.4797478 0 0.02323013 0.9997302 0 0.02323013 0.9997302 0 -0.8541767 0.5199828 0 -0.8541767 0.5199828 0 0 0 -1 0 0 -1 0 0 -1 0 0 -1 0 0 -1 0 0 -1 0 0 -1 0 0 -1 0 0 -1 0 0 -1 0 0 -1 0 0 -1 0 0 -1 0 0 -1 0 0 -1 0 0 -1 0 0 -1 0 0 -1 0 0 -1 0 0 -1 0 0 -1 0 0 -1 0 0 -1 0 0 -1 0 0 -1 0 0 -1 0 0 -1 0 0 -1 0 0 -1 0 0 -1 0 0 -1 0 0 -1 0 0 -1 0 0 -1 0 0 -1 0 0 -1 0.8006265 0.5411182 -0.2572711 0.9232925 0.2845779 -0.2579657 0.9597833 -0.1130155 -0.2569893 0.8851116 -0.3874112 -0.2578564 0.6531455 -0.7124075 -0.2566642 -0.8006263 -0.5411182 -0.2572716 -0.9232915 -0.2845807 -0.2579664 -0.9597832 0.1130158 -0.2569894 -0.8851117 0.3874105 -0.2578573 -0.6531459 0.7124072 -0.2566641 -0.01687812 0.5537127 -0.8325367 0.01687628 -0.5537127 -0.8325368 -0.1488988 0.5335846 -0.8325362 -0.148897 0.5335839 -0.8325371 -0.1161251 -0.5416623 -0.8325364 -0.1161255 -0.5416617 -0.8325367 -0.1546053 -0.7211488 -0.6753085 0.1161267 0.5416619 -0.8325365 0.1161269 0.5416616 -0.8325367 0.1546072 0.7211484 -0.6753087 -0.242379 -0.4981315 -0.8325367 -0.2423788 -0.498132 -0.8325365 -0.3226948 -0.6631959 -0.6753069 -0.322696 -0.6631937 -0.6753084 -0.3839851 -0.7891529 -0.4793674 0.2423791 0.4981315 -0.8325368 0.2423788 0.4981319 -0.8325365 0.3226944 0.6631948 -0.6753081 0.3226947 0.6631944 -0.6753084 0.3839839 0.7891547 -0.4793654 -0.0224685 0.7371926 -0.675309 -0.1982361 0.7103943 -0.6753091 -0.1982392 0.7103954 -0.675307 -0.1839672 -0.8581172 -0.4793652 0.02673542 -0.8772079 -0.4793657 0.02673602 -0.8772083 -0.4793651 0.0224685 -0.7371926 -0.675309 0.1488988 -0.5335846 -0.8325362 0.1488986 -0.5335845 -0.8325363 0.1982379 -0.7103939 -0.675309 0.1982389 -0.7103943 -0.6753084 0.2358903 -0.845319 -0.4793658 0.235889 -0.8453186 -0.4793669 0.1839701 0.8581146 -0.4793688 -0.02673596 0.8772061 -0.479369 -0.026739 0.8772077 -0.4793658 -0.2358903 0.8453191 -0.4793657 -0.235889 0.8453187 -0.4793669 -0.5193927 0.8148127 -0.2575103 -0.4700692 0.8329436 -0.2919588 -0.4313323 0.7643033 -0.4793673 -0.4313326 0.7643033 -0.4793669 -0.3624863 0.6423103 -0.6753082 -0.3624881 0.6423106 -0.675307 -0.2722681 0.4824454 -0.8325362 -0.2722658 0.4824451 -0.8325371 -0.733974 0.6282528 -0.2580322 -0.6600233 0.700784 -0.2706861 -0.6017094 0.6388688 -0.4793666 -0.6017089 0.638869 -0.4793671 -0.505669 0.5368979 -0.6753069 -0.505667 0.5368982 -0.6753082 -0.3798108 0.4032689 -0.832537 -0.3798129 0.4032686 -0.8325362 -0.4652835 0.3006551 -0.8325369 -0.4652845 0.3006547 -0.8325365 -0.6194637 0.4002813 -0.6753072 -0.6194627 0.4002816 -0.6753077 -0.7371161 0.4763063 -0.4793665 -0.7371155 0.4763066 -0.4793671 -0.8118537 0.5246006 -0.2562963 -0.8118545 0.5246 -0.2562952 -0.9255053 0.2779413 -0.2572714 -0.9052046 0.3121007 -0.2884404 -0.8296846 0.2860624 -0.4793662 -0.8296839 0.286063 -0.4793669 -0.6972554 0.2404035 -0.6753081 -0.6972559 0.2404033 -0.6753079 -0.5237151 0.1805691 -0.8325367 -0.5237154 0.1805688 -0.8325365 -0.9661477 -0.00349605 -0.2579659 -0.9556844 0.08659189 -0.2813704 -0.8740343 0.07919383 -0.4793666 -0.8740345 0.07919365 -0.4793664 -0.7345271 0.06655329 -0.6753078 -0.734527 0.06655341 -0.6753079 -0.5517099 0.04998886 -0.8325367 -0.5517099 0.0499888 -0.8325366 -0.5476415 -0.08349657 -0.8325365 -0.5476415 -0.08349657 -0.8325366 -0.7291102 -0.1111643 -0.6753079 -0.7291101 -0.1111643 -0.675308 -0.8675888 -0.1322776 -0.4793667 -0.8675888 -0.1322779 -0.4793664 -0.955556 -0.1456899 -0.2562951 -0.9555559 -0.1456894 -0.2562956 -0.8824962 -0.3938996 -0.2569895 -0.8864579 -0.3674552 -0.2813701 -0.8107223 -0.3360612 -0.4793666 -0.8107224 -0.3360615 -0.4793662 -0.6813204 -0.2824217 -0.6753077 -0.6813203 -0.2824208 -0.6753082 -0.5117462 -0.212129 -0.8325366 -0.5117462 -0.2121291 -0.8325365 -0.7294442 -0.6335787 -0.2578551 -0.7710691 -0.5676751 -0.2884399 -0.7067394 -0.5203144 -0.4793668 -0.7067393 -0.5203146 -0.4793666 -0.5939343 -0.4372655 -0.6753081 -0.5939343 -0.4372664 -0.6753075 -0.4461095 -0.3284348 -0.8325364 -0.4461095 -0.3284344 -0.8325366 -0.3545469 -0.4256523 -0.8325363 -0.3545472 -0.4256513 -0.8325367 -0.4720314 -0.5666969 -0.6753082 -0.4720309 -0.5666984 -0.675307 -0.5616823 -0.6743296 -0.4793668 -0.5616825 -0.6743292 -0.4793673 -0.6186338 -0.7427021 -0.2562926 -0.6186345 -0.7427008 -0.2562943 0.01687741 -0.5537135 -0.8325362 0.02246993 -0.7371935 -0.6753079 -0.1546048 -0.7211494 -0.675308 -0.1839686 -0.8581159 -0.479367 -0.3839848 -0.7891534 -0.4793669 -0.4211981 -0.865633 -0.2706871 -0.5134233 -0.8184235 -0.2580301 0.4173671 -0.8714317 -0.2577045 0.2598084 -0.9310279 -0.2562943 0.2598064 -0.9310278 -0.2562966 0.02944701 -0.9661496 -0.2562966 0.02944612 -0.9661493 -0.2562977 -0.138713 -0.9562141 -0.2577078 -0.2004884 -0.9351808 -0.2919611 -0.2529816 -0.9325718 -0.2575075 -0.4111667 -0.8746809 -0.2566615 0.5193931 -0.8148124 -0.2575103 0.4700694 -0.8329434 -0.291959 0.4313326 -0.7643033 -0.479367 0.4313325 -0.7643033 -0.4793671 0.3624862 -0.6423105 -0.6753082 0.362486 -0.6423104 -0.6753082 0.272267 -0.4824461 -0.8325361 0.2722663 -0.482446 -0.8325364 0.7339824 -0.6282436 -0.2580308 0.6600231 -0.7007841 -0.2706864 0.6017094 -0.6388691 -0.4793663 0.6017088 -0.6388692 -0.4793668 0.5056682 -0.5368973 -0.675308 0.5056681 -0.5368973 -0.6753081 0.3798121 -0.4032687 -0.8325365 0.379813 -0.4032686 -0.8325362 0.4652839 -0.3006556 -0.8325366 0.4652842 -0.3006554 -0.8325364 0.6194624 -0.4002816 -0.6753081 0.6194627 -0.4002814 -0.6753078 0.7371163 -0.4763063 -0.4793663 0.7371155 -0.4763067 -0.479367 0.8118539 -0.5246009 -0.2562952 0.8118547 -0.5246003 -0.256294 0.9255051 -0.2779421 -0.2572712 0.9052047 -0.3121009 -0.2884398 0.829684 -0.2860625 -0.4793669 0.8296842 -0.2860624 -0.4793668 0.697256 -0.2404031 -0.6753076 0.6972557 -0.2404034 -0.6753079 0.523715 -0.1805692 -0.8325368 0.5237156 -0.1805688 -0.8325365 0.9661477 0.003497123 -0.2579661 0.9556844 -0.08659142 -0.2813704 0.8740344 -0.07919341 -0.4793666 0.8740343 -0.07919347 -0.4793667 0.7345272 -0.06655317 -0.6753077 0.7345271 -0.06655329 -0.6753078 0.5517098 -0.04998874 -0.8325367 0.5517099 -0.04998862 -0.8325367 0.5476415 0.08349657 -0.8325366 0.5476415 0.08349663 -0.8325366 0.72911 0.1111644 -0.6753081 0.72911 0.1111643 -0.6753082 0.867589 0.1322776 -0.4793661 0.867589 0.1322777 -0.4793661 0.955556 0.1456897 -0.2562952 0.955556 0.1456896 -0.2562953 0.8824958 0.3939006 -0.256989 0.8864578 0.3674554 -0.2813702 0.8107221 0.3360614 -0.4793667 0.8107221 0.3360618 -0.4793664 0.6813204 0.282422 -0.6753076 0.6813203 0.2824212 -0.6753081 0.5117461 0.2121292 -0.8325365 0.511746 0.2121288 -0.8325367 0.7294489 0.633572 -0.2578583 0.771069 0.5676753 -0.2884397 0.7067394 0.5203146 -0.4793666 0.7067393 0.5203143 -0.4793667 0.5939342 0.4372652 -0.6753083 0.5939341 0.4372668 -0.6753073 0.4461094 0.3284352 -0.8325362 0.4461095 0.3284345 -0.8325366 0.3545469 0.4256525 -0.8325362 0.3545473 0.425651 -0.8325367 0.4720315 0.5666965 -0.6753084 0.4720313 0.566697 -0.6753081 0.5616834 0.6743288 -0.4793667 0.5616829 0.67433 -0.4793655 0.6186329 0.7427014 -0.2562963 0.6186322 0.7427026 -0.2562947 -0.01687884 0.5537133 -0.8325363 -0.0224719 0.7371949 -0.6753064 0.1546051 0.7211506 -0.6753067 0.1839687 0.8581159 -0.479367 0.3839849 0.7891532 -0.479367 0.4211983 0.865633 -0.2706874 0.5134236 0.8184233 -0.2580303 -0.4173705 0.8714294 -0.2577067 -0.2598065 0.9310277 -0.2562965 -0.2598065 0.9310278 -0.2562966 -0.02944701 0.9661495 -0.2562965 -0.02945011 0.9661504 -0.2562928 0.1387131 0.9562153 -0.2577031 0.2004923 0.9351807 -0.2919586 0.2529783 0.9325721 -0.2575097 0.4111682 0.8746797 -0.2566636 -0.3198788 0.946733 0.03706961 -0.6757841 0.7370995 0 -0.6242885 0.7801071 0.04119157 -0.5375202 0.8432508 0 -0.4319607 0.9018924 0 -0.7597002 0.6502735 0 -0.839864 0.5426991 0.01030272 -0.853769 0.519735 0.03088617 -0.9931386 0.1169435 0 -0.9795905 0.1962947 0.04325205 -0.9577438 0.2876229 0 -0.9160912 0.4009701 0 -0.9999935 -0.003618478 0 -0.9883225 -0.1506851 0.0226441 -0.9883224 -0.1506854 0.02264434 -0.8285148 -0.5599672 0 -0.8765859 -0.4792978 0.04325258 -0.9131656 -0.4075888 0 -0.955636 -0.2945501 0 -0.7549747 -0.6557539 0 -0.6395733 -0.7678389 0.03700548 -0.6603596 -0.7508481 0.01234489 -0.5314188 -0.8471093 0 -0.4254177 -0.9049971 0 -0.3634483 -0.9307034 0.04118949 -0.2618108 -0.9651192 0 -0.1435621 -0.9896413 0 -0.02321386 -0.999043 0.03706842 0.03046458 -0.9995359 0 0.2687861 -0.9631999 0 0.3198788 -0.9467331 0.0370683 0.6757838 -0.7371 0 0.6242885 -0.7801072 0.04119133 0.5375207 -0.8432506 0 0.431957 -0.9018942 0 0.7597086 -0.6502636 0 0.839864 -0.5426992 0.01030182 0.8537693 -0.5197347 0.03088575 0.9931387 -0.1169432 0 0.9795905 -0.1962949 0.0432524 0.9577435 -0.2876238 0 0.9160909 -0.4009708 0 0.9999935 0.003619611 0 0.9883224 0.1506854 0.0226438 0.9883223 0.1506856 0.02264398 0.8285149 0.5599671 0 0.8765856 0.4792984 0.04325217 0.9131652 0.4075899 0 0.955637 0.2945472 0 0.7549802 0.6557476 0 0.6395709 0.7678408 0.0370084 0.6603597 0.7508479 0.01234489 0.5314191 0.8471091 0 0.4254193 0.9049963 0 0.3634483 0.9307034 0.04119074 0.2618075 0.9651201 0 0.1435621 0.9896413 0 0.02321386 0.999043 0.03706836 -0.03046458 0.9995359 0 -0.2687844 0.9632004 0 -0.7807699 -0.6248187 0 -0.7807699 -0.6248187 0 0.1507247 -0.9885758 0 0.1507247 -0.9885758 0 0.9314939 -0.3637568 0 0.9314939 -0.3637568 0 0.7807698 0.6248188 0 0.7807698 0.6248188 0 -0.1507247 0.9885758 0 -0.1507247 0.9885758 0 -0.9314941 0.3637567 0 -0.9314941 0.3637567 0 0 0 -1 0 0 -1 0 0 -1 0 0 -1 0 0 -1 0 0 -1 0 0 -1 0 0 -1 0 0 -1 0 0 -1 0 0 -1 0 0 -1 0 0 -1 0 0 -1 0 0 -1 0 0 -1 0 0 -1 0 0 -1 0 0 -1 0 0 -1 0 0 -1 0 0 -1 0 0 -1 0 0 -1 0 0 -1 0 0 -1 0 0 -1 0 0 -1 0 0 -1 0 0 -1 0 0 -1 0 0 -1 0 0 -1 0 0 -1 0 0 -1 0 0 -1 0.6944997 0.6719239 -0.2572714 0.8598479 0.4405848 -0.2579665 0.9648264 0.05536609 -0.2569915 0.9389376 -0.2278262 -0.2578595 0.7669302 -0.5881679 -0.2566646 -0.6944992 -0.6719241 -0.2572717 -0.8598474 -0.4405846 -0.2579683 -0.9648271 -0.05536377 -0.2569893 -0.9389374 0.2278268 -0.257859 -0.7669299 0.588168 -0.2566646 -0.1127717 0.5423703 -0.8325365 0.1127713 -0.5423701 -0.8325367 -0.2392917 0.4996218 -0.8325368 -0.2392933 0.499622 -0.8325361 -0.02030235 -0.553598 -0.8325365 -0.02030253 -0.5535979 -0.8325366 -0.02703011 -0.7370406 -0.6753078 0.02030283 0.5535979 -0.8325366 0.02030259 0.5535982 -0.8325365 0.02703011 0.7370406 -0.6753078 -0.1521978 -0.5326527 -0.8325364 -0.1521979 -0.5326526 -0.8325365 -0.2026307 -0.709154 -0.6753083 -0.2026302 -0.7091546 -0.6753078 -0.2411153 -0.8438428 -0.4793669 0.1521973 0.5326526 -0.8325366 0.1521972 0.5326527 -0.8325365 0.2026299 0.7091549 -0.6753076 0.2026306 0.7091542 -0.6753082 0.2411158 0.8438427 -0.4793669 -0.1501411 0.7220926 -0.6753074 -0.3185865 0.6651789 -0.675307 -0.3185849 0.6651787 -0.6753082 -0.03216475 -0.8770253 -0.4793664 0.1786569 -0.8592382 -0.4793657 0.1786561 -0.859238 -0.4793664 0.1501402 -0.7220922 -0.6753079 0.2392927 -0.499622 -0.8325365 0.2392929 -0.499622 -0.8325363 0.3185858 -0.6651782 -0.675308 0.3185855 -0.6651782 -0.6753082 0.3790943 -0.7915152 -0.4793655 0.3790931 -0.7915151 -0.4793665 0.03216481 0.8770253 -0.4793666 -0.1786571 0.859238 -0.4793659 -0.1786559 0.8592376 -0.479367 -0.3790931 0.7915147 -0.4793673 -0.3790943 0.7915148 -0.4793662 -0.6529935 0.7122413 -0.2575109 -0.6075677 0.7386618 -0.2919595 -0.5575008 0.6777921 -0.4793648 -0.5574996 0.6777924 -0.479366 -0.468515 0.5696075 -0.675308 -0.4685146 0.5696075 -0.6753083 -0.3519056 0.4278374 -0.8325369 -0.3519079 0.4278372 -0.832536 -0.8319293 0.4912369 -0.2580313 -0.7716851 0.575526 -0.2706879 -0.7035058 0.5246776 -0.4793674 -0.7035088 0.5246763 -0.4793644 -0.5912196 0.440931 -0.6753069 -0.5912178 0.4409314 -0.675308 -0.4440691 0.3311876 -0.8325368 -0.4440685 0.3311878 -0.832537 -0.5104231 0.2152926 -0.8325366 -0.510425 0.2152915 -0.8325358 -0.6795613 0.2866312 -0.6753067 -0.6795579 0.2866333 -0.6753092 -0.8086259 0.3410733 -0.4793674 -0.8086274 0.3410722 -0.4793657 -0.8906157 0.3756542 -0.2562955 -0.8906152 0.3756549 -0.2562965 -0.9597092 0.1130038 -0.2572712 -0.9456477 0.1501718 -0.2884422 -0.8667542 0.1376433 -0.4793656 -0.8667542 0.1376433 -0.4793657 -0.7284076 0.1156735 -0.6753089 -0.7284071 0.115674 -0.6753093 -0.5471154 0.08688408 -0.8325359 -0.5471155 0.08688402 -0.8325358 -0.9508615 -0.17122 -0.2579655 -0.9562014 -0.08067619 -0.2813719 -0.874508 -0.07378357 -0.4793661 -0.8745083 -0.07378441 -0.4793652 -0.7349244 -0.06200736 -0.6753082 -0.734924 -0.06200653 -0.6753088 -0.5520088 -0.04657375 -0.8325366 -0.5520098 -0.0465756 -0.8325358 -0.5248224 -0.1773245 -0.8325368 -0.5248227 -0.1773253 -0.8325364 -0.6987296 -0.2360843 -0.6753082 -0.6987293 -0.2360833 -0.6753088 -0.8314388 -0.2809227 -0.4793662 -0.8314391 -0.2809243 -0.4793647 -0.9157401 -0.3094077 -0.2562947 -0.9157401 -0.3094051 -0.2562977 -0.8006885 -0.5411602 -0.2569896 -0.8091826 -0.5158037 -0.2813718 -0.7400496 -0.4717357 -0.4793664 -0.7400495 -0.4717373 -0.4793648 -0.6219263 -0.3964409 -0.675309 -0.6219264 -0.3964415 -0.6753087 -0.4671352 -0.2977712 -0.8325365 -0.4671352 -0.2977715 -0.8325365 -0.6083462 -0.750616 -0.2578572 -0.6607794 -0.6929451 -0.2884399 -0.6056508 -0.6351329 -0.4793677 -0.6056503 -0.6351343 -0.4793663 -0.5089801 -0.5337581 -0.6753085 -0.5089802 -0.5337573 -0.6753091 -0.3823007 -0.400911 -0.8325362 -0.3823008 -0.4009104 -0.8325365 -0.2752474 -0.4807519 -0.8325362 -0.2752476 -0.4807515 -0.8325363 -0.3664543 -0.6400544 -0.6753085 -0.3664541 -0.6400549 -0.6753082 -0.4360539 -0.7616191 -0.4793677 -0.4360536 -0.7616196 -0.4793671 -0.4802665 -0.8388427 -0.2562948 -0.4802668 -0.8388424 -0.2562953 0.1127716 -0.5423703 -0.8325365 0.15014 -0.722092 -0.6753081 -0.02703046 -0.7370404 -0.675308 -0.03216433 -0.8770255 -0.479366 -0.2411146 -0.8438437 -0.479366 -0.2644819 -0.9256235 -0.2706854 -0.3634865 -0.8951523 -0.258031 0.5623521 -0.785715 -0.2577053 0.4175311 -0.8717685 -0.2562953 0.4175302 -0.8717687 -0.2562964 0.1967704 -0.9463582 -0.2562963 0.1967713 -0.9463582 -0.2562952 0.02943658 -0.965775 -0.2577053 -0.03505337 -0.9557882 -0.291959 -0.08719277 -0.9623332 -0.2575116 -0.2530364 -0.932789 -0.2566656 0.652993 -0.7122417 -0.2575109 0.6075685 -0.7386615 -0.2919585 0.5575009 -0.6777909 -0.4793664 0.5575006 -0.677791 -0.4793668 0.4685166 -0.5696072 -0.6753072 0.468515 -0.5696073 -0.6753083 0.3519059 -0.4278373 -0.8325368 0.3519074 -0.4278372 -0.8325362 0.8319286 -0.4912389 -0.2580295 0.7716847 -0.5755273 -0.2706862 0.7035053 -0.5246787 -0.4793667 0.7035056 -0.5246786 -0.4793664 0.5912164 -0.4409325 -0.6753087 0.591219 -0.4409316 -0.6753069 0.4440696 -0.3311874 -0.8325365 0.4440688 -0.3311877 -0.8325368 0.5104233 -0.2152927 -0.8325365 0.5104236 -0.2152926 -0.8325364 0.6795588 -0.2866325 -0.6753086 0.6795596 -0.286632 -0.675308 0.808627 -0.3410714 -0.4793669 0.8086283 -0.3410705 -0.4793655 0.8906171 -0.3756524 -0.2562935 0.890615 -0.3756549 -0.2562974 0.9597082 -0.1130066 -0.2572737 0.9456477 -0.1501718 -0.2884424 0.8667544 -0.1376433 -0.4793652 0.8667542 -0.1376435 -0.4793655 0.7284076 -0.1156736 -0.6753088 0.7284088 -0.1156724 -0.6753078 0.5471155 -0.08688277 -0.8325359 0.5471143 -0.08688402 -0.8325366 0.9508624 0.1712111 -0.2579679 0.9562014 0.08067631 -0.2813718 0.874508 0.07378369 -0.479366 0.8745082 0.07378435 -0.4793654 0.7349257 0.06200742 -0.6753069 0.734924 0.06200456 -0.675309 0.5520079 0.04657214 -0.8325373 0.5520098 0.04657542 -0.8325358 0.5248215 0.1773245 -0.8325374 0.5248216 0.1773249 -0.8325371 0.6987306 0.2360846 -0.6753069 0.6987304 0.2360838 -0.6753076 0.831439 0.2809228 -0.4793659 0.8314388 0.2809224 -0.4793663 0.9157401 0.3094056 -0.2562974 0.91574 0.309407 -0.2562958 0.8006883 0.5411605 -0.2569893 0.8091822 0.5158051 -0.2813705 0.7400487 0.4717367 -0.4793667 0.7400487 0.4717372 -0.4793661 0.6219265 0.3964413 -0.6753086 0.6219265 0.3964432 -0.6753074 0.4671344 0.2977719 -0.8325367 0.4671344 0.2977709 -0.8325371 0.6083462 0.750616 -0.2578576 0.6607791 0.6929453 -0.2884402 0.6056507 0.6351332 -0.4793674 0.6056504 0.635134 -0.4793667 0.5089805 0.5337581 -0.6753082 0.5089805 0.5337576 -0.6753084 0.382301 0.4009113 -0.832536 0.3823013 0.4009096 -0.8325366 0.275247 0.4807523 -0.8325361 0.2752477 0.4807508 -0.8325367 0.3664548 0.6400544 -0.6753082 0.3664542 0.6400558 -0.6753073 0.4360536 0.7616195 -0.4793672 0.4360536 0.7616196 -0.4793671 0.4802664 0.8388426 -0.2562953 0.4802663 0.8388426 -0.2562953 -0.1127712 0.5423701 -0.8325366 -0.1501395 0.7220919 -0.6753085 0.02703082 0.7370401 -0.6753083 0.03216475 0.8770253 -0.4793664 0.241115 0.8438435 -0.4793659 0.2644823 0.9256233 -0.2706853 0.3634865 0.8951523 -0.258031 -0.5623495 0.7857171 -0.2577049 -0.4175316 0.8717685 -0.2562948 -0.4175316 0.8717685 -0.2562949 -0.1967703 0.9463584 -0.2562953 -0.1967704 0.9463584 -0.2562952 -0.02943754 0.9657751 -0.2577048 0.03505343 0.9557883 -0.2919591 0.0871948 0.9623333 -0.2575105 0.253036 0.9327894 -0.2566645 -0.4794173 0.8768038 0.03706884 -0.7935122 0.6085543 0 -0.7502679 0.6598495 0.0411908 -0.675784 0.7370997 0 -0.5820077 0.8131834 0 -0.8610886 0.5084549 0 -0.9213424 0.3886154 0.01030087 -0.9310494 0.3635835 0.03088605 -0.9983577 -0.05728781 0 -0.9987946 0.02320808 0.04325091 -0.993139 0.1169401 0 -0.9718014 0.235801 0 -0.9841716 -0.1772181 0 -0.9471419 -0.320015 0.02264273 -0.9471411 -0.3200168 0.02264434 -0.7186911 -0.6953296 0 -0.7800392 -0.6242341 0.04325205 -0.8285148 -0.5599672 0 -0.8899698 -0.4560193 0 -0.6296387 -0.7768881 0 -0.4965223 -0.8672347 0.03700697 -0.5199434 -0.8541116 0.01234626 -0.3762269 -0.9265276 0 -0.2618069 -0.9651203 0 -0.1963117 -0.979676 0.04119181 -0.090236 -0.9959204 0 0.0304656 -0.9995358 0 0.1506204 -0.9878964 0.03706908 0.20357 -0.9790604 0 0.4319593 -0.9018931 0 0.4794179 -0.8768035 0.03706955 0.7935125 -0.6085541 0 0.7502679 -0.6598495 0.04119104 0.6757835 -0.7371001 0 0.5820104 -0.8131815 0 0.8610876 -0.5084568 0 0.9213424 -0.3886156 0.01030099 0.9310494 -0.3635835 0.03088635 0.9983576 0.05729031 0 0.9987946 -0.02320808 0.04325222 0.9931386 -0.1169431 0 0.9718015 -0.2358003 0 0.9841733 0.177209 0 0.9471413 0.3200167 0.02264446 0.9471413 0.3200166 0.0226444 0.7186914 0.6953293 0 0.7800392 0.6242341 0.04325187 0.8285146 0.5599675 0 0.8899698 0.4560193 0 0.6296387 0.7768881 0 0.496522 0.867235 0.03700703 0.5199431 0.8541117 0.0123462 0.3762269 0.9265276 0 0.2618064 0.9651204 0 0.1963123 0.9796759 0.0411911 0.09023803 0.9959203 0 -0.03046655 0.9995358 0 -0.1506204 0.9878964 0.03706896 -0.2035699 0.9790604 0 -0.4319596 0.901893 0 -0.6604094 -0.7509058 0 -0.6604094 -0.7509058 0 0.3200986 -0.9473843 0 0.3200986 -0.9473843 0 0.980508 -0.1964784 0 0.980508 -0.1964784 0 0.6604093 0.7509059 0 0.6604093 0.7509059 0 -0.3200984 0.9473843 0 -0.3200984 0.9473843 0 -0.980508 0.1964784 0 -0.980508 0.1964784 0 0 0 -1 0 0 -1 0 0 -1 0 0 -1 0 0 -1 0 0 -1 0 0 -1 0 0 -1 0 0 -1 0 0 -1 0 0 -1 0 0 -1 0 0 -1 0 0 -1 0 0 -1 0 0 -1 0 0 -1 0 0 -1 0 0 -1 0 0 -1 0 0 -1 0 0 -1 0 0 -1 0 0 -1 0 0 -1 0 0 -1 0 0 -1 0 0 -1 0 0 -1 0 0 -1 0 0 -1 0 0 -1 0 0 -1 0 0 -1 0 0 -1 0 0 -1 0.567272 0.7823135 -0.2572704 0.7702804 0.5831999 -0.2579649 0.9405556 0.2220641 -0.2569881 0.9642351 -0.06132012 -0.2578575 0.8574136 -0.4460555 -0.2566639 -0.5672705 -0.7823147 -0.2572701 -0.7702803 -0.5831998 -0.2579658 -0.9405551 -0.2220652 -0.2569889 -0.9642351 0.06132012 -0.2578575 -0.8574132 0.4460564 -0.2566639 -0.2052416 0.5145475 -0.8325364 0.2052401 -0.5145479 -0.8325365 -0.3224144 0.4504789 -0.8325369 -0.3224155 0.4504789 -0.8325365 0.07613646 -0.5487129 -0.8325368 0.07613706 -0.5487132 -0.8325365 0.1013661 -0.7305366 -0.6753081 -0.07613652 0.5487135 -0.8325363 -0.07613635 0.5487134 -0.8325365 -0.1013651 0.7305368 -0.6753082 -0.05739092 -0.5509891 -0.8325367 -0.05739104 -0.550989 -0.8325367 -0.07640838 -0.7335671 -0.6753083 -0.07640826 -0.7335671 -0.6753081 -0.09092038 -0.8728926 -0.4793662 0.05739098 0.5509895 -0.8325363 0.05739092 0.5509896 -0.8325363 0.07640808 0.7335665 -0.6753088 0.07640731 0.7335672 -0.6753082 0.09091925 0.8728933 -0.4793652 -0.2732475 0.68505 -0.675309 -0.4292516 0.5997503 -0.6753093 -0.4292535 0.5997503 -0.6753081 0.1206191 -0.8692865 -0.4793662 0.3251472 -0.8151612 -0.4793656 0.3251462 -0.8151612 -0.4793666 0.2732484 -0.6850501 -0.6753086 0.3224153 -0.4504789 -0.8325366 0.3224166 -0.4504789 -0.8325361 0.429253 -0.5997503 -0.6753085 0.4292515 -0.5997503 -0.6753093 0.5107797 -0.7136616 -0.4793655 0.5107787 -0.7136617 -0.4793666 -0.1206163 0.8692856 -0.4793686 -0.325145 0.8151604 -0.4793686 -0.325149 0.8151609 -0.4793648 -0.5107816 0.7136607 -0.4793647 -0.5107787 0.7136611 -0.4793673 -0.7667527 0.5880296 -0.2575101 -0.726605 0.6219367 -0.2919587 -0.666728 0.570685 -0.4793666 -0.6667274 0.5706853 -0.4793671 -0.5603089 0.4795963 -0.6753084 -0.5603095 0.4795961 -0.675308 -0.420854 0.3602294 -0.8325363 -0.4208533 0.3602296 -0.8325366 -0.9045926 0.3393123 -0.2580298 -0.8599007 0.4327812 -0.2706865 -0.7839278 0.3945446 -0.479366 -0.7839272 0.3945451 -0.4793668 -0.6588017 0.3315703 -0.6753085 -0.6588019 0.3315702 -0.6753083 -0.4948328 0.2490458 -0.8325363 -0.4948329 0.2490457 -0.8325362 -0.5400544 0.1233872 -0.8325364 -0.5400544 0.1233872 -0.8325363 -0.7190082 0.1642731 -0.6753085 -0.7190086 0.1642728 -0.6753082 -0.8555691 0.1954729 -0.479366 -0.8555694 0.1954727 -0.4793657 -0.9423177 0.2152921 -0.2562938 -0.9423171 0.2152934 -0.2562955 -0.9647523 -0.05536139 -0.2572709 -0.9573589 -0.01631879 -0.28844 -0.877487 -0.0149573 -0.4793672 -0.8774877 -0.01495862 -0.4793658 -0.737429 -0.01257103 -0.6753076 -0.7374285 -0.01257026 -0.6753082 -0.5538893 -0.009441673 -0.8325368 -0.5538901 -0.009442806 -0.8325362 -0.9066872 -0.3337239 -0.2579663 -0.9276658 -0.2454935 -0.2813696 -0.8484091 -0.2245194 -0.4793672 -0.8484092 -0.2245194 -0.4793672 -0.7129916 -0.1886831 -0.6753087 -0.7129923 -0.1886848 -0.6753075 -0.5355347 -0.1417228 -0.8325367 -0.5355346 -0.1417226 -0.8325367 -0.4860579 -0.2657638 -0.8325366 -0.4860581 -0.2657654 -0.8325361 -0.6471188 -0.3538298 -0.6753087 -0.6471188 -0.3538299 -0.6753086 -0.7700253 -0.4210324 -0.4793671 -0.7700253 -0.4210336 -0.4793661 -0.8481 -0.4637231 -0.2562958 -0.8480998 -0.4637235 -0.2562953 -0.6945519 -0.6719783 -0.256988 -0.7073204 -0.6484817 -0.2813706 -0.6468896 -0.5930779 -0.4793667 -0.6468894 -0.5930785 -0.4793661 -0.5436373 -0.4984154 -0.6753078 -0.5436375 -0.4984143 -0.6753085 -0.4083315 -0.3743638 -0.8325365 -0.4083313 -0.3743651 -0.8325361 -0.4687606 -0.844851 -0.2578573 -0.5304111 -0.7971616 -0.2884398 -0.4861596 -0.7306554 -0.4793657 -0.48616 -0.7306544 -0.4793668 -0.4085626 -0.6140324 -0.675308 -0.4085624 -0.6140326 -0.6753079 -0.3068749 -0.4612053 -0.8325368 -0.3068747 -0.4612058 -0.8325366 -0.1875837 -0.5212438 -0.8325366 -0.1875838 -0.5212436 -0.8325368 -0.2497424 -0.6939653 -0.6753081 -0.2497424 -0.6939651 -0.6753081 -0.2971758 -0.8257691 -0.4793662 -0.2971757 -0.8257692 -0.4793662 -0.3273072 -0.909496 -0.256295 -0.3273075 -0.9094957 -0.2562955 0.20524 -0.5145479 -0.8325365 0.2732491 -0.6850503 -0.6753081 0.1013661 -0.7305367 -0.6753081 0.1206184 -0.8692862 -0.479367 -0.09092062 -0.8728925 -0.4793665 -0.0997321 -0.9574877 -0.2706856 -0.2025241 -0.9446713 -0.2580312 0.690246 -0.6761279 -0.2577043 0.5625685 -0.7860217 -0.2562941 0.562568 -0.7860218 -0.2562947 0.3581151 -0.8978121 -0.2562945 0.3581146 -0.8978122 -0.256295 0.196694 -0.9459911 -0.2577057 0.1314516 -0.9473546 -0.2919586 0.08123821 -0.9628547 -0.2575094 -0.08721393 -0.9625579 -0.2566632 0.7667527 -0.5880296 -0.2575101 0.7266056 -0.6219363 -0.2919582 0.666729 -0.570685 -0.4793651 0.6667277 -0.5706856 -0.4793665 0.5603095 -0.479597 -0.6753074 0.560306 -0.4795979 -0.6753096 0.4208508 -0.3602302 -0.8325375 0.4208549 -0.3602291 -0.8325359 0.9045838 -0.3393341 -0.2580319 0.859901 -0.4327813 -0.2706855 0.7839278 -0.3945446 -0.479366 0.7839288 -0.394544 -0.4793649 0.6588028 -0.3315692 -0.6753079 0.6588037 -0.3315688 -0.6753073 0.4948335 -0.2490443 -0.8325363 0.49483 -0.2490461 -0.8325379 0.5400549 -0.1233857 -0.8325363 0.5400535 -0.123387 -0.8325371 0.7190088 -0.1642732 -0.6753078 0.7190099 -0.1642723 -0.6753069 0.8555693 -0.195472 -0.479366 0.8555682 -0.1954733 -0.4793676 0.9423169 -0.2152929 -0.2562962 0.9423172 -0.2152925 -0.2562955 0.9647523 0.05536419 -0.2572699 0.9573587 0.01631975 -0.2884404 0.877487 0.0149582 -0.4793672 0.8774867 0.01495766 -0.4793677 0.7374285 0.0125702 -0.6753083 0.7374299 0.01257222 -0.6753067 0.5538892 0.009443104 -0.8325369 0.553889 0.009442746 -0.832537 0.9066857 0.333729 -0.2579652 0.9276658 0.2454935 -0.28137 0.8484098 0.2245196 -0.4793661 0.8484095 0.2245185 -0.479367 0.712993 0.1886826 -0.6753072 0.7129924 0.188681 -0.6753083 0.5355344 0.1417198 -0.8325373 0.5355349 0.1417211 -0.8325368 0.4860568 0.2657632 -0.8325375 0.4860572 0.2657664 -0.8325363 0.647119 0.3538318 -0.6753073 0.6471188 0.3538299 -0.6753086 0.770026 0.4210327 -0.4793658 0.7700259 0.4210325 -0.479366 0.8481008 0.463722 -0.2562947 0.8481007 0.4637225 -0.2562942 0.6945519 0.6719783 -0.2569879 0.7073201 0.6484823 -0.2813699 0.6468895 0.5930786 -0.4793661 0.6468894 0.5930785 -0.4793661 0.5436366 0.4984147 -0.6753088 0.5436366 0.4984154 -0.6753084 0.4083313 0.3743651 -0.8325361 0.4083313 0.3743644 -0.8325363 0.4687562 0.8448536 -0.2578562 0.5304116 0.7971608 -0.288441 0.4861596 0.7306542 -0.4793676 0.4861587 0.7306559 -0.4793658 0.4085612 0.6140332 -0.6753081 0.4085614 0.6140325 -0.6753086 0.306875 0.4612066 -0.8325361 0.3068751 0.4612064 -0.8325361 0.1875835 0.521245 -0.832536 0.1875844 0.5212437 -0.8325365 0.249743 0.693965 -0.6753081 0.2497435 0.6939643 -0.6753087 0.297177 0.8257678 -0.4793679 0.2971751 0.8257699 -0.4793653 0.3273063 0.9094964 -0.2562942 0.3273079 0.9094952 -0.2562966 -0.2052403 0.5145472 -0.8325369 -0.2732499 0.6850506 -0.6753075 -0.1013662 0.7305373 -0.6753075 -0.1206184 0.8692864 -0.4793667 0.09092062 0.8728923 -0.4793667 0.09973204 0.9574871 -0.2706879 0.202532 0.9446693 -0.2580324 -0.6902458 0.6761277 -0.2577051 -0.5625694 0.7860207 -0.2562949 -0.562568 0.7860212 -0.2562966 -0.3581132 0.8978123 -0.2562966 -0.3581167 0.8978121 -0.2562926 -0.1966974 0.9459912 -0.2577028 -0.1314486 0.9473549 -0.2919589 -0.08123487 0.9628551 -0.2575095 0.08721184 0.9625581 -0.2566633 -0.6243897 0.7802329 0.03706914 -0.8871315 0.4615167 0 -0.8534513 0.5195422 0.0411908 -0.7935135 0.6085526 0 -0.7143749 0.6997632 0 -0.9362985 0.3512052 0 -0.9748278 0.2227211 0.01030111 -0.9800404 0.1963841 0.03088617 -0.9732419 -0.2297825 0 -0.9876508 -0.1505829 0.04325228 -0.9983576 -0.05728983 0 -0.9979839 0.06346637 0 -0.9384501 -0.3454149 0 -0.8771815 -0.4796248 0.02264481 -0.877182 -0.4796237 0.02264392 -0.5870302 -0.809565 0 -0.659791 -0.7502035 0.04325157 -0.7186894 -0.6953312 0 -0.7972644 -0.6036303 0 -0.4851675 -0.8744212 0 -0.3383859 -0.9402795 0.03700667 -0.3637295 -0.9314228 0.01234632 -0.2096226 -0.9777824 0 -0.09023678 -0.9959204 0 -0.0232101 -0.9988816 0.0411911 0.08407354 -0.9964596 0 0.20357 -0.9790604 0 0.3198789 -0.9467329 0.03706926 0.3704898 -0.9288365 0 0.5820083 -0.8131829 0 0.6243889 -0.7802336 0.03706943 0.8871319 -0.4615159 0 0.8534516 -0.5195416 0.04119104 0.7935135 -0.6085526 0 0.7143749 -0.6997632 0 0.93629 -0.3512279 0 0.974828 -0.2227202 0.01030313 0.9800402 -0.1963855 0.03088647 0.9732423 0.2297814 0 0.9876506 0.1505836 0.04325127 0.9983574 0.05729269 0 0.9979839 -0.06346637 0 0.9384481 0.3454201 0 0.8771821 0.4796236 0.02264374 0.877182 0.4796237 0.02264392 0.5870318 0.8095638 0 0.6597917 0.7502028 0.04325109 0.7186894 0.6953312 0 0.7972644 0.6036303 0 0.4851628 0.8744238 0 0.3383865 0.9402793 0.03700542 0.3637295 0.9314228 0.01234573 0.2096309 0.9777806 0 0.09023457 0.9959205 0 0.0232101 0.9988817 0.04118978 -0.08407008 0.9964599 0 -0.2035732 0.9790598 0 -0.3198785 0.9467331 0.0370683 -0.3704882 0.9288371 0 -0.5820094 0.8131821 0 -0.5199832 -0.8541765 0 -0.5199832 -0.8541765 0 0.4797478 -0.8774065 0 0.4797478 -0.8774065 0 0.9997302 -0.02323102 0 0.9997302 -0.02323102 0 0.5199836 0.8541763 0 0.5199836 0.8541763 0 -0.479747 0.8774068 0 -0.479747 0.8774068 0 -0.9997302 0.02323013 0 -0.9997302 0.02323013 0 0 0 -1 0 0 -1 0 0 -1 0 0 -1 -0.9945219 -0.1045288 0 -0.9945219 -0.1045288 0 -0.9510566 -0.3090167 0 -0.9510566 -0.3090167 0 -0.8660255 -0.4999998 0 -0.8660255 -0.4999998 0 -0.7431446 -0.6691308 0 -0.7431446 -0.6691308 0 -0.5877853 -0.809017 0 -0.5877853 -0.809017 0 -0.4067366 -0.9135456 0 -0.4067366 -0.9135456 0 -0.2079117 -0.9781476 0 -0.2079117 -0.9781476 0 0 -1 0 0 -1 0 0.2079117 -0.9781476 0 0.2079117 -0.9781476 0 0.4067366 -0.9135456 0 0.4067366 -0.9135456 0 0.5877853 -0.809017 0 0.5877853 -0.809017 0 0.7431446 -0.6691308 0 0.7431446 -0.6691308 0 0.8660255 -0.4999998 0 0.8660255 -0.4999998 0 0.9510566 -0.3090167 0 0.9510566 -0.3090167 0 0.9945219 -0.1045288 0 0.9945219 -0.1045288 0 0.9945219 0.1045288 0 0.9945219 0.1045288 0 0.9510566 0.3090167 0 0.9510566 0.3090167 0 0.8660255 0.4999998 0 0.8660255 0.4999998 0 0.7431446 0.6691308 0 0.7431446 0.6691308 0 0.5877853 0.809017 0 0.5877853 0.809017 0 0.4067366 0.9135456 0 0.4067366 0.9135456 0 0.2079117 0.9781476 0 0.2079117 0.9781476 0 0 1 0 0 1 0 -0.2079117 0.9781476 0 -0.2079117 0.9781476 0 -0.4067366 0.9135456 0 -0.4067366 0.9135456 0 -0.5877853 0.809017 0 -0.5877853 0.809017 0 -0.7431446 0.6691308 0 -0.7431446 0.6691308 0 -0.8660255 0.4999998 0 -0.8660255 0.4999998 0 -0.9510566 0.3090167 0 -0.9510566 0.3090167 0 -0.9945219 0.1045288 0 -0.9945219 0.1045288 0 0 0 1 0 0 1 0 0 1 0 0 1 0 0 1 0 0 1 0 0 1 0 0 1 0 0 1 0 0 1 0 0 1 0 0 1 0 0 1 0 0 1 0 0 -1 0 0 -1 0 0 -1 0 0 -1 0 0 -1 0 0 -1 0 0 -1 0 0 -1 0 0 -1 0 0 -1 0 0 -1 0 0 -1 0 0 -1 0 0 -1 0.1095384 0.6390779 -0.7613021 0.1811091 0.6869229 -0.7038013 0.3285343 0.6276987 -0.7057334 0.3759758 0.5282615 -0.7613028 0.4612182 0.5403151 -0.7038021 0.5683469 0.4229914 -0.7057338 0.5679459 0.3128181 -0.761303 0.6499799 0.2866916 -0.7037998 0.6955932 0.1345073 -0.7057322 0.6474282 0.0354157 -0.7613033 0.7100004 -0.02371478 -0.7038019 0.6850664 -0.1806213 -0.7057337 0.598679 -0.249 -0.7613031 0.629399 -0.3294242 -0.7038016 0.5388544 -0.4599742 -0.7057335 0.4313547 -0.484099 -0.7613024 0.424138 -0.5698851 -0.7038025 0.2859174 -0.6482209 -0.7057343 0.1785946 -0.623314 -0.7613039 0.1348699 -0.6974757 -0.7038024 -0.02365005 -0.708082 -0.7057341 -0.1095381 -0.6390758 -0.7613039 -0.181111 -0.6869223 -0.7038015 -0.3285343 -0.6276987 -0.7057334 -0.3759758 -0.5282615 -0.7613028 -0.4612177 -0.540315 -0.7038024 -0.5683473 -0.4229901 -0.7057341 -0.5679463 -0.3128173 -0.7613031 -0.6499778 -0.2866916 -0.7038018 -0.695592 -0.1345054 -0.7057337 -0.647428 -0.03541576 -0.7613033 -0.7100004 0.02371478 -0.7038019 -0.6850665 0.1806205 -0.7057337 -0.5986789 0.2489996 -0.7613034 -0.6293986 0.3294229 -0.7038025 -0.5388543 0.4599729 -0.7057344 -0.4313536 0.4840978 -0.7613037 -0.4241366 0.569886 -0.7038025 -0.2859147 0.6482222 -0.7057342 -0.1785952 0.6233161 -0.7613021 -0.1348704 0.697478 -0.7038 0.02365016 0.7080843 -0.7057318 0.9926113 -0.1211238 0.007199943 0.8417583 -0.5398066 0.007200002 0.8859831 -0.4637175 0 0.9669564 -0.2549419 0 0.5241835 -0.8515749 0.007200062 0.5970429 -0.8022094 0 0.7605817 -0.6492422 0 0.1027901 -0.994677 0.007199943 0.1898518 -0.9818128 0 0.4035626 -0.914952 0 -0.338963 -0.9407721 0.007200002 -0.2549408 -0.9669566 0 -0.03338158 -0.9994427 0 -0.7135811 -0.7005355 0.007200002 -0.6492409 -0.7605828 0 -0.4637187 -0.8859825 0 -0.9468654 -0.3215494 0.007199823 -0.9149512 -0.4035644 0 -0.8022092 -0.5970431 0 -0.9926112 0.1211242 0.007200002 -0.9994426 0.03338247 0 -0.9818124 -0.1898537 0 -0.8417578 0.5398074 0.007200002 -0.8859825 0.4637187 0 -0.9669561 0.254943 0 -0.524186 0.8515732 0.007200002 -0.5970448 0.802208 0 -0.7605809 0.6492432 0 -0.1027901 0.994677 0.007199943 -0.1898518 0.9818128 0 -0.4035665 0.9149504 0 0.3389647 0.9407715 0.007199943 0.2549436 0.9669559 0 0.03338158 0.9994427 0 0.7135813 0.7005353 0.007200062 0.6492406 0.7605831 0 0.4637187 0.8859825 0 0.9994426 -0.03338247 0 0.9818128 0.1898515 0 0.9468654 0.3215494 0.007199943 0.9149507 0.4035657 0 0.8022103 0.5970416 0 0 0 -1 0 0 -1 0 0 -1 0 0 -1 0 0 -1 0 0 -1 0 0 -1 0 0 -1 0 0 -1 0 0 -1 0 0 -1 0 0 -1 0 0 -1 0 0 -1 -0.7135983 -0.7005506 -0.002575039 0.3389716 0.9407966 0 0.2430303 0.9699244 -0.01352328 0.4524981 0.8917654 0 0.7135996 0.7005537 0 0.63797 0.7699378 -0.01379013 0.7694865 0.6386589 -0.002349793 -0.5241984 0.8515963 0 -0.5972547 0.8019627 -0.0119462 -0.4038472 0.9148265 0 -0.1027919 0.9947029 0 -0.196866 0.980346 -0.01286596 0.02604264 0.9996608 0 -0.9926145 0.1211238 -0.006750643 -0.9634532 0.2678768 0 -0.8417806 0.5398199 0 -0.8826961 0.4698168 -0.01094949 -0.7559592 0.6546188 0 -0.8402991 -0.542123 0 -0.9218165 -0.3876265 0 -0.9468698 -0.3215506 -0.006536543 -0.9849603 -0.1727808 0 -0.9989055 0.04677206 0 -0.6986026 -0.7155099 0 -0.6986026 -0.7155098 0 -0.3389723 -0.9407963 0 -0.3389723 -0.9407963 0 0.1027928 -0.9947028 0 0.1027928 -0.9947028 0 0.5241983 -0.8515962 0 0.5241983 -0.8515962 0 0.8417803 -0.5398203 0 0.8417803 -0.5398203 0 0.9728339 -0.2315042 0 0.9926362 -0.1211264 -0.001362562 0.9999575 -0.009225368 0 0.9769398 0.2135152 0 0.9468898 0.3215556 -0.001362562 0.9049338 0.4255523 0 0.8311069 0.5561127 0 0.831107 0.5561127 0 0 0 1 0 0 1 0 0 1 0 0 1 0 0 1 0 0 1 0 0 1 0 0 1 0 0 1 0 0 1 0 0 1 0 0 1 0 0 1 0 0 1 0.7799654 0.6258227 0 0.6602587 0.7510374 -0.001111209 0.2736111 0.9618398 -0.001149892 0.4333338 0.9012334 0 0.6230156 0.7822094 0 -0.1660931 0.9861093 -0.001187205 0.001790463 0.9999985 0 0.2242611 0.9745291 0 -0.5735908 0.8191411 -0.001222848 -0.4301202 0.9027717 0 -0.2184455 0.9758492 0 -0.9728965 0.2312409 0 -0.897044 0.4419413 0 -0.8698478 0.4933186 -0.001257181 -0.7777144 0.6286179 0 -0.6183391 0.7859115 0 -0.9717219 0.2361283 4.03276e-5 -0.9918964 0.1270498 -3.36424e-5 -0.9999352 0.01135748 7.41267e-4 -0.999235 -0.03910827 0 -0.9773911 -0.2114394 0 -0.9315537 -0.3636015 -0.001321077 -0.9068477 -0.4214584 0 0.5665231 0.3943282 0.7235723 0.5741039 0.3139071 0.756219 0.6463998 0.2969321 0.7028505 0.6602765 -0.2770085 0.6980697 0.5424494 -0.2747674 0.7938839 0.6862359 -0.1747931 0.7060649 0.7150782 0.03690892 0.6980695 0.6245915 -0.008107006 0.7809095 0.6932836 0.1436676 0.7061994 0.1951009 -0.6889324 0.6980743 0.1030712 -0.5700675 0.815107 0.2818185 -0.650128 0.7056288 0.4746966 -0.5360567 0.6980733 0.35352 -0.4733328 0.8068331 0.5393608 -0.4591802 0.7058637 -0.3722875 -0.5196842 0.7689801 -0.339523 -0.6223645 0.7052564 -0.1231365 -0.705358 0.6980742 -0.1606815 -0.5553359 0.8159556 -0.03288298 -0.7080402 0.7054062 -0.5765209 -0.3152273 0.7538272 -0.5594432 -0.4336956 0.7063508 -0.4700276 -0.531807 0.7044539 -0.4382243 0.4948686 0.7503762 -0.550391 0.444875 0.7065098 -0.6385673 0.3145991 0.7023242 -0.6082689 0.2551895 0.7515898 -0.6885734 0.1636622 0.7064569 -0.7116768 0.008083403 0.7024606 -0.6574419 -0.03393399 0.7527407 -0.6918014 -0.1496577 0.7064089 -0.6452971 -0.2999025 0.7026025 0.5518431 0.4427837 0.7066906 0.4438548 0.5572692 0.7017434 0.3875828 0.5410363 0.746364 0.3066117 0.637681 0.7066486 0.1597375 0.6941414 0.7018915 0.1141843 0.6540721 0.7477645 0.001266956 0.7076085 0.7066035 -0.1555638 0.6949414 0.7020373 -0.1805033 0.6373876 0.7491031 -0.304378 0.6388536 0.7065552 -0.440258 0.5595698 0.7021784 0 0 1 0 0 1 0 0 1 0 0 1 0 0 1 0 0 1 0 0 1 0 0 1 0 0 1 0 0 1 0 0 1 0 0 1 0 0 1 0 0 1 0 0 1 0 0 1 0 0 1 0 0 1 0 0 1 0 0 1 0 0 1 0 0 1 0 0 1 0 0 1 0 0 1 0 0 1 0 0 1 0 0 1 0 0 1 0 0 1 0 0 1 0 0 -1 0 0 -1 0 0 -1 0 0 -1 0 0 -1 0 0 -1 0 0 -1 0 0 -1 0 0 -1 0 0 -1 0 0 -1 0 0 -1 0 0 -1 0 0 -1 0.00696665 0.6618022 -0.7496461 0.1254268 0.6964733 -0.706536 0.278985 0.6551557 -0.7020956 0.2934223 0.5932413 -0.7496453 0.4151918 0.5730817 -0.706536 0.5356186 0.4692264 -0.7020964 0.5217626 0.4071807 -0.749645 0.622728 0.3361819 -0.7065349 0.6861664 0.1903635 -0.7020951 0.6467601 0.1404717 -0.749646 0.7069184 0.03270286 -0.7065387 0.7008059 -0.1262055 -0.7020992 0.6436601 -0.1540561 -0.7496455 0.6511018 -0.2772585 -0.7065367 0.576647 -0.4177774 -0.7020971 0.5130754 -0.4180752 -0.7496445 0.4663247 -0.5323048 -0.7065358 0.3382758 -0.6266018 -0.7020967 0.2808684 -0.5992864 -0.7496457 0.1891853 -0.6819195 -0.7065372 0.03290337 -0.7113202 -0.7020974 -0.006966769 -0.6618025 -0.7496459 -0.1254245 -0.6964726 -0.7065371 -0.2789854 -0.6551533 -0.7020978 -0.2934221 -0.5932406 -0.749646 -0.4151901 -0.573081 -0.7065377 -0.5356171 -0.4692249 -0.7020984 -0.5217613 -0.4071798 -0.7496465 -0.6227263 -0.3361811 -0.7065369 -0.6861642 -0.1903629 -0.7020974 -0.6467607 -0.1404746 -0.7496449 -0.7069231 -0.03269803 -0.7065342 -0.7008106 0.1262046 -0.7020946 -0.6436583 0.1540584 -0.7496466 -0.6510999 0.2772579 -0.7065387 -0.5766462 0.4177751 -0.702099 -0.5130744 0.4180731 -0.7496463 -0.4663223 0.5323067 -0.706536 -0.3382766 0.6266011 -0.7020968 -0.2808677 0.5992852 -0.749647 -0.1891838 0.6819192 -0.7065378 -0.03290319 0.7113197 -0.7020981 0.992621 -0.1211245 0.005701303 0.8417666 -0.5398117 0.005701482 0.9200557 -0.3917874 0 0.984169 -0.1772329 0 0.5241903 -0.8515822 0.005701303 0.6589477 -0.7521887 0 0.8098062 -0.5866975 0 0.1027905 -0.9946867 0.005701422 0.2673315 -0.9636046 0 0.4750531 -0.8799571 0 -0.338967 -0.940781 0.005701303 -0.1772374 -0.9841681 0 0.04620718 -0.9989319 0 -0.7135882 -0.7005423 0.005701482 -0.5866968 -0.8098067 0 -0.3917874 -0.9200558 0 -0.9468747 -0.3215523 0.005701303 -0.8799592 -0.4750491 0 -0.7521867 -0.6589501 0 -0.9926209 0.1211245 0.005701541 -0.9989317 -0.04621171 0 -0.9636041 -0.2673332 0 -0.8417658 0.5398128 0.005701541 -0.9200559 0.3917871 0 -0.9841685 0.1772353 0 -0.52419 0.8515822 0.005701422 -0.6589511 0.7521858 0 -0.809805 0.586699 0 -0.1027908 0.9946867 0.005701422 -0.2673333 0.963604 0 -0.4750519 0.8799578 0 0.3389672 0.9407809 0.005701422 0.1772344 0.9841687 0 -0.04620736 0.9989319 0 0.7135879 0.7005423 0.005701541 0.5866956 0.8098076 0 0.3917891 0.9200551 0 0.998932 0.04620462 0 0.9636041 0.2673332 0 0.9468747 0.3215523 0.005701303 0.8799592 0.4750493 0 0.7521868 0.6589499 0 0 0 -1 0 0 -1 0 0 -1 0 0 -1 0 0 -1 0 0 -1 0 0 -1 0 0 -1 0 0 -1 0 0 -1 0 0 -1 0 0 -1 0 0 -1 0 0 -1 0.9932083 0.1163498 -1.98452e-7 0.9460699 -0.3239628 0 0.8213064 -0.5704873 0 -0.7585717 0.6515896 0 -0.8417589 0.5398066 -0.007116377 -0.8583427 0.5130574 -0.004482746 0.8417801 -0.5398207 0 0.9926369 -0.1211283 -2.84661e-7 0.999869 -0.001567363 -0.01610803 0.9781149 -0.2080625 -0.001151621 0.7798117 0.6260138 -5.96298e-4 0.8471245 0.5313946 0 0.9468901 0.3215575 -1.5209e-7 0.9019839 0.4314724 -0.01602131 0.9723458 0.2335439 -9.79737e-4 0.6264279 0.7793197 -0.01578128 0.7135996 0.7005537 2.0325e-4 0.442856 0.8965927 -9.95004e-5 0.3389625 0.940769 -0.007625162 0.2336917 0.9723107 0 0.01514136 0.9998854 0 -0.10279 0.9946741 -0.007596313 -0.1956775 0.9806678 -8.81401e-4 -0.6887245 0.7250232 0 -0.5965482 0.8025763 -0.001195192 -0.5241826 0.8515725 -0.007551491 -0.4179574 0.9084666 0 -0.3098534 0.9507844 0 0.9270651 -0.374073 -0.0248928 0.8213065 -0.5704872 0 0.5241987 -0.8515961 0 0.5241987 -0.8515961 0 0.1027924 -0.9947029 0 0.1027924 -0.9947029 0 -0.3389719 -0.9407964 0 -0.3389719 -0.9407964 0 -0.7136008 -0.7005526 0 -0.7136008 -0.7005526 0 -0.9468899 -0.3215577 0 -0.9212777 0.3889055 0 -0.9212777 0.3889055 0 -0.9728338 0.2315046 0 -0.9926362 0.1211264 -0.001362562 -0.9999575 0.009225368 0 -0.9468899 -0.3215577 0 0 0 1 0 0 1 0 0 1 0 0 1 0 0 1 0 0 1 0 0 1 0 0 1 0 0 1 0 0 1 0 0 1 0 0 1 0 0 1 0 0 1 0.9273742 -0.3741352 0 0.9527696 -0.3036936 -3.58207e-4 0.9869927 -0.1607615 0.001099348 0.9962559 -0.08645319 0 0.9980195 0.06290543 0 0.9697836 0.2439646 -9.31396e-4 0.9596769 0.2811052 0 0.873062 0.4876093 0 0.7709485 0.6368966 -9.76508e-4 0.7442715 0.6678771 0 0.576995 0.8167476 0 0.4226029 0.9063144 -0.001020073 0.382995 0.9237505 0 0.1678385 0.9858145 0 -0.00769931 0.9999698 -0.001062154 -0.05334514 0.9985762 0 -0.2742118 0.9616693 0 -0.4365084 0.8996995 -0.001102745 -0.4792304 0.8776891 0 -0.6625197 0.7490445 0 -0.7806645 0.6249494 -0.001141846 -0.81119 0.5847826 0 -0.162271 -0.6957896 0.6996748 0.5029594 -0.4970902 0.7070596 0.5836518 -0.3755574 0.7199355 0.465483 -0.3652775 0.8061625 0.6011058 -0.3311098 0.7273501 0.2347904 -0.6670181 0.7070787 0.3644357 -0.5940988 0.7171006 0.2662286 -0.5283314 0.8062185 0.4397299 -0.556272 0.7051235 0.07145702 -0.7020487 0.7085348 0.00292772 -0.5717 0.8204575 0.1528091 -0.692541 0.705008 -0.2461643 -0.496914 0.8321536 -0.2437504 -0.6732596 0.6980741 -0.4488745 -0.5493005 0.7048266 -0.446684 -0.4371684 0.7806133 -0.5597752 -0.4355875 0.7049221 -0.7044286 -0.06188631 0.7070717 -0.6937063 -0.1472407 0.7050473 -0.5983614 -0.2021729 0.7752997 -0.6400184 -0.2892126 0.7118515 -0.6059478 -0.3644751 0.7070963 -0.6987724 0.02275788 0.714982 -0.6352347 0.07850766 0.7683187 -0.6883609 0.1700881 0.7051449 -0.5586339 0.359459 0.7474741 -0.6427641 0.2844031 0.7113152 -0.6609916 0.2513094 0.70706 -0.3481804 0.5676001 0.7460567 -0.4687703 0.5299916 0.7066565 -0.577823 0.4165495 0.7018597 0.6559668 -0.26464 0.7068756 0.7039487 -0.1146593 0.7009347 0.6697608 -0.08277463 0.737949 0.7059682 0.04449737 0.7068443 0.6843156 0.2004473 0.7010941 0.6375191 0.215402 0.7397103 0.6176072 0.3449366 0.7068099 0.5306021 0.4761394 0.7012509 0.4795916 0.4693763 0.7414026 0.4081875 0.5777972 0.7067767 0.2729834 0.6584123 0.7014081 0.2278323 0.6292926 0.743023 0.1187415 0.697439 0.7067385 -0.03801429 0.7115956 0.7015601 -0.06759512 0.6641094 0.7445735 -0.194009 0.6803955 0.7066984 -0.3414334 0.62532 0.7017109 0 0 1 0 0 1 0 0 1 0 0 1 0 0 1 0 0 1 0 0 1 0 0 1 0 0 1 0 0 1 0 0 1 0 0 1 0 0 1 0 0 1 0 0 1 0 0 1 0 0 1 0 0 1 0 0 1 0 0 1 0 0 1 0 0 1 0 0 1 0 0 1 0 0 1 0 0 1 0 0 1 0 0 1 0 0 1 0 0 -1 0 0 -1 0 0 -1 0 0 -1 0 0 -1 0 0 -1 0 0 -1 0 0 -1 0 0 -1 0 0 -1 0 0 -1 0 0 -1 0 0 -1 0 0 -1 -0.0826326 0.7021192 -0.7072486 -0.07858806 0.7111399 -0.6986444 0.08070826 0.7024934 -0.7070991 0.2301889 0.6684412 -0.7072479 0.237747 0.6748138 -0.6986434 0.3774804 0.5979303 -0.7070983 0.4974172 0.5023692 -0.7072492 0.5069926 0.5048317 -0.6986441 0.599545 0.3749102 -0.7070985 0.6661288 0.2367977 -0.7072477 0.6758232 0.2348619 -0.6986436 0.7028358 0.07767575 -0.7070985 0.7029024 -0.07567435 -0.7072494 0.7107985 -0.08162593 -0.6986435 0.6669295 -0.2349828 -0.7070985 0.6004603 -0.3731582 -0.7072485 0.6049923 -0.3819468 -0.6986421 0.4989276 -0.5010842 -0.7070968 0.3790888 -0.5967364 -0.7072463 0.3793588 -0.6066185 -0.6986421 0.232146 -0.6679239 -0.7070968 0.08263266 -0.702119 -0.7072488 0.1285947 -0.5883771 -0.7982956 -0.00151515 -0.7090578 -0.7051488 -0.08070826 -0.7024934 -0.7070991 -0.2301889 -0.6684412 -0.7072479 -0.237747 -0.6748138 -0.6986434 -0.3774714 -0.5979359 -0.7070983 -0.4974166 -0.5023686 -0.7072499 -0.506992 -0.5048311 -0.6986449 -0.5995441 -0.3749097 -0.7070994 -0.6661275 -0.2367979 -0.7072488 -0.6758232 -0.2348619 -0.6986436 -0.7028381 -0.07765603 -0.7070985 -0.7029036 0.07567435 -0.7072482 -0.7107999 0.08162611 -0.698642 -0.6669375 0.2349656 -0.7070966 -0.6004607 0.37316 -0.7072471 -0.604992 0.3819473 -0.6986422 -0.4989476 0.5010641 -0.7070969 -0.379088 0.5967345 -0.7072483 -0.3793581 0.6066196 -0.6986416 -0.2321461 0.6679243 -0.7070965 -0.2135182 0.9769391 0 0.992637 -0.1211265 0 0.8417801 -0.5398205 0 0.7053141 -0.7083061 0.02888685 0.8455854 -0.5338402 0 0.102791 -0.994703 0 -0.1140898 -0.9930502 0.02889585 0.1098414 -0.9939491 0 0.5241984 -0.8515962 0 0.3281624 -0.9441797 0.02888417 0.5302209 -0.8478596 0 -0.7136001 -0.7005533 0 -0.8475206 -0.5299755 0.02889317 -0.7086153 -0.7055951 0 -0.3389722 -0.9407964 0 -0.5336087 -0.845238 0.0288881 -0.3322948 -0.9431756 0 -0.9926369 0.1211274 0 -0.9427759 0.3321732 0.02889168 -0.9934707 0.1140871 0 -0.9468898 -0.3215585 0 -0.9935335 -0.109803 0.02888852 -0.9445865 -0.3282625 0 -0.5241996 0.8515954 0 -0.3281624 0.9441797 0.02888441 -0.5302222 0.8478587 0 -0.84178 0.5398207 0 -0.7052856 0.7083342 0.02889198 -0.8455858 0.5338395 0 -0.102791 0.994703 0 0.1140898 0.9930502 0.02889585 0.002136647 0.999892 0.01454073 0.7136001 0.7005533 0 0.8475206 0.5299755 0.02889317 0.7086153 0.7055951 0 0.3389718 0.9407965 0 0.533596 0.8452461 0.02888619 0.3322948 0.9431756 0 0.9427847 -0.3321481 0.02888834 0.9934707 -0.1140871 0 0.94689 0.3215577 0 0.9935365 0.1097751 0.02889209 0.9445865 0.3282625 0 0 0 -1 0 0 -1 0 0 -1 0 0 -1 0 0 -1 0 0 -1 0 0 -1 0 0 -1 0 0 -1 0 0 -1 0 0 -1 0 0 -1 0 0 -1 0 0 -1 -0.008698403 -0.9999622 0 -0.10279 0.9946756 -0.00739324 0.1027928 -0.9947027 0 0.2525517 -0.9673685 -0.02039092 0.1435288 -0.9895924 -0.01030898 0.8417602 -0.5398073 -0.006923615 0.7968826 -0.6041343 0 0.524198 -0.8515964 0 0.6457414 -0.7632887 -0.02020752 0.4602947 -0.8877662 0 0.9926114 -0.1211239 -0.007189452 0.9786956 -0.2053171 0 0.9113357 -0.4116643 0 0.9468641 0.3215489 -0.007396638 0.9726135 0.2324286 0 0.999845 0.01761084 0 0.7135798 0.7005338 -0.00750792 0.7795311 0.6263635 0 0.896506 0.4430314 0 0.02544134 0.9996763 0 0.2230913 0.9747976 0 0.3389639 0.9407693 -0.007536232 0.4344106 0.9007149 0 0.620607 0.7841218 0 -0.008698403 -0.9999622 0 -0.2315043 -0.9728338 0 -0.3389716 -0.9407956 -0.001362562 -0.4421766 -0.896928 0 -0.7135999 -0.7005534 0 -0.7135999 -0.7005534 0 -0.9468898 -0.3215581 0 -0.9468898 -0.3215581 0 -0.992637 0.1211269 0 -0.992637 0.1211269 0 -0.8417803 0.5398202 0 -0.1976479 0.980273 0 -0.1976479 0.9802731 0 -0.425553 0.9049335 0 -0.5241975 0.8515956 -0.001362562 -0.6162508 0.78755 0 -0.8417803 0.5398202 0 0 0 1 0 0 1 0 0 1 0 0 1 0 0 1 0 0 1 0 0 1 0 0 1 0 0 1 0 0 1 0 0 1 0 0 1 0 0 1 0 0 1 0.127319 -0.9918619 0 0.2133771 -0.9769699 -2.73497e-4 0.3425904 -0.9394841 0.001281976 0.423262 -0.9060072 0 0.5430476 -0.839702 0 0.6961715 -0.7178753 -6.72158e-4 0.7146196 -0.6995133 0 0.8523535 -0.5229661 0 0.9370428 -0.3492137 -7.25061e-4 0.9465884 -0.3224443 0 0.9946059 -0.1037263 0 0.9961929 0.08717304 -7.76455e-4 0.9930347 0.1178221 0 0.9419194 0.335839 0 0.8621497 0.5066529 -8.26362e-4 0.8448548 0.5349957 0 0.7046219 0.7095829 0 0.6491641 0.7606484 -3.55576e-4 0.5310906 0.8473143 0.001106739 0.4657498 0.8849164 0 0.3292189 0.9442536 0 0.1508889 0.9885503 -9.2164e-4 0.1132376 0.993568 0 -0.3162392 -0.5499013 0.7730467 -0.2896365 -0.6479917 0.704427 -0.05229473 -0.7141144 0.6980729 -0.1050119 -0.5758061 0.8108144 0.006362438 -0.694299 0.7196586 -0.5183622 -0.3547062 0.7781286 -0.5449513 -0.4551682 0.7041661 -0.4260585 -0.5666216 0.705276 -0.6198934 -0.09451252 0.7789734 -0.6900875 -0.1685895 0.7038159 -0.6314055 -0.3219035 0.7054824 -0.6047098 0.1854024 0.7745656 -0.6941311 0.1528252 0.703439 -0.7084032 -0.01077556 0.7057257 -0.4711495 0.4356746 0.7669458 -0.5567016 0.4423766 0.7031261 -0.6404667 0.3023844 0.7059504 -0.2387507 0.605295 0.7593525 -0.3076612 0.6412457 0.702957 -0.4424502 0.5528429 0.7061179 0.04917627 0.67153 0.7393437 -0.07830858 0.703049 0.7068167 -0.1565444 0.6904938 0.7061955 0.09004086 -0.7014512 0.7070071 0.2446354 -0.6708626 0.7000692 0.2517404 -0.6382273 0.7275251 0.3840574 -0.593859 0.7069875 0.5101714 -0.4993869 0.7002413 0.5020343 -0.4642341 0.7296906 0.6028271 -0.3698678 0.7069635 0.6756197 -0.2301419 0.700409 0.6516051 -0.1997802 0.7317777 0.7034591 -0.07336294 0.7069393 0.7086075 0.08407527 0.700576 0.6716216 0.1023992 0.7337839 0.666221 0.2375394 0.706912 0.6027337 0.381675 0.7007399 0.5589566 0.3824843 0.7357128 0.4984009 0.50191 0.7068826 0.378805 0.6043543 0.7009012 0.3366417 0.5853787 0.7375664 0.232877 0.6679295 0.7068511 0.08074986 0.7085149 0.7010607 0 0 1 0 0 1 0 0 1 0 0 1 0 0 1 0 0 1 0 0 1 0 0 1 0 0 1 0 0 1 0 0 1 0 0 1 0 0 1 0 0 1 0 0 1 0 0 1 0 0 1 0 0 1 0 0 1 0 0 1 0 0 1 0 0 1 0 0 1 0 0 1 0 0 1 0 0 1 0 0 1 0 0 1 0 0 1 0 0 1 0 0 1 0 0 -1 0 0 -1 0 0 -1 0 0 -1 0 0 -1 0 0 -1 0 0 -1 0 0 -1 0 0 -1 0 0 -1 0 0 -1 0 0 -1 0 0 -1 0 0 -1 -0.1386795 0.6490508 -0.7479979 -0.1111814 0.703529 -0.7019156 0.04784834 0.7059984 -0.7065952 0.1566677 0.6449469 -0.7479965 0.2050786 0.6820982 -0.7019152 0.3494259 0.6153254 -0.7065948 0.4209829 0.5131005 -0.7479982 0.480722 0.5255684 -0.7019146 0.581801 0.40278 -0.7065945 0.6019182 0.2796298 -0.7479984 0.6611502 0.2649434 -0.7019156 0.6989438 0.1104559 -0.7065953 0.6636365 -0.009224891 -0.7479984 0.71063 -0.0481562 -0.701916 0.6776515 -0.2037425 -0.7065956 0.5939129 -0.2962522 -0.7479987 0.6193611 -0.3517183 -0.7019159 0.5221424 -0.4775875 -0.7065957 0.4065581 -0.5246032 -0.7479986 0.4054204 -0.585617 -0.7019166 0.2632186 -0.6568392 -0.7065963 0.138679 -0.6490488 -0.7479999 0.1111811 -0.7035267 -0.701918 -0.04784822 -0.7059961 -0.7065975 -0.1566659 -0.6449456 -0.7479979 -0.2050808 -0.6820998 -0.7019129 -0.349424 -0.6153287 -0.7065929 -0.4209833 -0.513101 -0.7479976 -0.4807221 -0.525569 -0.7019142 -0.5818014 -0.4027803 -0.7065941 -0.6019188 -0.2796294 -0.7479981 -0.6611503 -0.2649431 -0.7019156 -0.6989433 -0.1104585 -0.7065954 -0.6636357 0.009223878 -0.747999 -0.7106311 0.04815655 -0.7019148 -0.6776522 0.2037443 -0.7065945 -0.5939138 0.2962539 -0.7479974 -0.6193604 0.3517165 -0.7019175 -0.5221403 0.4775869 -0.7065977 -0.4065583 0.5246014 -0.7479999 -0.4054206 0.5856177 -0.7019159 -0.2632152 0.6568412 -0.7065957 0.992622 -0.1211255 0.005496919 0.8417679 -0.5398117 0.005496978 0.8695728 -0.4938048 0 0.9576516 -0.2879295 0 0.5241904 -0.8515834 0.005496919 0.5692033 -0.8221969 0 0.737887 -0.6749243 0 0.1027894 -0.9946879 0.005497097 0.1560967 -0.9877418 0 0.3719738 -0.9282432 0 -0.3389667 -0.9407823 0.005496919 -0.2879264 -0.9576525 0 -0.06761896 -0.9977113 0 -0.7135891 -0.700543 0.005496799 -0.6749239 -0.7378873 0 -0.4938055 -0.8695724 0 -0.9468759 -0.3215525 0.005496919 -0.9282425 -0.3719756 0 -0.8221957 -0.5692049 0 -0.992622 0.1211251 0.005496919 -0.9977118 0.06761044 0 -0.987742 -0.1560955 0 -0.8417673 0.5398126 0.005496919 -0.8695719 0.4938063 0 -0.9576522 0.2879275 0 -0.5241915 0.8515827 0.005496859 -0.5692036 0.8221966 0 -0.7378879 0.6749233 0 -0.1027894 0.9946879 0.005497097 -0.1560967 0.9877418 0 -0.3719789 0.9282411 0 0.338967 0.9407822 0.00549674 0.2879286 0.9576519 0 0.06761896 0.9977113 0 0.7135888 0.7005432 0.005496799 0.6749236 0.7378876 0 0.4938015 0.8695746 0 0.9977118 -0.06761085 0 0.9877414 0.1560992 0 0.9468756 0.3215528 0.005496799 0.9282427 0.3719751 0 0.8221957 0.5692049 0 0 0 -1 0 0 -1 0 0 -1 0 0 -1 0 0 -1 0 0 -1 0 0 -1 0 0 -1 0 0 -1 0 0 -1 0 0 -1 0 0 -1 0 0 -1 0 0 -1 -0.8311086 -0.5561102 0 0.7135968 0.7005519 -0.00257498 -0.7135996 -0.7005537 0 -0.6661591 -0.7457575 -0.008811593 -0.7927551 -0.6095385 -0.001501441 0.2424293 -0.9701691 -1.77284e-7 0.1027902 -0.9946779 -0.007084846 0.07931357 -0.9968369 -0.005063116 -0.06236851 -0.9980531 0 -0.3389729 -0.9407961 0 -0.2784252 -0.9604195 -0.008591234 -0.4849775 -0.8745266 0 0.6363579 -0.7713939 -1.22122e-7 0.5241847 -0.851574 -0.007223606 0.4947407 -0.8690297 -0.004365146 0.3705071 -0.9288296 0 0.9066154 -0.4219581 1.89968e-7 0.8417569 -0.5398072 -0.007315635 0.8166372 -0.5771398 -0.003652572 0.7317661 -0.6815559 -1.90937e-7 0.9999489 0.01011592 2.32517e-7 0.99261 -0.1211231 -0.007372915 0.9845379 -0.175145 -0.003039062 0.9530393 -0.3028464 0 0.8402964 0.5421273 0 0.8977615 0.440482 0 0.9468641 0.3215486 -0.007403731 0.9649437 0.2624442 -0.00262165 0.9906703 0.1362802 0 -0.8311086 -0.5561102 0 -0.9049321 -0.4255559 0 -0.9468892 -0.3215571 -0.001362621 -0.9769398 -0.2135148 0 -0.9999575 0.009225368 0 -0.9926362 0.1211264 -0.001362562 -0.9728339 0.2315042 0 -0.8417792 0.5398221 0 -0.8417792 0.5398221 0 -0.524199 0.8515958 0 -0.524199 0.8515958 0 -0.102793 0.9947028 0 -0.102793 0.9947028 0 0.3389732 0.9407961 0 0.3389732 0.9407961 0 0.6986016 0.7155109 0 0.6986016 0.7155109 0 0 0 1 0 0 1 0 0 1 0 0 1 0 0 1 0 0 1 0 0 1 0 0 1 0 0 1 0 0 1 0 0 1 0 0 1 0 0 1 0 0 1 -0.8028213 -0.5962197 0 -0.6602582 -0.7510386 -3.10039e-4 -0.2736133 -0.9618396 -3.72192e-4 -0.4667323 -0.8843986 0 -0.6518278 -0.758367 0 0.1660938 -0.9861099 -4.32888e-4 -0.03917425 -0.9992324 0 -0.2605447 -0.9654619 0 0.573592 -0.819141 -4.92085e-4 0.3960622 -0.9182236 0 0.1818041 -0.9833348 0 0.9635674 -0.2674657 0 0.8798918 -0.475174 0 0.8698486 -0.4933185 -5.4983e-4 0.7536616 -0.6572626 0 0.5885224 -0.8084809 0 0.9717217 -0.2361292 -9.93083e-5 0.9918963 -0.1270498 3.76618e-4 0.9988108 -0.04873508 0.001289308 0.999235 0.03910821 0 0.9846123 0.1747531 0 0.9315543 0.3636018 -6.60707e-4 0.9219727 0.3872549 0 -0.579478 -0.4021053 0.708884 -0.6062521 -0.3243402 0.7261279 -0.5853956 -0.2653402 0.7660983 -0.6776715 -0.2075371 0.7054713 -0.6784771 0.2001186 0.706839 -0.7005445 0.1073318 0.7054908 -0.6345139 0.01474499 0.7727709 -0.6826572 -0.02745836 0.7302227 -0.6974827 -0.1175297 0.706898 -0.6175183 0.2733635 0.7375252 -0.5597193 0.2857491 0.7778572 -0.5833959 0.402248 0.7055817 -0.2569611 0.6593154 0.7065934 -0.3485541 0.6168314 0.7057119 -0.3793779 0.4990829 0.7790948 -0.4249318 0.5118997 0.7465868 -0.521175 0.4784457 0.7067293 -0.1501798 0.6394692 0.7540062 -0.1260643 0.6181858 0.7758571 -0.04394775 0.7070298 0.7058169 0.1755045 0.6941844 0.6980731 0.1943427 0.5964259 0.7787857 0.05924534 0.7052721 0.7064568 0.623225 0.2824867 0.7292407 0.5747671 0.4121136 0.706969 0.4593192 0.54929 0.6980733 0.4388855 0.4533719 0.7757793 0.3619925 0.6082864 0.7063633 -0.5676982 -0.4216043 0.7070845 -0.4660429 -0.5422162 0.6991463 -0.4485839 -0.5364523 0.7148367 -0.3300447 -0.625393 0.7070744 -0.1862375 -0.6901129 0.6993281 -0.1707414 -0.6753476 0.717463 -0.02770209 -0.7066078 0.7070629 0.1299216 -0.7027148 0.6995086 0.1386662 -0.6799848 0.7199949 0.2800813 -0.6493356 0.7070486 0.4204697 -0.5776191 0.6996867 0.4184309 -0.5504574 0.7224348 0.5329761 -0.4648044 0.7070314 0.6284882 -0.3394067 0.6998612 0.613629 -0.3132727 0.7247895 0.6814357 -0.189152 0.7070127 0.7132609 -0.03480219 0.7000342 0.6863914 -0.01594913 0.7270574 0.6963399 0.1235893 0.7069911 0.6582354 0.2764777 0.7002044 0 0 1 0 0 1 0 0 1 0 0 1 0 0 1 0 0 1 0 0 1 0 0 1 0 0 1 0 0 1 0 0 1 0 0 1 0 0 1 0 0 1 0 0 1 0 0 1 0 0 1 0 0 1 0 0 1 0 0 1 0 0 1 0 0 1 0 0 1 0 0 1 0 0 1 0 0 1 0 0 1 0 0 1 0 0 1 0 0 1 0 0 1 0 0 -1 0 0 -1 0 0 -1 0 0 -1 0 0 -1 0 0 -1 0 0 -1 0 0 -1 0 0 -1 0 0 -1 0 0 -1 0 0 -1 0 0 -1 0 0 -1 -0.1703449 0.6277783 -0.7595244 -0.1300193 0.6987519 -0.7034493 0.02862703 0.7076879 -0.705945 0.118907 0.6395183 -0.7595245 0.1860333 0.6859669 -0.7034494 0.3328462 0.6251845 -0.7059447 0.3846083 0.5245944 -0.7595242 0.4652408 0.5373181 -0.7034488 0.5711414 0.4188563 -0.705944 0.5741332 0.3057678 -0.7595244 0.6523038 0.2822453 -0.7034467 0.6963179 0.1295677 -0.7059417 0.6499454 0.02637904 -0.759523 0.710165 -0.02872735 -0.7034489 0.6835755 -0.185384 -0.7059442 0.597025 -0.2582324 -0.7595243 0.6273711 -0.3340095 -0.7034508 0.5354424 -0.4636179 -0.705946 0.4258577 -0.4916985 -0.7595247 0.1465853 -0.6706945 -0.727105 0.1703448 -0.6277779 -0.7595247 0.2812626 -0.6500253 -0.705945 0.42032 -0.5731401 -0.7034497 0.05071884 -0.7054579 -0.7069348 -0.02862668 -0.707688 -0.705945 -0.1189073 -0.639518 -0.7595247 -0.186034 -0.6859667 -0.7034494 -0.3328462 -0.6251845 -0.7059445 -0.3846088 -0.5245937 -0.7595247 -0.4652399 -0.537317 -0.7034503 -0.5711414 -0.4188533 -0.7059457 -0.574133 -0.3057677 -0.7595245 -0.6522987 -0.282247 -0.7034509 -0.6963133 -0.1295669 -0.7059464 -0.6499418 -0.02638024 -0.759526 -0.7101627 0.02872723 -0.7034513 -0.6835725 0.1853868 -0.7059464 -0.597025 0.2582324 -0.7595243 -0.6273712 0.3340097 -0.7034507 -0.5354427 0.4636179 -0.7059459 -0.4258587 0.4916983 -0.7595242 -0.4203211 0.5731397 -0.7034494 -0.281262 0.6500259 -0.7059448 0.9651364 -0.2617477 0 0.9926128 -0.1211254 0.006965398 0.8826964 -0.4699437 0 0.8417598 -0.5398072 0.006965339 0.7559911 -0.6545819 0 0.5913807 -0.8063926 0 0.5241858 -0.8515754 0.006965279 0.397113 -0.9177697 0 0.1829338 -0.9831253 0 0.1027901 -0.9946787 0.006965219 -0.0404185 -0.9991828 0 -0.2617439 -0.9651373 0 -0.3389639 -0.9407736 0.006965279 -0.4699446 -0.882696 0 -0.6545811 -0.7559919 0 -0.7135823 -0.7005367 0.006965219 -0.806392 -0.5913814 0 -0.9177709 -0.3971103 0 -0.9468677 -0.3215481 0.0069651 -0.9831249 -0.1829355 0 -0.9991828 0.04041856 0 -0.992613 0.1211236 0.006965219 -0.9651377 0.2617431 0 -0.8826965 0.4699435 0 -0.8417599 0.5398072 0.006965339 -0.755991 0.654582 0 -0.5913795 0.8063934 0 -0.5241857 0.8515754 0.006965219 -0.3971141 0.9177693 0 -0.1027901 0.9946787 0.006965279 -0.07170647 0.9973793 0.009638667 -0.2135173 0.9769392 0 0.3389647 0.9407733 0.006965219 0.261745 0.965137 0 0.04041796 0.9991829 0 0.7135831 0.700536 0.006965279 0.6545811 0.7559918 0 0.4699445 0.882696 0 0.9991829 -0.04041856 0 0.9831249 0.1829355 0 0.9468666 0.3215513 0.006965279 0.9177689 0.3971149 0 0.8063941 0.5913786 0 0 0 -1 0 0 -1 0 0 -1 0 0 -1 0 0 -1 0 0 -1 0 0 -1 0 0 -1 0 0 -1 0 0 -1 0 0 -1 0 0 -1 0 0 -1 0 0 -1 -0.8213067 0.570487 0 0.7581493 -0.6520811 0 0.8417593 -0.5398063 -0.007095336 0.858015 -0.513605 -0.00450325 -0.9333184 0.3590499 0 -0.8417773 0.5398188 -0.002602338 -0.9797682 -0.2001354 0 -0.9968193 -0.07969439 0 -0.9926331 0.1211278 -0.00280416 -0.9989422 0.0443629 -0.01210254 -0.9700838 0.2427701 0 -0.9218866 -0.3872855 -0.01162898 -0.9468843 -0.3215573 -0.003308951 -0.8658951 -0.5002255 0 -0.4611661 -0.8873138 0 -0.5686792 -0.8225594 0 -0.713595 -0.7005473 -0.003977298 -0.6703017 -0.7420095 -0.01084077 -0.7981924 -0.6024026 0 -0.2926201 -0.9561763 -0.01001697 -0.3389685 -0.9407863 -0.004643321 -0.1628183 -0.9866561 0 -0.033333 -0.9994443 0 0.1027891 -0.9946767 -0.007265806 0.1418699 -0.9898772 -0.004021406 0.6614992 -0.7499458 0 0.5514163 -0.8342182 -0.00446248 0.5241848 -0.8515744 -0.007164835 0.4012577 -0.9159652 0 0.2749981 -0.9614447 0 0.9212783 -0.3889042 0 0.9212782 -0.3889042 0 0.9728329 -0.2315084 0 0.9926362 -0.1211265 -0.001362621 -0.9189254 0.3937861 -0.02255296 -0.8213067 0.570487 0 -0.5241979 0.8515965 0 -0.5241979 0.8515965 0 -0.1027926 0.9947028 0 -0.1027926 0.9947028 0 0.3389719 0.9407964 0 0.3389719 0.9407964 0 0.7135996 0.7005537 0 0.7135996 0.7005537 0 0.9468907 0.3215558 0 0.9468907 0.3215558 0 0.9999575 -0.009221792 0 0 0 1 0 0 1 0 0 1 0 0 1 0 0 1 0 0 1 0 0 1 0 0 1 0 0 1 0 0 1 0 0 1 0 0 1 0 0 1 0 0 1 -0.9527687 0.3036969 0 -0.9807608 0.1952069 0.001643478 -0.9962559 0.08645319 1.63107e-5 -0.9697842 -0.2439647 -3.1773e-5 -0.9686564 -0.2484045 1.0135e-4 -0.770949 -0.6368969 -1.00253e-4 -0.7649499 -0.6440898 1.69036e-4 -0.4226028 -0.906315 -1.67223e-4 -0.4172668 -0.908784 0 -0.2045747 -0.978851 0 0.007699787 -0.9999703 -2.32679e-4 0.01597034 -0.9998725 0 0.2380628 -0.9712498 0 0.4365083 -0.8997002 -2.96659e-4 0.4460769 -0.8949946 0 0.6340649 -0.7732798 0 0.7806642 -0.6249506 -3.59114e-4 0.7887554 -0.6147072 0 -0.7003935 0.1403483 0.6998224 -0.484342 0.5158895 0.706591 -0.5259664 0.3969974 0.7521651 -0.4987778 0.3959317 0.7710116 -0.6200615 0.3438357 0.7051955 -0.2098196 0.6757212 0.7066659 -0.3001694 0.5830562 0.7549464 -0.2688149 0.5636038 0.781082 -0.4075096 0.5795144 0.7057613 0.1086779 0.6990429 0.7067731 -0.01750284 0.6570039 0.753684 0.009548306 0.6086916 0.7933494 -0.1136099 0.6993792 0.705664 0.4056128 0.5794796 0.7068817 0.2722721 0.6061634 0.7472844 0.2747622 0.5260592 0.8048399 0.2041758 0.6786448 0.7055165 0.6192677 0.3416346 0.7069606 0.5164706 0.43487 0.7376627 0.4755734 0.3425008 0.8102611 0.4803844 0.5211961 0.7053975 0.7063148 0.0354759 0.7070084 0.6632389 0.1700835 0.7288249 0.5811596 0.09608215 0.8080976 0.6596191 0.2596732 0.7053173 0.7069384 -0.05324202 0.7052684 0.6286196 -0.125966 0.7674438 0.6682677 -0.1917424 0.7187858 0.556444 -0.4200029 0.7169153 0.6405192 -0.2996587 0.7070643 0.6511685 -0.2758538 0.7070249 -0.7021508 0.1397534 0.6981785 -0.6935839 -0.1778643 0.6980729 -0.6935815 -0.1778649 0.698075 -0.5477232 -0.4611843 0.6980748 -0.5477259 -0.4611848 0.6980722 -0.2985044 -0.650126 0.6987355 -0.2890769 -0.6435794 0.7086889 -0.1446586 -0.6921644 0.7070943 0.01142197 -0.715106 0.6989227 0.01871281 -0.7024082 0.7115284 0.1683406 -0.6867969 0.7070867 0.3189526 -0.6399364 0.6991071 0.3203475 -0.6222514 0.7142693 0.4483712 -0.5468153 0.7070758 0.5638333 -0.4394168 0.6992889 0 0 1 0 0 1 0 0 1 0 0 1 0 0 1 0 0 1 0 0 1 0 0 1 0 0 1 0 0 1 0 0 1 0 0 1 0 0 1 0 0 1 0 0 1 0 0 1 0 0 1 0 0 1 0 0 1 0 0 1 0 0 1 0 0 1 0 0 1 0 0 1 0 0 1 0 0 1 0 0 1 0 0 1 0 0 1 -0.06374102 0.7042603 0.7070746 -0.2071867 0.6676515 0.715063 0.4023435 0.5922913 0.6980764 0.3780304 0.4729339 0.7958809 0.3130519 0.6354716 0.7058146 0.105513 0.7082082 0.6980746 0.136376 0.6051867 0.7843154 0.004226505 0.7082957 0.7059032 0.7139317 0.05472326 0.6980738 0.5699309 -0.01358604 0.8215804 0.6943869 0.1423577 0.7053802 0.6194865 0.3590674 0.6980739 0.5313336 0.2491638 0.8096926 0.5604363 0.4335801 0.7056339 0.4313898 -0.4633443 0.7740897 0.5384556 -0.4617544 0.7048748 0.666974 -0.2604591 0.6980736 0.4965328 -0.2630045 0.8272145 0.6863302 -0.1782569 0.7051066 -0.2212781 0.6798585 0.6991626 -0.361545 0.6077141 0.7070848 -0.4782364 0.513661 0.7123498 -0.4932327 0.5178338 0.6989777 -0.5884726 0.392072 0.7070923 -0.6563916 0.256327 0.7095397 -0.6686307 0.2542112 0.6987916 -0.7139315 -0.05472308 0.698074 -0.7139313 -0.05472308 0.6980741 -0.6194857 -0.3590674 0.6980746 -0.6194882 -0.3590674 0.6980723 -0.4023461 -0.5922949 0.6980719 -0.4023436 -0.5922937 0.6980744 -0.107589 -0.7076575 0.6983162 -0.1049407 -0.704357 0.702046 0.1292054 -0.6991872 0.7031665 0.1901295 -0.612681 0.7671198 0.2827659 -0.6506775 0.7047427 0.4222054 -0.5700014 0.7048695 -0.1503082 -0.9886391 0 -0.3094961 0.9509007 0 -0.2133798 0.9769654 0.002758085 -0.5112853 0.8594098 -0.001461505 -0.4232563 0.90601 0 -0.6896975 0.7240977 0 -0.8321933 0.5544513 -0.006173908 -0.6961716 0.7178755 0 -0.9370432 0.3492136 0 -0.9347226 0.3553785 -1.92361e-4 -0.9961933 -0.08717244 1.97968e-4 -0.9970753 -0.07642614 -1.26089e-4 -0.8621495 -0.5066539 1.24789e-4 -0.8651732 -0.5014732 -5.36375e-5 -0.6491661 -0.7606468 2.69217e-5 -0.5619133 -0.8271944 0.001662552 -0.4657469 -0.884918 8.68283e-6 -0.1508907 -0.9885504 -1.71621e-5 0 0 1 0 0 1 0 0 1 0 0 1 0 0 1 0 0 1 0 0 1 0 0 1 0 0 1 0 0 1 0 0 1 0 0 1 0 0 1 0 0 1 0 0 1 0 0 1 0 0 1 0 0 -1 0 0 -1 0 0 -1 0 0 -1 0 0 -1 0 0 -1 0 0 -1 0 0 -1 0 0 -1 0 0 -1 0 0 -1 0 0 -1 0 0 -1 0 0 -1 0.00870198 0.9999622 0 0.05710995 -0.9983084 -0.010903 0.1027902 -0.9946783 -0.007012128 -0.5241966 0.8515972 0 -0.2135221 0.9768224 -0.01504451 -0.1027928 0.9947027 0 -0.4272977 0.904111 0 -0.61735 0.7865398 -0.01530194 -0.992637 0.1211268 0 -0.9997303 0.01860845 -0.01389658 -0.9706302 0.2405766 0 -0.8417804 0.5398202 0 -0.8955353 0.4447459 -0.01475256 -0.7743689 0.6327345 0 -0.713581 -0.7005349 -0.007276356 -0.8018344 -0.5975463 0 -0.9468899 -0.3215577 0 -0.9118126 -0.4104039 -0.01290506 -0.9803856 -0.1970892 0 -0.03919464 -0.9992316 0 -0.2588889 -0.9659072 0 -0.3389649 -0.9407722 -0.00710386 -0.4673313 -0.8840823 0 -0.6487637 -0.76099 0 0.197645 -0.9802737 0 0.1976449 -0.9802737 0 0.4255558 -0.9049322 0 0.5241988 -0.8515948 -0.001362562 0.00870198 0.9999621 0 0.2315044 0.9728338 0 0.3389716 0.9407956 -0.001362562 0.4421765 0.896928 0 0.7135999 0.7005534 0 0.7135999 0.7005534 0 0.9468899 0.3215577 0 0.9468899 0.3215577 0 0.9926371 -0.1211265 0 0.9926371 -0.1211265 0 0.8417797 -0.5398212 0 0.8417797 -0.5398212 0 0.616251 -0.7875497 0 0 0 1 0 0 1 0 0 1 0 0 1 0 0 1 0 0 1 0 0 1 0 0 1 0 0 1 0 0 1 0 0 1 0 0 1 0 0 1 0 0 1 0 0 -1 0 0 -1 0 0 -1 0 0 -1 0 0 -1 0 0 -1 0 0 -1 0 0 -1 0 0 -1 0 0 -1 0 0 -1 0 0 -1 0 0 -1 0 0 -1 -0.1760377 0.6246511 -0.7608033 -0.1333707 0.6978724 -0.7036947 0.02518862 0.7079623 -0.7058009 0.112421 0.6391709 -0.7608036 0.1826329 0.6866291 -0.7036943 0.3298664 0.626924 -0.7058005 0.3786138 0.527094 -0.7608045 0.4624639 0.5393884 -0.7036954 0.5692115 0.4217144 -0.7058012 0.5698169 0.3106217 -0.760804 0.6506978 0.2853175 -0.7036947 0.6958177 0.1329792 -0.7058004 0.6481621 0.03262627 -0.7608032 0.7100537 -0.02526468 -0.7036941 0.6846081 -0.1820926 -0.7058002 0.5981288 -0.2518315 -0.7608041 0.628773 -0.3308423 -0.7036959 0.5378009 -0.4611006 -0.705802 0.4296297 -0.4864107 -0.7608041 0.4229577 -0.5708928 -0.7036961 0.2844788 -0.6487796 -0.7058023 0.1760386 -0.6246496 -0.7608044 0.1333709 -0.6978722 -0.7036949 -0.02518856 -0.7079624 -0.7058008 -0.1124222 -0.6391699 -0.7608042 -0.1826348 -0.6866285 -0.7036945 -0.3298671 -0.6269237 -0.7058004 -0.3786138 -0.5270952 -0.7608037 -0.4624618 -0.5393894 -0.7036961 -0.569212 -0.4217123 -0.705802 -0.569817 -0.3106217 -0.7608041 -0.6506953 -0.2853184 -0.7036966 -0.6958166 -0.1329767 -0.705802 -0.6481621 -0.03262627 -0.7608032 -0.7100537 0.02526468 -0.7036941 -0.6846081 0.1820926 -0.7058002 -0.5981288 0.2518315 -0.7608041 -0.628773 0.3308423 -0.7036959 -0.5378001 0.4611017 -0.7058019 -0.4296302 0.4864113 -0.7608035 -0.4229583 0.5708925 -0.703696 -0.284476 0.648781 -0.7058022 0.9926118 -0.1211234 0.007133662 0.8417582 -0.5398076 0.007133781 0.8849709 -0.4656463 0 0.9663998 -0.2570438 0 0.5241846 -0.8515748 0.007133841 0.5952957 -0.8035067 0 0.7591658 -0.6508973 0 0.1027903 -0.9946775 0.007133722 0.1877133 -0.9822238 0 0.4015703 -0.9158282 0 -0.3389629 -0.9407726 0.007133603 -0.2570475 -0.9663988 0 -0.03555655 -0.9993677 0 -0.7135819 -0.7005354 0.007133603 -0.6508976 -0.7591655 0 -0.4656429 -0.8849727 0 -0.9468661 -0.321549 0.007133722 -0.9158276 -0.4015715 0 -0.8035057 -0.5952972 0 -0.9926118 0.1211234 0.007133662 -0.9993675 0.03555881 0 -0.9822236 -0.1877148 0 -0.8417586 0.539807 0.007133722 -0.8849709 0.4656463 0 -0.9663998 0.2570438 0 -0.5241854 0.8515743 0.007133722 -0.595295 0.8035073 0 -0.7591669 0.650896 0 -0.1027903 0.9946775 0.007133722 -0.1877135 0.9822238 0 -0.4015743 0.9158264 0 0.3389648 0.940772 0.007133543 0.2570502 0.9663981 0 0.03555643 0.9993676 0 0.7135815 0.700536 0.007133781 0.6508952 0.7591676 0 0.4656439 0.8849722 0 0.9993675 -0.03555881 0 0.9822242 0.1877117 0 0.946866 0.3215489 0.007133901 0.9158267 0.4015738 0 0.8035073 0.5952948 0</float_array>
          <technique_common>
            <accessor source="#wheel-mesh-normals-array" count="9638" stride="3">
              <param name="X" type="float"/>
              <param name="Y" type="float"/>
              <param name="Z" type="float"/>
            </accessor>
          </technique_common>
        </source>
        <vertices id="wheel-mesh-vertices">
          <input semantic="POSITION" source="#wheel-mesh-positions"/>
        </vertices>
        <triangles material="Material_001-material" count="5500">
          <input semantic="VERTEX" source="#wheel-mesh-vertices" offset="0"/>
          <input semantic="NORMAL" source="#wheel-mesh-normals" offset="1"/>
          <p>96 96 97 96 98 96 99 97 100 97 101 97 102 98 103 98 104 98 105 99 106 99 107 99 108 100 109 100 110 100 108 101 111 101 112 101 113 102 114 102 115 102 115 103 114 103 110 103 115 104 110 104 116 104 116 105 110 105 109 105 117 106 118 106 105 106 119 107 120 107 121 107 117 108 105 108 122 108 108 109 112 109 123 109 123 110 112 110 124 110 123 111 124 111 107 111 107 112 124 112 125 112 107 113 125 113 105 113 105 114 125 114 126 114 105 115 126 115 122 115 127 116 128 116 129 116 130 117 131 117 110 117 110 118 131 118 132 118 110 119 132 119 108 119 108 120 132 120 133 120 108 121 133 121 111 121 128 122 134 122 129 122 129 123 134 123 135 123 129 124 135 124 130 124 130 125 135 125 136 125 130 126 136 126 131 126 137 127 138 127 139 127 139 128 138 128 140 128 141 129 142 129 143 129 144 130 145 130 146 130 146 131 145 131 147 131 146 132 147 132 148 132 142 133 149 133 143 133 143 134 149 134 150 134 143 135 150 135 146 135 146 136 150 136 151 136 146 137 151 137 144 137 152 138 153 138 154 138 155 139 156 139 157 139 157 140 156 140 158 140 157 141 158 141 148 141 159 142 160 142 161 142 161 143 162 143 159 143 159 144 162 144 163 144 159 145 163 145 164 145 164 146 165 146 159 146 159 147 165 147 166 147 159 148 166 148 167 148 167 149 166 149 168 149 169 150 170 150 171 150 171 151 170 151 167 151 171 152 167 152 172 152 172 153 167 153 168 153 159 154 173 154 160 154 160 155 173 155 174 155 160 156 174 156 104 156 174 157 175 157 176 157 177 158 178 158 174 158 174 159 178 159 179 159 174 160 176 160 104 160 104 161 176 161 180 161 104 162 180 162 102 162 181 163 182 163 179 163 179 164 182 164 183 164 179 165 183 165 174 165 174 166 183 166 184 166 174 167 184 167 175 167 181 168 185 168 182 168 182 169 185 169 186 169 182 170 186 170 187 170 187 171 186 171 188 171 187 172 188 172 189 172 189 173 188 173 190 173 189 174 190 174 191 174 192 175 193 175 194 175 194 176 193 176 195 176 191 177 196 177 189 177 189 178 196 178 197 178 189 179 197 179 198 179 192 180 199 180 193 180 193 181 199 181 200 181 193 182 200 182 174 182 174 183 200 183 201 183 174 184 201 184 177 184 202 185 203 185 189 185 204 186 205 186 206 186 206 187 205 187 207 187 206 188 207 188 208 188 208 189 202 189 206 189 206 190 202 190 189 190 206 191 189 191 193 191 193 192 189 192 198 192 193 193 198 193 195 193 209 194 210 194 211 194 211 195 210 195 189 195 211 196 189 196 212 196 212 197 189 197 203 197 206 198 213 198 204 198 204 199 213 199 214 199 204 200 214 200 215 200 216 201 217 201 218 201 219 202 220 202 221 202 221 203 220 203 222 203 221 204 222 204 101 204 101 205 222 205 223 205 101 206 223 206 99 206 224 207 225 207 226 207 226 208 225 208 146 208 226 209 146 209 227 209 148 210 158 210 146 210 146 211 158 211 228 211 146 212 228 212 229 212 230 213 231 213 232 213 232 214 231 214 227 214 232 215 227 215 233 215 229 216 234 216 146 216 146 217 234 217 235 217 146 218 235 218 227 218 227 219 235 219 236 219 227 220 236 220 233 220 237 221 238 221 156 221 156 222 238 222 239 222 156 223 239 223 158 223 158 224 239 224 240 224 158 225 240 225 228 225 241 226 242 226 243 226 244 227 241 227 237 227 237 228 241 228 243 228 237 229 243 229 238 229 244 230 245 230 241 230 241 231 245 231 246 231 241 232 246 232 247 232 248 233 249 233 250 233 250 234 249 234 251 234 250 235 251 235 237 235 237 236 251 236 252 236 237 237 252 237 244 237 253 238 254 238 255 238 253 239 255 239 256 239 257 240 258 240 255 240 259 241 260 241 254 241 254 242 260 242 261 242 254 243 261 243 262 243 258 244 263 244 255 244 255 245 263 245 264 245 255 246 264 246 265 246 265 247 264 247 266 247 262 248 267 248 254 248 254 249 267 249 268 249 254 250 268 250 255 250 255 251 268 251 269 251 255 252 269 252 257 252 270 253 271 253 272 253 273 254 274 254 275 254 275 255 274 255 276 255 275 256 276 256 277 256 277 257 276 257 278 257 266 258 279 258 265 258 265 259 279 259 280 259 265 260 280 260 281 260 276 261 270 261 278 261 278 262 270 262 272 262 278 263 272 263 282 263 282 264 272 264 283 264 282 265 283 265 259 265 259 266 283 266 284 266 259 267 284 267 260 267 248 268 250 268 285 268 285 269 250 269 265 269 285 270 265 270 270 270 270 271 265 271 281 271 270 272 281 272 271 272 286 273 287 273 288 273 288 274 287 274 289 274 290 275 291 275 292 275 292 276 291 276 293 276 292 277 293 277 294 277 295 278 296 278 297 278 297 279 296 279 289 279 297 280 289 280 298 280 298 281 289 281 287 281 256 282 255 282 299 282 299 283 255 283 300 283 299 284 300 284 301 284 301 285 300 285 292 285 301 286 292 286 288 286 288 287 292 287 294 287 288 288 294 288 286 288 302 289 303 289 304 289 305 290 306 290 307 290 307 291 306 291 308 291 307 292 308 292 309 292 309 293 308 293 310 293 309 294 310 294 311 294 303 295 312 295 304 295 304 296 312 296 313 296 304 297 313 297 307 297 307 298 313 298 314 298 307 299 314 299 305 299 311 300 315 300 309 300 309 301 315 301 316 301 309 302 316 302 167 302 167 303 316 303 317 303 167 304 317 304 159 304 318 305 319 305 320 305 320 306 319 306 321 306 322 307 323 307 321 307 321 308 323 308 324 308 321 309 324 309 320 309 218 310 219 310 216 310 216 311 219 311 221 311 216 312 221 312 325 312 325 313 221 313 326 313 327 314 328 314 329 314 329 315 328 315 330 315 329 316 330 316 331 316 331 317 332 317 329 317 329 318 332 318 333 318 329 319 333 319 221 319 221 320 333 320 334 320 221 321 334 321 326 321 335 322 225 322 217 322 217 323 225 323 224 323 217 324 224 324 218 324 335 325 336 325 225 325 225 326 336 326 337 326 225 327 337 327 146 327 146 328 337 328 338 328 146 329 338 329 143 329 143 330 338 330 339 330 143 331 339 331 98 331 98 332 339 332 340 332 98 333 340 333 341 333 342 334 343 334 344 334 343 335 342 335 345 335 345 336 342 336 346 336 345 337 346 337 347 337 302 338 304 338 318 338 318 339 304 339 348 339 318 340 348 340 319 340 319 341 348 341 349 341 319 342 349 342 346 342 346 343 349 343 350 343 346 344 350 344 347 344 351 345 352 345 348 345 352 346 353 346 348 346 348 347 353 347 354 347 348 348 354 348 349 348 355 349 356 349 357 349 358 350 359 350 360 350 360 351 359 351 361 351 360 352 361 352 362 352 362 353 361 353 363 353 364 354 365 354 366 354 366 355 365 355 367 355 366 356 367 356 361 356 361 357 367 357 368 357 361 358 368 358 363 358 369 359 139 359 143 359 143 360 139 360 140 360 143 361 140 361 141 361 369 362 370 362 139 362 139 363 370 363 371 363 139 364 371 364 366 364 366 365 371 365 372 365 366 366 372 366 364 366 97 367 373 367 98 367 98 368 373 368 374 368 98 369 374 369 143 369 143 370 374 370 375 370 143 371 375 371 369 371 344 372 376 372 342 372 342 373 376 373 96 373 342 374 96 374 329 374 329 375 96 375 98 375 329 376 98 376 327 376 327 377 98 377 341 377 307 378 106 378 304 378 304 379 106 379 105 379 304 380 105 380 348 380 348 381 105 381 357 381 348 382 357 382 351 382 351 383 357 383 356 383 118 384 119 384 105 384 105 385 119 385 121 385 105 386 121 386 357 386 357 387 121 387 359 387 357 388 359 388 355 388 355 389 359 389 358 389 120 390 127 390 121 390 121 391 127 391 129 391 121 392 129 392 359 392 359 393 129 393 377 393 359 394 377 394 361 394 361 395 377 395 378 395 361 396 378 396 366 396 366 397 378 397 379 397 366 398 379 398 139 398 139 399 379 399 152 399 139 400 152 400 137 400 137 401 152 401 154 401 130 402 290 402 129 402 129 403 290 403 292 403 129 404 292 404 377 404 377 405 292 405 300 405 377 406 300 406 378 406 378 407 300 407 255 407 378 408 255 408 379 408 379 409 255 409 265 409 379 410 265 410 152 410 152 411 265 411 250 411 152 412 250 412 153 412 153 413 250 413 237 413 153 414 237 414 380 414 380 415 237 415 156 415 380 416 156 416 381 416 381 417 156 417 155 417 317 418 322 418 159 418 159 419 322 419 321 419 159 420 321 420 173 420 173 421 321 421 319 421 173 422 319 422 174 422 174 423 319 423 346 423 174 424 346 424 193 424 193 425 346 425 342 425 193 426 342 426 206 426 206 427 342 427 329 427 206 428 329 428 213 428 213 429 329 429 221 429 213 430 221 430 214 430 214 431 221 431 101 431 382 432 383 432 384 432 385 433 386 433 387 433 388 434 389 434 390 434 389 435 388 435 391 435 392 436 393 436 394 436 395 437 396 437 397 437 398 438 399 438 392 438 400 439 401 439 402 439 402 440 401 440 395 440 403 441 404 441 405 441 405 442 404 442 406 442 405 443 406 443 407 443 407 444 406 444 408 444 407 445 408 445 409 445 410 446 411 446 412 446 412 447 411 447 397 447 412 448 397 448 413 448 413 449 397 449 396 449 399 450 414 450 392 450 392 451 414 451 415 451 392 452 415 452 405 452 405 453 415 453 416 453 405 454 416 454 403 454 402 455 417 455 400 455 400 456 417 456 418 456 400 457 418 457 394 457 394 458 418 458 419 458 394 459 419 459 392 459 392 460 419 460 420 460 392 461 420 461 398 461 409 462 421 462 407 462 407 463 421 463 422 463 407 464 422 464 423 464 423 465 422 465 424 465 423 466 424 466 402 466 425 467 426 467 427 467 427 468 426 468 428 468 429 469 430 469 431 469 431 470 432 470 429 470 429 471 432 471 433 471 429 472 433 472 434 472 435 473 436 473 437 473 437 474 436 474 438 474 437 475 438 475 439 475 438 476 440 476 439 476 439 477 440 477 441 477 439 478 441 478 442 478 433 479 443 479 434 479 434 480 443 480 444 480 434 481 444 481 445 481 445 482 446 482 434 482 434 483 446 483 447 483 434 484 447 484 437 484 437 485 447 485 448 485 437 486 448 486 435 486 449 487 450 487 451 487 452 488 453 488 454 488 455 489 456 489 451 489 454 490 457 490 452 490 452 491 457 491 458 491 452 492 458 492 459 492 459 493 458 493 460 493 459 494 460 494 450 494 460 495 461 495 450 495 450 496 461 496 462 496 450 497 462 497 451 497 451 498 462 498 463 498 451 499 463 499 455 499 456 500 464 500 451 500 451 501 464 501 465 501 451 502 465 502 466 502 466 503 465 503 467 503 466 504 467 504 468 504 468 505 469 505 466 505 466 506 469 506 470 506 466 507 470 507 471 507 471 508 472 508 473 508 473 509 472 509 453 509 474 510 475 510 476 510 476 511 475 511 477 511 476 512 477 512 478 512 478 513 477 513 473 513 478 514 473 514 479 514 479 515 473 515 453 515 479 516 453 516 480 516 480 517 453 517 452 517 426 518 481 518 482 518 449 519 451 519 483 519 483 520 451 520 426 520 483 521 426 521 484 521 484 522 426 522 482 522 484 523 482 523 485 523 486 524 487 524 488 524 488 525 487 525 484 525 488 526 484 526 489 526 489 527 484 527 485 527 490 528 491 528 425 528 425 529 491 529 492 529 425 530 492 530 426 530 426 531 492 531 493 531 426 532 493 532 481 532 494 533 495 533 496 533 497 534 498 534 499 534 499 535 498 535 500 535 501 536 502 536 434 536 434 537 502 537 503 537 434 538 503 538 504 538 427 539 430 539 425 539 425 540 430 540 429 540 425 541 429 541 490 541 490 542 429 542 434 542 490 543 434 543 498 543 498 544 434 544 504 544 498 545 504 545 500 545 505 546 506 546 507 546 507 547 506 547 508 547 509 548 510 548 511 548 511 549 510 549 512 549 511 550 512 550 513 550 508 551 514 551 507 551 507 552 514 552 515 552 507 553 515 553 512 553 512 554 515 554 516 554 512 555 516 555 513 555 505 556 507 556 517 556 517 557 507 557 518 557 517 558 518 558 388 558 388 559 518 559 519 559 388 560 519 560 391 560 520 561 521 561 522 561 522 562 521 562 523 562 522 563 523 563 518 563 518 564 523 564 524 564 518 565 524 565 519 565 525 566 522 566 526 566 526 567 522 567 527 567 525 568 528 568 522 568 522 569 528 569 529 569 522 570 529 570 520 570 520 571 530 571 521 571 521 572 530 572 531 572 521 573 531 573 532 573 532 574 531 574 533 574 532 575 533 575 534 575 535 576 536 576 537 576 537 577 536 577 538 577 537 578 538 578 534 578 534 579 538 579 539 579 534 580 539 580 532 580 540 581 527 581 541 581 541 582 527 582 542 582 540 583 543 583 527 583 527 584 543 584 544 584 527 585 544 585 526 585 535 586 545 586 536 586 536 587 545 587 546 587 536 588 546 588 542 588 547 589 548 589 549 589 549 590 548 590 550 590 549 591 550 591 551 591 542 592 527 592 536 592 536 593 527 593 549 593 536 594 549 594 552 594 552 595 549 595 551 595 552 596 551 596 553 596 553 597 554 597 552 597 552 598 554 598 555 598 552 599 555 599 556 599 556 600 555 600 557 600 556 601 557 601 558 601 559 602 560 602 561 602 562 603 563 603 564 603 547 604 549 604 561 604 561 605 549 605 564 605 561 606 564 606 559 606 559 607 564 607 563 607 559 608 563 608 565 608 566 609 559 609 567 609 567 610 559 610 568 610 568 611 559 611 569 611 569 612 559 612 565 612 569 613 565 613 570 613 570 614 565 614 571 614 570 615 571 615 572 615 573 616 574 616 423 616 395 617 397 617 402 617 402 618 397 618 575 618 402 619 575 619 423 619 423 620 575 620 576 620 423 621 576 621 573 621 577 622 423 622 578 622 578 623 423 623 579 623 571 624 580 624 572 624 572 625 580 625 581 625 572 626 581 626 574 626 574 627 581 627 582 627 582 628 583 628 574 628 574 629 583 629 584 629 574 630 584 630 423 630 423 631 584 631 585 631 423 632 585 632 579 632 586 633 587 633 588 633 589 634 590 634 591 634 591 635 590 635 592 635 591 636 592 636 593 636 588 637 594 637 586 637 586 638 594 638 595 638 586 639 595 639 592 639 592 640 595 640 596 640 592 641 596 641 593 641 471 642 473 642 466 642 466 643 473 643 597 643 466 644 597 644 598 644 598 645 597 645 599 645 598 646 599 646 586 646 586 647 599 647 600 647 586 648 600 648 587 648 601 649 495 649 602 649 602 650 495 650 494 650 602 651 494 651 603 651 603 652 494 652 604 652 605 653 606 653 607 653 607 654 606 654 608 654 609 655 610 655 387 655 387 656 610 656 611 656 611 657 612 657 387 657 387 658 612 658 613 658 387 659 613 659 494 659 494 660 613 660 614 660 494 661 614 661 604 661 615 662 616 662 617 662 617 663 616 663 618 663 602 664 615 664 601 664 601 665 615 665 617 665 601 666 617 666 619 666 619 667 617 667 618 667 620 668 621 668 622 668 622 669 621 669 619 669 622 670 619 670 623 670 623 671 619 671 618 671 624 672 625 672 626 672 577 673 627 673 423 673 423 674 627 674 628 674 423 675 628 675 629 675 629 676 628 676 630 676 629 677 630 677 631 677 632 678 629 678 633 678 633 679 629 679 634 679 633 680 634 680 635 680 635 681 634 681 636 681 637 682 638 682 639 682 639 683 640 683 637 683 637 684 640 684 641 684 637 685 641 685 634 685 634 686 641 686 642 686 634 687 642 687 636 687 386 688 643 688 387 688 387 689 643 689 607 689 387 690 607 690 609 690 609 691 607 691 608 691 643 692 644 692 607 692 607 693 644 693 645 693 607 694 645 694 637 694 637 695 645 695 646 695 637 696 646 696 638 696 647 697 437 697 648 697 648 698 437 698 439 698 648 699 439 699 649 699 649 700 439 700 650 700 649 701 650 701 651 701 651 702 650 702 652 702 653 703 654 703 655 703 655 704 654 704 656 704 655 705 656 705 650 705 650 706 656 706 657 706 650 707 657 707 652 707 653 708 655 708 383 708 383 709 655 709 658 709 383 710 658 710 384 710 659 711 660 711 661 711 661 712 660 712 662 712 661 713 662 713 384 713 384 714 662 714 663 714 384 715 663 715 382 715 512 716 601 716 507 716 507 717 601 717 619 717 507 718 619 718 518 718 518 719 619 719 621 719 518 720 621 720 522 720 522 721 621 721 664 721 522 722 664 722 527 722 527 723 664 723 665 723 527 724 665 724 549 724 549 725 665 725 666 725 549 726 666 726 564 726 564 727 666 727 626 727 564 728 626 728 562 728 562 729 626 729 625 729 620 730 605 730 621 730 621 731 605 731 607 731 621 732 607 732 664 732 664 733 607 733 637 733 664 734 637 734 665 734 665 735 637 735 634 735 665 736 634 736 666 736 666 737 634 737 629 737 666 738 629 738 626 738 626 739 629 739 631 739 626 740 631 740 624 740 624 741 631 741 630 741 496 742 501 742 494 742 494 743 501 743 434 743 494 744 434 744 387 744 387 745 434 745 437 745 387 746 437 746 385 746 385 747 437 747 647 747 632 748 659 748 629 748 629 749 659 749 661 749 629 750 661 750 423 750 423 751 661 751 384 751 423 752 384 752 407 752 407 753 384 753 658 753 407 754 658 754 405 754 442 755 428 755 439 755 439 756 428 756 426 756 439 757 426 757 650 757 650 758 426 758 451 758 650 759 451 759 655 759 655 760 451 760 466 760 655 761 466 761 658 761 658 762 466 762 598 762 658 763 598 763 405 763 405 764 598 764 586 764 405 765 586 765 392 765 392 766 586 766 592 766 667 767 668 767 75 767 669 768 670 768 671 768 672 769 673 769 674 769 675 770 676 770 677 770 677 771 676 771 672 771 677 772 672 772 678 772 678 773 672 773 674 773 679 774 19 774 17 774 680 775 681 775 682 775 683 776 684 776 685 776 675 777 686 777 676 777 676 778 686 778 5 778 676 779 5 779 687 779 687 780 5 780 3 780 687 781 3 781 688 781 688 782 3 782 1 782 688 783 1 783 689 783 59 784 57 784 690 784 682 785 691 785 680 785 680 786 691 786 692 786 680 787 692 787 693 787 693 788 692 788 694 788 693 789 694 789 695 789 75 790 668 790 77 790 77 791 668 791 693 791 77 792 693 792 79 792 79 793 693 793 695 793 79 794 695 794 81 794 87 795 85 795 696 795 685 796 697 796 683 796 683 797 697 797 698 797 683 798 698 798 699 798 699 799 698 799 700 799 95 800 700 800 1 800 1 801 700 801 701 801 1 802 701 802 689 802 11 803 9 803 686 803 686 804 9 804 7 804 686 805 7 805 5 805 27 806 25 806 702 806 703 807 704 807 705 807 686 808 706 808 11 808 11 809 706 809 707 809 11 810 707 810 13 810 13 811 707 811 679 811 13 812 679 812 15 812 15 813 679 813 17 813 705 814 708 814 703 814 703 815 708 815 709 815 703 816 709 816 710 816 710 817 709 817 711 817 710 818 711 818 712 818 73 819 712 819 75 819 75 820 712 820 713 820 75 821 713 821 667 821 73 822 71 822 712 822 712 823 71 823 69 823 712 824 69 824 710 824 710 825 69 825 67 825 710 826 67 826 714 826 714 827 67 827 65 827 714 828 65 828 715 828 696 829 85 829 695 829 695 830 85 830 83 830 695 831 83 831 81 831 716 832 717 832 718 832 23 833 21 833 719 833 720 834 41 834 39 834 49 835 47 835 721 835 722 836 723 836 724 836 715 837 65 837 725 837 725 838 65 838 63 838 725 839 63 839 690 839 690 840 63 840 61 840 690 841 61 841 59 841 696 842 726 842 87 842 87 843 726 843 727 843 87 844 727 844 89 844 89 845 727 845 699 845 89 846 699 846 91 846 91 847 699 847 700 847 91 848 700 848 93 848 93 849 700 849 95 849 719 850 21 850 728 850 671 851 729 851 669 851 669 852 729 852 730 852 669 853 730 853 731 853 731 854 730 854 732 854 731 855 732 855 720 855 720 856 732 856 733 856 720 857 733 857 41 857 41 858 733 858 43 858 734 859 735 859 736 859 55 860 53 860 737 860 724 861 738 861 722 861 722 862 738 862 739 862 722 863 739 863 740 863 740 864 739 864 741 864 718 865 742 865 716 865 716 866 742 866 743 866 716 867 743 867 744 867 744 868 743 868 745 868 744 869 745 869 679 869 679 870 745 870 728 870 679 871 728 871 19 871 19 872 728 872 21 872 746 873 747 873 748 873 39 874 37 874 720 874 720 875 37 875 35 875 720 876 35 876 749 876 749 877 35 877 33 877 749 878 33 878 750 878 750 879 33 879 31 879 750 880 31 880 702 880 702 881 31 881 29 881 702 882 29 882 27 882 736 883 751 883 734 883 734 884 751 884 752 884 734 885 752 885 753 885 753 886 752 886 754 886 755 887 756 887 757 887 757 888 756 888 746 888 757 889 746 889 758 889 758 890 746 890 748 890 719 891 759 891 23 891 23 892 759 892 760 892 23 893 760 893 25 893 25 894 760 894 756 894 25 895 756 895 702 895 702 896 756 896 755 896 737 897 53 897 721 897 721 898 53 898 51 898 721 899 51 899 49 899 737 900 761 900 55 900 55 901 761 901 762 901 55 902 762 902 57 902 57 903 762 903 740 903 57 904 740 904 690 904 690 905 740 905 741 905 733 906 763 906 43 906 43 907 763 907 764 907 43 908 764 908 45 908 45 909 764 909 765 909 45 910 765 910 47 910 47 911 765 911 753 911 47 912 753 912 721 912 721 913 753 913 754 913 669 914 731 914 161 914 161 915 731 915 162 915 669 916 161 916 670 916 670 917 161 917 160 917 102 918 729 918 103 918 103 919 729 919 671 919 729 920 102 920 730 920 730 921 102 921 180 921 730 922 180 922 732 922 732 923 180 923 176 923 732 924 176 924 733 924 733 925 176 925 175 925 733 926 175 926 763 926 763 927 175 927 184 927 763 928 184 928 764 928 764 929 184 929 183 929 764 930 183 930 765 930 765 931 183 931 182 931 765 932 182 932 753 932 753 933 182 933 187 933 734 934 753 934 189 934 189 935 753 935 187 935 734 936 189 936 735 936 735 937 189 937 210 937 211 938 751 938 209 938 209 939 751 939 736 939 751 940 211 940 752 940 752 941 211 941 212 941 752 942 212 942 754 942 754 943 212 943 203 943 754 944 203 944 721 944 721 945 203 945 202 945 721 946 202 946 737 946 737 947 202 947 208 947 737 948 208 948 761 948 761 949 208 949 207 949 761 950 207 950 762 950 762 951 207 951 205 951 762 952 205 952 740 952 740 953 205 953 204 953 722 954 740 954 215 954 215 955 740 955 204 955 722 956 215 956 723 956 723 957 215 957 214 957 99 958 738 958 100 958 100 959 738 959 724 959 738 960 99 960 739 960 739 961 99 961 223 961 739 962 223 962 741 962 741 963 223 963 222 963 741 964 222 964 690 964 690 965 222 965 220 965 690 966 220 966 725 966 725 967 220 967 219 967 725 968 219 968 715 968 715 969 219 969 218 969 715 970 218 970 714 970 714 971 218 971 224 971 714 972 224 972 710 972 710 973 224 973 226 973 703 974 710 974 227 974 227 975 710 975 226 975 703 976 227 976 704 976 704 977 227 977 231 977 232 978 708 978 230 978 230 979 708 979 705 979 708 980 232 980 709 980 709 981 232 981 233 981 709 982 233 982 711 982 711 983 233 983 236 983 711 984 236 984 712 984 712 985 236 985 235 985 712 986 235 986 713 986 713 987 235 987 234 987 713 988 234 988 667 988 667 989 234 989 229 989 667 990 229 990 668 990 668 991 229 991 228 991 668 992 228 992 693 992 693 993 228 993 240 993 693 994 240 994 239 994 242 995 680 995 243 995 243 996 680 996 693 996 243 997 693 997 238 997 238 998 693 998 239 998 680 999 242 999 681 999 681 1000 242 1000 241 1000 246 1001 691 1001 247 1001 247 1002 691 1002 682 1002 691 1003 246 1003 692 1003 692 1004 246 1004 245 1004 692 1005 245 1005 694 1005 694 1006 245 1006 244 1006 694 1007 244 1007 695 1007 695 1008 244 1008 252 1008 695 1009 252 1009 696 1009 696 1010 252 1010 251 1010 696 1011 251 1011 726 1011 726 1012 251 1012 249 1012 726 1013 249 1013 727 1013 727 1014 249 1014 248 1014 727 1015 248 1015 699 1015 699 1016 248 1016 285 1016 699 1017 285 1017 683 1017 683 1018 285 1018 270 1018 683 1019 270 1019 276 1019 683 1020 276 1020 684 1020 684 1021 276 1021 274 1021 275 1022 697 1022 273 1022 273 1023 697 1023 685 1023 697 1024 275 1024 698 1024 698 1025 275 1025 277 1025 698 1026 277 1026 700 1026 700 1027 277 1027 278 1027 700 1028 278 1028 701 1028 701 1029 278 1029 282 1029 701 1030 282 1030 689 1030 689 1031 282 1031 259 1031 689 1032 259 1032 688 1032 688 1033 259 1033 254 1033 688 1034 254 1034 687 1034 687 1035 254 1035 253 1035 687 1036 253 1036 676 1036 676 1037 253 1037 256 1037 256 1038 299 1038 676 1038 676 1039 299 1039 301 1039 676 1040 301 1040 672 1040 672 1041 301 1041 288 1041 672 1042 288 1042 289 1042 672 1043 289 1043 673 1043 673 1044 289 1044 296 1044 297 1045 678 1045 295 1045 295 1046 678 1046 674 1046 678 1047 297 1047 677 1047 677 1048 297 1048 298 1048 677 1049 298 1049 675 1049 675 1050 298 1050 287 1050 675 1051 287 1051 686 1051 686 1052 287 1052 286 1052 686 1053 286 1053 706 1053 706 1054 286 1054 294 1054 706 1055 294 1055 707 1055 707 1056 294 1056 293 1056 707 1057 293 1057 679 1057 679 1058 293 1058 291 1058 679 1059 291 1059 744 1059 744 1060 291 1060 290 1060 744 1061 290 1061 716 1061 716 1062 290 1062 130 1062 716 1063 130 1063 110 1063 716 1064 110 1064 717 1064 717 1065 110 1065 114 1065 115 1066 742 1066 113 1066 113 1067 742 1067 718 1067 742 1068 115 1068 743 1068 743 1069 115 1069 116 1069 743 1070 116 1070 745 1070 745 1071 116 1071 109 1071 745 1072 109 1072 728 1072 728 1073 109 1073 108 1073 728 1074 108 1074 719 1074 719 1075 108 1075 123 1075 719 1076 123 1076 759 1076 759 1077 123 1077 107 1077 759 1078 107 1078 760 1078 760 1079 107 1079 106 1079 760 1080 106 1080 756 1080 756 1081 106 1081 307 1081 746 1082 756 1082 309 1082 309 1083 756 1083 307 1083 170 1084 747 1084 167 1084 167 1085 747 1085 746 1085 167 1086 746 1086 309 1086 171 1087 758 1087 169 1087 169 1088 758 1088 748 1088 758 1089 171 1089 757 1089 757 1090 171 1090 172 1090 757 1091 172 1091 755 1091 755 1092 172 1092 168 1092 755 1093 168 1093 702 1093 702 1094 168 1094 166 1094 702 1095 166 1095 750 1095 750 1096 166 1096 165 1096 750 1097 165 1097 749 1097 749 1098 165 1098 164 1098 749 1099 164 1099 720 1099 720 1100 164 1100 163 1100 720 1101 163 1101 731 1101 731 1102 163 1102 162 1102 717 1103 114 1103 766 1103 766 1104 114 1104 767 1104 766 1105 767 1105 768 1105 768 1106 767 1106 769 1106 768 1107 769 1107 770 1107 770 1108 769 1108 771 1108 770 1109 771 1109 772 1109 772 1110 771 1110 773 1110 772 1111 773 1111 774 1111 774 1112 773 1112 775 1112 776 1113 777 1113 778 1113 778 1114 777 1114 779 1114 778 1115 779 1115 780 1115 780 1116 779 1116 781 1116 780 1117 781 1117 782 1117 782 1118 781 1118 783 1118 782 1119 783 1119 784 1119 784 1120 783 1120 785 1120 784 1121 785 1121 718 1121 718 1122 785 1122 113 1122 772 1123 774 1123 776 1123 772 1124 776 1124 770 1124 770 1125 776 1125 778 1125 770 1126 778 1126 768 1126 768 1127 778 1127 780 1127 768 1128 780 1128 766 1128 766 1129 780 1129 782 1129 766 1130 782 1130 717 1130 717 1131 782 1131 784 1131 717 1132 784 1132 718 1132 777 1133 775 1133 773 1133 777 1134 773 1134 779 1134 779 1135 773 1135 771 1135 779 1136 771 1136 781 1136 781 1137 771 1137 769 1137 781 1138 769 1138 783 1138 783 1139 769 1139 767 1139 783 1140 767 1140 785 1140 785 1141 767 1141 114 1141 785 1142 114 1142 113 1142 786 1143 787 1143 788 1143 788 1144 787 1144 789 1144 788 1145 789 1145 790 1145 790 1146 789 1146 791 1146 790 1147 791 1147 792 1147 792 1148 791 1148 793 1148 792 1149 793 1149 794 1149 794 1150 793 1150 795 1150 794 1151 795 1151 796 1151 796 1152 795 1152 797 1152 796 1153 797 1153 798 1153 798 1154 797 1154 799 1154 798 1155 799 1155 800 1155 800 1156 799 1156 801 1156 800 1157 801 1157 802 1157 802 1158 801 1158 803 1158 802 1159 803 1159 804 1159 804 1160 803 1160 805 1160 804 1161 805 1161 806 1161 806 1162 805 1162 807 1162 806 1163 807 1163 808 1163 808 1164 807 1164 809 1164 808 1165 809 1165 810 1165 810 1166 809 1166 811 1166 810 1167 811 1167 786 1167 786 1168 811 1168 787 1168 812 1169 813 1169 814 1169 812 1170 814 1170 815 1170 815 1171 814 1171 816 1171 815 1172 816 1172 817 1172 817 1173 816 1173 818 1173 817 1174 818 1174 819 1174 819 1175 818 1175 820 1175 819 1176 820 1176 821 1176 821 1177 820 1177 822 1177 821 1178 822 1178 823 1178 823 1179 822 1179 824 1179 823 1180 824 1180 825 1180 825 1181 824 1181 826 1181 825 1182 826 1182 827 1182 827 1183 826 1183 828 1183 827 1184 828 1184 829 1184 829 1185 828 1185 830 1185 829 1186 830 1186 831 1186 831 1187 830 1187 832 1187 831 1188 832 1188 833 1188 802 1189 776 1189 800 1189 800 1190 776 1190 774 1190 800 1191 774 1191 798 1191 817 1192 792 1192 794 1192 817 1193 819 1193 792 1193 792 1194 819 1194 821 1194 792 1195 821 1195 790 1195 790 1196 821 1196 823 1196 790 1197 823 1197 788 1197 798 1198 774 1198 796 1198 796 1199 774 1199 812 1199 796 1200 812 1200 794 1200 794 1201 812 1201 815 1201 794 1202 815 1202 817 1202 802 1203 804 1203 776 1203 776 1204 804 1204 806 1204 776 1205 806 1205 833 1205 833 1206 806 1206 808 1206 833 1207 808 1207 831 1207 831 1208 808 1208 810 1208 831 1209 810 1209 829 1209 829 1210 810 1210 786 1210 829 1211 786 1211 827 1211 827 1212 786 1212 788 1212 827 1213 788 1213 825 1213 825 1214 788 1214 823 1214 775 1215 813 1215 774 1215 774 1216 813 1216 812 1216 807 1217 777 1217 809 1217 809 1218 777 1218 832 1218 809 1219 832 1219 811 1219 811 1220 832 1220 830 1220 811 1221 830 1221 787 1221 807 1222 805 1222 777 1222 777 1223 805 1223 803 1223 777 1224 803 1224 775 1224 830 1225 828 1225 787 1225 787 1226 828 1226 826 1226 787 1227 826 1227 789 1227 789 1228 826 1228 824 1228 789 1229 824 1229 791 1229 803 1230 801 1230 775 1230 775 1231 801 1231 799 1231 775 1232 799 1232 813 1232 813 1233 799 1233 797 1233 813 1234 797 1234 814 1234 814 1235 797 1235 795 1235 814 1236 795 1236 816 1236 816 1237 795 1237 793 1237 824 1238 822 1238 791 1238 791 1239 822 1239 820 1239 791 1240 820 1240 793 1240 793 1241 820 1241 818 1241 793 1242 818 1242 816 1242 776 1243 833 1243 777 1243 777 1244 833 1244 832 1244 673 1245 296 1245 834 1245 834 1246 296 1246 835 1246 834 1247 835 1247 836 1247 836 1248 835 1248 837 1248 836 1249 837 1249 838 1249 838 1250 837 1250 839 1250 838 1251 839 1251 840 1251 840 1252 839 1252 841 1252 840 1253 841 1253 842 1253 842 1254 841 1254 843 1254 844 1255 845 1255 846 1255 846 1256 845 1256 847 1256 846 1257 847 1257 848 1257 848 1258 847 1258 849 1258 848 1259 849 1259 850 1259 850 1260 849 1260 851 1260 850 1261 851 1261 852 1261 852 1262 851 1262 853 1262 852 1263 853 1263 674 1263 674 1264 853 1264 295 1264 840 1265 842 1265 844 1265 840 1266 844 1266 838 1266 838 1267 844 1267 846 1267 838 1268 846 1268 836 1268 836 1269 846 1269 848 1269 836 1270 848 1270 834 1270 834 1271 848 1271 850 1271 834 1272 850 1272 673 1272 673 1273 850 1273 852 1273 673 1274 852 1274 674 1274 845 1275 843 1275 841 1275 845 1276 841 1276 847 1276 847 1277 841 1277 839 1277 847 1278 839 1278 849 1278 849 1279 839 1279 837 1279 849 1280 837 1280 851 1280 851 1281 837 1281 835 1281 851 1282 835 1282 853 1282 853 1283 835 1283 296 1283 853 1284 296 1284 295 1284 854 1285 855 1285 856 1285 856 1286 855 1286 857 1286 856 1287 857 1287 858 1287 858 1288 857 1288 859 1288 858 1289 859 1289 860 1289 860 1290 859 1290 861 1290 860 1291 861 1291 862 1291 862 1292 861 1292 863 1292 862 1293 863 1293 864 1293 864 1294 863 1294 865 1294 864 1295 865 1295 866 1295 866 1296 865 1296 867 1296 866 1297 867 1297 868 1297 868 1298 867 1298 869 1298 868 1299 869 1299 870 1299 870 1300 869 1300 871 1300 870 1301 871 1301 872 1301 872 1302 871 1302 873 1302 872 1303 873 1303 874 1303 874 1304 873 1304 875 1304 874 1305 875 1305 876 1305 876 1306 875 1306 877 1306 876 1307 877 1307 878 1307 878 1308 877 1308 879 1308 878 1309 879 1309 854 1309 854 1310 879 1310 855 1310 880 1311 881 1311 882 1311 880 1312 882 1312 883 1312 883 1313 882 1313 884 1313 883 1314 884 1314 885 1314 885 1315 884 1315 886 1315 885 1316 886 1316 887 1316 887 1317 886 1317 888 1317 887 1318 888 1318 889 1318 889 1319 888 1319 890 1319 889 1320 890 1320 891 1320 891 1321 890 1321 892 1321 891 1322 892 1322 893 1322 893 1323 892 1323 894 1323 893 1324 894 1324 895 1324 895 1325 894 1325 896 1325 895 1326 896 1326 897 1326 897 1327 896 1327 898 1327 897 1328 898 1328 899 1328 899 1329 898 1329 900 1329 899 1330 900 1330 901 1330 866 1331 868 1331 842 1331 858 1332 897 1332 856 1332 856 1333 897 1333 899 1333 856 1334 899 1334 854 1334 854 1335 899 1335 901 1335 854 1336 901 1336 878 1336 878 1337 901 1337 844 1337 878 1338 844 1338 876 1338 860 1339 893 1339 858 1339 858 1340 893 1340 895 1340 858 1341 895 1341 897 1341 864 1342 887 1342 862 1342 862 1343 887 1343 889 1343 862 1344 889 1344 860 1344 860 1345 889 1345 891 1345 860 1346 891 1346 893 1346 842 1347 880 1347 866 1347 866 1348 880 1348 883 1348 866 1349 883 1349 864 1349 864 1350 883 1350 885 1350 864 1351 885 1351 887 1351 868 1352 870 1352 842 1352 842 1353 870 1353 872 1353 842 1354 872 1354 844 1354 844 1355 872 1355 874 1355 844 1356 874 1356 876 1356 843 1357 881 1357 842 1357 842 1358 881 1358 880 1358 879 1359 845 1359 855 1359 855 1360 845 1360 900 1360 855 1361 900 1361 857 1361 879 1362 877 1362 845 1362 845 1363 877 1363 875 1363 845 1364 875 1364 843 1364 843 1365 875 1365 873 1365 873 1366 871 1366 843 1366 843 1367 871 1367 869 1367 843 1368 869 1368 881 1368 881 1369 869 1369 867 1369 881 1370 867 1370 882 1370 882 1371 867 1371 865 1371 863 1372 886 1372 865 1372 865 1373 886 1373 884 1373 865 1374 884 1374 882 1374 859 1375 892 1375 861 1375 861 1376 892 1376 890 1376 861 1377 890 1377 863 1377 863 1378 890 1378 888 1378 863 1379 888 1379 886 1379 900 1380 898 1380 857 1380 857 1381 898 1381 896 1381 857 1382 896 1382 859 1382 859 1383 896 1383 894 1383 859 1384 894 1384 892 1384 844 1385 901 1385 845 1385 845 1386 901 1386 900 1386 684 1387 274 1387 902 1387 902 1388 274 1388 903 1388 902 1389 903 1389 904 1389 904 1390 903 1390 905 1390 904 1391 905 1391 906 1391 906 1392 905 1392 907 1392 906 1393 907 1393 908 1393 908 1394 907 1394 909 1394 908 1395 909 1395 910 1395 910 1396 909 1396 911 1396 912 1397 913 1397 914 1397 914 1398 913 1398 915 1398 914 1399 915 1399 916 1399 916 1400 915 1400 917 1400 916 1401 917 1401 918 1401 918 1402 917 1402 919 1402 918 1403 919 1403 920 1403 920 1404 919 1404 921 1404 920 1405 921 1405 685 1405 685 1406 921 1406 273 1406 908 1407 910 1407 912 1407 908 1408 912 1408 906 1408 906 1409 912 1409 914 1409 906 1410 914 1410 904 1410 904 1411 914 1411 916 1411 904 1412 916 1412 902 1412 902 1413 916 1413 918 1413 902 1414 918 1414 684 1414 684 1415 918 1415 920 1415 684 1416 920 1416 685 1416 913 1417 911 1417 909 1417 913 1418 909 1418 915 1418 915 1419 909 1419 907 1419 915 1420 907 1420 917 1420 917 1421 907 1421 905 1421 917 1422 905 1422 919 1422 919 1423 905 1423 903 1423 919 1424 903 1424 921 1424 921 1425 903 1425 274 1425 921 1426 274 1426 273 1426 922 1427 923 1427 924 1427 924 1428 923 1428 925 1428 924 1429 925 1429 926 1429 926 1430 925 1430 927 1430 926 1431 927 1431 928 1431 928 1432 927 1432 929 1432 928 1433 929 1433 930 1433 930 1434 929 1434 931 1434 930 1435 931 1435 932 1435 932 1436 931 1436 933 1436 932 1437 933 1437 934 1437 934 1438 933 1438 935 1438 934 1439 935 1439 936 1439 936 1440 935 1440 937 1440 936 1441 937 1441 938 1441 938 1442 937 1442 939 1442 938 1443 939 1443 940 1443 940 1444 939 1444 941 1444 940 1445 941 1445 942 1445 942 1446 941 1446 943 1446 942 1447 943 1447 944 1447 944 1448 943 1448 945 1448 944 1449 945 1449 946 1449 946 1450 945 1450 947 1450 946 1451 947 1451 922 1451 922 1452 947 1452 923 1452 948 1453 949 1453 950 1453 948 1454 950 1454 951 1454 951 1455 950 1455 952 1455 951 1456 952 1456 953 1456 953 1457 952 1457 954 1457 953 1458 954 1458 955 1458 955 1459 954 1459 956 1459 955 1460 956 1460 957 1460 957 1461 956 1461 958 1461 957 1462 958 1462 959 1462 959 1463 958 1463 960 1463 959 1464 960 1464 961 1464 961 1465 960 1465 962 1465 961 1466 962 1466 963 1466 963 1467 962 1467 964 1467 963 1468 964 1468 965 1468 965 1469 964 1469 966 1469 965 1470 966 1470 967 1470 967 1471 966 1471 968 1471 967 1472 968 1472 969 1472 932 1473 934 1473 955 1473 955 1474 934 1474 953 1474 953 1475 934 1475 936 1475 953 1476 936 1476 951 1476 910 1477 942 1477 912 1477 912 1478 942 1478 944 1478 955 1479 957 1479 932 1479 932 1480 957 1480 959 1480 932 1481 959 1481 930 1481 951 1482 936 1482 948 1482 948 1483 936 1483 938 1483 948 1484 938 1484 910 1484 910 1485 938 1485 940 1485 910 1486 940 1486 942 1486 959 1487 961 1487 930 1487 930 1488 961 1488 963 1488 930 1489 963 1489 928 1489 928 1490 963 1490 965 1490 928 1491 965 1491 926 1491 926 1492 965 1492 967 1492 926 1493 967 1493 924 1493 924 1494 967 1494 969 1494 924 1495 969 1495 922 1495 922 1496 969 1496 912 1496 922 1497 912 1497 946 1497 946 1498 912 1498 944 1498 911 1499 949 1499 910 1499 910 1500 949 1500 948 1500 935 1501 933 1501 956 1501 956 1502 933 1502 958 1502 958 1503 933 1503 931 1503 958 1504 931 1504 960 1504 956 1505 954 1505 935 1505 935 1506 954 1506 952 1506 935 1507 952 1507 937 1507 937 1508 952 1508 950 1508 937 1509 950 1509 939 1509 939 1510 950 1510 949 1510 939 1511 949 1511 941 1511 941 1512 949 1512 911 1512 941 1513 911 1513 943 1513 960 1514 931 1514 962 1514 962 1515 931 1515 929 1515 962 1516 929 1516 964 1516 943 1517 911 1517 945 1517 945 1518 911 1518 913 1518 945 1519 913 1519 947 1519 964 1520 929 1520 966 1520 966 1521 929 1521 927 1521 966 1522 927 1522 968 1522 968 1523 927 1523 925 1523 968 1524 925 1524 913 1524 913 1525 925 1525 923 1525 913 1526 923 1526 947 1526 912 1527 969 1527 913 1527 913 1528 969 1528 968 1528 681 1529 241 1529 970 1529 970 1530 241 1530 971 1530 970 1531 971 1531 972 1531 972 1532 971 1532 973 1532 972 1533 973 1533 974 1533 974 1534 973 1534 975 1534 974 1535 975 1535 976 1535 976 1536 975 1536 977 1536 976 1537 977 1537 978 1537 978 1538 977 1538 979 1538 980 1539 981 1539 982 1539 982 1540 981 1540 983 1540 982 1541 983 1541 984 1541 984 1542 983 1542 985 1542 984 1543 985 1543 986 1543 986 1544 985 1544 987 1544 986 1545 987 1545 988 1545 988 1546 987 1546 989 1546 988 1547 989 1547 682 1547 682 1548 989 1548 247 1548 976 1549 978 1549 980 1549 976 1550 980 1550 974 1550 974 1551 980 1551 982 1551 974 1552 982 1552 972 1552 972 1553 982 1553 984 1553 972 1554 984 1554 970 1554 970 1555 984 1555 986 1555 970 1556 986 1556 681 1556 681 1557 986 1557 988 1557 681 1558 988 1558 682 1558 981 1559 979 1559 977 1559 981 1560 977 1560 983 1560 983 1561 977 1561 975 1561 983 1562 975 1562 985 1562 985 1563 975 1563 973 1563 985 1564 973 1564 987 1564 987 1565 973 1565 971 1565 987 1566 971 1566 989 1566 989 1567 971 1567 241 1567 989 1568 241 1568 247 1568 990 1569 991 1569 992 1569 992 1570 991 1570 993 1570 992 1571 993 1571 994 1571 994 1572 993 1572 995 1572 994 1573 995 1573 996 1573 996 1574 995 1574 997 1574 996 1575 997 1575 998 1575 998 1576 997 1576 999 1576 998 1577 999 1577 1000 1577 1000 1578 999 1578 1001 1578 1000 1579 1001 1579 1002 1579 1002 1580 1001 1580 1003 1580 1002 1581 1003 1581 1004 1581 1004 1582 1003 1582 1005 1582 1004 1583 1005 1583 1006 1583 1006 1584 1005 1584 1007 1584 1006 1585 1007 1585 1008 1585 1008 1586 1007 1586 1009 1586 1008 1587 1009 1587 1010 1587 1010 1588 1009 1588 1011 1588 1010 1589 1011 1589 1012 1589 1012 1590 1011 1590 1013 1590 1012 1591 1013 1591 1014 1591 1014 1592 1013 1592 1015 1592 1014 1593 1015 1593 990 1593 990 1594 1015 1594 991 1594 1016 1595 1017 1595 1018 1595 1016 1596 1018 1596 1019 1596 1019 1597 1018 1597 1020 1597 1019 1598 1020 1598 1021 1598 1021 1599 1020 1599 1022 1599 1021 1600 1022 1600 1023 1600 1023 1601 1022 1601 1024 1601 1023 1602 1024 1602 1025 1602 1025 1603 1024 1603 1026 1603 1025 1604 1026 1604 1027 1604 1027 1605 1026 1605 1028 1605 1027 1606 1028 1606 1029 1606 1029 1607 1028 1607 1030 1607 1029 1608 1030 1608 1031 1608 1031 1609 1030 1609 1032 1609 1031 1610 1032 1610 1033 1610 1033 1611 1032 1611 1034 1611 1033 1612 1034 1612 1035 1612 1035 1613 1034 1613 1036 1613 1035 1614 1036 1614 1037 1614 1008 1615 1010 1615 978 1615 1002 1616 1029 1616 1000 1616 1000 1617 1029 1617 1031 1617 1000 1618 1031 1618 998 1618 1004 1619 1025 1619 1002 1619 1002 1620 1025 1620 1027 1620 1002 1621 1027 1621 1029 1621 978 1622 1016 1622 1008 1622 1008 1623 1016 1623 1019 1623 1008 1624 1019 1624 1006 1624 1006 1625 1019 1625 1021 1625 1006 1626 1021 1626 1004 1626 1004 1627 1021 1627 1023 1627 1004 1628 1023 1628 1025 1628 1010 1629 1012 1629 978 1629 978 1630 1012 1630 1014 1630 978 1631 1014 1631 980 1631 980 1632 1014 1632 990 1632 990 1633 992 1633 980 1633 980 1634 992 1634 994 1634 980 1635 994 1635 1037 1635 1037 1636 994 1636 996 1636 1037 1637 996 1637 1035 1637 1035 1638 996 1638 998 1638 1035 1639 998 1639 1033 1639 1033 1640 998 1640 1031 1640 979 1641 1017 1641 978 1641 978 1642 1017 1642 1016 1642 997 1643 995 1643 981 1643 1015 1644 979 1644 991 1644 991 1645 979 1645 981 1645 991 1646 981 1646 993 1646 993 1647 981 1647 995 1647 1015 1648 1013 1648 979 1648 979 1649 1013 1649 1011 1649 979 1650 1011 1650 1017 1650 1017 1651 1011 1651 1009 1651 1017 1652 1009 1652 1018 1652 1018 1653 1009 1653 1007 1653 981 1654 1036 1654 997 1654 997 1655 1036 1655 1034 1655 997 1656 1034 1656 999 1656 999 1657 1034 1657 1032 1657 999 1658 1032 1658 1001 1658 1003 1659 1024 1659 1005 1659 1005 1660 1024 1660 1022 1660 1005 1661 1022 1661 1007 1661 1007 1662 1022 1662 1020 1662 1007 1663 1020 1663 1018 1663 1032 1664 1030 1664 1001 1664 1001 1665 1030 1665 1028 1665 1001 1666 1028 1666 1003 1666 1003 1667 1028 1667 1026 1667 1003 1668 1026 1668 1024 1668 980 1669 1037 1669 981 1669 981 1670 1037 1670 1036 1670 704 1671 231 1671 1038 1671 1038 1672 231 1672 1039 1672 1038 1673 1039 1673 1040 1673 1040 1674 1039 1674 1041 1674 1040 1675 1041 1675 1042 1675 1042 1676 1041 1676 1043 1676 1042 1677 1043 1677 1044 1677 1044 1678 1043 1678 1045 1678 1044 1679 1045 1679 1046 1679 1046 1680 1045 1680 1047 1680 1048 1681 1049 1681 1050 1681 1050 1682 1049 1682 1051 1682 1050 1683 1051 1683 1052 1683 1052 1684 1051 1684 1053 1684 1052 1685 1053 1685 1054 1685 1054 1686 1053 1686 1055 1686 1054 1687 1055 1687 1056 1687 1056 1688 1055 1688 1057 1688 1056 1689 1057 1689 705 1689 705 1690 1057 1690 230 1690 1044 1691 1046 1691 1048 1691 1044 1692 1048 1692 1042 1692 1042 1693 1048 1693 1050 1693 1042 1694 1050 1694 1040 1694 1040 1695 1050 1695 1052 1695 1040 1696 1052 1696 1038 1696 1038 1697 1052 1697 1054 1697 1038 1698 1054 1698 704 1698 704 1699 1054 1699 1056 1699 704 1700 1056 1700 705 1700 1049 1701 1047 1701 1045 1701 1049 1702 1045 1702 1051 1702 1051 1703 1045 1703 1043 1703 1051 1704 1043 1704 1053 1704 1053 1705 1043 1705 1041 1705 1053 1706 1041 1706 1055 1706 1055 1707 1041 1707 1039 1707 1055 1708 1039 1708 1057 1708 1057 1709 1039 1709 231 1709 1057 1710 231 1710 230 1710 1058 1711 1059 1711 1060 1711 1060 1712 1059 1712 1061 1712 1060 1713 1061 1713 1062 1713 1062 1714 1061 1714 1063 1714 1062 1715 1063 1715 1064 1715 1064 1716 1063 1716 1065 1716 1064 1717 1065 1717 1066 1717 1066 1718 1065 1718 1067 1718 1066 1719 1067 1719 1068 1719 1068 1720 1067 1720 1069 1720 1068 1721 1069 1721 1070 1721 1070 1722 1069 1722 1071 1722 1070 1723 1071 1723 1072 1723 1072 1724 1071 1724 1073 1724 1072 1725 1073 1725 1074 1725 1074 1726 1073 1726 1075 1726 1074 1727 1075 1727 1076 1727 1076 1728 1075 1728 1077 1728 1076 1729 1077 1729 1078 1729 1078 1730 1077 1730 1079 1730 1078 1731 1079 1731 1080 1731 1080 1732 1079 1732 1081 1732 1080 1733 1081 1733 1082 1733 1082 1734 1081 1734 1083 1734 1082 1735 1083 1735 1058 1735 1058 1736 1083 1736 1059 1736 1084 1737 1085 1737 1086 1737 1084 1738 1086 1738 1087 1738 1087 1739 1086 1739 1088 1739 1087 1740 1088 1740 1089 1740 1089 1741 1088 1741 1090 1741 1089 1742 1090 1742 1091 1742 1091 1743 1090 1743 1092 1743 1091 1744 1092 1744 1093 1744 1093 1745 1092 1745 1094 1745 1093 1746 1094 1746 1095 1746 1095 1747 1094 1747 1096 1747 1095 1748 1096 1748 1097 1748 1097 1749 1096 1749 1098 1749 1097 1750 1098 1750 1099 1750 1099 1751 1098 1751 1100 1751 1099 1752 1100 1752 1101 1752 1101 1753 1100 1753 1102 1753 1101 1754 1102 1754 1103 1754 1103 1755 1102 1755 1104 1755 1103 1756 1104 1756 1105 1756 1074 1757 1095 1757 1072 1757 1072 1758 1095 1758 1097 1758 1072 1759 1097 1759 1070 1759 1078 1760 1080 1760 1084 1760 1084 1761 1080 1761 1046 1761 1060 1762 1048 1762 1058 1762 1058 1763 1048 1763 1046 1763 1058 1764 1046 1764 1082 1764 1082 1765 1046 1765 1080 1765 1097 1766 1099 1766 1070 1766 1070 1767 1099 1767 1101 1767 1070 1768 1101 1768 1068 1768 1068 1769 1101 1769 1103 1769 1068 1770 1103 1770 1066 1770 1066 1771 1103 1771 1105 1771 1066 1772 1105 1772 1064 1772 1064 1773 1105 1773 1048 1773 1064 1774 1048 1774 1062 1774 1062 1775 1048 1775 1060 1775 1084 1776 1087 1776 1078 1776 1078 1777 1087 1777 1089 1777 1078 1778 1089 1778 1076 1778 1076 1779 1089 1779 1091 1779 1076 1780 1091 1780 1074 1780 1074 1781 1091 1781 1093 1781 1074 1782 1093 1782 1095 1782 1047 1783 1085 1783 1046 1783 1046 1784 1085 1784 1084 1784 1065 1785 1063 1785 1049 1785 1049 1786 1063 1786 1061 1786 1049 1787 1061 1787 1047 1787 1069 1788 1100 1788 1071 1788 1071 1789 1100 1789 1098 1789 1071 1790 1098 1790 1073 1790 1065 1791 1049 1791 1067 1791 1067 1792 1049 1792 1104 1792 1067 1793 1104 1793 1069 1793 1069 1794 1104 1794 1102 1794 1069 1795 1102 1795 1100 1795 1077 1796 1088 1796 1079 1796 1079 1797 1088 1797 1086 1797 1079 1798 1086 1798 1081 1798 1081 1799 1086 1799 1085 1799 1081 1800 1085 1800 1083 1800 1083 1801 1085 1801 1047 1801 1083 1802 1047 1802 1059 1802 1059 1803 1047 1803 1061 1803 1098 1804 1096 1804 1073 1804 1073 1805 1096 1805 1094 1805 1073 1806 1094 1806 1075 1806 1075 1807 1094 1807 1092 1807 1075 1808 1092 1808 1077 1808 1077 1809 1092 1809 1090 1809 1077 1810 1090 1810 1088 1810 1048 1811 1105 1811 1049 1811 1049 1812 1105 1812 1104 1812 723 1813 214 1813 1106 1813 1106 1814 214 1814 1107 1814 1106 1815 1107 1815 1108 1815 1108 1816 1107 1816 1109 1816 1108 1817 1109 1817 1110 1817 1110 1818 1109 1818 1111 1818 1110 1819 1111 1819 1112 1819 1112 1820 1111 1820 1113 1820 1112 1821 1113 1821 1114 1821 1114 1822 1113 1822 1115 1822 1116 1823 1117 1823 1118 1823 1118 1824 1117 1824 1119 1824 1118 1825 1119 1825 1120 1825 1120 1826 1119 1826 1121 1826 1120 1827 1121 1827 1122 1827 1122 1828 1121 1828 1123 1828 1122 1829 1123 1829 1124 1829 1124 1830 1123 1830 1125 1830 1124 1831 1125 1831 724 1831 724 1832 1125 1832 100 1832 1112 1833 1114 1833 1116 1833 1112 1834 1116 1834 1110 1834 1110 1835 1116 1835 1118 1835 1110 1836 1118 1836 1108 1836 1108 1837 1118 1837 1120 1837 1108 1838 1120 1838 1106 1838 1106 1839 1120 1839 1122 1839 1106 1840 1122 1840 723 1840 723 1841 1122 1841 1124 1841 723 1842 1124 1842 724 1842 1117 1843 1115 1843 1113 1843 1117 1844 1113 1844 1119 1844 1119 1845 1113 1845 1111 1845 1119 1846 1111 1846 1121 1846 1121 1847 1111 1847 1109 1847 1121 1848 1109 1848 1123 1848 1107 1849 214 1849 101 1849 1109 1850 1107 1850 1123 1850 1123 1851 1107 1851 101 1851 1123 1852 101 1852 1125 1852 1125 1853 101 1853 100 1853 1126 1854 1127 1854 1128 1854 1128 1855 1127 1855 1129 1855 1128 1856 1129 1856 1130 1856 1130 1857 1129 1857 1131 1857 1130 1858 1131 1858 1132 1858 1132 1859 1131 1859 1133 1859 1132 1860 1133 1860 1134 1860 1134 1861 1133 1861 1135 1861 1134 1862 1135 1862 1136 1862 1136 1863 1135 1863 1137 1863 1136 1864 1137 1864 1138 1864 1138 1865 1137 1865 1139 1865 1138 1866 1139 1866 1140 1866 1140 1867 1139 1867 1141 1867 1140 1868 1141 1868 1142 1868 1142 1869 1141 1869 1143 1869 1142 1870 1143 1870 1144 1870 1144 1871 1143 1871 1145 1871 1144 1872 1145 1872 1146 1872 1146 1873 1145 1873 1147 1873 1146 1874 1147 1874 1148 1874 1148 1875 1147 1875 1149 1875 1148 1876 1149 1876 1150 1876 1150 1877 1149 1877 1151 1877 1150 1878 1151 1878 1126 1878 1126 1879 1151 1879 1127 1879 1152 1880 1153 1880 1154 1880 1152 1881 1154 1881 1155 1881 1155 1882 1154 1882 1156 1882 1155 1883 1156 1883 1157 1883 1157 1884 1156 1884 1158 1884 1157 1885 1158 1885 1159 1885 1159 1886 1158 1886 1160 1886 1159 1887 1160 1887 1161 1887 1161 1888 1160 1888 1162 1888 1161 1889 1162 1889 1163 1889 1163 1890 1162 1890 1164 1890 1163 1891 1164 1891 1165 1891 1165 1892 1164 1892 1166 1892 1165 1893 1166 1893 1167 1893 1167 1894 1166 1894 1168 1894 1167 1895 1168 1895 1169 1895 1169 1896 1168 1896 1170 1896 1169 1897 1170 1897 1171 1897 1171 1898 1170 1898 1172 1898 1171 1899 1172 1899 1173 1899 1140 1900 1142 1900 1167 1900 1114 1901 1128 1901 1130 1901 1167 1902 1142 1902 1165 1902 1165 1903 1142 1903 1144 1903 1165 1904 1144 1904 1163 1904 1114 1905 1130 1905 1116 1905 1130 1906 1132 1906 1116 1906 1116 1907 1132 1907 1134 1907 1116 1908 1134 1908 1173 1908 1163 1909 1144 1909 1161 1909 1161 1910 1144 1910 1146 1910 1161 1911 1146 1911 1159 1911 1159 1912 1146 1912 1157 1912 1157 1913 1146 1913 1148 1913 1157 1914 1148 1914 1155 1914 1155 1915 1148 1915 1150 1915 1155 1916 1150 1916 1152 1916 1152 1917 1150 1917 1114 1917 1114 1918 1150 1918 1126 1918 1114 1919 1126 1919 1128 1919 1134 1920 1136 1920 1173 1920 1173 1921 1136 1921 1138 1921 1173 1922 1138 1922 1171 1922 1171 1923 1138 1923 1140 1923 1171 1924 1140 1924 1169 1924 1169 1925 1140 1925 1167 1925 1115 1926 1153 1926 1114 1926 1114 1927 1153 1927 1152 1927 1149 1928 1147 1928 1158 1928 1158 1929 1147 1929 1160 1929 1160 1930 1147 1930 1145 1930 1160 1931 1145 1931 1162 1931 1162 1932 1145 1932 1164 1932 1164 1933 1145 1933 1143 1933 1164 1934 1143 1934 1166 1934 1166 1935 1143 1935 1168 1935 1168 1936 1143 1936 1141 1936 1168 1937 1141 1937 1170 1937 1170 1938 1141 1938 1139 1938 1170 1939 1139 1939 1172 1939 1172 1940 1139 1940 1137 1940 1172 1941 1137 1941 1117 1941 1131 1942 1115 1942 1133 1942 1133 1943 1115 1943 1117 1943 1133 1944 1117 1944 1135 1944 1135 1945 1117 1945 1137 1945 1131 1946 1129 1946 1115 1946 1115 1947 1129 1947 1127 1947 1115 1948 1127 1948 1153 1948 1153 1949 1127 1949 1151 1949 1153 1950 1151 1950 1154 1950 1154 1951 1151 1951 1149 1951 1154 1952 1149 1952 1156 1952 1156 1953 1149 1953 1158 1953 1116 1954 1173 1954 1117 1954 1117 1955 1173 1955 1172 1955 735 1956 210 1956 1174 1956 1174 1957 210 1957 1175 1957 1174 1958 1175 1958 1176 1958 1176 1959 1175 1959 1177 1959 1176 1960 1177 1960 1178 1960 1178 1961 1177 1961 1179 1961 1178 1962 1179 1962 1180 1962 1180 1963 1179 1963 1181 1963 1180 1964 1181 1964 1182 1964 1182 1965 1181 1965 1183 1965 1184 1966 1185 1966 1186 1966 1186 1967 1185 1967 1187 1967 1186 1968 1187 1968 1188 1968 1188 1969 1187 1969 1189 1969 1188 1970 1189 1970 1190 1970 1190 1971 1189 1971 1191 1971 1190 1972 1191 1972 1192 1972 1192 1973 1191 1973 1193 1973 1192 1974 1193 1974 736 1974 736 1975 1193 1975 209 1975 1180 1976 1182 1976 1184 1976 1180 1977 1184 1977 1178 1977 1178 1978 1184 1978 1186 1978 1178 1979 1186 1979 1176 1979 1176 1980 1186 1980 1188 1980 1176 1981 1188 1981 1174 1981 1174 1982 1188 1982 1190 1982 1174 1983 1190 1983 735 1983 735 1984 1190 1984 1192 1984 735 1985 1192 1985 736 1985 1185 1986 1183 1986 1181 1986 1185 1987 1181 1987 1187 1987 1187 1988 1181 1988 1179 1988 1187 1989 1179 1989 1189 1989 1189 1990 1179 1990 1177 1990 1189 1991 1177 1991 1191 1991 1191 1992 1177 1992 1175 1992 1191 1993 1175 1993 1193 1993 1193 1994 1175 1994 210 1994 1193 1995 210 1995 209 1995 1194 1996 1195 1996 1196 1996 1196 1997 1195 1997 1197 1997 1196 1998 1197 1998 1198 1998 1198 1999 1197 1999 1199 1999 1198 2000 1199 2000 1200 2000 1200 2001 1199 2001 1201 2001 1200 2002 1201 2002 1202 2002 1202 2003 1201 2003 1203 2003 1202 2004 1203 2004 1204 2004 1204 2005 1203 2005 1205 2005 1204 2006 1205 2006 1206 2006 1206 2007 1205 2007 1207 2007 1206 2008 1207 2008 1208 2008 1208 2009 1207 2009 1209 2009 1208 2010 1209 2010 1210 2010 1210 2011 1209 2011 1211 2011 1210 2012 1211 2012 1212 2012 1212 2013 1211 2013 1213 2013 1212 2014 1213 2014 1214 2014 1214 2015 1213 2015 1215 2015 1214 2016 1215 2016 1216 2016 1216 2017 1215 2017 1217 2017 1216 2018 1217 2018 1218 2018 1218 2019 1217 2019 1219 2019 1218 2020 1219 2020 1194 2020 1194 2021 1219 2021 1195 2021 1220 2022 1221 2022 1222 2022 1220 2023 1222 2023 1223 2023 1223 2024 1222 2024 1224 2024 1223 2025 1224 2025 1225 2025 1225 2026 1224 2026 1226 2026 1225 2027 1226 2027 1227 2027 1227 2028 1226 2028 1228 2028 1227 2029 1228 2029 1229 2029 1229 2030 1228 2030 1230 2030 1229 2031 1230 2031 1231 2031 1231 2032 1230 2032 1232 2032 1231 2033 1232 2033 1233 2033 1233 2034 1232 2034 1234 2034 1233 2035 1234 2035 1235 2035 1235 2036 1234 2036 1236 2036 1235 2037 1236 2037 1237 2037 1237 2038 1236 2038 1238 2038 1237 2039 1238 2039 1239 2039 1239 2040 1238 2040 1240 2040 1239 2041 1240 2041 1241 2041 1218 2042 1194 2042 1223 2042 1223 2043 1194 2043 1220 2043 1220 2044 1194 2044 1196 2044 1220 2045 1196 2045 1182 2045 1216 2046 1231 2046 1214 2046 1214 2047 1231 2047 1233 2047 1214 2048 1233 2048 1212 2048 1223 2049 1225 2049 1218 2049 1218 2050 1225 2050 1227 2050 1218 2051 1227 2051 1216 2051 1216 2052 1227 2052 1229 2052 1216 2053 1229 2053 1231 2053 1196 2054 1198 2054 1182 2054 1182 2055 1198 2055 1200 2055 1182 2056 1200 2056 1184 2056 1184 2057 1200 2057 1202 2057 1202 2058 1204 2058 1184 2058 1184 2059 1204 2059 1206 2059 1184 2060 1206 2060 1241 2060 1241 2061 1206 2061 1208 2061 1241 2062 1208 2062 1239 2062 1239 2063 1208 2063 1210 2063 1239 2064 1210 2064 1237 2064 1237 2065 1210 2065 1212 2065 1237 2066 1212 2066 1235 2066 1235 2067 1212 2067 1233 2067 1183 2068 1221 2068 1182 2068 1182 2069 1221 2069 1220 2069 1217 2070 1215 2070 1230 2070 1207 2071 1185 2071 1209 2071 1209 2072 1185 2072 1240 2072 1209 2073 1240 2073 1211 2073 1240 2074 1238 2074 1211 2074 1211 2075 1238 2075 1236 2075 1211 2076 1236 2076 1213 2076 1213 2077 1236 2077 1234 2077 1213 2078 1234 2078 1215 2078 1215 2079 1234 2079 1232 2079 1215 2080 1232 2080 1230 2080 1207 2081 1205 2081 1185 2081 1185 2082 1205 2082 1203 2082 1185 2083 1203 2083 1183 2083 1230 2084 1228 2084 1217 2084 1217 2085 1228 2085 1226 2085 1217 2086 1226 2086 1219 2086 1219 2087 1226 2087 1224 2087 1219 2088 1224 2088 1195 2088 1195 2089 1224 2089 1222 2089 1195 2090 1222 2090 1197 2090 1197 2091 1222 2091 1221 2091 1197 2092 1221 2092 1199 2092 1199 2093 1221 2093 1183 2093 1199 2094 1183 2094 1201 2094 1201 2095 1183 2095 1203 2095 1184 2096 1241 2096 1185 2096 1185 2097 1241 2097 1240 2097 670 2098 160 2098 1242 2098 1242 2099 160 2099 1243 2099 1242 2100 1243 2100 1244 2100 1244 2101 1243 2101 1245 2101 1244 2102 1245 2102 1246 2102 1246 2103 1245 2103 1247 2103 1246 2104 1247 2104 1248 2104 1248 2105 1247 2105 1249 2105 1248 2106 1249 2106 1250 2106 1250 2107 1249 2107 1251 2107 1252 2108 1253 2108 1254 2108 1254 2109 1253 2109 1255 2109 1254 2110 1255 2110 1256 2110 1256 2111 1255 2111 1257 2111 1256 2112 1257 2112 1258 2112 1258 2113 1257 2113 1259 2113 1258 2114 1259 2114 1260 2114 1260 2115 1259 2115 1261 2115 1260 2116 1261 2116 671 2116 671 2117 1261 2117 103 2117 1248 2118 1250 2118 1252 2118 1248 2119 1252 2119 1246 2119 1246 2120 1252 2120 1254 2120 1246 2121 1254 2121 1244 2121 1244 2122 1254 2122 1256 2122 1244 2123 1256 2123 1242 2123 1242 2124 1256 2124 1258 2124 1242 2125 1258 2125 670 2125 670 2126 1258 2126 1260 2126 670 2127 1260 2127 671 2127 1243 2128 1259 2128 1245 2128 1245 2129 1259 2129 1257 2129 1245 2130 1257 2130 1247 2130 1247 2131 1257 2131 1255 2131 1247 2132 1255 2132 1249 2132 1249 2133 1255 2133 1253 2133 1249 2134 1253 2134 1251 2134 1243 2135 160 2135 1259 2135 1259 2136 160 2136 104 2136 1259 2137 104 2137 1261 2137 1261 2138 104 2138 103 2138 1262 2139 1263 2139 1264 2139 1264 2140 1263 2140 1265 2140 1264 2141 1265 2141 1266 2141 1266 2142 1265 2142 1267 2142 1266 2143 1267 2143 1268 2143 1268 2144 1267 2144 1269 2144 1268 2145 1269 2145 1270 2145 1270 2146 1269 2146 1271 2146 1270 2147 1271 2147 1272 2147 1272 2148 1271 2148 1273 2148 1272 2149 1273 2149 1274 2149 1274 2150 1273 2150 1275 2150 1274 2151 1275 2151 1276 2151 1276 2152 1275 2152 1277 2152 1276 2153 1277 2153 1278 2153 1278 2154 1277 2154 1279 2154 1278 2155 1279 2155 1280 2155 1280 2156 1279 2156 1281 2156 1280 2157 1281 2157 1282 2157 1282 2158 1281 2158 1283 2158 1282 2159 1283 2159 1284 2159 1284 2160 1283 2160 1285 2160 1284 2161 1285 2161 1286 2161 1286 2162 1285 2162 1287 2162 1286 2163 1287 2163 1262 2163 1262 2164 1287 2164 1263 2164 1288 2165 1289 2165 1290 2165 1288 2166 1290 2166 1291 2166 1291 2167 1290 2167 1292 2167 1291 2168 1292 2168 1293 2168 1293 2169 1292 2169 1294 2169 1293 2170 1294 2170 1295 2170 1295 2171 1294 2171 1296 2171 1295 2172 1296 2172 1297 2172 1297 2173 1296 2173 1298 2173 1297 2174 1298 2174 1299 2174 1299 2175 1298 2175 1300 2175 1299 2176 1300 2176 1301 2176 1301 2177 1300 2177 1302 2177 1301 2178 1302 2178 1303 2178 1303 2179 1302 2179 1304 2179 1303 2180 1304 2180 1305 2180 1305 2181 1304 2181 1306 2181 1305 2182 1306 2182 1307 2182 1307 2183 1306 2183 1308 2183 1307 2184 1308 2184 1309 2184 1284 2185 1286 2185 1299 2185 1250 2186 1270 2186 1252 2186 1252 2187 1270 2187 1272 2187 1299 2188 1286 2188 1297 2188 1297 2189 1286 2189 1262 2189 1297 2190 1262 2190 1295 2190 1272 2191 1274 2191 1252 2191 1252 2192 1274 2192 1276 2192 1252 2193 1276 2193 1309 2193 1295 2194 1262 2194 1293 2194 1293 2195 1262 2195 1264 2195 1293 2196 1264 2196 1291 2196 1276 2197 1278 2197 1309 2197 1309 2198 1278 2198 1280 2198 1309 2199 1280 2199 1307 2199 1307 2200 1280 2200 1282 2200 1299 2201 1301 2201 1284 2201 1284 2202 1301 2202 1303 2202 1284 2203 1303 2203 1282 2203 1282 2204 1303 2204 1305 2204 1282 2205 1305 2205 1307 2205 1291 2206 1264 2206 1288 2206 1288 2207 1264 2207 1266 2207 1288 2208 1266 2208 1250 2208 1250 2209 1266 2209 1268 2209 1250 2210 1268 2210 1270 2210 1251 2211 1289 2211 1250 2211 1250 2212 1289 2212 1288 2212 1275 2213 1273 2213 1253 2213 1253 2214 1273 2214 1251 2214 1287 2215 1285 2215 1300 2215 1300 2216 1285 2216 1302 2216 1302 2217 1285 2217 1283 2217 1302 2218 1283 2218 1304 2218 1304 2219 1283 2219 1306 2219 1306 2220 1283 2220 1281 2220 1306 2221 1281 2221 1308 2221 1308 2222 1281 2222 1279 2222 1308 2223 1279 2223 1253 2223 1253 2224 1279 2224 1277 2224 1253 2225 1277 2225 1275 2225 1273 2226 1271 2226 1251 2226 1251 2227 1271 2227 1269 2227 1251 2228 1269 2228 1289 2228 1289 2229 1269 2229 1267 2229 1289 2230 1267 2230 1290 2230 1290 2231 1267 2231 1265 2231 1290 2232 1265 2232 1292 2232 1292 2233 1265 2233 1263 2233 1300 2234 1298 2234 1287 2234 1287 2235 1298 2235 1296 2235 1287 2236 1296 2236 1263 2236 1263 2237 1296 2237 1294 2237 1263 2238 1294 2238 1292 2238 1252 2239 1309 2239 1253 2239 1253 2240 1309 2240 1308 2240 747 2241 170 2241 1310 2241 1310 2242 170 2242 1311 2242 1310 2243 1311 2243 1312 2243 1312 2244 1311 2244 1313 2244 1312 2245 1313 2245 1314 2245 1314 2246 1313 2246 1315 2246 1314 2247 1315 2247 1316 2247 1316 2248 1315 2248 1317 2248 1316 2249 1317 2249 1318 2249 1318 2250 1317 2250 1319 2250 1320 2251 1321 2251 1322 2251 1322 2252 1321 2252 1323 2252 1322 2253 1323 2253 1324 2253 1324 2254 1323 2254 1325 2254 1324 2255 1325 2255 1326 2255 1326 2256 1325 2256 1327 2256 1326 2257 1327 2257 1328 2257 1328 2258 1327 2258 1329 2258 1328 2259 1329 2259 748 2259 748 2260 1329 2260 169 2260 1316 2261 1318 2261 1320 2261 1316 2262 1320 2262 1314 2262 1314 2263 1320 2263 1322 2263 1314 2264 1322 2264 1312 2264 1312 2265 1322 2265 1324 2265 1312 2266 1324 2266 1310 2266 1310 2267 1324 2267 1326 2267 1310 2268 1326 2268 747 2268 747 2269 1326 2269 1328 2269 747 2270 1328 2270 748 2270 1321 2271 1319 2271 1317 2271 1321 2272 1317 2272 1323 2272 1323 2273 1317 2273 1315 2273 1323 2274 1315 2274 1325 2274 1325 2275 1315 2275 1313 2275 1325 2276 1313 2276 1327 2276 1327 2277 1313 2277 1311 2277 1327 2278 1311 2278 1329 2278 1329 2279 1311 2279 170 2279 1329 2280 170 2280 169 2280 1330 2281 1331 2281 1332 2281 1332 2282 1331 2282 1333 2282 1332 2283 1333 2283 1334 2283 1334 2284 1333 2284 1335 2284 1334 2285 1335 2285 1336 2285 1336 2286 1335 2286 1337 2286 1336 2287 1337 2287 1338 2287 1338 2288 1337 2288 1339 2288 1338 2289 1339 2289 1340 2289 1340 2290 1339 2290 1341 2290 1340 2291 1341 2291 1342 2291 1342 2292 1341 2292 1343 2292 1342 2293 1343 2293 1344 2293 1344 2294 1343 2294 1345 2294 1344 2295 1345 2295 1346 2295 1346 2296 1345 2296 1347 2296 1346 2297 1347 2297 1348 2297 1348 2298 1347 2298 1349 2298 1348 2299 1349 2299 1350 2299 1350 2300 1349 2300 1351 2300 1350 2301 1351 2301 1352 2301 1352 2302 1351 2302 1353 2302 1352 2303 1353 2303 1354 2303 1354 2304 1353 2304 1355 2304 1354 2305 1355 2305 1330 2305 1330 2306 1355 2306 1331 2306 1356 2307 1357 2307 1358 2307 1356 2308 1358 2308 1359 2308 1359 2309 1358 2309 1360 2309 1359 2310 1360 2310 1361 2310 1361 2311 1360 2311 1362 2311 1361 2312 1362 2312 1363 2312 1363 2313 1362 2313 1364 2313 1363 2314 1364 2314 1365 2314 1365 2315 1364 2315 1366 2315 1365 2316 1366 2316 1367 2316 1367 2317 1366 2317 1368 2317 1367 2318 1368 2318 1369 2318 1369 2319 1368 2319 1370 2319 1369 2320 1370 2320 1371 2320 1371 2321 1370 2321 1372 2321 1371 2322 1372 2322 1373 2322 1373 2323 1372 2323 1374 2323 1373 2324 1374 2324 1375 2324 1375 2325 1374 2325 1376 2325 1375 2326 1376 2326 1377 2326 1318 2327 1342 2327 1320 2327 1320 2328 1342 2328 1344 2328 1334 2329 1336 2329 1359 2329 1359 2330 1336 2330 1356 2330 1356 2331 1336 2331 1338 2331 1356 2332 1338 2332 1318 2332 1318 2333 1338 2333 1340 2333 1318 2334 1340 2334 1342 2334 1359 2335 1361 2335 1334 2335 1334 2336 1361 2336 1363 2336 1334 2337 1363 2337 1332 2337 1332 2338 1363 2338 1365 2338 1332 2339 1365 2339 1330 2339 1344 2340 1346 2340 1320 2340 1320 2341 1346 2341 1348 2341 1320 2342 1348 2342 1377 2342 1377 2343 1348 2343 1350 2343 1377 2344 1350 2344 1375 2344 1375 2345 1350 2345 1352 2345 1375 2346 1352 2346 1373 2346 1373 2347 1352 2347 1354 2347 1365 2348 1367 2348 1330 2348 1330 2349 1367 2349 1369 2349 1330 2350 1369 2350 1354 2350 1354 2351 1369 2351 1371 2351 1354 2352 1371 2352 1373 2352 1319 2353 1357 2353 1318 2353 1318 2354 1357 2354 1356 2354 1355 2355 1368 2355 1331 2355 1331 2356 1368 2356 1366 2356 1331 2357 1366 2357 1333 2357 1353 2358 1372 2358 1355 2358 1355 2359 1372 2359 1370 2359 1355 2360 1370 2360 1368 2360 1349 2361 1321 2361 1351 2361 1351 2362 1321 2362 1376 2362 1351 2363 1376 2363 1353 2363 1353 2364 1376 2364 1374 2364 1353 2365 1374 2365 1372 2365 1349 2366 1347 2366 1321 2366 1321 2367 1347 2367 1345 2367 1321 2368 1345 2368 1319 2368 1345 2369 1343 2369 1319 2369 1319 2370 1343 2370 1341 2370 1319 2371 1341 2371 1357 2371 1357 2372 1341 2372 1339 2372 1357 2373 1339 2373 1358 2373 1358 2374 1339 2374 1337 2374 1358 2375 1337 2375 1360 2375 1360 2376 1337 2376 1335 2376 1360 2377 1335 2377 1362 2377 1362 2378 1335 2378 1333 2378 1362 2379 1333 2379 1364 2379 1364 2380 1333 2380 1366 2380 1320 2381 1377 2381 1321 2381 1321 2382 1377 2382 1376 2382 1412 2434 1415 2434 303 2434 1753 3308 1789 3308 330 3308 2326 4375 2327 4375 2328 4375 2329 4376 2330 4376 54 4376 2331 4377 2332 4377 2333 4377 2334 4378 2335 4378 2336 4378 54 4379 2330 4379 52 4379 82 4380 84 4380 2337 4380 2338 4381 2339 4381 2340 4381 2341 4382 2342 4382 88 4382 2343 4383 2344 4383 2345 4383 2345 4384 2344 4384 2338 4384 2345 4385 2338 4385 2346 4385 2346 4386 2338 4386 2340 4386 60 4387 62 4387 2347 4387 2348 4388 2349 4388 2336 4388 2336 4389 2349 4389 2350 4389 2336 4390 2350 4390 2334 4390 2351 4391 2352 4391 2353 4391 88 4392 2342 4392 86 4392 86 4393 2342 4393 2354 4393 86 4394 2354 4394 84 4394 84 4395 2354 4395 2355 4395 84 4396 2355 4396 2337 4396 66 4397 68 4397 2356 4397 2356 4398 68 4398 70 4398 2356 4399 70 4399 72 4399 2330 4400 2357 4400 52 4400 52 4401 2357 4401 2336 4401 52 4402 2336 4402 50 4402 50 4403 2336 4403 2335 4403 50 4404 2335 4404 2358 4404 2359 4405 2360 4405 2361 4405 28 4406 30 4406 2362 4406 2353 4407 2363 4407 2351 4407 2351 4408 2363 4408 2364 4408 2351 4409 2364 4409 2355 4409 2355 4410 2364 4410 2365 4410 2355 4411 2365 4411 2337 4411 2343 4412 2356 4412 2344 4412 2344 4413 2356 4413 72 4413 2344 4414 72 4414 2366 4414 2366 4415 72 4415 74 4415 2366 4416 74 4416 2367 4416 2367 4417 74 4417 76 4417 2367 4418 76 4418 2368 4418 2368 4419 76 4419 78 4419 2368 4420 78 4420 2337 4420 2337 4421 78 4421 80 4421 2337 4422 80 4422 82 4422 2369 4423 2370 4423 2371 4423 2356 4424 2372 4424 66 4424 66 4425 2372 4425 2373 4425 66 4426 2373 4426 64 4426 64 4427 2373 4427 2374 4427 64 4428 2374 4428 62 4428 62 4429 2374 4429 2375 4429 62 4430 2375 4430 2347 4430 2329 4431 54 4431 2376 4431 2376 4432 54 4432 56 4432 2376 4433 56 4433 2347 4433 2347 4434 56 4434 58 4434 2347 4435 58 4435 60 4435 2377 4436 36 4436 38 4436 2371 4437 2378 4437 2369 4437 2369 4438 2378 4438 2379 4438 2369 4439 2379 4439 2375 4439 2375 4440 2379 4440 2380 4440 2375 4441 2380 4441 2347 4441 38 4442 40 4442 2377 4442 2377 4443 40 4443 42 4443 2377 4444 42 4444 2381 4444 2381 4445 42 4445 44 4445 2381 4446 44 4446 2382 4446 2382 4447 44 4447 46 4447 2382 4448 46 4448 2358 4448 2358 4449 46 4449 48 4449 2358 4450 48 4450 50 4450 92 4451 94 4451 2383 4451 2361 4452 2384 4452 2359 4452 2359 4453 2384 4453 2385 4453 2359 4454 2385 4454 2386 4454 2386 4455 2385 4455 2387 4455 22 4456 24 4456 2388 4456 2389 4457 2390 4457 2391 4457 18 4458 20 4458 2392 4458 2328 4459 2393 4459 2326 4459 2326 4460 2393 4460 2394 4460 2326 4461 2394 4461 2395 4461 2395 4462 2394 4462 2396 4462 2341 4463 88 4463 2383 4463 2383 4464 88 4464 90 4464 2383 4465 90 4465 92 4465 2397 4466 2398 4466 2 4466 2391 4467 2399 4467 2389 4467 2389 4468 2399 4468 2400 4468 2389 4469 2400 4469 2401 4469 2401 4470 2400 4470 2402 4470 2401 4471 2402 4471 2377 4471 2377 4472 2402 4472 2403 4472 2377 4473 2403 4473 36 4473 36 4474 2403 4474 34 4474 2403 4475 2404 4475 34 4475 34 4476 2404 4476 2405 4476 34 4477 2405 4477 32 4477 32 4478 2405 4478 2406 4478 32 4479 2406 4479 30 4479 30 4480 2406 4480 2386 4480 30 4481 2386 4481 2362 4481 2362 4482 2386 4482 2387 4482 2333 4483 2407 4483 2331 4483 2331 4484 2407 4484 2408 4484 2331 4485 2408 4485 2409 4485 2409 4486 2408 4486 2410 4486 6 4487 8 4487 2411 4487 2388 4488 24 4488 2362 4488 2362 4489 24 4489 26 4489 2362 4490 26 4490 28 4490 2412 4491 2413 4491 2414 4491 2 4492 2398 4492 0 4492 0 4493 2398 4493 2415 4493 0 4494 2415 4494 94 4494 94 4495 2415 4495 2416 4495 94 4496 2416 4496 2383 4496 2414 4497 2417 4497 2412 4497 2412 4498 2417 4498 2418 4498 2412 4499 2418 4499 2416 4499 2416 4500 2418 4500 2419 4500 2416 4501 2419 4501 2383 4501 2388 4502 2420 4502 22 4502 22 4503 2420 4503 2421 4503 22 4504 2421 4504 20 4504 20 4505 2421 4505 2409 4505 20 4506 2409 4506 2392 4506 2392 4507 2409 4507 2410 4507 2397 4508 2 4508 2411 4508 2411 4509 2 4509 4 4509 2411 4510 4 4510 6 4510 2396 4511 2411 4511 2395 4511 2395 4512 2411 4512 8 4512 2395 4513 8 4513 2422 4513 2422 4514 8 4514 10 4514 2422 4515 10 4515 2423 4515 2423 4516 10 4516 12 4516 2423 4517 12 4517 2424 4517 2424 4518 12 4518 14 4518 2424 4519 14 4519 2392 4519 2392 4520 14 4520 16 4520 2392 4521 16 4521 18 4521 484 4522 2331 4522 483 4522 483 4523 2331 4523 2409 4523 483 4524 2409 4524 449 4524 2331 4525 484 4525 2332 4525 2332 4526 484 4526 487 4526 488 4527 2407 4527 486 4527 486 4528 2407 4528 2333 4528 2407 4529 488 4529 2408 4529 2408 4530 488 4530 489 4530 2408 4531 489 4531 2410 4531 2410 4532 489 4532 485 4532 2410 4533 485 4533 2392 4533 2392 4534 485 4534 482 4534 2392 4535 482 4535 2424 4535 2424 4536 482 4536 481 4536 2424 4537 481 4537 2423 4537 2423 4538 481 4538 493 4538 2423 4539 493 4539 2422 4539 2422 4540 493 4540 492 4540 2422 4541 492 4541 2395 4541 2395 4542 492 4542 491 4542 2326 4543 2395 4543 490 4543 490 4544 2395 4544 491 4544 2326 4545 490 4545 2327 4545 2327 4546 490 4546 498 4546 499 4547 2393 4547 497 4547 497 4548 2393 4548 2328 4548 2393 4549 499 4549 2394 4549 2394 4550 499 4550 500 4550 2394 4551 500 4551 2396 4551 2396 4552 500 4552 504 4552 2396 4553 504 4553 2411 4553 2411 4554 504 4554 503 4554 2411 4555 503 4555 2397 4555 2397 4556 503 4556 502 4556 2397 4557 502 4557 2398 4557 2398 4558 502 4558 501 4558 2398 4559 501 4559 2415 4559 2415 4560 501 4560 496 4560 2415 4561 496 4561 2416 4561 2416 4562 496 4562 495 4562 2412 4563 2416 4563 601 4563 601 4564 2416 4564 495 4564 510 4565 2413 4565 512 4565 512 4566 2413 4566 2412 4566 512 4567 2412 4567 601 4567 511 4568 2417 4568 509 4568 509 4569 2417 4569 2414 4569 2417 4570 511 4570 2418 4570 2418 4571 511 4571 513 4571 2418 4572 513 4572 2419 4572 2419 4573 513 4573 516 4573 2419 4574 516 4574 2383 4574 2383 4575 516 4575 515 4575 2383 4576 515 4576 2341 4576 2341 4577 515 4577 514 4577 2341 4578 514 4578 2342 4578 2342 4579 514 4579 508 4579 2342 4580 508 4580 2354 4580 2354 4581 508 4581 506 4581 2354 4582 506 4582 2355 4582 2355 4583 506 4583 505 4583 2351 4584 2355 4584 517 4584 517 4585 2355 4585 505 4585 2351 4586 517 4586 2352 4586 2352 4587 517 4587 388 4587 389 4588 2363 4588 390 4588 390 4589 2363 4589 2353 4589 2363 4590 389 4590 2364 4590 2364 4591 389 4591 391 4591 2364 4592 391 4592 2365 4592 2365 4593 391 4593 519 4593 2365 4594 519 4594 2337 4594 2337 4595 519 4595 524 4595 2337 4596 524 4596 2368 4596 2368 4597 524 4597 523 4597 2368 4598 523 4598 2367 4598 2367 4599 523 4599 521 4599 2367 4600 521 4600 2366 4600 2366 4601 521 4601 532 4601 2366 4602 532 4602 2344 4602 2344 4603 532 4603 539 4603 2338 4604 2344 4604 538 4604 538 4605 2344 4605 539 4605 556 4606 558 4606 2339 4606 2338 4607 538 4607 536 4607 2338 4608 536 4608 2339 4608 2339 4609 536 4609 552 4609 2339 4610 552 4610 556 4610 555 4611 2346 4611 557 4611 557 4612 2346 4612 2340 4612 2346 4613 555 4613 2345 4613 2345 4614 555 4614 554 4614 2345 4615 554 4615 2343 4615 2343 4616 554 4616 553 4616 2343 4617 553 4617 2356 4617 2356 4618 553 4618 551 4618 2356 4619 551 4619 2372 4619 2372 4620 551 4620 550 4620 2372 4621 550 4621 2373 4621 2373 4622 550 4622 548 4622 2373 4623 548 4623 2374 4623 2374 4624 548 4624 547 4624 2374 4625 547 4625 2375 4625 2375 4626 547 4626 561 4626 2369 4627 2375 4627 560 4627 560 4628 2375 4628 561 4628 2369 4629 560 4629 2370 4629 2370 4630 560 4630 559 4630 567 4631 2378 4631 566 4631 566 4632 2378 4632 2371 4632 2378 4633 567 4633 2379 4633 2379 4634 567 4634 568 4634 2379 4635 568 4635 2380 4635 2380 4636 568 4636 569 4636 2380 4637 569 4637 2347 4637 2347 4638 569 4638 570 4638 2347 4639 570 4639 2376 4639 2376 4640 570 4640 572 4640 2376 4641 572 4641 2329 4641 2329 4642 572 4642 574 4642 2329 4643 574 4643 2330 4643 2330 4644 574 4644 573 4644 2330 4645 573 4645 2357 4645 2357 4646 573 4646 576 4646 2336 4647 2357 4647 575 4647 575 4648 2357 4648 576 4648 2336 4649 575 4649 2348 4649 2348 4650 575 4650 397 4650 2348 4651 397 4651 411 4651 412 4652 2350 4652 410 4652 410 4653 2350 4653 2349 4653 2350 4654 412 4654 2334 4654 2334 4655 412 4655 413 4655 2334 4656 413 4656 2335 4656 2335 4657 413 4657 396 4657 2335 4658 396 4658 2358 4658 2358 4659 396 4659 395 4659 2358 4660 395 4660 2382 4660 2382 4661 395 4661 401 4661 2382 4662 401 4662 2381 4662 2381 4663 401 4663 400 4663 2381 4664 400 4664 2377 4664 2377 4665 400 4665 394 4665 2377 4666 394 4666 2401 4666 2401 4667 394 4667 393 4667 592 4668 2389 4668 392 4668 392 4669 2389 4669 2401 4669 392 4670 2401 4670 393 4670 2389 4671 592 4671 2390 4671 2390 4672 592 4672 590 4672 591 4673 2399 4673 589 4673 589 4674 2399 4674 2391 4674 2399 4675 591 4675 2400 4675 2400 4676 591 4676 593 4676 2400 4677 593 4677 2402 4677 2402 4678 593 4678 596 4678 2402 4679 596 4679 2403 4679 2403 4680 596 4680 595 4680 2403 4681 595 4681 2404 4681 2404 4682 595 4682 594 4682 2404 4683 594 4683 2405 4683 2405 4684 594 4684 588 4684 2405 4685 588 4685 2406 4685 2406 4686 588 4686 587 4686 2406 4687 587 4687 2386 4687 2386 4688 587 4688 600 4688 600 4689 599 4689 2386 4689 2386 4690 599 4690 597 4690 2386 4691 597 4691 2359 4691 2359 4692 597 4692 473 4692 2359 4693 473 4693 477 4693 2359 4694 477 4694 2360 4694 2360 4695 477 4695 475 4695 476 4696 2384 4696 474 4696 474 4697 2384 4697 2361 4697 2384 4698 476 4698 2385 4698 2385 4699 476 4699 478 4699 2385 4700 478 4700 2387 4700 2387 4701 478 4701 479 4701 2387 4702 479 4702 2362 4702 2362 4703 479 4703 480 4703 2362 4704 480 4704 2388 4704 2388 4705 480 4705 452 4705 2388 4706 452 4706 2420 4706 2420 4707 452 4707 459 4707 2420 4708 459 4708 2421 4708 2421 4709 459 4709 450 4709 2421 4710 450 4710 2409 4710 2409 4711 450 4711 449 4711 2390 4712 590 4712 2425 4712 2425 4713 590 4713 2426 4713 2425 4714 2426 4714 2427 4714 2427 4715 2426 4715 2428 4715 2427 4716 2428 4716 2429 4716 2429 4717 2428 4717 2430 4717 2429 4718 2430 4718 2431 4718 2431 4719 2430 4719 2432 4719 2431 4720 2432 4720 2433 4720 2433 4721 2432 4721 2434 4721 2435 4722 2436 4722 2437 4722 2437 4723 2436 4723 2438 4723 2437 4724 2438 4724 2439 4724 2439 4725 2438 4725 2440 4725 2439 4726 2440 4726 2441 4726 2441 4727 2440 4727 2442 4727 2441 4728 2442 4728 2443 4728 2443 4729 2442 4729 2444 4729 2443 4730 2444 4730 2391 4730 2391 4731 2444 4731 589 4731 2431 4732 2433 4732 2435 4732 2431 4733 2435 4733 2429 4733 2429 4734 2435 4734 2437 4734 2429 4735 2437 4735 2427 4735 2427 4736 2437 4736 2439 4736 2427 4737 2439 4737 2425 4737 2425 4738 2439 4738 2441 4738 2425 4739 2441 4739 2390 4739 2390 4740 2441 4740 2443 4740 2390 4741 2443 4741 2391 4741 2436 4742 2434 4742 2432 4742 2436 4743 2432 4743 2438 4743 2438 4744 2432 4744 2430 4744 2438 4745 2430 4745 2440 4745 2440 4746 2430 4746 2428 4746 2440 4747 2428 4747 2442 4747 2442 4748 2428 4748 2426 4748 2442 4749 2426 4749 2444 4749 2444 4750 2426 4750 590 4750 2444 4751 590 4751 589 4751 2445 4752 2446 4752 2447 4752 2447 4753 2446 4753 2448 4753 2447 4754 2448 4754 2449 4754 2449 4755 2448 4755 2450 4755 2449 4756 2450 4756 2451 4756 2451 4757 2450 4757 2452 4757 2451 4758 2452 4758 2453 4758 2453 4759 2452 4759 2454 4759 2453 4760 2454 4760 2455 4760 2455 4761 2454 4761 2456 4761 2455 4762 2456 4762 2457 4762 2457 4763 2456 4763 2458 4763 2457 4764 2458 4764 2459 4764 2459 4765 2458 4765 2460 4765 2459 4766 2460 4766 2461 4766 2461 4767 2460 4767 2462 4767 2461 4768 2462 4768 2463 4768 2463 4769 2462 4769 2464 4769 2463 4770 2464 4770 2465 4770 2465 4771 2464 4771 2466 4771 2465 4772 2466 4772 2467 4772 2467 4773 2466 4773 2468 4773 2467 4774 2468 4774 2469 4774 2469 4775 2468 4775 2470 4775 2469 4776 2470 4776 2445 4776 2445 4777 2470 4777 2446 4777 2471 4778 2472 4778 2473 4778 2471 4779 2473 4779 2474 4779 2474 4780 2473 4780 2475 4780 2474 4781 2475 4781 2476 4781 2476 4782 2475 4782 2477 4782 2476 4783 2477 4783 2478 4783 2478 4784 2477 4784 2479 4784 2478 4785 2479 4785 2480 4785 2480 4786 2479 4786 2481 4786 2480 4787 2481 4787 2482 4787 2482 4788 2481 4788 2483 4788 2482 4789 2483 4789 2484 4789 2484 4790 2483 4790 2485 4790 2484 4791 2485 4791 2486 4791 2486 4792 2485 4792 2487 4792 2486 4793 2487 4793 2488 4793 2488 4794 2487 4794 2489 4794 2488 4795 2489 4795 2490 4795 2490 4796 2489 4796 2491 4796 2490 4797 2491 4797 2492 4797 2451 4798 2480 4798 2449 4798 2449 4799 2480 4799 2482 4799 2449 4800 2482 4800 2447 4800 2461 4801 2435 4801 2459 4801 2459 4802 2435 4802 2433 4802 2459 4803 2433 4803 2457 4803 2461 4804 2463 4804 2435 4804 2435 4805 2463 4805 2465 4805 2435 4806 2465 4806 2492 4806 2492 4807 2465 4807 2467 4807 2492 4808 2467 4808 2490 4808 2490 4809 2467 4809 2469 4809 2490 4810 2469 4810 2488 4810 2488 4811 2469 4811 2445 4811 2488 4812 2445 4812 2486 4812 2486 4813 2445 4813 2447 4813 2486 4814 2447 4814 2484 4814 2484 4815 2447 4815 2482 4815 2453 4816 2476 4816 2451 4816 2451 4817 2476 4817 2478 4817 2451 4818 2478 4818 2480 4818 2457 4819 2433 4819 2455 4819 2455 4820 2433 4820 2471 4820 2455 4821 2471 4821 2453 4821 2453 4822 2471 4822 2474 4822 2453 4823 2474 4823 2476 4823 2434 4824 2472 4824 2433 4824 2433 4825 2472 4825 2471 4825 2446 4826 2485 4826 2448 4826 2448 4827 2485 4827 2483 4827 2448 4828 2483 4828 2450 4828 2466 4829 2436 4829 2468 4829 2468 4830 2436 4830 2491 4830 2468 4831 2491 4831 2470 4831 2470 4832 2491 4832 2489 4832 2470 4833 2489 4833 2446 4833 2446 4834 2489 4834 2487 4834 2446 4835 2487 4835 2485 4835 2434 4836 2458 4836 2472 4836 2472 4837 2458 4837 2456 4837 2472 4838 2456 4838 2473 4838 2473 4839 2456 4839 2454 4839 2473 4840 2454 4840 2475 4840 2475 4841 2454 4841 2452 4841 2483 4842 2481 4842 2450 4842 2450 4843 2481 4843 2479 4843 2450 4844 2479 4844 2452 4844 2452 4845 2479 4845 2477 4845 2452 4846 2477 4846 2475 4846 2466 4847 2464 4847 2436 4847 2436 4848 2464 4848 2462 4848 2436 4849 2462 4849 2434 4849 2434 4850 2462 4850 2460 4850 2434 4851 2460 4851 2458 4851 2435 4852 2492 4852 2436 4852 2436 4853 2492 4853 2491 4853 2348 4854 411 4854 2493 4854 2493 4855 411 4855 2494 4855 2493 4856 2494 4856 2495 4856 2495 4857 2494 4857 2496 4857 2495 4858 2496 4858 2497 4858 2497 4859 2496 4859 2498 4859 2497 4860 2498 4860 2499 4860 2499 4861 2498 4861 2500 4861 2499 4862 2500 4862 2501 4862 2501 4863 2500 4863 2502 4863 2503 4864 2504 4864 2505 4864 2505 4865 2504 4865 2506 4865 2505 4866 2506 4866 2507 4866 2507 4867 2506 4867 2508 4867 2507 4868 2508 4868 2509 4868 2509 4869 2508 4869 2510 4869 2509 4870 2510 4870 2511 4870 2511 4871 2510 4871 2512 4871 2511 4872 2512 4872 2349 4872 2349 4873 2512 4873 410 4873 2499 4874 2501 4874 2503 4874 2499 4875 2503 4875 2497 4875 2497 4876 2503 4876 2505 4876 2497 4877 2505 4877 2495 4877 2495 4878 2505 4878 2507 4878 2495 4879 2507 4879 2493 4879 2493 4880 2507 4880 2509 4880 2493 4881 2509 4881 2348 4881 2348 4882 2509 4882 2511 4882 2348 4883 2511 4883 2349 4883 2504 4884 2502 4884 2500 4884 2504 4885 2500 4885 2506 4885 2506 4886 2500 4886 2498 4886 2506 4887 2498 4887 2508 4887 2508 4888 2498 4888 2496 4888 2508 4889 2496 4889 2510 4889 2510 4890 2496 4890 2494 4890 2510 4891 2494 4891 2512 4891 2512 4892 2494 4892 411 4892 2512 4893 411 4893 410 4893 2513 4894 2514 4894 2515 4894 2515 4895 2514 4895 2516 4895 2515 4896 2516 4896 2517 4896 2517 4897 2516 4897 2518 4897 2517 4898 2518 4898 2519 4898 2519 4899 2518 4899 2520 4899 2519 4900 2520 4900 2521 4900 2521 4901 2520 4901 2522 4901 2521 4902 2522 4902 2523 4902 2523 4903 2522 4903 2524 4903 2523 4904 2524 4904 2525 4904 2525 4905 2524 4905 2526 4905 2525 4906 2526 4906 2527 4906 2527 4907 2526 4907 2528 4907 2527 4908 2528 4908 2529 4908 2529 4909 2528 4909 2530 4909 2529 4910 2530 4910 2531 4910 2531 4911 2530 4911 2532 4911 2531 4912 2532 4912 2533 4912 2533 4913 2532 4913 2534 4913 2533 4914 2534 4914 2535 4914 2535 4915 2534 4915 2536 4915 2535 4916 2536 4916 2537 4916 2537 4917 2536 4917 2538 4917 2537 4918 2538 4918 2513 4918 2513 4919 2538 4919 2514 4919 2539 4920 2540 4920 2541 4920 2539 4921 2541 4921 2542 4921 2542 4922 2541 4922 2543 4922 2542 4923 2543 4923 2544 4923 2544 4924 2543 4924 2545 4924 2544 4925 2545 4925 2546 4925 2546 4926 2545 4926 2547 4926 2546 4927 2547 4927 2548 4927 2548 4928 2547 4928 2549 4928 2548 4929 2549 4929 2550 4929 2550 4930 2549 4930 2551 4930 2550 4931 2551 4931 2552 4931 2552 4932 2551 4932 2553 4932 2552 4933 2553 4933 2554 4933 2554 4934 2553 4934 2555 4934 2554 4935 2555 4935 2556 4935 2556 4936 2555 4936 2557 4936 2556 4937 2557 4937 2558 4937 2558 4938 2557 4938 2559 4938 2558 4939 2559 4939 2560 4939 2525 4940 2527 4940 2501 4940 2517 4941 2556 4941 2515 4941 2515 4942 2556 4942 2558 4942 2515 4943 2558 4943 2513 4943 2513 4944 2558 4944 2560 4944 2513 4945 2560 4945 2537 4945 2537 4946 2560 4946 2503 4946 2537 4947 2503 4947 2535 4947 2523 4948 2546 4948 2521 4948 2521 4949 2546 4949 2548 4949 2521 4950 2548 4950 2519 4950 2527 4951 2529 4951 2501 4951 2501 4952 2529 4952 2531 4952 2501 4953 2531 4953 2503 4953 2503 4954 2531 4954 2533 4954 2503 4955 2533 4955 2535 4955 2548 4956 2550 4956 2519 4956 2519 4957 2550 4957 2552 4957 2519 4958 2552 4958 2517 4958 2517 4959 2552 4959 2554 4959 2517 4960 2554 4960 2556 4960 2501 4961 2539 4961 2525 4961 2525 4962 2539 4962 2542 4962 2525 4963 2542 4963 2523 4963 2523 4964 2542 4964 2544 4964 2523 4965 2544 4965 2546 4965 2502 4966 2540 4966 2501 4966 2501 4967 2540 4967 2539 4967 2518 4968 2551 4968 2520 4968 2520 4969 2551 4969 2549 4969 2520 4970 2549 4970 2522 4970 2538 4971 2504 4971 2514 4971 2514 4972 2504 4972 2559 4972 2514 4973 2559 4973 2516 4973 2524 4974 2541 4974 2526 4974 2526 4975 2541 4975 2540 4975 2526 4976 2540 4976 2528 4976 2528 4977 2540 4977 2502 4977 2528 4978 2502 4978 2530 4978 2549 4979 2547 4979 2522 4979 2522 4980 2547 4980 2545 4980 2522 4981 2545 4981 2524 4981 2524 4982 2545 4982 2543 4982 2524 4983 2543 4983 2541 4983 2538 4984 2536 4984 2504 4984 2504 4985 2536 4985 2534 4985 2504 4986 2534 4986 2502 4986 2502 4987 2534 4987 2532 4987 2502 4988 2532 4988 2530 4988 2559 4989 2557 4989 2516 4989 2516 4990 2557 4990 2555 4990 2516 4991 2555 4991 2518 4991 2518 4992 2555 4992 2553 4992 2518 4993 2553 4993 2551 4993 2503 4994 2560 4994 2504 4994 2504 4995 2560 4995 2559 4995 2370 4996 559 4996 2561 4996 2561 4997 559 4997 2562 4997 2561 4998 2562 4998 2563 4998 2563 4999 2562 4999 2564 4999 2563 5000 2564 5000 2565 5000 2565 5001 2564 5001 2566 5001 2565 5002 2566 5002 2567 5002 2567 5003 2566 5003 2568 5003 2567 5004 2568 5004 2569 5004 2569 5005 2568 5005 2570 5005 2571 5006 2572 5006 2573 5006 2573 5007 2572 5007 2574 5007 2573 5008 2574 5008 2575 5008 2575 5009 2574 5009 2576 5009 2575 5010 2576 5010 2577 5010 2577 5011 2576 5011 2578 5011 2577 5012 2578 5012 2579 5012 2579 5013 2578 5013 2580 5013 2579 5014 2580 5014 2371 5014 2371 5015 2580 5015 566 5015 2567 5016 2569 5016 2571 5016 2567 5017 2571 5017 2565 5017 2565 5018 2571 5018 2573 5018 2565 5019 2573 5019 2563 5019 2563 5020 2573 5020 2575 5020 2563 5021 2575 5021 2561 5021 2561 5022 2575 5022 2577 5022 2561 5023 2577 5023 2370 5023 2370 5024 2577 5024 2579 5024 2370 5025 2579 5025 2371 5025 2572 5026 2570 5026 2568 5026 2572 5027 2568 5027 2574 5027 2574 5028 2568 5028 2566 5028 2574 5029 2566 5029 2576 5029 2576 5030 2566 5030 2564 5030 2576 5031 2564 5031 2578 5031 2578 5032 2564 5032 2562 5032 2578 5033 2562 5033 2580 5033 2580 5034 2562 5034 559 5034 2580 5035 559 5035 566 5035 2581 5036 2582 5036 2583 5036 2583 5037 2582 5037 2584 5037 2583 5038 2584 5038 2585 5038 2585 5039 2584 5039 2586 5039 2585 5040 2586 5040 2587 5040 2587 5041 2586 5041 2588 5041 2587 5042 2588 5042 2589 5042 2589 5043 2588 5043 2590 5043 2589 5044 2590 5044 2591 5044 2591 5045 2590 5045 2592 5045 2591 5046 2592 5046 2593 5046 2593 5047 2592 5047 2594 5047 2593 5048 2594 5048 2595 5048 2595 5049 2594 5049 2596 5049 2595 5050 2596 5050 2597 5050 2597 5051 2596 5051 2598 5051 2597 5052 2598 5052 2599 5052 2599 5053 2598 5053 2600 5053 2599 5054 2600 5054 2601 5054 2601 5055 2600 5055 2602 5055 2601 5056 2602 5056 2603 5056 2603 5057 2602 5057 2604 5057 2603 5058 2604 5058 2605 5058 2605 5059 2604 5059 2606 5059 2605 5060 2606 5060 2581 5060 2581 5061 2606 5061 2582 5061 2607 5062 2608 5062 2609 5062 2607 5063 2609 5063 2610 5063 2610 5064 2609 5064 2611 5064 2610 5065 2611 5065 2612 5065 2612 5066 2611 5066 2613 5066 2612 5067 2613 5067 2614 5067 2614 5068 2613 5068 2615 5068 2614 5069 2615 5069 2616 5069 2616 5070 2615 5070 2617 5070 2616 5071 2617 5071 2618 5071 2618 5072 2617 5072 2619 5072 2618 5073 2619 5073 2620 5073 2620 5074 2619 5074 2621 5074 2620 5075 2621 5075 2622 5075 2622 5076 2621 5076 2623 5076 2622 5077 2623 5077 2624 5077 2624 5078 2623 5078 2625 5078 2624 5079 2625 5079 2626 5079 2626 5080 2625 5080 2627 5080 2626 5081 2627 5081 2628 5081 2603 5082 2571 5082 2601 5082 2601 5083 2571 5083 2569 5083 2601 5084 2569 5084 2599 5084 2595 5085 2612 5085 2593 5085 2593 5086 2612 5086 2614 5086 2593 5087 2614 5087 2591 5087 2599 5088 2569 5088 2597 5088 2597 5089 2569 5089 2607 5089 2597 5090 2607 5090 2595 5090 2595 5091 2607 5091 2610 5091 2595 5092 2610 5092 2612 5092 2603 5093 2605 5093 2571 5093 2571 5094 2605 5094 2581 5094 2571 5095 2581 5095 2628 5095 2628 5096 2581 5096 2583 5096 2628 5097 2583 5097 2626 5097 2626 5098 2583 5098 2585 5098 2626 5099 2585 5099 2624 5099 2624 5100 2585 5100 2587 5100 2624 5101 2587 5101 2622 5101 2622 5102 2587 5102 2589 5102 2614 5103 2616 5103 2591 5103 2591 5104 2616 5104 2618 5104 2591 5105 2618 5105 2589 5105 2589 5106 2618 5106 2620 5106 2589 5107 2620 5107 2622 5107 2570 5108 2608 5108 2569 5108 2569 5109 2608 5109 2607 5109 2590 5110 2588 5110 2621 5110 2582 5111 2572 5111 2584 5111 2584 5112 2572 5112 2627 5112 2584 5113 2627 5113 2586 5113 2586 5114 2627 5114 2625 5114 2586 5115 2625 5115 2588 5115 2588 5116 2625 5116 2623 5116 2588 5117 2623 5117 2621 5117 2582 5118 2606 5118 2572 5118 2572 5119 2606 5119 2604 5119 2572 5120 2604 5120 2570 5120 2604 5121 2602 5121 2570 5121 2570 5122 2602 5122 2600 5122 2570 5123 2600 5123 2608 5123 2608 5124 2600 5124 2598 5124 2608 5125 2598 5125 2609 5125 2609 5126 2598 5126 2596 5126 2609 5127 2596 5127 2611 5127 2611 5128 2596 5128 2594 5128 2621 5129 2619 5129 2590 5129 2590 5130 2619 5130 2617 5130 2590 5131 2617 5131 2592 5131 2592 5132 2617 5132 2615 5132 2592 5133 2615 5133 2594 5133 2594 5134 2615 5134 2613 5134 2594 5135 2613 5135 2611 5135 2571 5136 2628 5136 2572 5136 2572 5137 2628 5137 2627 5137 2339 5138 558 5138 2629 5138 2629 5139 558 5139 2630 5139 2629 5140 2630 5140 2631 5140 2631 5141 2630 5141 2632 5141 2631 5142 2632 5142 2633 5142 2633 5143 2632 5143 2634 5143 2633 5144 2634 5144 2635 5144 2635 5145 2634 5145 2636 5145 2635 5146 2636 5146 2637 5146 2637 5147 2636 5147 2638 5147 2639 5148 2640 5148 2641 5148 2641 5149 2640 5149 2642 5149 2641 5150 2642 5150 2643 5150 2643 5151 2642 5151 2644 5151 2643 5152 2644 5152 2645 5152 2645 5153 2644 5153 2646 5153 2645 5154 2646 5154 2647 5154 2647 5155 2646 5155 2648 5155 2647 5156 2648 5156 2340 5156 2340 5157 2648 5157 557 5157 2635 5158 2637 5158 2639 5158 2635 5159 2639 5159 2633 5159 2633 5160 2639 5160 2641 5160 2633 5161 2641 5161 2631 5161 2631 5162 2641 5162 2643 5162 2631 5163 2643 5163 2629 5163 2629 5164 2643 5164 2645 5164 2629 5165 2645 5165 2339 5165 2339 5166 2645 5166 2647 5166 2339 5167 2647 5167 2340 5167 2640 5168 2638 5168 2636 5168 2640 5169 2636 5169 2642 5169 2642 5170 2636 5170 2634 5170 2642 5171 2634 5171 2644 5171 2644 5172 2634 5172 2632 5172 2644 5173 2632 5173 2646 5173 2646 5174 2632 5174 2630 5174 2646 5175 2630 5175 2648 5175 2648 5176 2630 5176 558 5176 2648 5177 558 5177 557 5177 2649 5178 2650 5178 2651 5178 2651 5179 2650 5179 2652 5179 2651 5180 2652 5180 2653 5180 2653 5181 2652 5181 2654 5181 2653 5182 2654 5182 2655 5182 2655 5183 2654 5183 2656 5183 2655 5184 2656 5184 2657 5184 2657 5185 2656 5185 2658 5185 2657 5186 2658 5186 2659 5186 2659 5187 2658 5187 2660 5187 2659 5188 2660 5188 2661 5188 2661 5189 2660 5189 2662 5189 2661 5190 2662 5190 2663 5190 2663 5191 2662 5191 2664 5191 2663 5192 2664 5192 2665 5192 2665 5193 2664 5193 2666 5193 2665 5194 2666 5194 2667 5194 2667 5195 2666 5195 2668 5195 2667 5196 2668 5196 2669 5196 2669 5197 2668 5197 2670 5197 2669 5198 2670 5198 2671 5198 2671 5199 2670 5199 2672 5199 2671 5200 2672 5200 2673 5200 2673 5201 2672 5201 2674 5201 2673 5202 2674 5202 2649 5202 2649 5203 2674 5203 2650 5203 2675 5204 2676 5204 2677 5204 2675 5205 2677 5205 2678 5205 2678 5206 2677 5206 2679 5206 2678 5207 2679 5207 2680 5207 2680 5208 2679 5208 2681 5208 2680 5209 2681 5209 2682 5209 2682 5210 2681 5210 2683 5210 2682 5211 2683 5211 2684 5211 2684 5212 2683 5212 2685 5212 2684 5213 2685 5213 2686 5213 2686 5214 2685 5214 2687 5214 2686 5215 2687 5215 2688 5215 2688 5216 2687 5216 2689 5216 2688 5217 2689 5217 2690 5217 2690 5218 2689 5218 2691 5218 2690 5219 2691 5219 2692 5219 2692 5220 2691 5220 2693 5220 2692 5221 2693 5221 2694 5221 2694 5222 2693 5222 2695 5222 2694 5223 2695 5223 2696 5223 2661 5224 2663 5224 2684 5224 2667 5225 2678 5225 2665 5225 2665 5226 2678 5226 2680 5226 2665 5227 2680 5227 2663 5227 2663 5228 2680 5228 2682 5228 2663 5229 2682 5229 2684 5229 2669 5230 2637 5230 2667 5230 2667 5231 2637 5231 2675 5231 2667 5232 2675 5232 2678 5232 2669 5233 2671 5233 2637 5233 2637 5234 2671 5234 2673 5234 2637 5235 2673 5235 2639 5235 2639 5236 2673 5236 2649 5236 2649 5237 2651 5237 2639 5237 2639 5238 2651 5238 2653 5238 2639 5239 2653 5239 2696 5239 2696 5240 2653 5240 2655 5240 2696 5241 2655 5241 2694 5241 2694 5242 2655 5242 2657 5242 2684 5243 2686 5243 2661 5243 2661 5244 2686 5244 2688 5244 2661 5245 2688 5245 2659 5245 2659 5246 2688 5246 2690 5246 2659 5247 2690 5247 2657 5247 2657 5248 2690 5248 2692 5248 2657 5249 2692 5249 2694 5249 2638 5250 2676 5250 2637 5250 2637 5251 2676 5251 2675 5251 2660 5252 2658 5252 2691 5252 2674 5253 2638 5253 2650 5253 2650 5254 2638 5254 2640 5254 2650 5255 2640 5255 2652 5255 2691 5256 2658 5256 2693 5256 2693 5257 2658 5257 2656 5257 2693 5258 2656 5258 2695 5258 2674 5259 2672 5259 2638 5259 2638 5260 2672 5260 2670 5260 2638 5261 2670 5261 2676 5261 2676 5262 2670 5262 2668 5262 2676 5263 2668 5263 2677 5263 2677 5264 2668 5264 2666 5264 2662 5265 2683 5265 2664 5265 2664 5266 2683 5266 2681 5266 2664 5267 2681 5267 2666 5267 2666 5268 2681 5268 2679 5268 2666 5269 2679 5269 2677 5269 2691 5270 2689 5270 2660 5270 2660 5271 2689 5271 2687 5271 2660 5272 2687 5272 2662 5272 2662 5273 2687 5273 2685 5273 2662 5274 2685 5274 2683 5274 2695 5275 2656 5275 2640 5275 2640 5276 2656 5276 2654 5276 2640 5277 2654 5277 2652 5277 2639 5278 2696 5278 2640 5278 2640 5279 2696 5279 2695 5279 2352 5280 388 5280 2697 5280 2697 5281 388 5281 2698 5281 2697 5282 2698 5282 2699 5282 2699 5283 2698 5283 2700 5283 2699 5284 2700 5284 2701 5284 2701 5285 2700 5285 2702 5285 2701 5286 2702 5286 2703 5286 2703 5287 2702 5287 2704 5287 2703 5288 2704 5288 2705 5288 2705 5289 2704 5289 2706 5289 2707 5290 2708 5290 2709 5290 2709 5291 2708 5291 2710 5291 2709 5292 2710 5292 2711 5292 2711 5293 2710 5293 2712 5293 2711 5294 2712 5294 2713 5294 2713 5295 2712 5295 2714 5295 2713 5296 2714 5296 2715 5296 2715 5297 2714 5297 2716 5297 2715 5298 2716 5298 2353 5298 2353 5299 2716 5299 390 5299 2703 5300 2705 5300 2707 5300 2703 5301 2707 5301 2701 5301 2701 5302 2707 5302 2709 5302 2701 5303 2709 5303 2699 5303 2699 5304 2709 5304 2711 5304 2699 5305 2711 5305 2697 5305 2697 5306 2711 5306 2713 5306 2697 5307 2713 5307 2352 5307 2352 5308 2713 5308 2715 5308 2352 5309 2715 5309 2353 5309 2708 5310 2706 5310 2704 5310 2708 5311 2704 5311 2710 5311 2710 5312 2704 5312 2702 5312 2710 5313 2702 5313 2712 5313 2712 5314 2702 5314 2700 5314 2712 5315 2700 5315 2714 5315 2714 5316 2700 5316 2698 5316 2714 5317 2698 5317 2716 5317 2716 5318 2698 5318 388 5318 2716 5319 388 5319 390 5319 2717 5320 2718 5320 2719 5320 2719 5321 2718 5321 2720 5321 2719 5322 2720 5322 2721 5322 2721 5323 2720 5323 2722 5323 2721 5324 2722 5324 2723 5324 2723 5325 2722 5325 2724 5325 2723 5326 2724 5326 2725 5326 2725 5327 2724 5327 2726 5327 2725 5328 2726 5328 2727 5328 2727 5329 2726 5329 2728 5329 2727 5330 2728 5330 2729 5330 2729 5331 2728 5331 2730 5331 2729 5332 2730 5332 2731 5332 2731 5333 2730 5333 2732 5333 2731 5334 2732 5334 2733 5334 2733 5335 2732 5335 2734 5335 2733 5336 2734 5336 2735 5336 2735 5337 2734 5337 2736 5337 2735 5338 2736 5338 2737 5338 2737 5339 2736 5339 2738 5339 2737 5340 2738 5340 2739 5340 2739 5341 2738 5341 2740 5341 2739 5342 2740 5342 2741 5342 2741 5343 2740 5343 2742 5343 2741 5344 2742 5344 2717 5344 2717 5345 2742 5345 2718 5345 2743 5346 2744 5346 2745 5346 2743 5347 2745 5347 2746 5347 2746 5348 2745 5348 2747 5348 2746 5349 2747 5349 2748 5349 2748 5350 2747 5350 2749 5350 2748 5351 2749 5351 2750 5351 2750 5352 2749 5352 2751 5352 2750 5353 2751 5353 2752 5353 2752 5354 2751 5354 2753 5354 2752 5355 2753 5355 2754 5355 2754 5356 2753 5356 2755 5356 2754 5357 2755 5357 2756 5357 2756 5358 2755 5358 2757 5358 2756 5359 2757 5359 2758 5359 2758 5360 2757 5360 2759 5360 2758 5361 2759 5361 2760 5361 2760 5362 2759 5362 2761 5362 2760 5363 2761 5363 2762 5363 2762 5364 2761 5364 2763 5364 2762 5365 2763 5365 2764 5365 2729 5366 2731 5366 2756 5366 2719 5367 2707 5367 2717 5367 2717 5368 2707 5368 2705 5368 2756 5369 2731 5369 2754 5369 2754 5370 2731 5370 2733 5370 2754 5371 2733 5371 2752 5371 2752 5372 2733 5372 2750 5372 2750 5373 2733 5373 2735 5373 2750 5374 2735 5374 2748 5374 2748 5375 2735 5375 2737 5375 2748 5376 2737 5376 2746 5376 2746 5377 2737 5377 2743 5377 2743 5378 2737 5378 2739 5378 2743 5379 2739 5379 2705 5379 2705 5380 2739 5380 2741 5380 2705 5381 2741 5381 2717 5381 2719 5382 2721 5382 2707 5382 2707 5383 2721 5383 2723 5383 2707 5384 2723 5384 2764 5384 2764 5385 2723 5385 2725 5385 2764 5386 2725 5386 2762 5386 2762 5387 2725 5387 2727 5387 2762 5388 2727 5388 2760 5388 2760 5389 2727 5389 2729 5389 2760 5390 2729 5390 2758 5390 2758 5391 2729 5391 2756 5391 2706 5392 2744 5392 2705 5392 2705 5393 2744 5393 2743 5393 2724 5394 2722 5394 2708 5394 2708 5395 2722 5395 2720 5395 2708 5396 2720 5396 2706 5396 2724 5397 2708 5397 2726 5397 2726 5398 2708 5398 2763 5398 2726 5399 2763 5399 2728 5399 2720 5400 2718 5400 2706 5400 2706 5401 2718 5401 2742 5401 2706 5402 2742 5402 2744 5402 2744 5403 2742 5403 2740 5403 2744 5404 2740 5404 2745 5404 2745 5405 2740 5405 2738 5405 2745 5406 2738 5406 2747 5406 2747 5407 2738 5407 2736 5407 2732 5408 2753 5408 2734 5408 2734 5409 2753 5409 2751 5409 2734 5410 2751 5410 2736 5410 2736 5411 2751 5411 2749 5411 2736 5412 2749 5412 2747 5412 2763 5413 2761 5413 2728 5413 2728 5414 2761 5414 2759 5414 2728 5415 2759 5415 2730 5415 2730 5416 2759 5416 2757 5416 2730 5417 2757 5417 2732 5417 2732 5418 2757 5418 2755 5418 2732 5419 2755 5419 2753 5419 2707 5420 2764 5420 2708 5420 2708 5421 2764 5421 2763 5421 2413 5422 510 5422 2765 5422 2765 5423 510 5423 2766 5423 2765 5424 2766 5424 2767 5424 2767 5425 2766 5425 2768 5425 2767 5426 2768 5426 2769 5426 2769 5427 2768 5427 2770 5427 2769 5428 2770 5428 2771 5428 2771 5429 2770 5429 2772 5429 2771 5430 2772 5430 2773 5430 2773 5431 2772 5431 2774 5431 2775 5432 2776 5432 2777 5432 2777 5433 2776 5433 2778 5433 2777 5434 2778 5434 2779 5434 2779 5435 2778 5435 2780 5435 2779 5436 2780 5436 2781 5436 2781 5437 2780 5437 2782 5437 2781 5438 2782 5438 2783 5438 2783 5439 2782 5439 2784 5439 2783 5440 2784 5440 2414 5440 2414 5441 2784 5441 509 5441 2771 5442 2773 5442 2775 5442 2771 5443 2775 5443 2769 5443 2769 5444 2775 5444 2777 5444 2769 5445 2777 5445 2767 5445 2767 5446 2777 5446 2779 5446 2767 5447 2779 5447 2765 5447 2765 5448 2779 5448 2781 5448 2765 5449 2781 5449 2413 5449 2413 5450 2781 5450 2783 5450 2413 5451 2783 5451 2414 5451 2776 5452 2774 5452 2772 5452 2776 5453 2772 5453 2778 5453 2778 5454 2772 5454 2770 5454 2778 5455 2770 5455 2780 5455 2780 5456 2770 5456 2768 5456 2780 5457 2768 5457 2782 5457 2782 5458 2768 5458 2766 5458 2782 5459 2766 5459 2784 5459 2784 5460 2766 5460 510 5460 2784 5461 510 5461 509 5461 2785 5462 2786 5462 2787 5462 2787 5463 2786 5463 2788 5463 2787 5464 2788 5464 2789 5464 2789 5465 2788 5465 2790 5465 2789 5466 2790 5466 2791 5466 2791 5467 2790 5467 2792 5467 2791 5468 2792 5468 2793 5468 2793 5469 2792 5469 2794 5469 2793 5470 2794 5470 2795 5470 2795 5471 2794 5471 2796 5471 2795 5472 2796 5472 2797 5472 2797 5473 2796 5473 2798 5473 2797 5474 2798 5474 2799 5474 2799 5475 2798 5475 2800 5475 2799 5476 2800 5476 2801 5476 2801 5477 2800 5477 2802 5477 2801 5478 2802 5478 2803 5478 2803 5479 2802 5479 2804 5479 2803 5480 2804 5480 2805 5480 2805 5481 2804 5481 2806 5481 2805 5482 2806 5482 2807 5482 2807 5483 2806 5483 2808 5483 2807 5484 2808 5484 2809 5484 2809 5485 2808 5485 2810 5485 2809 5486 2810 5486 2785 5486 2785 5487 2810 5487 2786 5487 2811 5488 2812 5488 2813 5488 2811 5489 2813 5489 2814 5489 2814 5490 2813 5490 2815 5490 2814 5491 2815 5491 2816 5491 2816 5492 2815 5492 2817 5492 2816 5493 2817 5493 2818 5493 2818 5494 2817 5494 2819 5494 2818 5495 2819 5495 2820 5495 2820 5496 2819 5496 2821 5496 2820 5497 2821 5497 2822 5497 2822 5498 2821 5498 2823 5498 2822 5499 2823 5499 2824 5499 2824 5500 2823 5500 2825 5500 2824 5501 2825 5501 2826 5501 2826 5502 2825 5502 2827 5502 2826 5503 2827 5503 2828 5503 2828 5504 2827 5504 2829 5504 2828 5505 2829 5505 2830 5505 2830 5506 2829 5506 2831 5506 2830 5507 2831 5507 2832 5507 2805 5508 2807 5508 2816 5508 2832 5509 2775 5509 2793 5509 2816 5510 2807 5510 2814 5510 2814 5511 2807 5511 2809 5511 2814 5512 2809 5512 2811 5512 2787 5513 2789 5513 2773 5513 2803 5514 2824 5514 2801 5514 2801 5515 2824 5515 2826 5515 2801 5516 2826 5516 2799 5516 2816 5517 2818 5517 2805 5517 2805 5518 2818 5518 2820 5518 2805 5519 2820 5519 2803 5519 2803 5520 2820 5520 2822 5520 2803 5521 2822 5521 2824 5521 2773 5522 2789 5522 2775 5522 2775 5523 2789 5523 2791 5523 2775 5524 2791 5524 2793 5524 2793 5525 2795 5525 2832 5525 2832 5526 2795 5526 2797 5526 2832 5527 2797 5527 2830 5527 2830 5528 2797 5528 2799 5528 2830 5529 2799 5529 2828 5529 2828 5530 2799 5530 2826 5530 2811 5531 2809 5531 2773 5531 2773 5532 2809 5532 2785 5532 2773 5533 2785 5533 2787 5533 2774 5534 2812 5534 2773 5534 2773 5535 2812 5535 2811 5535 2804 5536 2819 5536 2806 5536 2806 5537 2819 5537 2817 5537 2806 5538 2817 5538 2808 5538 2790 5539 2774 5539 2792 5539 2792 5540 2774 5540 2776 5540 2792 5541 2776 5541 2794 5541 2790 5542 2788 5542 2774 5542 2774 5543 2788 5543 2786 5543 2774 5544 2786 5544 2812 5544 2812 5545 2786 5545 2810 5545 2812 5546 2810 5546 2813 5546 2813 5547 2810 5547 2808 5547 2813 5548 2808 5548 2815 5548 2815 5549 2808 5549 2817 5549 2802 5550 2823 5550 2804 5550 2804 5551 2823 5551 2821 5551 2804 5552 2821 5552 2819 5552 2794 5553 2776 5553 2796 5553 2796 5554 2776 5554 2831 5554 2796 5555 2831 5555 2798 5555 2798 5556 2831 5556 2829 5556 2798 5557 2829 5557 2800 5557 2800 5558 2829 5558 2827 5558 2800 5559 2827 5559 2802 5559 2802 5560 2827 5560 2825 5560 2802 5561 2825 5561 2823 5561 2775 5562 2832 5562 2776 5562 2776 5563 2832 5563 2831 5563 2327 5564 498 5564 2833 5564 2833 5565 498 5565 2834 5565 2833 5566 2834 5566 2835 5566 2835 5567 2834 5567 2836 5567 2835 5568 2836 5568 2837 5568 2837 5569 2836 5569 2838 5569 2837 5570 2838 5570 2839 5570 2839 5571 2838 5571 2840 5571 2839 5572 2840 5572 2841 5572 2841 5573 2840 5573 2842 5573 2843 5574 2844 5574 2845 5574 2845 5575 2844 5575 2846 5575 2845 5576 2846 5576 2847 5576 2847 5577 2846 5577 2848 5577 2847 5578 2848 5578 2849 5578 2849 5579 2848 5579 2850 5579 2849 5580 2850 5580 2851 5580 2851 5581 2850 5581 2852 5581 2851 5582 2852 5582 2328 5582 2328 5583 2852 5583 497 5583 2839 5584 2841 5584 2843 5584 2839 5585 2843 5585 2837 5585 2837 5586 2843 5586 2845 5586 2837 5587 2845 5587 2835 5587 2835 5588 2845 5588 2847 5588 2835 5589 2847 5589 2833 5589 2833 5590 2847 5590 2849 5590 2833 5591 2849 5591 2327 5591 2327 5592 2849 5592 2851 5592 2327 5593 2851 5593 2328 5593 2844 5594 2842 5594 2840 5594 2844 5595 2840 5595 2846 5595 2846 5596 2840 5596 2838 5596 2846 5597 2838 5597 2848 5597 2848 5598 2838 5598 2836 5598 2848 5599 2836 5599 2850 5599 2850 5600 2836 5600 2834 5600 2850 5601 2834 5601 2852 5601 2852 5602 2834 5602 498 5602 2852 5603 498 5603 497 5603 2853 5604 2854 5604 2855 5604 2855 5605 2854 5605 2856 5605 2855 5606 2856 5606 2857 5606 2857 5607 2856 5607 2858 5607 2857 5608 2858 5608 2859 5608 2859 5609 2858 5609 2860 5609 2859 5610 2860 5610 2861 5610 2861 5611 2860 5611 2862 5611 2861 5612 2862 5612 2863 5612 2863 5613 2862 5613 2864 5613 2863 5614 2864 5614 2865 5614 2865 5615 2864 5615 2866 5615 2865 5616 2866 5616 2867 5616 2867 5617 2866 5617 2868 5617 2867 5618 2868 5618 2869 5618 2869 5619 2868 5619 2870 5619 2869 5620 2870 5620 2871 5620 2871 5621 2870 5621 2872 5621 2871 5622 2872 5622 2873 5622 2873 5623 2872 5623 2874 5623 2873 5624 2874 5624 2875 5624 2875 5625 2874 5625 2876 5625 2875 5626 2876 5626 2877 5626 2877 5627 2876 5627 2878 5627 2877 5628 2878 5628 2853 5628 2853 5629 2878 5629 2854 5629 2879 5630 2880 5630 2881 5630 2879 5631 2881 5631 2882 5631 2882 5632 2881 5632 2883 5632 2882 5633 2883 5633 2884 5633 2884 5634 2883 5634 2885 5634 2884 5635 2885 5635 2886 5635 2886 5636 2885 5636 2887 5636 2886 5637 2887 5637 2888 5637 2888 5638 2887 5638 2889 5638 2888 5639 2889 5639 2890 5639 2890 5640 2889 5640 2891 5640 2890 5641 2891 5641 2892 5641 2892 5642 2891 5642 2893 5642 2892 5643 2893 5643 2894 5643 2894 5644 2893 5644 2895 5644 2894 5645 2895 5645 2896 5645 2896 5646 2895 5646 2897 5646 2896 5647 2897 5647 2898 5647 2898 5648 2897 5648 2899 5648 2898 5649 2899 5649 2900 5649 2877 5650 2853 5650 2882 5650 2875 5651 2890 5651 2873 5651 2873 5652 2890 5652 2892 5652 2873 5653 2892 5653 2871 5653 2882 5654 2853 5654 2879 5654 2879 5655 2853 5655 2855 5655 2879 5656 2855 5656 2841 5656 2882 5657 2884 5657 2877 5657 2877 5658 2884 5658 2886 5658 2877 5659 2886 5659 2875 5659 2875 5660 2886 5660 2888 5660 2875 5661 2888 5661 2890 5661 2892 5662 2894 5662 2871 5662 2871 5663 2894 5663 2896 5663 2871 5664 2896 5664 2869 5664 2869 5665 2896 5665 2898 5665 2869 5666 2898 5666 2867 5666 2867 5667 2898 5667 2900 5667 2867 5668 2900 5668 2865 5668 2865 5669 2900 5669 2843 5669 2865 5670 2843 5670 2863 5670 2855 5671 2857 5671 2841 5671 2841 5672 2857 5672 2859 5672 2841 5673 2859 5673 2843 5673 2843 5674 2859 5674 2861 5674 2843 5675 2861 5675 2863 5675 2842 5676 2880 5676 2841 5676 2841 5677 2880 5677 2879 5677 2842 5678 2860 5678 2858 5678 2842 5679 2858 5679 2880 5679 2880 5680 2858 5680 2856 5680 2880 5681 2856 5681 2881 5681 2881 5682 2856 5682 2854 5682 2881 5683 2854 5683 2883 5683 2883 5684 2854 5684 2878 5684 2883 5685 2878 5685 2885 5685 2885 5686 2878 5686 2876 5686 2885 5687 2876 5687 2887 5687 2887 5688 2876 5688 2889 5688 2889 5689 2876 5689 2874 5689 2889 5690 2874 5690 2891 5690 2860 5691 2842 5691 2862 5691 2862 5692 2842 5692 2844 5692 2862 5693 2844 5693 2864 5693 2891 5694 2874 5694 2893 5694 2893 5695 2874 5695 2872 5695 2893 5696 2872 5696 2895 5696 2895 5697 2872 5697 2870 5697 2895 5698 2870 5698 2897 5698 2897 5699 2870 5699 2899 5699 2899 5700 2870 5700 2868 5700 2899 5701 2868 5701 2844 5701 2844 5702 2868 5702 2866 5702 2844 5703 2866 5703 2864 5703 2843 5704 2900 5704 2844 5704 2844 5705 2900 5705 2899 5705 2332 5706 487 5706 2901 5706 2901 5707 487 5707 2902 5707 2901 5708 2902 5708 2903 5708 2903 5709 2902 5709 2904 5709 2903 5710 2904 5710 2905 5710 2905 5711 2904 5711 2906 5711 2905 5712 2906 5712 2907 5712 2907 5713 2906 5713 2908 5713 2907 5714 2908 5714 2909 5714 2909 5715 2908 5715 2910 5715 2911 5716 2912 5716 2913 5716 2913 5717 2912 5717 2914 5717 2913 5718 2914 5718 2915 5718 2915 5719 2914 5719 2916 5719 2915 5720 2916 5720 2917 5720 2917 5721 2916 5721 2918 5721 2917 5722 2918 5722 2919 5722 2919 5723 2918 5723 2920 5723 2919 5724 2920 5724 2333 5724 2333 5725 2920 5725 486 5725 2907 5726 2909 5726 2911 5726 2907 5727 2911 5727 2905 5727 2905 5728 2911 5728 2913 5728 2905 5729 2913 5729 2903 5729 2903 5730 2913 5730 2915 5730 2903 5731 2915 5731 2901 5731 2901 5732 2915 5732 2917 5732 2901 5733 2917 5733 2332 5733 2332 5734 2917 5734 2919 5734 2332 5735 2919 5735 2333 5735 2912 5736 2910 5736 2908 5736 2912 5737 2908 5737 2914 5737 2914 5738 2908 5738 2906 5738 2914 5739 2906 5739 2916 5739 2916 5740 2906 5740 2904 5740 2916 5741 2904 5741 2918 5741 2918 5742 2904 5742 2902 5742 2918 5743 2902 5743 2920 5743 2920 5744 2902 5744 487 5744 2920 5745 487 5745 486 5745 2921 5746 2922 5746 2923 5746 2923 5747 2922 5747 2924 5747 2923 5748 2924 5748 2925 5748 2925 5749 2924 5749 2926 5749 2925 5750 2926 5750 2927 5750 2927 5751 2926 5751 2928 5751 2927 5752 2928 5752 2929 5752 2929 5753 2928 5753 2930 5753 2929 5754 2930 5754 2931 5754 2931 5755 2930 5755 2932 5755 2931 5756 2932 5756 2933 5756 2933 5757 2932 5757 2934 5757 2933 5758 2934 5758 2935 5758 2935 5759 2934 5759 2936 5759 2935 5760 2936 5760 2937 5760 2937 5761 2936 5761 2938 5761 2937 5762 2938 5762 2939 5762 2939 5763 2938 5763 2940 5763 2939 5764 2940 5764 2941 5764 2941 5765 2940 5765 2942 5765 2941 5766 2942 5766 2943 5766 2943 5767 2942 5767 2944 5767 2943 5768 2944 5768 2945 5768 2945 5769 2944 5769 2946 5769 2945 5770 2946 5770 2921 5770 2921 5771 2946 5771 2922 5771 2947 5772 2948 5772 2949 5772 2947 5773 2949 5773 2950 5773 2950 5774 2949 5774 2951 5774 2950 5775 2951 5775 2952 5775 2952 5776 2951 5776 2953 5776 2952 5777 2953 5777 2954 5777 2954 5778 2953 5778 2955 5778 2954 5779 2955 5779 2956 5779 2956 5780 2955 5780 2957 5780 2956 5781 2957 5781 2958 5781 2958 5782 2957 5782 2959 5782 2958 5783 2959 5783 2960 5783 2960 5784 2959 5784 2961 5784 2960 5785 2961 5785 2962 5785 2962 5786 2961 5786 2963 5786 2962 5787 2963 5787 2964 5787 2964 5788 2963 5788 2965 5788 2964 5789 2965 5789 2966 5789 2966 5790 2965 5790 2967 5790 2966 5791 2967 5791 2968 5791 2923 5792 2925 5792 2947 5792 2911 5793 2933 5793 2935 5793 2947 5794 2925 5794 2909 5794 2911 5795 2935 5795 2968 5795 2921 5796 2956 5796 2945 5796 2945 5797 2956 5797 2958 5797 2945 5798 2958 5798 2943 5798 2947 5799 2950 5799 2923 5799 2923 5800 2950 5800 2952 5800 2923 5801 2952 5801 2921 5801 2921 5802 2952 5802 2954 5802 2921 5803 2954 5803 2956 5803 2925 5804 2927 5804 2909 5804 2909 5805 2927 5805 2929 5805 2909 5806 2929 5806 2911 5806 2911 5807 2929 5807 2931 5807 2911 5808 2931 5808 2933 5808 2935 5809 2937 5809 2968 5809 2968 5810 2937 5810 2939 5810 2968 5811 2939 5811 2966 5811 2966 5812 2939 5812 2941 5812 2958 5813 2960 5813 2943 5813 2943 5814 2960 5814 2962 5814 2943 5815 2962 5815 2941 5815 2941 5816 2962 5816 2964 5816 2941 5817 2964 5817 2966 5817 2910 5818 2948 5818 2909 5818 2909 5819 2948 5819 2947 5819 2934 5820 2932 5820 2912 5820 2946 5821 2957 5821 2955 5821 2912 5822 2932 5822 2910 5822 2946 5823 2955 5823 2922 5823 2957 5824 2946 5824 2959 5824 2959 5825 2946 5825 2944 5825 2959 5826 2944 5826 2961 5826 2961 5827 2944 5827 2942 5827 2961 5828 2942 5828 2963 5828 2963 5829 2942 5829 2965 5829 2965 5830 2942 5830 2940 5830 2965 5831 2940 5831 2967 5831 2967 5832 2940 5832 2938 5832 2967 5833 2938 5833 2912 5833 2912 5834 2938 5834 2936 5834 2912 5835 2936 5835 2934 5835 2955 5836 2953 5836 2922 5836 2922 5837 2953 5837 2951 5837 2922 5838 2951 5838 2924 5838 2924 5839 2951 5839 2949 5839 2924 5840 2949 5840 2926 5840 2926 5841 2949 5841 2948 5841 2926 5842 2948 5842 2928 5842 2928 5843 2948 5843 2910 5843 2928 5844 2910 5844 2930 5844 2930 5845 2910 5845 2932 5845 2911 5846 2968 5846 2912 5846 2912 5847 2968 5847 2967 5847 2360 5848 475 5848 2969 5848 2969 5849 475 5849 2970 5849 2969 5850 2970 5850 2971 5850 2971 5851 2970 5851 2972 5851 2971 5852 2972 5852 2973 5852 2973 5853 2972 5853 2974 5853 2973 5854 2974 5854 2975 5854 2975 5855 2974 5855 2976 5855 2975 5856 2976 5856 2977 5856 2977 5857 2976 5857 2978 5857 2979 5858 2980 5858 2981 5858 2981 5859 2980 5859 2982 5859 2981 5860 2982 5860 2983 5860 2983 5861 2982 5861 2984 5861 2983 5862 2984 5862 2985 5862 2985 5863 2984 5863 2986 5863 2985 5864 2986 5864 2987 5864 2987 5865 2986 5865 2988 5865 2987 5866 2988 5866 2361 5866 2361 5867 2988 5867 474 5867 2975 5868 2977 5868 2979 5868 2975 5869 2979 5869 2973 5869 2973 5870 2979 5870 2981 5870 2973 5871 2981 5871 2971 5871 2971 5872 2981 5872 2983 5872 2971 5873 2983 5873 2969 5873 2969 5874 2983 5874 2985 5874 2969 5875 2985 5875 2360 5875 2360 5876 2985 5876 2987 5876 2360 5877 2987 5877 2361 5877 2980 5878 2978 5878 2976 5878 2980 5879 2976 5879 2982 5879 2982 5880 2976 5880 2974 5880 2982 5881 2974 5881 2984 5881 2984 5882 2974 5882 2972 5882 2984 5883 2972 5883 2986 5883 2986 5884 2972 5884 2970 5884 2986 5885 2970 5885 2988 5885 2988 5886 2970 5886 475 5886 2988 5887 475 5887 474 5887 2989 5888 2990 5888 2991 5888 2991 5889 2990 5889 2992 5889 2991 5890 2992 5890 2993 5890 2993 5891 2992 5891 2994 5891 2993 5892 2994 5892 2995 5892 2995 5893 2994 5893 2996 5893 2995 5894 2996 5894 2997 5894 2997 5895 2996 5895 2998 5895 2997 5896 2998 5896 2999 5896 2999 5897 2998 5897 3000 5897 2999 5898 3000 5898 3001 5898 3001 5899 3000 5899 3002 5899 3001 5900 3002 5900 3003 5900 3003 5901 3002 5901 3004 5901 3003 5902 3004 5902 3005 5902 3005 5903 3004 5903 3006 5903 3005 5904 3006 5904 3007 5904 3007 5905 3006 5905 3008 5905 3007 5906 3008 5906 3009 5906 3009 5907 3008 5907 3010 5907 3009 5908 3010 5908 3011 5908 3011 5909 3010 5909 3012 5909 3011 5910 3012 5910 3013 5910 3013 5911 3012 5911 3014 5911 3013 5912 3014 5912 2989 5912 2989 5913 3014 5913 2990 5913 3015 5914 3016 5914 3017 5914 3015 5915 3017 5915 3018 5915 3018 5916 3017 5916 3019 5916 3018 5917 3019 5917 3020 5917 3020 5918 3019 5918 3021 5918 3020 5919 3021 5919 3022 5919 3022 5920 3021 5920 3023 5920 3022 5921 3023 5921 3024 5921 3024 5922 3023 5922 3025 5922 3024 5923 3025 5923 3026 5923 3026 5924 3025 5924 3027 5924 3026 5925 3027 5925 3028 5925 3028 5926 3027 5926 3029 5926 3028 5927 3029 5927 3030 5927 3030 5928 3029 5928 3031 5928 3030 5929 3031 5929 3032 5929 3032 5930 3031 5930 3033 5930 3032 5931 3033 5931 3034 5931 3034 5932 3033 5932 3035 5932 3034 5933 3035 5933 3036 5933 3003 5934 2979 5934 3001 5934 3001 5935 2979 5935 2977 5935 3001 5936 2977 5936 2999 5936 3003 5937 3005 5937 2979 5937 2979 5938 3005 5938 3007 5938 2979 5939 3007 5939 3036 5939 3036 5940 3007 5940 3009 5940 3036 5941 3009 5941 3034 5941 3034 5942 3009 5942 3011 5942 3034 5943 3011 5943 3032 5943 3032 5944 3011 5944 3013 5944 2993 5945 3022 5945 2991 5945 2991 5946 3022 5946 3024 5946 2991 5947 3024 5947 2989 5947 2999 5948 2977 5948 2997 5948 2997 5949 2977 5949 3015 5949 2997 5950 3015 5950 2995 5950 2995 5951 3015 5951 3018 5951 2995 5952 3018 5952 2993 5952 2993 5953 3018 5953 3020 5953 2993 5954 3020 5954 3022 5954 3024 5955 3026 5955 2989 5955 2989 5956 3026 5956 3028 5956 2989 5957 3028 5957 3013 5957 3013 5958 3028 5958 3030 5958 3013 5959 3030 5959 3032 5959 2978 5960 3016 5960 2977 5960 2977 5961 3016 5961 3015 5961 3031 5962 3014 5962 3012 5962 3008 5963 3006 5963 2980 5963 2980 5964 3006 5964 3004 5964 2980 5965 3004 5965 2978 5965 3008 5966 2980 5966 3010 5966 3010 5967 2980 5967 3035 5967 3010 5968 3035 5968 3012 5968 3012 5969 3035 5969 3033 5969 3012 5970 3033 5970 3031 5970 3031 5971 3029 5971 3014 5971 3014 5972 3029 5972 3027 5972 3014 5973 3027 5973 2990 5973 2990 5974 3027 5974 3025 5974 2990 5975 3025 5975 2992 5975 3004 5976 3002 5976 2978 5976 2978 5977 3002 5977 3000 5977 2978 5978 3000 5978 3016 5978 3016 5979 3000 5979 2998 5979 3016 5980 2998 5980 3017 5980 3017 5981 2998 5981 2996 5981 3017 5982 2996 5982 3019 5982 3019 5983 2996 5983 2994 5983 3019 5984 2994 5984 3021 5984 3021 5985 2994 5985 2992 5985 3021 5986 2992 5986 3023 5986 3023 5987 2992 5987 3025 5987 2979 5988 3036 5988 2980 5988 2980 5989 3036 5989 3035 5989 3987 8042 3988 8042 3989 8042 3987 8043 3989 8043 3990 8043 3991 8044 3992 8044 3989 8044 3989 8045 3992 8045 3993 8045 3989 8046 3993 8046 3990 8046 3994 8047 3995 8047 3989 8047 3989 8048 3995 8048 3996 8048 3989 8049 3996 8049 3991 8049 3997 8050 3998 8050 3989 8050 3989 8051 3998 8051 3999 8051 3989 8052 3999 8052 3994 8052 3988 8053 4000 8053 3989 8053 3989 8054 4000 8054 4001 8054 3989 8055 4001 8055 3997 8055 4002 8056 4003 8056 4004 8056 4002 8057 4004 8057 4005 8057 4006 8058 4007 8058 4004 8058 4004 8059 4007 8059 4008 8059 4004 8060 4008 8060 4005 8060 4009 8061 4010 8061 4004 8061 4004 8062 4010 8062 4011 8062 4004 8063 4011 8063 4006 8063 4012 8064 4013 8064 4004 8064 4004 8065 4013 8065 4014 8065 4004 8066 4014 8066 4009 8066 4003 8067 4015 8067 4004 8067 4004 8068 4015 8068 4016 8068 4004 8069 4016 8069 4012 8069 4003 8070 4002 8070 4017 8070 4017 8071 4018 8071 4003 8071 4003 8072 4018 8072 4019 8072 4003 8073 4019 8073 4015 8073 4019 8074 4020 8074 4015 8074 4015 8075 4020 8075 4021 8075 4015 8076 4021 8076 4016 8076 4021 8077 4022 8077 4016 8077 4016 8078 4022 8078 4023 8078 4016 8079 4023 8079 4012 8079 4023 8080 4024 8080 4012 8080 4012 8081 4024 8081 4025 8081 4012 8082 4025 8082 4013 8082 4025 8083 4026 8083 4013 8083 4013 8084 4026 8084 4027 8084 4013 8085 4027 8085 4014 8085 4027 8086 4028 8086 4014 8086 4014 8087 4028 8087 4029 8087 4014 8088 4029 8088 4009 8088 4029 8089 4030 8089 4009 8089 4009 8090 4030 8090 4031 8090 4009 8091 4031 8091 4010 8091 4031 8092 4032 8092 4010 8092 4010 8093 4032 8093 4033 8093 4010 8094 4033 8094 4011 8094 4033 8095 4034 8095 4011 8095 4011 8096 4034 8096 4035 8096 4011 8097 4035 8097 4006 8097 4035 8098 4036 8098 4006 8098 4006 8099 4036 8099 4037 8099 4006 8100 4037 8100 4007 8100 4037 8101 4038 8101 4007 8101 4007 8102 4038 8102 4039 8102 4007 8103 4039 8103 4008 8103 4039 8104 4040 8104 4008 8104 4008 8105 4040 8105 4041 8105 4008 8106 4041 8106 4005 8106 4041 8107 4042 8107 4005 8107 4005 8108 4042 8108 4043 8108 4005 8109 4043 8109 4002 8109 4002 8110 4043 8110 4044 8110 4002 8111 4044 8111 4017 8111 3994 8112 3999 8112 4038 8112 3998 8113 4040 8113 3999 8113 3999 8114 4040 8114 4039 8114 3999 8115 4039 8115 4038 8115 3997 8116 4042 8116 3998 8116 3998 8117 4042 8117 4041 8117 3998 8118 4041 8118 4040 8118 4001 8119 4044 8119 3997 8119 3997 8120 4044 8120 4043 8120 3997 8121 4043 8121 4042 8121 4000 8122 4018 8122 4001 8122 4001 8123 4018 8123 4017 8123 4001 8124 4017 8124 4044 8124 3988 8125 4020 8125 4000 8125 4000 8126 4020 8126 4019 8126 4000 8127 4019 8127 4018 8127 3987 8128 4022 8128 3988 8128 3988 8129 4022 8129 4021 8129 3988 8130 4021 8130 4020 8130 3990 8131 4024 8131 3987 8131 3987 8132 4024 8132 4023 8132 3987 8133 4023 8133 4022 8133 3993 8134 4026 8134 3990 8134 3990 8135 4026 8135 4025 8135 3990 8136 4025 8136 4024 8136 3992 8137 4028 8137 3993 8137 3993 8138 4028 8138 4027 8138 3993 8139 4027 8139 4026 8139 3991 8140 4030 8140 3992 8140 3992 8141 4030 8141 4029 8141 3992 8142 4029 8142 4028 8142 3996 8143 4032 8143 3991 8143 3991 8144 4032 8144 4031 8144 3991 8145 4031 8145 4030 8145 3995 8146 4034 8146 3996 8146 3996 8147 4034 8147 4033 8147 3996 8148 4033 8148 4032 8148 4038 8149 4037 8149 3994 8149 3994 8150 4037 8150 4036 8150 3994 8151 4036 8151 3995 8151 3995 8152 4036 8152 4035 8152 3995 8153 4035 8153 4034 8153 4045 8154 4046 8154 4047 8154 4045 8155 4047 8155 4048 8155 4049 8156 4050 8156 4047 8156 4047 8157 4050 8157 4051 8157 4047 8158 4051 8158 4048 8158 4052 8159 4053 8159 4047 8159 4047 8160 4053 8160 4054 8160 4047 8161 4054 8161 4049 8161 4055 8162 4056 8162 4047 8162 4047 8163 4056 8163 4057 8163 4047 8164 4057 8164 4052 8164 4046 8165 4058 8165 4047 8165 4047 8166 4058 8166 4059 8166 4047 8167 4059 8167 4055 8167 4048 8168 4051 8168 4060 8168 4056 8169 4055 8169 4061 8169 4061 8170 4062 8170 4056 8170 4056 8171 4062 8171 4063 8171 4056 8172 4063 8172 4057 8172 4057 8173 4063 8173 4064 8173 4057 8174 4064 8174 4065 8174 4059 8175 4058 8175 4066 8175 4066 8176 4067 8176 4059 8176 4059 8177 4067 8177 4068 8177 4059 8178 4068 8178 4055 8178 4055 8179 4068 8179 4069 8179 4055 8180 4069 8180 4061 8180 4045 8181 4070 8181 4046 8181 4046 8182 4070 8182 4071 8182 4046 8183 4071 8183 4058 8183 4058 8184 4071 8184 4072 8184 4058 8185 4072 8185 4066 8185 4060 8186 4073 8186 4048 8186 4048 8187 4073 8187 4074 8187 4048 8188 4074 8188 4045 8188 4045 8189 4074 8189 4075 8189 4045 8190 4075 8190 4070 8190 4076 8191 4060 8191 4077 8191 4077 8192 4060 8192 4051 8192 4077 8193 4051 8193 4078 8193 4078 8194 4051 8194 4050 8194 4078 8195 4050 8195 4079 8195 4079 8196 4050 8196 4049 8196 4079 8197 4049 8197 4080 8197 4080 8198 4049 8198 4054 8198 4080 8199 4054 8199 4081 8199 4081 8200 4054 8200 4053 8200 4081 8201 4053 8201 4082 8201 4082 8202 4053 8202 4052 8202 4082 8203 4052 8203 4083 8203 4083 8204 4052 8204 4084 8204 4084 8205 4052 8205 4057 8205 4084 8206 4057 8206 4085 8206 4085 8207 4057 8207 4065 8207 4085 8208 4065 8208 4086 8208 4087 8209 4088 8209 4089 8209 4087 8210 4089 8210 4090 8210 4091 8211 4092 8211 4089 8211 4089 8212 4092 8212 4093 8212 4089 8213 4093 8213 4090 8213 4094 8214 4095 8214 4089 8214 4089 8215 4095 8215 4096 8215 4089 8216 4096 8216 4091 8216 4097 8217 4098 8217 4089 8217 4089 8218 4098 8218 4099 8218 4089 8219 4099 8219 4094 8219 4088 8220 4100 8220 4089 8220 4089 8221 4100 8221 4101 8221 4089 8222 4101 8222 4097 8222 4060 8223 4076 8223 4102 8223 4102 8224 4076 8224 4103 8224 4104 8225 4105 8225 4103 8225 4103 8226 4105 8226 4106 8226 4103 8227 4106 8227 4102 8227 4107 8228 4108 8228 4104 8228 4104 8229 4108 8229 4109 8229 4104 8230 4109 8230 4105 8230 4110 8231 4111 8231 4107 8231 4107 8232 4111 8232 4112 8232 4107 8233 4112 8233 4108 8233 4113 8234 4114 8234 4115 8234 4115 8235 4114 8235 4116 8235 4115 8236 4116 8236 4110 8236 4110 8237 4116 8237 4117 8237 4110 8238 4117 8238 4111 8238 4115 8239 4118 8239 4113 8239 4113 8240 4118 8240 4119 8240 4113 8241 4119 8241 4120 8241 4120 8242 4119 8242 4121 8242 4120 8243 4121 8243 4122 8243 4122 8244 4121 8244 4086 8244 4122 8245 4086 8245 4065 8245 4060 8246 4092 8246 4073 8246 4073 8247 4092 8247 4091 8247 4073 8248 4091 8248 4074 8248 4096 8249 4095 8249 4072 8249 4072 8250 4071 8250 4096 8250 4096 8251 4071 8251 4070 8251 4096 8252 4070 8252 4091 8252 4091 8253 4070 8253 4075 8253 4091 8254 4075 8254 4074 8254 4094 8255 4099 8255 4069 8255 4069 8256 4068 8256 4094 8256 4094 8257 4068 8257 4067 8257 4094 8258 4067 8258 4095 8258 4095 8259 4067 8259 4066 8259 4095 8260 4066 8260 4072 8260 4097 8261 4063 8261 4098 8261 4098 8262 4063 8262 4062 8262 4098 8263 4062 8263 4099 8263 4099 8264 4062 8264 4061 8264 4099 8265 4061 8265 4069 8265 4101 8266 4065 8266 4097 8266 4097 8267 4065 8267 4064 8267 4097 8268 4064 8268 4063 8268 4117 8269 4088 8269 4087 8269 4117 8270 4116 8270 4088 8270 4088 8271 4116 8271 4114 8271 4088 8272 4114 8272 4100 8272 4114 8273 4113 8273 4100 8273 4100 8274 4113 8274 4120 8274 4100 8275 4120 8275 4101 8275 4101 8276 4120 8276 4122 8276 4101 8277 4122 8277 4065 8277 4060 8278 4102 8278 4092 8278 4092 8279 4102 8279 4106 8279 4092 8280 4106 8280 4093 8280 4106 8281 4105 8281 4093 8281 4093 8282 4105 8282 4109 8282 4093 8283 4109 8283 4090 8283 4109 8284 4108 8284 4090 8284 4090 8285 4108 8285 4112 8285 4090 8286 4112 8286 4087 8286 4087 8287 4112 8287 4111 8287 4087 8288 4111 8288 4117 8288 4086 8289 4121 8289 4085 8289 4085 8290 4121 8290 4084 8290 4084 8291 4121 8291 4083 8291 4083 8292 4121 8292 4119 8292 4083 8293 4119 8293 4082 8293 4119 8294 4118 8294 4082 8294 4082 8295 4118 8295 4115 8295 4082 8296 4115 8296 4081 8296 4081 8297 4115 8297 4110 8297 4081 8298 4110 8298 4080 8298 4080 8299 4110 8299 4107 8299 4080 8300 4107 8300 4079 8300 4079 8301 4107 8301 4104 8301 4079 8302 4104 8302 4078 8302 4078 8303 4104 8303 4103 8303 4078 8304 4103 8304 4077 8304 4077 8305 4103 8305 4076 8305 4123 8306 4124 8306 4125 8306 4123 8307 4125 8307 4126 8307 4127 8308 4128 8308 4125 8308 4125 8309 4128 8309 4129 8309 4125 8310 4129 8310 4126 8310 4130 8311 4131 8311 4125 8311 4125 8312 4131 8312 4132 8312 4125 8313 4132 8313 4127 8313 4133 8314 4134 8314 4125 8314 4125 8315 4134 8315 4135 8315 4125 8316 4135 8316 4130 8316 4124 8317 4136 8317 4125 8317 4125 8318 4136 8318 4137 8318 4125 8319 4137 8319 4133 8319 4138 8320 4139 8320 4140 8320 4138 8321 4140 8321 4141 8321 4142 8322 4143 8322 4140 8322 4140 8323 4143 8323 4144 8323 4140 8324 4144 8324 4141 8324 4145 8325 4146 8325 4140 8325 4140 8326 4146 8326 4147 8326 4140 8327 4147 8327 4142 8327 4148 8328 4149 8328 4140 8328 4140 8329 4149 8329 4150 8329 4140 8330 4150 8330 4145 8330 4139 8331 4151 8331 4140 8331 4140 8332 4151 8332 4152 8332 4140 8333 4152 8333 4148 8333 4153 8334 4139 8334 4138 8334 4153 8335 4154 8335 4139 8335 4139 8336 4154 8336 4155 8336 4139 8337 4155 8337 4151 8337 4155 8338 4156 8338 4151 8338 4151 8339 4156 8339 4157 8339 4151 8340 4157 8340 4152 8340 4157 8341 4158 8341 4152 8341 4152 8342 4158 8342 4159 8342 4152 8343 4159 8343 4148 8343 4159 8344 4160 8344 4148 8344 4148 8345 4160 8345 4161 8345 4148 8346 4161 8346 4149 8346 4161 8347 4162 8347 4149 8347 4149 8348 4162 8348 4163 8348 4149 8349 4163 8349 4150 8349 4163 8350 4164 8350 4150 8350 4150 8351 4164 8351 4165 8351 4150 8352 4165 8352 4145 8352 4165 8353 4166 8353 4145 8353 4145 8354 4166 8354 4167 8354 4145 8355 4167 8355 4146 8355 4167 8356 4168 8356 4146 8356 4146 8357 4168 8357 4169 8357 4146 8358 4169 8358 4147 8358 4169 8359 4170 8359 4147 8359 4147 8360 4170 8360 4171 8360 4147 8361 4171 8361 4142 8361 4171 8362 4172 8362 4142 8362 4142 8363 4172 8363 4173 8363 4142 8364 4173 8364 4143 8364 4173 8365 4174 8365 4143 8365 4143 8366 4174 8366 4175 8366 4143 8367 4175 8367 4144 8367 4175 8368 4176 8368 4144 8368 4144 8369 4176 8369 4177 8369 4144 8370 4177 8370 4141 8370 4177 8371 4178 8371 4141 8371 4141 8372 4178 8372 4179 8372 4141 8373 4179 8373 4138 8373 4138 8374 4179 8374 4180 8374 4138 8375 4180 8375 4153 8375 4174 8376 4130 8376 4135 8376 4134 8377 4176 8377 4135 8377 4135 8378 4176 8378 4175 8378 4135 8379 4175 8379 4174 8379 4133 8380 4178 8380 4134 8380 4134 8381 4178 8381 4177 8381 4134 8382 4177 8382 4176 8382 4137 8383 4180 8383 4133 8383 4133 8384 4180 8384 4179 8384 4133 8385 4179 8385 4178 8385 4136 8386 4154 8386 4137 8386 4137 8387 4154 8387 4153 8387 4137 8388 4153 8388 4180 8388 4124 8389 4156 8389 4136 8389 4136 8390 4156 8390 4155 8390 4136 8391 4155 8391 4154 8391 4123 8392 4158 8392 4124 8392 4124 8393 4158 8393 4157 8393 4124 8394 4157 8394 4156 8394 4126 8395 4160 8395 4123 8395 4123 8396 4160 8396 4159 8396 4123 8397 4159 8397 4158 8397 4129 8398 4162 8398 4126 8398 4126 8399 4162 8399 4161 8399 4126 8400 4161 8400 4160 8400 4128 8401 4164 8401 4129 8401 4129 8402 4164 8402 4163 8402 4129 8403 4163 8403 4162 8403 4127 8404 4166 8404 4128 8404 4128 8405 4166 8405 4165 8405 4128 8406 4165 8406 4164 8406 4132 8407 4168 8407 4127 8407 4127 8408 4168 8408 4167 8408 4127 8409 4167 8409 4166 8409 4131 8410 4170 8410 4132 8410 4132 8411 4170 8411 4169 8411 4132 8412 4169 8412 4168 8412 4174 8413 4173 8413 4130 8413 4130 8414 4173 8414 4172 8414 4130 8415 4172 8415 4131 8415 4131 8416 4172 8416 4171 8416 4131 8417 4171 8417 4170 8417 4181 8418 4182 8418 4183 8418 4181 8419 4183 8419 4184 8419 4185 8420 4186 8420 4183 8420 4183 8421 4186 8421 4187 8421 4183 8422 4187 8422 4184 8422 4188 8423 4189 8423 4183 8423 4183 8424 4189 8424 4190 8424 4183 8425 4190 8425 4185 8425 4191 8426 4192 8426 4183 8426 4183 8427 4192 8427 4193 8427 4183 8428 4193 8428 4188 8428 4182 8429 4194 8429 4183 8429 4183 8430 4194 8430 4195 8430 4183 8431 4195 8431 4191 8431 4196 8432 4197 8432 4188 8432 4198 8433 4199 8433 4189 8433 4200 8434 4201 8434 4202 8434 4203 8435 4194 8435 4204 8435 4204 8436 4194 8436 4182 8436 4204 8437 4182 8437 4205 8437 4189 8438 4199 8438 4190 8438 4188 8439 4197 8439 4189 8439 4189 8440 4197 8440 4206 8440 4189 8441 4206 8441 4198 8441 4207 8442 4208 8442 4193 8442 4193 8443 4208 8443 4209 8443 4193 8444 4209 8444 4188 8444 4188 8445 4209 8445 4210 8445 4188 8446 4210 8446 4196 8446 4207 8447 4193 8447 4211 8447 4211 8448 4193 8448 4192 8448 4211 8449 4192 8449 4212 8449 4212 8450 4192 8450 4191 8450 4212 8451 4191 8451 4213 8451 4213 8452 4191 8452 4214 8452 4214 8453 4191 8453 4195 8453 4214 8454 4195 8454 4215 8454 4203 8455 4216 8455 4194 8455 4194 8456 4216 8456 4217 8456 4194 8457 4217 8457 4195 8457 4195 8458 4217 8458 4218 8458 4195 8459 4218 8459 4215 8459 4199 8460 4200 8460 4190 8460 4190 8461 4200 8461 4202 8461 4190 8462 4202 8462 4185 8462 4185 8463 4202 8463 4219 8463 4185 8464 4219 8464 4186 8464 4186 8465 4219 8465 4220 8465 4186 8466 4220 8466 4187 8466 4187 8467 4220 8467 4221 8467 4187 8468 4221 8468 4184 8468 4184 8469 4221 8469 4222 8469 4184 8470 4222 8470 4181 8470 4223 8471 4205 8471 4224 8471 4224 8472 4205 8472 4182 8472 4224 8473 4182 8473 4225 8473 4225 8474 4182 8474 4181 8474 4225 8475 4181 8475 4226 8475 4226 8476 4181 8476 4222 8476 4227 8477 4228 8477 4229 8477 4227 8478 4229 8478 4230 8478 4231 8479 4232 8479 4229 8479 4229 8480 4232 8480 4233 8480 4229 8481 4233 8481 4230 8481 4234 8482 4235 8482 4229 8482 4229 8483 4235 8483 4236 8483 4229 8484 4236 8484 4231 8484 4237 8485 4238 8485 4229 8485 4229 8486 4238 8486 4239 8486 4229 8487 4239 8487 4234 8487 4228 8488 4240 8488 4229 8488 4229 8489 4240 8489 4241 8489 4229 8490 4241 8490 4237 8490 4205 8491 4223 8491 4242 8491 4242 8492 4223 8492 4243 8492 4242 8493 4243 8493 4244 8493 4244 8494 4243 8494 4245 8494 4244 8495 4245 8495 4246 8495 4246 8496 4245 8496 4247 8496 4246 8497 4247 8497 4248 8497 4248 8498 4247 8498 4249 8498 4249 8499 4247 8499 4250 8499 4249 8500 4250 8500 4251 8500 4251 8501 4250 8501 4252 8501 4252 8502 4250 8502 4253 8502 4252 8503 4253 8503 4254 8503 4254 8504 4253 8504 4255 8504 4255 8505 4253 8505 4256 8505 4255 8506 4256 8506 4257 8506 4257 8507 4256 8507 4258 8507 4258 8508 4256 8508 4259 8508 4258 8509 4259 8509 4260 8509 4260 8510 4259 8510 4261 8510 4261 8511 4259 8511 4201 8511 4261 8512 4201 8512 4200 8512 4212 8513 4213 8513 4239 8513 4235 8514 4216 8514 4203 8514 4235 8515 4203 8515 4236 8515 4236 8516 4203 8516 4204 8516 4236 8517 4204 8517 4205 8517 4234 8518 4215 8518 4218 8518 4234 8519 4218 8519 4235 8519 4235 8520 4218 8520 4217 8520 4235 8521 4217 8521 4216 8521 4239 8522 4213 8522 4234 8522 4234 8523 4213 8523 4214 8523 4234 8524 4214 8524 4215 8524 4212 8525 4239 8525 4211 8525 4211 8526 4239 8526 4238 8526 4211 8527 4238 8527 4207 8527 4207 8528 4238 8528 4237 8528 4207 8529 4237 8529 4208 8529 4197 8530 4196 8530 4241 8530 4241 8531 4196 8531 4210 8531 4241 8532 4210 8532 4237 8532 4237 8533 4210 8533 4209 8533 4237 8534 4209 8534 4208 8534 4197 8535 4241 8535 4206 8535 4206 8536 4241 8536 4240 8536 4206 8537 4240 8537 4198 8537 4228 8538 4200 8538 4240 8538 4240 8539 4200 8539 4199 8539 4240 8540 4199 8540 4198 8540 4227 8541 4260 8541 4228 8541 4228 8542 4260 8542 4261 8542 4228 8543 4261 8543 4200 8543 4205 8544 4242 8544 4236 8544 4236 8545 4242 8545 4244 8545 4236 8546 4244 8546 4231 8546 4244 8547 4246 8547 4231 8547 4231 8548 4246 8548 4248 8548 4231 8549 4248 8549 4232 8549 4248 8550 4249 8550 4232 8550 4232 8551 4249 8551 4251 8551 4232 8552 4251 8552 4233 8552 4251 8553 4252 8553 4233 8553 4233 8554 4252 8554 4254 8554 4233 8555 4254 8555 4230 8555 4254 8556 4255 8556 4230 8556 4230 8557 4255 8557 4257 8557 4230 8558 4257 8558 4227 8558 4227 8559 4257 8559 4258 8559 4227 8560 4258 8560 4260 8560 4223 8561 4224 8561 4243 8561 4243 8562 4224 8562 4225 8562 4243 8563 4225 8563 4245 8563 4245 8564 4225 8564 4226 8564 4245 8565 4226 8565 4247 8565 4247 8566 4226 8566 4222 8566 4247 8567 4222 8567 4250 8567 4250 8568 4222 8568 4221 8568 4250 8569 4221 8569 4253 8569 4253 8570 4221 8570 4220 8570 4253 8571 4220 8571 4256 8571 4256 8572 4220 8572 4219 8572 4256 8573 4219 8573 4259 8573 4259 8574 4219 8574 4202 8574 4259 8575 4202 8575 4201 8575 4262 8576 4263 8576 4264 8576 4262 8577 4264 8577 4265 8577 4266 8578 4267 8578 4264 8578 4264 8579 4267 8579 4268 8579 4264 8580 4268 8580 4265 8580 4269 8581 4270 8581 4264 8581 4264 8582 4270 8582 4271 8582 4264 8583 4271 8583 4266 8583 4272 8584 4273 8584 4264 8584 4264 8585 4273 8585 4274 8585 4264 8586 4274 8586 4269 8586 4263 8587 4275 8587 4264 8587 4264 8588 4275 8588 4276 8588 4264 8589 4276 8589 4272 8589 4277 8590 4278 8590 4279 8590 4277 8591 4279 8591 4280 8591 4281 8592 4282 8592 4279 8592 4279 8593 4282 8593 4283 8593 4279 8594 4283 8594 4280 8594 4284 8595 4285 8595 4279 8595 4279 8596 4285 8596 4286 8596 4279 8597 4286 8597 4281 8597 4287 8598 4288 8598 4279 8598 4279 8599 4288 8599 4289 8599 4279 8600 4289 8600 4284 8600 4278 8601 4290 8601 4279 8601 4279 8602 4290 8602 4291 8602 4279 8603 4291 8603 4287 8603 4278 8604 4277 8604 4292 8604 4292 8605 4293 8605 4278 8605 4278 8606 4293 8606 4294 8606 4278 8607 4294 8607 4290 8607 4294 8608 4295 8608 4290 8608 4290 8609 4295 8609 4296 8609 4290 8610 4296 8610 4291 8610 4296 8611 4297 8611 4291 8611 4291 8612 4297 8612 4298 8612 4291 8613 4298 8613 4287 8613 4298 8614 4299 8614 4287 8614 4287 8615 4299 8615 4300 8615 4287 8616 4300 8616 4288 8616 4300 8617 4301 8617 4288 8617 4288 8618 4301 8618 4302 8618 4288 8619 4302 8619 4289 8619 4302 8620 4303 8620 4289 8620 4289 8621 4303 8621 4304 8621 4289 8622 4304 8622 4284 8622 4304 8623 4305 8623 4284 8623 4284 8624 4305 8624 4306 8624 4284 8625 4306 8625 4285 8625 4285 8626 4306 8626 4307 8626 4307 8627 4308 8627 4285 8627 4285 8628 4308 8628 4309 8628 4285 8629 4309 8629 4286 8629 4309 8630 4310 8630 4286 8630 4286 8631 4310 8631 4311 8631 4286 8632 4311 8632 4281 8632 4311 8633 4312 8633 4281 8633 4281 8634 4312 8634 4313 8634 4281 8635 4313 8635 4282 8635 4313 8636 4314 8636 4282 8636 4282 8637 4314 8637 4315 8637 4282 8638 4315 8638 4283 8638 4315 8639 4316 8639 4283 8639 4283 8640 4316 8640 4317 8640 4283 8641 4317 8641 4280 8641 4317 8642 4318 8642 4280 8642 4280 8643 4318 8643 4319 8643 4280 8644 4319 8644 4277 8644 4277 8645 4319 8645 4320 8645 4277 8646 4320 8646 4292 8646 4307 8647 4306 8647 4267 8647 4269 8648 4274 8648 4317 8648 4273 8649 4319 8649 4274 8649 4274 8650 4319 8650 4318 8650 4274 8651 4318 8651 4317 8651 4272 8652 4276 8652 4294 8652 4294 8653 4293 8653 4272 8653 4272 8654 4293 8654 4292 8654 4272 8655 4292 8655 4273 8655 4273 8656 4292 8656 4320 8656 4273 8657 4320 8657 4319 8657 4275 8658 4263 8658 4298 8658 4298 8659 4297 8659 4275 8659 4275 8660 4297 8660 4296 8660 4275 8661 4296 8661 4276 8661 4276 8662 4296 8662 4295 8662 4276 8663 4295 8663 4294 8663 4262 8664 4265 8664 4302 8664 4302 8665 4301 8665 4262 8665 4262 8666 4301 8666 4300 8666 4262 8667 4300 8667 4263 8667 4263 8668 4300 8668 4299 8668 4263 8669 4299 8669 4298 8669 4267 8670 4306 8670 4268 8670 4306 8671 4305 8671 4268 8671 4268 8672 4305 8672 4304 8672 4268 8673 4304 8673 4265 8673 4265 8674 4304 8674 4303 8674 4265 8675 4303 8675 4302 8675 4266 8676 4309 8676 4267 8676 4267 8677 4309 8677 4308 8677 4267 8678 4308 8678 4307 8678 4271 8679 4270 8679 4313 8679 4313 8680 4312 8680 4271 8680 4271 8681 4312 8681 4311 8681 4271 8682 4311 8682 4266 8682 4266 8683 4311 8683 4310 8683 4266 8684 4310 8684 4309 8684 4317 8685 4316 8685 4269 8685 4269 8686 4316 8686 4315 8686 4269 8687 4315 8687 4270 8687 4270 8688 4315 8688 4314 8688 4270 8689 4314 8689 4313 8689 4321 8690 4322 8690 4323 8690 4321 8691 4323 8691 4324 8691 4325 8692 4326 8692 4323 8692 4323 8693 4326 8693 4327 8693 4323 8694 4327 8694 4324 8694 4328 8695 4329 8695 4323 8695 4323 8696 4329 8696 4330 8696 4323 8697 4330 8697 4325 8697 4331 8698 4332 8698 4323 8698 4323 8699 4332 8699 4333 8699 4323 8700 4333 8700 4328 8700 4322 8701 4334 8701 4323 8701 4323 8702 4334 8702 4335 8702 4323 8703 4335 8703 4331 8703 4336 8704 4337 8704 4338 8704 4331 8705 4335 8705 4339 8705 4325 8706 4340 8706 4326 8706 4326 8707 4340 8707 4341 8707 4326 8708 4341 8708 4336 8708 4329 8709 4342 8709 4330 8709 4330 8710 4342 8710 4343 8710 4330 8711 4343 8711 4325 8711 4325 8712 4343 8712 4344 8712 4325 8713 4344 8713 4340 8713 4328 8714 4345 8714 4329 8714 4329 8715 4345 8715 4346 8715 4329 8716 4346 8716 4342 8716 4333 8717 4347 8717 4328 8717 4328 8718 4347 8718 4348 8718 4328 8719 4348 8719 4345 8719 4332 8720 4349 8720 4333 8720 4333 8721 4349 8721 4350 8721 4333 8722 4350 8722 4347 8722 4339 8723 4351 8723 4331 8723 4331 8724 4351 8724 4352 8724 4331 8725 4352 8725 4332 8725 4332 8726 4352 8726 4353 8726 4332 8727 4353 8727 4349 8727 4336 8728 4338 8728 4326 8728 4326 8729 4338 8729 4354 8729 4326 8730 4354 8730 4327 8730 4327 8731 4354 8731 4355 8731 4327 8732 4355 8732 4324 8732 4324 8733 4355 8733 4356 8733 4324 8734 4356 8734 4321 8734 4321 8735 4356 8735 4357 8735 4321 8736 4357 8736 4322 8736 4322 8737 4357 8737 4358 8737 4322 8738 4358 8738 4334 8738 4359 8739 4339 8739 4360 8739 4360 8740 4339 8740 4335 8740 4360 8741 4335 8741 4361 8741 4361 8742 4335 8742 4334 8742 4361 8743 4334 8743 4362 8743 4362 8744 4334 8744 4358 8744 4363 8745 4364 8745 4365 8745 4363 8746 4365 8746 4366 8746 4367 8747 4368 8747 4365 8747 4365 8748 4368 8748 4369 8748 4365 8749 4369 8749 4366 8749 4370 8750 4371 8750 4365 8750 4365 8751 4371 8751 4372 8751 4365 8752 4372 8752 4367 8752 4373 8753 4374 8753 4365 8753 4365 8754 4374 8754 4375 8754 4365 8755 4375 8755 4370 8755 4364 8756 4376 8756 4365 8756 4365 8757 4376 8757 4377 8757 4365 8758 4377 8758 4373 8758 4339 8759 4359 8759 4378 8759 4378 8760 4359 8760 4379 8760 4378 8761 4379 8761 4380 8761 4380 8762 4379 8762 4381 8762 4380 8763 4381 8763 4382 8763 4382 8764 4381 8764 4383 8764 4382 8765 4383 8765 4384 8765 4384 8766 4383 8766 4385 8766 4385 8767 4383 8767 4386 8767 4385 8768 4386 8768 4387 8768 4387 8769 4386 8769 4388 8769 4388 8770 4386 8770 4389 8770 4388 8771 4389 8771 4390 8771 4390 8772 4389 8772 4391 8772 4391 8773 4389 8773 4392 8773 4391 8774 4392 8774 4393 8774 4393 8775 4392 8775 4394 8775 4394 8776 4392 8776 4395 8776 4394 8777 4395 8777 4396 8777 4396 8778 4395 8778 4397 8778 4396 8779 4397 8779 4398 8779 4398 8780 4397 8780 4337 8780 4398 8781 4337 8781 4336 8781 4374 8782 4353 8782 4375 8782 4375 8783 4353 8783 4352 8783 4375 8784 4352 8784 4370 8784 4370 8785 4352 8785 4351 8785 4370 8786 4351 8786 4339 8786 4373 8787 4350 8787 4374 8787 4374 8788 4350 8788 4349 8788 4374 8789 4349 8789 4353 8789 4377 8790 4348 8790 4373 8790 4373 8791 4348 8791 4347 8791 4373 8792 4347 8792 4350 8792 4376 8793 4346 8793 4377 8793 4377 8794 4346 8794 4345 8794 4377 8795 4345 8795 4348 8795 4364 8796 4343 8796 4376 8796 4376 8797 4343 8797 4342 8797 4376 8798 4342 8798 4346 8798 4363 8799 4340 8799 4364 8799 4364 8800 4340 8800 4344 8800 4364 8801 4344 8801 4343 8801 4366 8802 4336 8802 4363 8802 4363 8803 4336 8803 4341 8803 4363 8804 4341 8804 4340 8804 4339 8805 4378 8805 4370 8805 4370 8806 4378 8806 4380 8806 4370 8807 4380 8807 4371 8807 4380 8808 4382 8808 4371 8808 4371 8809 4382 8809 4384 8809 4371 8810 4384 8810 4372 8810 4384 8811 4385 8811 4372 8811 4372 8812 4385 8812 4387 8812 4372 8813 4387 8813 4367 8813 4387 8814 4388 8814 4367 8814 4367 8815 4388 8815 4390 8815 4367 8816 4390 8816 4368 8816 4390 8817 4391 8817 4368 8817 4368 8818 4391 8818 4393 8818 4368 8819 4393 8819 4369 8819 4393 8820 4394 8820 4369 8820 4369 8821 4394 8821 4396 8821 4369 8822 4396 8822 4366 8822 4366 8823 4396 8823 4398 8823 4366 8824 4398 8824 4336 8824 4379 8825 4359 8825 4360 8825 4355 8826 4354 8826 4397 8826 4397 8827 4354 8827 4338 8827 4397 8828 4338 8828 4337 8828 4379 8829 4360 8829 4381 8829 4381 8830 4360 8830 4361 8830 4381 8831 4361 8831 4383 8831 4361 8832 4362 8832 4383 8832 4383 8833 4362 8833 4358 8833 4383 8834 4358 8834 4386 8834 4386 8835 4358 8835 4357 8835 4386 8836 4357 8836 4389 8836 4389 8837 4357 8837 4356 8837 4389 8838 4356 8838 4392 8838 4392 8839 4356 8839 4355 8839 4392 8840 4355 8840 4395 8840 4395 8841 4355 8841 4397 8841 4399 8842 4400 8842 4401 8842 4399 8843 4401 8843 4402 8843 4403 8844 4404 8844 4401 8844 4401 8845 4404 8845 4405 8845 4401 8846 4405 8846 4402 8846 4406 8847 4407 8847 4401 8847 4401 8848 4407 8848 4408 8848 4401 8849 4408 8849 4403 8849 4409 8850 4410 8850 4401 8850 4401 8851 4410 8851 4411 8851 4401 8852 4411 8852 4406 8852 4400 8853 4412 8853 4401 8853 4401 8854 4412 8854 4413 8854 4401 8855 4413 8855 4409 8855 4414 8856 4415 8856 4416 8856 4414 8857 4416 8857 4417 8857 4418 8858 4419 8858 4416 8858 4416 8859 4419 8859 4420 8859 4416 8860 4420 8860 4417 8860 4421 8861 4422 8861 4416 8861 4416 8862 4422 8862 4423 8862 4416 8863 4423 8863 4418 8863 4424 8864 4425 8864 4416 8864 4416 8865 4425 8865 4426 8865 4416 8866 4426 8866 4421 8866 4415 8867 4427 8867 4416 8867 4416 8868 4427 8868 4428 8868 4416 8869 4428 8869 4424 8869 4415 8870 4414 8870 4429 8870 4429 8871 4430 8871 4415 8871 4415 8872 4430 8872 4431 8872 4415 8873 4431 8873 4427 8873 4431 8874 4432 8874 4427 8874 4427 8875 4432 8875 4433 8875 4427 8876 4433 8876 4428 8876 4433 8877 4434 8877 4428 8877 4428 8878 4434 8878 4435 8878 4428 8879 4435 8879 4424 8879 4435 8880 4436 8880 4424 8880 4424 8881 4436 8881 4437 8881 4424 8882 4437 8882 4425 8882 4437 8883 4438 8883 4425 8883 4425 8884 4438 8884 4439 8884 4425 8885 4439 8885 4426 8885 4439 8886 4440 8886 4426 8886 4426 8887 4440 8887 4441 8887 4426 8888 4441 8888 4421 8888 4441 8889 4442 8889 4421 8889 4421 8890 4442 8890 4443 8890 4421 8891 4443 8891 4422 8891 4443 8892 4444 8892 4422 8892 4422 8893 4444 8893 4445 8893 4422 8894 4445 8894 4423 8894 4445 8895 4446 8895 4423 8895 4423 8896 4446 8896 4447 8896 4423 8897 4447 8897 4418 8897 4447 8898 4448 8898 4418 8898 4418 8899 4448 8899 4449 8899 4418 8900 4449 8900 4419 8900 4449 8901 4450 8901 4419 8901 4419 8902 4450 8902 4451 8902 4419 8903 4451 8903 4420 8903 4451 8904 4452 8904 4420 8904 4420 8905 4452 8905 4453 8905 4420 8906 4453 8906 4417 8906 4453 8907 4454 8907 4417 8907 4417 8908 4454 8908 4455 8908 4417 8909 4455 8909 4414 8909 4414 8910 4455 8910 4456 8910 4414 8911 4456 8911 4429 8911 4406 8912 4411 8912 4452 8912 4410 8913 4454 8913 4411 8913 4411 8914 4454 8914 4453 8914 4411 8915 4453 8915 4452 8915 4409 8916 4456 8916 4410 8916 4410 8917 4456 8917 4455 8917 4410 8918 4455 8918 4454 8918 4413 8919 4430 8919 4409 8919 4409 8920 4430 8920 4429 8920 4409 8921 4429 8921 4456 8921 4412 8922 4432 8922 4413 8922 4413 8923 4432 8923 4431 8923 4413 8924 4431 8924 4430 8924 4400 8925 4434 8925 4412 8925 4412 8926 4434 8926 4433 8926 4412 8927 4433 8927 4432 8927 4399 8928 4436 8928 4400 8928 4400 8929 4436 8929 4435 8929 4400 8930 4435 8930 4434 8930 4402 8931 4438 8931 4399 8931 4399 8932 4438 8932 4437 8932 4399 8933 4437 8933 4436 8933 4405 8934 4440 8934 4402 8934 4402 8935 4440 8935 4439 8935 4402 8936 4439 8936 4438 8936 4404 8937 4442 8937 4405 8937 4405 8938 4442 8938 4441 8938 4405 8939 4441 8939 4440 8939 4403 8940 4444 8940 4404 8940 4404 8941 4444 8941 4443 8941 4404 8942 4443 8942 4442 8942 4408 8943 4446 8943 4403 8943 4403 8944 4446 8944 4445 8944 4403 8945 4445 8945 4444 8945 4407 8946 4448 8946 4408 8946 4408 8947 4448 8947 4447 8947 4408 8948 4447 8948 4446 8948 4452 8949 4451 8949 4406 8949 4406 8950 4451 8950 4450 8950 4406 8951 4450 8951 4407 8951 4407 8952 4450 8952 4449 8952 4407 8953 4449 8953 4448 8953 4457 8954 4458 8954 4459 8954 4457 8955 4459 8955 4460 8955 4461 8956 4462 8956 4459 8956 4459 8957 4462 8957 4463 8957 4459 8958 4463 8958 4460 8958 4464 8959 4465 8959 4459 8959 4459 8960 4465 8960 4466 8960 4459 8961 4466 8961 4461 8961 4467 8962 4468 8962 4459 8962 4459 8963 4468 8963 4469 8963 4459 8964 4469 8964 4464 8964 4458 8965 4470 8965 4459 8965 4459 8966 4470 8966 4471 8966 4459 8967 4471 8967 4467 8967 4472 8968 4473 8968 4474 8968 4469 8969 4468 8969 4475 8969 4463 8970 4476 8970 4460 8970 4460 8971 4476 8971 4477 8971 4460 8972 4477 8972 4472 8972 4461 8973 4478 8973 4479 8973 4461 8974 4479 8974 4462 8974 4479 8975 4480 8975 4462 8975 4462 8976 4480 8976 4481 8976 4462 8977 4481 8977 4463 8977 4463 8978 4481 8978 4482 8978 4463 8979 4482 8979 4476 8979 4466 8980 4483 8980 4484 8980 4466 8981 4484 8981 4461 8981 4461 8982 4484 8982 4485 8982 4461 8983 4485 8983 4478 8983 4465 8984 4486 8984 4487 8984 4465 8985 4487 8985 4466 8985 4466 8986 4487 8986 4488 8986 4466 8987 4488 8987 4483 8987 4464 8988 4489 8988 4490 8988 4464 8989 4490 8989 4465 8989 4465 8990 4490 8990 4491 8990 4465 8991 4491 8991 4486 8991 4475 8992 4492 8992 4469 8992 4469 8993 4492 8993 4493 8993 4469 8994 4493 8994 4464 8994 4464 8995 4493 8995 4494 8995 4464 8996 4494 8996 4489 8996 4472 8997 4474 8997 4460 8997 4460 8998 4474 8998 4495 8998 4460 8999 4495 8999 4457 8999 4495 9000 4496 9000 4457 9000 4457 9001 4496 9001 4497 9001 4457 9002 4497 9002 4458 9002 4458 9003 4497 9003 4498 9003 4458 9004 4498 9004 4470 9004 4470 9005 4498 9005 4499 9005 4470 9006 4499 9006 4471 9006 4471 9007 4499 9007 4500 9007 4471 9008 4500 9008 4467 9008 4467 9009 4500 9009 4501 9009 4467 9010 4501 9010 4468 9010 4468 9011 4501 9011 4502 9011 4468 9012 4502 9012 4475 9012 4475 9013 4502 9013 4503 9013 4504 9014 4505 9014 4506 9014 4504 9015 4506 9015 4507 9015 4508 9016 4509 9016 4506 9016 4506 9017 4509 9017 4510 9017 4506 9018 4510 9018 4507 9018 4511 9019 4512 9019 4506 9019 4506 9020 4512 9020 4513 9020 4506 9021 4513 9021 4508 9021 4514 9022 4515 9022 4506 9022 4506 9023 4515 9023 4516 9023 4506 9024 4516 9024 4511 9024 4505 9025 4517 9025 4506 9025 4506 9026 4517 9026 4518 9026 4506 9027 4518 9027 4514 9027 4475 9028 4503 9028 4519 9028 4519 9029 4503 9029 4520 9029 4521 9030 4522 9030 4520 9030 4520 9031 4522 9031 4523 9031 4520 9032 4523 9032 4519 9032 4524 9033 4525 9033 4521 9033 4521 9034 4525 9034 4526 9034 4521 9035 4526 9035 4522 9035 4527 9036 4528 9036 4524 9036 4524 9037 4528 9037 4529 9037 4524 9038 4529 9038 4525 9038 4530 9039 4531 9039 4532 9039 4532 9040 4531 9040 4533 9040 4532 9041 4533 9041 4527 9041 4527 9042 4533 9042 4534 9042 4527 9043 4534 9043 4528 9043 4532 9044 4535 9044 4530 9044 4530 9045 4535 9045 4536 9045 4530 9046 4536 9046 4537 9046 4537 9047 4536 9047 4538 9047 4537 9048 4538 9048 4539 9048 4539 9049 4538 9049 4473 9049 4539 9050 4473 9050 4472 9050 4492 9051 4475 9051 4515 9051 4492 9052 4515 9052 4493 9052 4493 9053 4515 9053 4514 9053 4493 9054 4514 9054 4494 9054 4486 9055 4491 9055 4518 9055 4518 9056 4491 9056 4490 9056 4518 9057 4490 9057 4514 9057 4514 9058 4490 9058 4489 9058 4514 9059 4489 9059 4494 9059 4486 9060 4518 9060 4487 9060 4487 9061 4518 9061 4517 9061 4487 9062 4517 9062 4488 9062 4478 9063 4485 9063 4505 9063 4505 9064 4485 9064 4484 9064 4505 9065 4484 9065 4517 9065 4517 9066 4484 9066 4483 9066 4517 9067 4483 9067 4488 9067 4478 9068 4505 9068 4479 9068 4479 9069 4505 9069 4504 9069 4479 9070 4504 9070 4480 9070 4507 9071 4482 9071 4504 9071 4504 9072 4482 9072 4481 9072 4504 9073 4481 9073 4480 9073 4509 9074 4472 9074 4510 9074 4510 9075 4472 9075 4477 9075 4510 9076 4477 9076 4507 9076 4507 9077 4477 9077 4476 9077 4507 9078 4476 9078 4482 9078 4475 9079 4519 9079 4515 9079 4515 9080 4519 9080 4523 9080 4515 9081 4523 9081 4516 9081 4523 9082 4522 9082 4516 9082 4516 9083 4522 9083 4526 9083 4516 9084 4526 9084 4511 9084 4526 9085 4525 9085 4511 9085 4511 9086 4525 9086 4529 9086 4511 9087 4529 9087 4512 9087 4529 9088 4528 9088 4512 9088 4512 9089 4528 9089 4534 9089 4512 9090 4534 9090 4513 9090 4534 9091 4533 9091 4513 9091 4513 9092 4533 9092 4531 9092 4513 9093 4531 9093 4508 9093 4531 9094 4530 9094 4508 9094 4508 9095 4530 9095 4537 9095 4508 9096 4537 9096 4509 9096 4509 9097 4537 9097 4539 9097 4509 9098 4539 9098 4472 9098 4473 9099 4538 9099 4474 9099 4474 9100 4538 9100 4495 9100 4495 9101 4538 9101 4496 9101 4496 9102 4538 9102 4536 9102 4496 9103 4536 9103 4497 9103 4536 9104 4535 9104 4497 9104 4497 9105 4535 9105 4532 9105 4497 9106 4532 9106 4498 9106 4498 9107 4532 9107 4527 9107 4498 9108 4527 9108 4499 9108 4499 9109 4527 9109 4524 9109 4499 9110 4524 9110 4500 9110 4500 9111 4524 9111 4521 9111 4500 9112 4521 9112 4501 9112 4501 9113 4521 9113 4520 9113 4501 9114 4520 9114 4502 9114 4502 9115 4520 9115 4503 9115 4540 9116 4541 9116 4542 9116 4540 9117 4542 9117 4543 9117 4544 9118 4545 9118 4542 9118 4542 9119 4545 9119 4546 9119 4542 9120 4546 9120 4543 9120 4547 9121 4548 9121 4542 9121 4542 9122 4548 9122 4549 9122 4542 9123 4549 9123 4544 9123 4550 9124 4551 9124 4542 9124 4542 9125 4551 9125 4552 9125 4542 9126 4552 9126 4547 9126 4541 9127 4553 9127 4542 9127 4542 9128 4553 9128 4554 9128 4542 9129 4554 9129 4550 9129 4555 9130 4556 9130 4557 9130 4555 9131 4557 9131 4558 9131 4559 9132 4560 9132 4557 9132 4557 9133 4560 9133 4561 9133 4557 9134 4561 9134 4558 9134 4562 9135 4563 9135 4557 9135 4557 9136 4563 9136 4564 9136 4557 9137 4564 9137 4559 9137 4565 9138 4566 9138 4557 9138 4557 9139 4566 9139 4567 9139 4557 9140 4567 9140 4562 9140 4556 9141 4568 9141 4557 9141 4557 9142 4568 9142 4569 9142 4557 9143 4569 9143 4565 9143 4556 9144 4555 9144 4570 9144 4570 9145 4571 9145 4556 9145 4556 9146 4571 9146 4572 9146 4556 9147 4572 9147 4568 9147 4572 9148 4573 9148 4568 9148 4568 9149 4573 9149 4574 9149 4568 9150 4574 9150 4569 9150 4574 9151 4575 9151 4569 9151 4569 9152 4575 9152 4576 9152 4569 9153 4576 9153 4565 9153 4576 9154 4577 9154 4565 9154 4565 9155 4577 9155 4578 9155 4565 9156 4578 9156 4566 9156 4578 9157 4579 9157 4566 9157 4566 9158 4579 9158 4580 9158 4566 9159 4580 9159 4567 9159 4580 9160 4581 9160 4567 9160 4567 9161 4581 9161 4582 9161 4567 9162 4582 9162 4562 9162 4583 9163 4563 9163 4584 9163 4584 9164 4563 9164 4562 9164 4584 9165 4562 9165 4585 9165 4585 9166 4562 9166 4582 9166 4583 9167 4586 9167 4563 9167 4563 9168 4586 9168 4587 9168 4563 9169 4587 9169 4564 9169 4587 9170 4588 9170 4564 9170 4564 9171 4588 9171 4589 9171 4564 9172 4589 9172 4559 9172 4589 9173 4590 9173 4559 9173 4559 9174 4590 9174 4591 9174 4559 9175 4591 9175 4560 9175 4591 9176 4592 9176 4560 9176 4560 9177 4592 9177 4593 9177 4560 9178 4593 9178 4561 9178 4593 9179 4594 9179 4561 9179 4561 9180 4594 9180 4595 9180 4561 9181 4595 9181 4558 9181 4595 9182 4596 9182 4558 9182 4558 9183 4596 9183 4597 9183 4558 9184 4597 9184 4555 9184 4555 9185 4597 9185 4598 9185 4555 9186 4598 9186 4570 9186 4552 9187 4595 9187 4594 9187 4552 9188 4594 9188 4547 9188 4595 9189 4552 9189 4596 9189 4596 9190 4552 9190 4551 9190 4596 9191 4551 9191 4597 9191 4597 9192 4551 9192 4598 9192 4598 9193 4551 9193 4550 9193 4598 9194 4550 9194 4570 9194 4570 9195 4550 9195 4571 9195 4571 9196 4550 9196 4554 9196 4571 9197 4554 9197 4572 9197 4572 9198 4554 9198 4573 9198 4573 9199 4554 9199 4553 9199 4573 9200 4553 9200 4574 9200 4574 9201 4553 9201 4575 9201 4575 9202 4553 9202 4541 9202 4575 9203 4541 9203 4576 9203 4576 9204 4541 9204 4577 9204 4577 9205 4541 9205 4540 9205 4577 9206 4540 9206 4578 9206 4578 9207 4540 9207 4579 9207 4579 9208 4540 9208 4543 9208 4579 9209 4543 9209 4580 9209 4580 9210 4543 9210 4581 9210 4581 9211 4543 9211 4546 9211 4581 9212 4546 9212 4582 9212 4582 9213 4546 9213 4585 9213 4585 9214 4546 9214 4545 9214 4585 9215 4545 9215 4584 9215 4544 9216 4586 9216 4545 9216 4545 9217 4586 9217 4583 9217 4545 9218 4583 9218 4584 9218 4549 9219 4588 9219 4544 9219 4544 9220 4588 9220 4587 9220 4544 9221 4587 9221 4586 9221 4548 9222 4590 9222 4549 9222 4549 9223 4590 9223 4589 9223 4549 9224 4589 9224 4588 9224 4594 9225 4593 9225 4547 9225 4547 9226 4593 9226 4592 9226 4547 9227 4592 9227 4548 9227 4548 9228 4592 9228 4591 9228 4548 9229 4591 9229 4590 9229 4599 9230 4600 9230 4601 9230 4599 9231 4601 9231 4602 9231 4603 9232 4604 9232 4601 9232 4601 9233 4604 9233 4605 9233 4601 9234 4605 9234 4602 9234 4606 9235 4607 9235 4601 9235 4601 9236 4607 9236 4608 9236 4601 9237 4608 9237 4603 9237 4609 9238 4610 9238 4601 9238 4601 9239 4610 9239 4611 9239 4601 9240 4611 9240 4606 9240 4600 9241 4612 9241 4601 9241 4601 9242 4612 9242 4613 9242 4601 9243 4613 9243 4609 9243 4614 9244 4615 9244 4616 9244 4617 9245 4608 9245 4618 9245 4618 9246 4608 9246 4607 9246 4618 9247 4607 9247 4619 9247 4600 9248 4620 9248 4621 9248 4600 9249 4621 9249 4612 9249 4622 9250 4623 9250 4599 9250 4599 9251 4623 9251 4624 9251 4599 9252 4624 9252 4600 9252 4600 9253 4624 9253 4625 9253 4600 9254 4625 9254 4620 9254 4622 9255 4599 9255 4626 9255 4626 9256 4599 9256 4602 9256 4626 9257 4602 9257 4627 9257 4628 9258 4629 9258 4605 9258 4605 9259 4629 9259 4630 9259 4605 9260 4630 9260 4602 9260 4602 9261 4630 9261 4631 9261 4602 9262 4631 9262 4627 9262 4628 9263 4605 9263 4632 9263 4632 9264 4605 9264 4604 9264 4632 9265 4604 9265 4633 9265 4633 9266 4604 9266 4634 9266 4634 9267 4604 9267 4603 9267 4634 9268 4603 9268 4635 9268 4617 9269 4636 9269 4608 9269 4608 9270 4636 9270 4637 9270 4608 9271 4637 9271 4603 9271 4603 9272 4637 9272 4638 9272 4603 9273 4638 9273 4635 9273 4639 9274 4619 9274 4640 9274 4640 9275 4619 9275 4607 9275 4640 9276 4607 9276 4641 9276 4641 9277 4607 9277 4606 9277 4621 9278 4614 9278 4612 9278 4612 9279 4614 9279 4616 9279 4612 9280 4616 9280 4613 9280 4613 9281 4616 9281 4642 9281 4613 9282 4642 9282 4609 9282 4609 9283 4642 9283 4643 9283 4609 9284 4643 9284 4610 9284 4610 9285 4643 9285 4644 9285 4610 9286 4644 9286 4611 9286 4611 9287 4644 9287 4645 9287 4611 9288 4645 9288 4606 9288 4606 9289 4645 9289 4646 9289 4606 9290 4646 9290 4641 9290 4647 9291 4648 9291 4649 9291 4647 9292 4649 9292 4650 9292 4651 9293 4652 9293 4649 9293 4649 9294 4652 9294 4653 9294 4649 9295 4653 9295 4650 9295 4654 9296 4655 9296 4649 9296 4649 9297 4655 9297 4656 9297 4649 9298 4656 9298 4651 9298 4657 9299 4658 9299 4649 9299 4649 9300 4658 9300 4659 9300 4649 9301 4659 9301 4654 9301 4648 9302 4660 9302 4649 9302 4649 9303 4660 9303 4661 9303 4649 9304 4661 9304 4657 9304 4619 9305 4639 9305 4662 9305 4619 9306 4662 9306 4663 9306 4662 9307 4664 9307 4663 9307 4663 9308 4664 9308 4665 9308 4663 9309 4665 9309 4666 9309 4666 9310 4665 9310 4667 9310 4666 9311 4667 9311 4668 9311 4668 9312 4667 9312 4669 9312 4668 9313 4669 9313 4670 9313 4670 9314 4669 9314 4671 9314 4671 9315 4669 9315 4672 9315 4671 9316 4672 9316 4673 9316 4673 9317 4672 9317 4674 9317 4674 9318 4672 9318 4675 9318 4674 9319 4675 9319 4676 9319 4676 9320 4675 9320 4677 9320 4677 9321 4675 9321 4615 9321 4677 9322 4615 9322 4614 9322 4657 9323 4661 9323 4619 9323 4660 9324 4636 9324 4617 9324 4660 9325 4617 9325 4661 9325 4661 9326 4617 9326 4618 9326 4661 9327 4618 9327 4619 9327 4648 9328 4635 9328 4638 9328 4648 9329 4638 9329 4660 9329 4660 9330 4638 9330 4637 9330 4660 9331 4637 9331 4636 9331 4647 9332 4632 9332 4633 9332 4647 9333 4633 9333 4648 9333 4648 9334 4633 9334 4634 9334 4648 9335 4634 9335 4635 9335 4650 9336 4630 9336 4629 9336 4650 9337 4629 9337 4647 9337 4647 9338 4629 9338 4628 9338 4647 9339 4628 9339 4632 9339 4653 9340 4626 9340 4627 9340 4653 9341 4627 9341 4650 9341 4650 9342 4627 9342 4631 9342 4650 9343 4631 9343 4630 9343 4652 9344 4624 9344 4623 9344 4652 9345 4623 9345 4653 9345 4653 9346 4623 9346 4622 9346 4653 9347 4622 9347 4626 9347 4624 9348 4652 9348 4625 9348 4625 9349 4652 9349 4651 9349 4625 9350 4651 9350 4620 9350 4656 9351 4614 9351 4651 9351 4651 9352 4614 9352 4621 9352 4651 9353 4621 9353 4620 9353 4619 9354 4663 9354 4657 9354 4657 9355 4663 9355 4666 9355 4657 9356 4666 9356 4658 9356 4658 9357 4666 9357 4668 9357 4658 9358 4668 9358 4659 9358 4659 9359 4668 9359 4670 9359 4659 9360 4670 9360 4654 9360 4670 9361 4671 9361 4654 9361 4654 9362 4671 9362 4673 9362 4654 9363 4673 9363 4655 9363 4673 9364 4674 9364 4655 9364 4655 9365 4674 9365 4676 9365 4655 9366 4676 9366 4656 9366 4656 9367 4676 9367 4677 9367 4656 9368 4677 9368 4614 9368 4639 9369 4640 9369 4662 9369 4662 9370 4640 9370 4641 9370 4662 9371 4641 9371 4664 9371 4664 9372 4641 9372 4646 9372 4664 9373 4646 9373 4665 9373 4665 9374 4646 9374 4645 9374 4665 9375 4645 9375 4667 9375 4667 9376 4645 9376 4644 9376 4667 9377 4644 9377 4669 9377 4669 9378 4644 9378 4643 9378 4669 9379 4643 9379 4672 9379 4672 9380 4643 9380 4642 9380 4672 9381 4642 9381 4675 9381 4675 9382 4642 9382 4616 9382 4675 9383 4616 9383 4615 9383 4678 9384 4679 9384 4680 9384 4678 9385 4680 9385 4681 9385 4682 9386 4683 9386 4680 9386 4680 9387 4683 9387 4684 9387 4680 9388 4684 9388 4681 9388 4685 9389 4686 9389 4680 9389 4680 9390 4686 9390 4687 9390 4680 9391 4687 9391 4682 9391 4688 9392 4689 9392 4680 9392 4680 9393 4689 9393 4690 9393 4680 9394 4690 9394 4685 9394 4679 9395 4691 9395 4680 9395 4680 9396 4691 9396 4692 9396 4680 9397 4692 9397 4688 9397 4679 9398 4693 9398 4694 9398 4679 9399 4694 9399 4691 9399 4678 9400 4681 9400 4695 9400 4695 9401 4696 9401 4678 9401 4678 9402 4696 9402 4697 9402 4678 9403 4697 9403 4679 9403 4679 9404 4697 9404 4698 9404 4679 9405 4698 9405 4693 9405 4684 9406 4683 9406 4699 9406 4699 9407 4700 9407 4684 9407 4684 9408 4700 9408 4701 9408 4684 9409 4701 9409 4681 9409 4681 9410 4701 9410 4702 9410 4681 9411 4702 9411 4695 9411 4687 9412 4703 9412 4682 9412 4682 9413 4703 9413 4704 9413 4682 9414 4704 9414 4683 9414 4683 9415 4704 9415 4705 9415 4683 9416 4705 9416 4699 9416 4694 9417 4706 9417 4691 9417 4691 9418 4706 9418 4707 9418 4691 9419 4707 9419 4692 9419 4707 9420 4708 9420 4692 9420 4692 9421 4708 9421 4709 9421 4692 9422 4709 9422 4688 9422 4709 9423 4710 9423 4688 9423 4688 9424 4710 9424 4711 9424 4688 9425 4711 9425 4689 9425 4689 9426 4711 9426 4712 9426 4689 9427 4712 9427 4690 9427 4690 9428 4712 9428 4713 9428 4690 9429 4713 9429 4685 9429 4685 9430 4713 9430 4714 9430 4685 9431 4714 9431 4686 9431 4686 9432 4714 9432 4715 9432 4686 9433 4715 9433 4687 9433 4687 9434 4715 9434 4716 9434 4687 9435 4716 9435 4703 9435 4717 9436 4714 9436 4713 9436 4694 9437 4718 9437 4706 9437 4706 9438 4718 9438 4719 9438 4706 9439 4719 9439 4707 9439 4707 9440 4719 9440 4720 9440 4707 9441 4720 9441 4708 9441 4708 9442 4720 9442 4709 9442 4720 9443 4721 9443 4709 9443 4709 9444 4721 9444 4722 9444 4709 9445 4722 9445 4710 9445 4710 9446 4722 9446 4723 9446 4710 9447 4723 9447 4711 9447 4711 9448 4723 9448 4724 9448 4711 9449 4724 9449 4712 9449 4712 9450 4724 9450 4725 9450 4712 9451 4725 9451 4713 9451 4713 9452 4725 9452 4726 9452 4713 9453 4726 9453 4717 9453 4719 9454 4718 9454 4727 9454 4728 9455 4729 9455 4726 9455 4726 9456 4729 9456 4730 9456 4726 9457 4730 9457 4717 9457 4721 9458 4731 9458 4722 9458 4722 9459 4731 9459 4732 9459 4722 9460 4732 9460 4723 9460 4723 9461 4732 9461 4733 9461 4723 9462 4733 9462 4724 9462 4724 9463 4733 9463 4728 9463 4724 9464 4728 9464 4725 9464 4725 9465 4728 9465 4726 9465 4719 9466 4727 9466 4720 9466 4720 9467 4727 9467 4734 9467 4720 9468 4734 9468 4721 9468 4721 9469 4734 9469 4735 9469 4721 9470 4735 9470 4731 9470 4736 9471 4737 9471 4738 9471 4736 9472 4738 9472 4739 9472 4740 9473 4741 9473 4738 9473 4738 9474 4741 9474 4742 9474 4738 9475 4742 9475 4739 9475 4743 9476 4744 9476 4738 9476 4738 9477 4744 9477 4745 9477 4738 9478 4745 9478 4740 9478 4746 9479 4747 9479 4738 9479 4738 9480 4747 9480 4748 9480 4738 9481 4748 9481 4743 9481 4737 9482 4749 9482 4738 9482 4738 9483 4749 9483 4750 9483 4738 9484 4750 9484 4746 9484 4714 9485 4717 9485 4730 9485 4740 9486 4694 9486 4693 9486 4740 9487 4693 9487 4741 9487 4750 9488 4749 9488 4703 9488 4714 9489 4746 9489 4715 9489 4715 9490 4746 9490 4750 9490 4715 9491 4750 9491 4716 9491 4716 9492 4750 9492 4703 9492 4737 9493 4736 9493 4700 9493 4700 9494 4699 9494 4737 9494 4737 9495 4699 9495 4705 9495 4737 9496 4705 9496 4749 9496 4749 9497 4705 9497 4704 9497 4749 9498 4704 9498 4703 9498 4742 9499 4695 9499 4739 9499 4739 9500 4695 9500 4702 9500 4739 9501 4702 9501 4736 9501 4736 9502 4702 9502 4701 9502 4736 9503 4701 9503 4700 9503 4693 9504 4698 9504 4741 9504 4741 9505 4698 9505 4697 9505 4741 9506 4697 9506 4742 9506 4742 9507 4697 9507 4696 9507 4742 9508 4696 9508 4695 9508 4718 9509 4694 9509 4727 9509 4727 9510 4694 9510 4740 9510 4727 9511 4740 9511 4734 9511 4734 9512 4740 9512 4745 9512 4714 9513 4730 9513 4746 9513 4746 9514 4730 9514 4729 9514 4746 9515 4729 9515 4747 9515 4747 9516 4729 9516 4728 9516 4747 9517 4728 9517 4748 9517 4748 9518 4728 9518 4733 9518 4748 9519 4733 9519 4743 9519 4743 9520 4733 9520 4732 9520 4743 9521 4732 9521 4744 9521 4744 9522 4732 9522 4731 9522 4744 9523 4731 9523 4745 9523 4745 9524 4731 9524 4735 9524 4745 9525 4735 9525 4734 9525 4751 9526 4752 9526 4753 9526 4751 9527 4753 9527 4754 9527 4755 9528 4756 9528 4753 9528 4753 9529 4756 9529 4757 9529 4753 9530 4757 9530 4754 9530 4758 9531 4759 9531 4753 9531 4753 9532 4759 9532 4760 9532 4753 9533 4760 9533 4755 9533 4761 9534 4762 9534 4753 9534 4753 9535 4762 9535 4763 9535 4753 9536 4763 9536 4758 9536 4752 9537 4764 9537 4753 9537 4753 9538 4764 9538 4765 9538 4753 9539 4765 9539 4761 9539 4766 9540 4767 9540 4768 9540 4766 9541 4768 9541 4769 9541 4770 9542 4771 9542 4768 9542 4768 9543 4771 9543 4772 9543 4768 9544 4772 9544 4769 9544 4773 9545 4774 9545 4768 9545 4768 9546 4774 9546 4775 9546 4768 9547 4775 9547 4770 9547 4776 9548 4777 9548 4768 9548 4768 9549 4777 9549 4778 9549 4768 9550 4778 9550 4773 9550 4767 9551 4779 9551 4768 9551 4768 9552 4779 9552 4780 9552 4768 9553 4780 9553 4776 9553 4767 9554 4766 9554 4781 9554 4781 9555 4782 9555 4767 9555 4767 9556 4782 9556 4783 9556 4767 9557 4783 9557 4779 9557 4783 9558 4784 9558 4779 9558 4779 9559 4784 9559 4785 9559 4779 9560 4785 9560 4780 9560 4785 9561 4786 9561 4780 9561 4780 9562 4786 9562 4787 9562 4780 9563 4787 9563 4776 9563 4787 9564 4788 9564 4776 9564 4776 9565 4788 9565 4789 9565 4776 9566 4789 9566 4777 9566 4789 9567 4790 9567 4777 9567 4777 9568 4790 9568 4791 9568 4777 9569 4791 9569 4778 9569 4791 9570 4792 9570 4778 9570 4778 9571 4792 9571 4793 9571 4778 9572 4793 9572 4773 9572 4793 9573 4794 9573 4773 9573 4773 9574 4794 9574 4795 9574 4773 9575 4795 9575 4774 9575 4795 9576 4796 9576 4774 9576 4774 9577 4796 9577 4797 9577 4774 9578 4797 9578 4775 9578 4797 9579 4798 9579 4775 9579 4775 9580 4798 9580 4799 9580 4775 9581 4799 9581 4770 9581 4799 9582 4800 9582 4770 9582 4770 9583 4800 9583 4801 9583 4770 9584 4801 9584 4771 9584 4801 9585 4802 9585 4771 9585 4771 9586 4802 9586 4803 9586 4771 9587 4803 9587 4772 9587 4803 9588 4804 9588 4772 9588 4772 9589 4804 9589 4805 9589 4772 9590 4805 9590 4769 9590 4805 9591 4806 9591 4769 9591 4769 9592 4806 9592 4807 9592 4769 9593 4807 9593 4766 9593 4766 9594 4807 9594 4808 9594 4766 9595 4808 9595 4781 9595 4758 9596 4763 9596 4804 9596 4762 9597 4806 9597 4763 9597 4763 9598 4806 9598 4805 9598 4763 9599 4805 9599 4804 9599 4761 9600 4808 9600 4762 9600 4762 9601 4808 9601 4807 9601 4762 9602 4807 9602 4806 9602 4765 9603 4782 9603 4761 9603 4761 9604 4782 9604 4781 9604 4761 9605 4781 9605 4808 9605 4764 9606 4784 9606 4765 9606 4765 9607 4784 9607 4783 9607 4765 9608 4783 9608 4782 9608 4752 9609 4786 9609 4764 9609 4764 9610 4786 9610 4785 9610 4764 9611 4785 9611 4784 9611 4751 9612 4788 9612 4752 9612 4752 9613 4788 9613 4787 9613 4752 9614 4787 9614 4786 9614 4754 9615 4790 9615 4751 9615 4751 9616 4790 9616 4789 9616 4751 9617 4789 9617 4788 9617 4757 9618 4792 9618 4754 9618 4754 9619 4792 9619 4791 9619 4754 9620 4791 9620 4790 9620 4756 9621 4794 9621 4757 9621 4757 9622 4794 9622 4793 9622 4757 9623 4793 9623 4792 9623 4755 9624 4796 9624 4756 9624 4756 9625 4796 9625 4795 9625 4756 9626 4795 9626 4794 9626 4760 9627 4798 9627 4755 9627 4755 9628 4798 9628 4797 9628 4755 9629 4797 9629 4796 9629 4759 9630 4800 9630 4760 9630 4760 9631 4800 9631 4799 9631 4760 9632 4799 9632 4798 9632 4804 9633 4803 9633 4758 9633 4758 9634 4803 9634 4802 9634 4758 9635 4802 9635 4759 9635 4759 9636 4802 9636 4801 9636 4759 9637 4801 9637 4800 9637</p>
        </triangles>
        <triangles material="Material_002-material" count="156">
          <input semantic="VERTEX" source="#wheel-mesh-vertices" offset="0"/>
          <input semantic="NORMAL" source="#wheel-mesh-normals" offset="1"/>
          <p>0 0 1 0 2 0 2 1 1 1 3 1 2 2 3 2 4 2 4 3 3 3 5 3 4 4 5 4 6 4 6 5 5 5 7 5 6 6 7 6 8 6 8 7 7 7 9 7 8 8 9 8 10 8 10 9 9 9 11 9 10 10 11 10 12 10 12 11 11 11 13 11 12 12 13 12 14 12 14 13 13 13 15 13 14 14 15 14 16 14 16 15 15 15 17 15 16 16 17 16 18 16 18 17 17 17 19 17 18 18 19 18 20 18 20 19 19 19 21 19 20 20 21 20 22 20 22 21 21 21 23 21 22 22 23 22 24 22 24 23 23 23 25 23 24 24 25 24 26 24 26 25 25 25 27 25 26 26 27 26 28 26 28 27 27 27 29 27 28 28 29 28 30 28 30 29 29 29 31 29 30 30 31 30 32 30 32 31 31 31 33 31 32 32 33 32 34 32 34 33 33 33 35 33 34 34 35 34 36 34 36 35 35 35 37 35 36 36 37 36 38 36 38 37 37 37 39 37 38 38 39 38 40 38 40 39 39 39 41 39 40 40 41 40 42 40 42 41 41 41 43 41 42 42 43 42 44 42 44 43 43 43 45 43 44 44 45 44 46 44 46 45 45 45 47 45 46 46 47 46 48 46 48 47 47 47 49 47 48 48 49 48 50 48 50 49 49 49 51 49 50 50 51 50 52 50 52 51 51 51 53 51 52 52 53 52 54 52 54 53 53 53 55 53 54 54 55 54 56 54 56 55 55 55 57 55 56 56 57 56 58 56 58 57 57 57 59 57 58 58 59 58 60 58 60 59 59 59 61 59 60 60 61 60 62 60 62 61 61 61 63 61 62 62 63 62 64 62 64 63 63 63 65 63 64 64 65 64 66 64 66 65 65 65 67 65 66 66 67 66 68 66 68 67 67 67 69 67 68 68 69 68 70 68 70 69 69 69 71 69 70 70 71 70 72 70 72 71 71 71 73 71 72 72 73 72 74 72 74 73 73 73 75 73 74 74 75 74 76 74 76 75 75 75 77 75 76 76 77 76 78 76 78 77 77 77 79 77 78 78 79 78 80 78 80 79 79 79 81 79 80 80 81 80 82 80 82 81 81 81 83 81 82 82 83 82 84 82 84 83 83 83 85 83 84 84 85 84 86 84 86 85 85 85 87 85 86 86 87 86 88 86 88 87 87 87 89 87 88 88 89 88 90 88 90 89 89 89 91 89 90 90 91 90 92 90 92 91 91 91 93 91 92 92 93 92 94 92 94 93 93 93 95 93 94 94 95 94 0 94 0 95 95 95 1 95 660 7982 343 7982 662 7982 662 7983 343 7983 345 7983 662 7984 345 7984 663 7984 663 7985 345 7985 347 7985 663 7986 347 7986 382 7986 382 7987 347 7987 350 7987 382 7988 350 7988 383 7988 383 7989 350 7989 349 7989 383 7990 349 7990 653 7990 653 7991 349 7991 354 7991 653 7992 354 7992 654 7992 654 7993 354 7993 353 7993 654 7994 353 7994 656 7994 656 7995 353 7995 352 7995 656 7996 352 7996 657 7996 657 7997 352 7997 351 7997 657 7998 351 7998 652 7998 652 7999 351 7999 356 7999 652 8000 356 8000 651 8000 651 8001 356 8001 355 8001 651 8002 355 8002 649 8002 649 8003 355 8003 358 8003 649 8004 358 8004 648 8004 648 8005 358 8005 360 8005 648 8006 360 8006 647 8006 647 8007 360 8007 362 8007 647 8008 362 8008 385 8008 385 8009 362 8009 363 8009 385 8010 363 8010 3985 8010 3985 8011 363 8011 3986 8011 3985 8012 3986 8012 643 8012 643 8013 3986 8013 367 8013 643 8014 367 8014 644 8014 644 8015 367 8015 365 8015 644 8016 365 8016 645 8016 645 8017 365 8017 364 8017 645 8018 364 8018 646 8018 646 8019 364 8019 372 8019 646 8020 372 8020 638 8020 638 8021 372 8021 371 8021 638 8022 371 8022 639 8022 639 8023 371 8023 370 8023 639 8024 370 8024 640 8024 640 8025 370 8025 369 8025 640 8026 369 8026 641 8026 641 8027 369 8027 375 8027 641 8028 375 8028 642 8028 642 8029 375 8029 374 8029 642 8030 374 8030 636 8030 636 8031 374 8031 373 8031 636 8032 373 8032 635 8032 635 8033 373 8033 97 8033 635 8034 97 8034 633 8034 633 8035 97 8035 96 8035 633 8036 96 8036 632 8036 632 8037 96 8037 376 8037 632 8038 376 8038 659 8038 659 8039 376 8039 344 8039 659 8040 344 8040 660 8040 660 8041 344 8041 343 8041</p>
        </triangles>
        <triangles material="Material_003-material" count="3982">
          <input semantic="VERTEX" source="#wheel-mesh-vertices" offset="0"/>
          <input semantic="NORMAL" source="#wheel-mesh-normals" offset="1"/>
          <p>1378 2383 1379 2383 1380 2383 1380 2384 1379 2384 1381 2384 1380 2385 1381 2385 1382 2385 1382 2386 1381 2386 1383 2386 1381 2387 1379 2387 1384 2387 1384 2388 1379 2388 1385 2388 1383 2389 1381 2389 1386 2389 1386 2390 1381 2390 1384 2390 1382 2391 1383 2391 1387 2391 1387 2392 1383 2392 1386 2392 1380 2393 1382 2393 1388 2393 1388 2394 1382 2394 1387 2394 1378 2395 1380 2395 1389 2395 1389 2396 1380 2396 1388 2396 1379 2397 1378 2397 1385 2397 1385 2398 1378 2398 1389 2398 1390 2399 311 2399 310 2399 1391 2400 315 2400 1392 2400 1392 2401 315 2401 311 2401 1392 2402 311 2402 1393 2402 1393 2403 311 2403 1390 2403 1391 2404 1394 2404 315 2404 315 2405 1394 2405 1395 2405 315 2406 1395 2406 316 2406 1396 2407 317 2407 1397 2407 1397 2408 317 2408 316 2408 1397 2409 316 2409 1398 2409 1398 2410 316 2410 1395 2410 1396 2411 1399 2411 317 2411 317 2412 1399 2412 1400 2412 317 2413 1400 2413 322 2413 1401 2414 323 2414 1402 2414 1402 2415 323 2415 322 2415 1402 2416 322 2416 1403 2416 1403 2417 322 2417 1400 2417 1401 2418 1404 2418 323 2418 323 2419 1404 2419 1405 2419 323 2420 1405 2420 324 2420 1405 2421 1406 2421 324 2421 324 2422 1406 2422 1407 2422 324 2423 1407 2423 320 2423 1407 2424 1408 2424 320 2424 320 2425 1408 2425 1409 2425 320 2426 1409 2426 318 2426 1409 2427 1410 2427 318 2427 318 2428 1410 2428 1411 2428 318 2429 1411 2429 302 2429 1412 2430 303 2430 1413 2430 1413 2431 303 2431 302 2431 1413 2432 302 2432 1414 2432 1414 2433 302 2433 1411 2433 303 2435 1415 2435 1416 2435 303 2436 1416 2436 312 2436 1417 2437 313 2437 1418 2437 1418 2438 313 2438 312 2438 1418 2439 312 2439 1419 2439 1419 2440 312 2440 1416 2440 1417 2441 1420 2441 313 2441 313 2442 1420 2442 1421 2442 313 2443 1421 2443 314 2443 1422 2444 305 2444 1423 2444 1423 2445 305 2445 314 2445 1423 2446 314 2446 1424 2446 1424 2447 314 2447 1421 2447 1422 2448 1425 2448 305 2448 305 2449 1425 2449 1426 2449 305 2450 1426 2450 306 2450 1426 2451 1427 2451 306 2451 306 2452 1427 2452 1428 2452 306 2453 1428 2453 308 2453 1428 2454 1429 2454 308 2454 308 2455 1429 2455 1430 2455 308 2456 1430 2456 310 2456 310 2457 1430 2457 1431 2457 310 2458 1431 2458 1390 2458 1422 2459 1423 2459 1432 2459 1424 2460 1421 2460 1433 2460 1417 2461 1418 2461 1434 2461 1419 2462 1416 2462 1435 2462 1412 2463 1413 2463 1436 2463 1401 2464 1402 2464 1437 2464 1403 2465 1400 2465 1438 2465 1396 2466 1397 2466 1439 2466 1398 2467 1395 2467 1440 2467 1391 2468 1392 2468 1441 2468 1442 2469 1443 2469 1444 2469 1445 2470 1446 2470 1447 2470 1444 2471 1448 2471 1449 2471 1449 2472 1448 2472 1450 2472 1451 2473 1446 2473 1452 2473 1452 2474 1446 2474 1445 2474 1452 2475 1445 2475 1453 2475 1454 2476 1443 2476 1455 2476 1455 2477 1443 2477 1442 2477 1455 2478 1442 2478 1456 2478 1457 2479 1451 2479 1458 2479 1458 2480 1451 2480 1452 2480 1458 2481 1452 2481 1459 2481 1459 2482 1452 2482 1453 2482 1459 2483 1453 2483 1460 2483 1461 2484 1454 2484 1462 2484 1462 2485 1454 2485 1455 2485 1462 2486 1455 2486 1463 2486 1463 2487 1455 2487 1456 2487 1463 2488 1456 2488 1464 2488 1465 2489 1449 2489 1466 2489 1466 2490 1449 2490 1450 2490 1466 2491 1450 2491 1467 2491 1468 2492 1469 2492 1470 2492 1471 2493 1469 2493 1472 2493 1472 2494 1469 2494 1468 2494 1472 2495 1468 2495 1473 2495 1447 2496 1474 2496 1473 2496 1473 2497 1474 2497 1475 2497 1473 2498 1475 2498 1472 2498 1472 2499 1475 2499 1476 2499 1472 2500 1476 2500 1471 2500 1471 2501 1476 2501 1477 2501 1478 2502 1465 2502 1479 2502 1479 2503 1465 2503 1466 2503 1479 2504 1466 2504 1480 2504 1480 2505 1466 2505 1467 2505 1480 2506 1467 2506 1481 2506 1392 2507 1393 2507 1441 2507 1441 2508 1393 2508 1481 2508 1441 2509 1481 2509 1482 2509 1482 2510 1481 2510 1467 2510 1482 2511 1467 2511 1483 2511 1483 2512 1467 2512 1450 2512 1483 2513 1450 2513 1484 2513 1484 2514 1450 2514 1448 2514 1394 2515 1391 2515 1485 2515 1485 2516 1391 2516 1441 2516 1485 2517 1441 2517 1486 2517 1486 2518 1441 2518 1482 2518 1486 2519 1482 2519 1487 2519 1487 2520 1482 2520 1483 2520 1487 2521 1483 2521 1488 2521 1488 2522 1483 2522 1484 2522 1488 2523 1489 2523 1487 2523 1487 2524 1489 2524 1490 2524 1487 2525 1490 2525 1486 2525 1486 2526 1490 2526 1491 2526 1486 2527 1491 2527 1485 2527 1485 2528 1491 2528 1440 2528 1485 2529 1440 2529 1394 2529 1394 2530 1440 2530 1395 2530 1397 2531 1398 2531 1439 2531 1439 2532 1398 2532 1440 2532 1439 2533 1440 2533 1492 2533 1492 2534 1440 2534 1491 2534 1492 2535 1491 2535 1493 2535 1493 2536 1491 2536 1490 2536 1493 2537 1490 2537 1494 2537 1494 2538 1490 2538 1489 2538 1399 2539 1396 2539 1495 2539 1495 2540 1396 2540 1439 2540 1495 2541 1439 2541 1496 2541 1496 2542 1439 2542 1492 2542 1496 2543 1492 2543 1497 2543 1497 2544 1492 2544 1493 2544 1497 2545 1493 2545 1498 2545 1498 2546 1493 2546 1494 2546 1498 2547 1499 2547 1497 2547 1497 2548 1499 2548 1500 2548 1497 2549 1500 2549 1496 2549 1496 2550 1500 2550 1501 2550 1496 2551 1501 2551 1495 2551 1495 2552 1501 2552 1438 2552 1495 2553 1438 2553 1399 2553 1399 2554 1438 2554 1400 2554 1402 2555 1403 2555 1437 2555 1437 2556 1403 2556 1438 2556 1437 2557 1438 2557 1502 2557 1502 2558 1438 2558 1501 2558 1502 2559 1501 2559 1503 2559 1503 2560 1501 2560 1500 2560 1503 2561 1500 2561 1504 2561 1504 2562 1500 2562 1499 2562 1404 2563 1401 2563 1505 2563 1505 2564 1401 2564 1437 2564 1505 2565 1437 2565 1506 2565 1506 2566 1437 2566 1502 2566 1506 2567 1502 2567 1507 2567 1507 2568 1502 2568 1503 2568 1507 2569 1503 2569 1508 2569 1508 2570 1503 2570 1504 2570 1508 2571 1457 2571 1507 2571 1507 2572 1457 2572 1458 2572 1507 2573 1458 2573 1506 2573 1506 2574 1458 2574 1459 2574 1506 2575 1459 2575 1505 2575 1505 2576 1459 2576 1460 2576 1505 2577 1460 2577 1404 2577 1404 2578 1460 2578 1405 2578 1447 2579 1473 2579 1445 2579 1445 2580 1473 2580 1468 2580 1445 2581 1468 2581 1453 2581 1453 2582 1468 2582 1470 2582 1453 2583 1470 2583 1460 2583 1460 2584 1470 2584 1406 2584 1460 2585 1406 2585 1405 2585 1414 2586 1411 2586 1477 2586 1477 2587 1411 2587 1410 2587 1477 2588 1410 2588 1471 2588 1471 2589 1410 2589 1409 2589 1471 2590 1409 2590 1469 2590 1469 2591 1409 2591 1408 2591 1469 2592 1408 2592 1470 2592 1470 2593 1408 2593 1407 2593 1470 2594 1407 2594 1406 2594 1413 2595 1414 2595 1436 2595 1436 2596 1414 2596 1477 2596 1436 2597 1477 2597 1509 2597 1509 2598 1477 2598 1476 2598 1509 2599 1476 2599 1510 2599 1510 2600 1476 2600 1475 2600 1510 2601 1475 2601 1511 2601 1511 2602 1475 2602 1474 2602 1415 2603 1412 2603 1512 2603 1512 2604 1412 2604 1436 2604 1512 2605 1436 2605 1513 2605 1513 2606 1436 2606 1509 2606 1513 2607 1509 2607 1514 2607 1514 2608 1509 2608 1510 2608 1514 2609 1510 2609 1515 2609 1515 2610 1510 2610 1511 2610 1515 2611 1516 2611 1514 2611 1514 2612 1516 2612 1517 2612 1514 2613 1517 2613 1513 2613 1513 2614 1517 2614 1518 2614 1513 2615 1518 2615 1512 2615 1512 2616 1518 2616 1435 2616 1512 2617 1435 2617 1415 2617 1415 2618 1435 2618 1416 2618 1418 2619 1419 2619 1434 2619 1434 2620 1419 2620 1435 2620 1434 2621 1435 2621 1519 2621 1519 2622 1435 2622 1518 2622 1519 2623 1518 2623 1520 2623 1520 2624 1518 2624 1517 2624 1520 2625 1517 2625 1521 2625 1521 2626 1517 2626 1516 2626 1420 2627 1417 2627 1522 2627 1522 2628 1417 2628 1434 2628 1522 2629 1434 2629 1523 2629 1523 2630 1434 2630 1519 2630 1523 2631 1519 2631 1524 2631 1524 2632 1519 2632 1520 2632 1524 2633 1520 2633 1525 2633 1525 2634 1520 2634 1521 2634 1525 2635 1526 2635 1524 2635 1524 2636 1526 2636 1527 2636 1524 2637 1527 2637 1523 2637 1523 2638 1527 2638 1528 2638 1523 2639 1528 2639 1522 2639 1522 2640 1528 2640 1433 2640 1522 2641 1433 2641 1420 2641 1420 2642 1433 2642 1421 2642 1423 2643 1424 2643 1432 2643 1432 2644 1424 2644 1433 2644 1432 2645 1433 2645 1529 2645 1529 2646 1433 2646 1528 2646 1529 2647 1528 2647 1530 2647 1530 2648 1528 2648 1527 2648 1530 2649 1527 2649 1531 2649 1531 2650 1527 2650 1526 2650 1425 2651 1422 2651 1532 2651 1532 2652 1422 2652 1432 2652 1532 2653 1432 2653 1533 2653 1533 2654 1432 2654 1529 2654 1533 2655 1529 2655 1534 2655 1534 2656 1529 2656 1530 2656 1534 2657 1530 2657 1535 2657 1535 2658 1530 2658 1531 2658 1535 2659 1461 2659 1534 2659 1534 2660 1461 2660 1462 2660 1534 2661 1462 2661 1533 2661 1533 2662 1462 2662 1463 2662 1533 2663 1463 2663 1532 2663 1532 2664 1463 2664 1464 2664 1532 2665 1464 2665 1425 2665 1425 2666 1464 2666 1426 2666 1444 2667 1449 2667 1442 2667 1442 2668 1449 2668 1465 2668 1442 2669 1465 2669 1456 2669 1456 2670 1465 2670 1478 2670 1456 2671 1478 2671 1464 2671 1464 2672 1478 2672 1427 2672 1464 2673 1427 2673 1426 2673 1393 2674 1390 2674 1481 2674 1481 2675 1390 2675 1431 2675 1481 2676 1431 2676 1480 2676 1480 2677 1431 2677 1430 2677 1480 2678 1430 2678 1479 2678 1479 2679 1430 2679 1429 2679 1479 2680 1429 2680 1478 2680 1478 2681 1429 2681 1428 2681 1478 2682 1428 2682 1427 2682 1489 2683 1488 2683 1388 2683 1388 2684 1488 2684 1484 2684 1388 2685 1484 2685 1448 2685 1387 2686 1508 2686 1504 2686 1504 2687 1499 2687 1387 2687 1387 2688 1499 2688 1498 2688 1387 2689 1498 2689 1388 2689 1388 2690 1498 2690 1494 2690 1388 2691 1494 2691 1489 2691 1447 2692 1446 2692 1386 2692 1386 2693 1446 2693 1451 2693 1386 2694 1451 2694 1387 2694 1387 2695 1451 2695 1457 2695 1387 2696 1457 2696 1508 2696 1448 2697 1444 2697 1388 2697 1388 2698 1444 2698 1443 2698 1388 2699 1443 2699 1389 2699 1389 2700 1443 2700 1454 2700 1389 2701 1454 2701 1385 2701 1385 2702 1454 2702 1461 2702 1385 2703 1461 2703 1535 2703 1385 2704 1515 2704 1384 2704 1384 2705 1515 2705 1511 2705 1384 2706 1511 2706 1386 2706 1386 2707 1511 2707 1474 2707 1386 2708 1474 2708 1447 2708 1525 2709 1521 2709 1385 2709 1385 2710 1521 2710 1516 2710 1385 2711 1516 2711 1515 2711 1535 2712 1531 2712 1385 2712 1385 2713 1531 2713 1526 2713 1385 2714 1526 2714 1525 2714 1536 2715 1537 2715 1538 2715 1538 2716 1537 2716 1539 2716 1538 2717 1539 2717 1540 2717 1541 2718 1542 2718 1543 2718 1544 2719 1545 2719 1541 2719 1541 2720 1545 2720 1546 2720 1547 2721 1548 2721 1536 2721 1536 2722 1548 2722 1549 2722 1536 2723 1549 2723 1537 2723 1550 2724 1551 2724 1536 2724 1536 2725 1551 2725 1552 2725 1536 2726 1552 2726 1547 2726 1546 2727 1553 2727 1541 2727 1541 2728 1553 2728 1554 2728 1541 2729 1554 2729 1542 2729 1540 2730 1555 2730 1538 2730 1538 2731 1555 2731 1556 2731 1538 2732 1556 2732 1557 2732 1557 2733 1556 2733 1558 2733 1557 2734 1558 2734 1559 2734 1543 2735 1560 2735 1541 2735 1541 2736 1560 2736 1561 2736 1541 2737 1561 2737 1562 2737 1562 2738 1561 2738 1563 2738 1562 2739 1563 2739 1536 2739 1536 2740 1563 2740 1564 2740 1536 2741 1564 2741 1550 2741 1559 2742 1565 2742 1557 2742 1557 2743 1565 2743 1566 2743 1557 2744 1566 2744 1544 2744 1544 2745 1566 2745 1567 2745 1544 2746 1567 2746 1545 2746 1568 2747 1569 2747 1570 2747 1571 2748 1572 2748 1573 2748 1574 2749 1575 2749 1576 2749 1577 2750 1578 2750 1579 2750 1580 2751 1581 2751 1582 2751 1583 2752 1584 2752 1585 2752 1586 2753 1587 2753 1588 2753 1589 2754 1590 2754 1591 2754 1592 2755 1593 2755 1594 2755 1595 2756 1596 2756 1597 2756 1598 2757 1556 2757 1555 2757 1599 2758 1561 2758 1560 2758 1555 2759 1540 2759 1600 2759 1600 2760 1540 2760 1601 2760 1563 2761 1561 2761 1602 2761 1602 2762 1561 2762 1599 2762 1602 2763 1599 2763 1603 2763 1558 2764 1556 2764 1604 2764 1604 2765 1556 2765 1598 2765 1604 2766 1598 2766 1605 2766 1564 2767 1563 2767 1606 2767 1606 2768 1563 2768 1602 2768 1606 2769 1602 2769 1607 2769 1607 2770 1602 2770 1603 2770 1607 2771 1603 2771 1608 2771 1559 2772 1558 2772 1609 2772 1609 2773 1558 2773 1604 2773 1609 2774 1604 2774 1610 2774 1610 2775 1604 2775 1605 2775 1610 2776 1605 2776 1611 2776 1612 2777 1600 2777 1613 2777 1613 2778 1600 2778 1601 2778 1613 2779 1601 2779 1614 2779 1615 2780 1616 2780 1617 2780 1618 2781 1616 2781 1619 2781 1619 2782 1616 2782 1615 2782 1619 2783 1615 2783 1620 2783 1560 2784 1543 2784 1620 2784 1620 2785 1543 2785 1621 2785 1620 2786 1621 2786 1619 2786 1619 2787 1621 2787 1622 2787 1619 2788 1622 2788 1618 2788 1618 2789 1622 2789 1623 2789 1624 2790 1612 2790 1625 2790 1625 2791 1612 2791 1613 2791 1625 2792 1613 2792 1626 2792 1626 2793 1613 2793 1614 2793 1626 2794 1614 2794 1627 2794 1596 2795 1628 2795 1597 2795 1597 2796 1628 2796 1627 2796 1597 2797 1627 2797 1629 2797 1629 2798 1627 2798 1614 2798 1629 2799 1614 2799 1630 2799 1630 2800 1614 2800 1601 2800 1630 2801 1601 2801 1539 2801 1539 2802 1601 2802 1540 2802 1631 2803 1595 2803 1632 2803 1632 2804 1595 2804 1597 2804 1632 2805 1597 2805 1633 2805 1633 2806 1597 2806 1629 2806 1633 2807 1629 2807 1634 2807 1634 2808 1629 2808 1630 2808 1634 2809 1630 2809 1537 2809 1537 2810 1630 2810 1539 2810 1537 2811 1549 2811 1634 2811 1634 2812 1549 2812 1635 2812 1634 2813 1635 2813 1633 2813 1633 2814 1635 2814 1636 2814 1633 2815 1636 2815 1632 2815 1632 2816 1636 2816 1594 2816 1632 2817 1594 2817 1631 2817 1631 2818 1594 2818 1593 2818 1590 2819 1592 2819 1591 2819 1591 2820 1592 2820 1594 2820 1591 2821 1594 2821 1637 2821 1637 2822 1594 2822 1636 2822 1637 2823 1636 2823 1638 2823 1638 2824 1636 2824 1635 2824 1638 2825 1635 2825 1548 2825 1548 2826 1635 2826 1549 2826 1639 2827 1589 2827 1640 2827 1640 2828 1589 2828 1591 2828 1640 2829 1591 2829 1641 2829 1641 2830 1591 2830 1637 2830 1641 2831 1637 2831 1642 2831 1642 2832 1637 2832 1638 2832 1642 2833 1638 2833 1547 2833 1547 2834 1638 2834 1548 2834 1547 2835 1552 2835 1642 2835 1642 2836 1552 2836 1643 2836 1642 2837 1643 2837 1641 2837 1641 2838 1643 2838 1644 2838 1641 2839 1644 2839 1640 2839 1640 2840 1644 2840 1588 2840 1640 2841 1588 2841 1639 2841 1639 2842 1588 2842 1587 2842 1584 2843 1586 2843 1585 2843 1585 2844 1586 2844 1588 2844 1585 2845 1588 2845 1645 2845 1645 2846 1588 2846 1644 2846 1645 2847 1644 2847 1646 2847 1646 2848 1644 2848 1643 2848 1646 2849 1643 2849 1551 2849 1551 2850 1643 2850 1552 2850 1647 2851 1583 2851 1648 2851 1648 2852 1583 2852 1585 2852 1648 2853 1585 2853 1649 2853 1649 2854 1585 2854 1645 2854 1649 2855 1645 2855 1650 2855 1650 2856 1645 2856 1646 2856 1650 2857 1646 2857 1550 2857 1550 2858 1646 2858 1551 2858 1550 2859 1564 2859 1650 2859 1650 2860 1564 2860 1606 2860 1650 2861 1606 2861 1649 2861 1649 2862 1606 2862 1607 2862 1649 2863 1607 2863 1648 2863 1648 2864 1607 2864 1608 2864 1648 2865 1608 2865 1647 2865 1647 2866 1608 2866 1651 2866 1560 2867 1620 2867 1599 2867 1599 2868 1620 2868 1615 2868 1599 2869 1615 2869 1603 2869 1603 2870 1615 2870 1617 2870 1603 2871 1617 2871 1608 2871 1608 2872 1617 2872 1652 2872 1608 2873 1652 2873 1651 2873 1653 2874 1654 2874 1623 2874 1623 2875 1654 2875 1655 2875 1623 2876 1655 2876 1618 2876 1618 2877 1655 2877 1656 2877 1618 2878 1656 2878 1616 2878 1616 2879 1656 2879 1657 2879 1616 2880 1657 2880 1617 2880 1617 2881 1657 2881 1658 2881 1617 2882 1658 2882 1652 2882 1581 2883 1653 2883 1582 2883 1582 2884 1653 2884 1623 2884 1582 2885 1623 2885 1659 2885 1659 2886 1623 2886 1622 2886 1659 2887 1622 2887 1660 2887 1660 2888 1622 2888 1621 2888 1660 2889 1621 2889 1542 2889 1542 2890 1621 2890 1543 2890 1661 2891 1580 2891 1662 2891 1662 2892 1580 2892 1582 2892 1662 2893 1582 2893 1663 2893 1663 2894 1582 2894 1659 2894 1663 2895 1659 2895 1664 2895 1664 2896 1659 2896 1660 2896 1664 2897 1660 2897 1554 2897 1554 2898 1660 2898 1542 2898 1554 2899 1553 2899 1664 2899 1664 2900 1553 2900 1665 2900 1664 2901 1665 2901 1663 2901 1663 2902 1665 2902 1666 2902 1663 2903 1666 2903 1662 2903 1662 2904 1666 2904 1579 2904 1662 2905 1579 2905 1661 2905 1661 2906 1579 2906 1578 2906 1575 2907 1577 2907 1576 2907 1576 2908 1577 2908 1579 2908 1576 2909 1579 2909 1667 2909 1667 2910 1579 2910 1666 2910 1667 2911 1666 2911 1668 2911 1668 2912 1666 2912 1665 2912 1668 2913 1665 2913 1546 2913 1546 2914 1665 2914 1553 2914 1669 2915 1574 2915 1670 2915 1670 2916 1574 2916 1576 2916 1670 2917 1576 2917 1671 2917 1671 2918 1576 2918 1667 2918 1671 2919 1667 2919 1672 2919 1672 2920 1667 2920 1668 2920 1672 2921 1668 2921 1545 2921 1545 2922 1668 2922 1546 2922 1545 2923 1567 2923 1672 2923 1672 2924 1567 2924 1673 2924 1672 2925 1673 2925 1671 2925 1671 2926 1673 2926 1674 2926 1671 2927 1674 2927 1670 2927 1670 2928 1674 2928 1573 2928 1670 2929 1573 2929 1669 2929 1669 2930 1573 2930 1572 2930 1569 2931 1571 2931 1570 2931 1570 2932 1571 2932 1573 2932 1570 2933 1573 2933 1675 2933 1675 2934 1573 2934 1674 2934 1675 2935 1674 2935 1676 2935 1676 2936 1674 2936 1673 2936 1676 2937 1673 2937 1566 2937 1566 2938 1673 2938 1567 2938 1677 2939 1568 2939 1678 2939 1678 2940 1568 2940 1570 2940 1678 2941 1570 2941 1679 2941 1679 2942 1570 2942 1675 2942 1679 2943 1675 2943 1680 2943 1680 2944 1675 2944 1676 2944 1680 2945 1676 2945 1565 2945 1565 2946 1676 2946 1566 2946 1565 2947 1559 2947 1680 2947 1680 2948 1559 2948 1609 2948 1680 2949 1609 2949 1679 2949 1679 2950 1609 2950 1610 2950 1679 2951 1610 2951 1678 2951 1678 2952 1610 2952 1611 2952 1678 2953 1611 2953 1677 2953 1677 2954 1611 2954 1681 2954 1555 2955 1600 2955 1598 2955 1598 2956 1600 2956 1612 2956 1598 2957 1612 2957 1605 2957 1605 2958 1612 2958 1624 2958 1605 2959 1624 2959 1611 2959 1611 2960 1624 2960 1682 2960 1611 2961 1682 2961 1681 2961 1628 2962 1683 2962 1627 2962 1627 2963 1683 2963 1684 2963 1627 2964 1684 2964 1626 2964 1626 2965 1684 2965 1685 2965 1626 2966 1685 2966 1625 2966 1625 2967 1685 2967 1686 2967 1625 2968 1686 2968 1624 2968 1624 2969 1686 2969 1687 2969 1624 2970 1687 2970 1682 2970 1683 2971 181 2971 179 2971 1595 2972 185 2972 1596 2972 1596 2973 185 2973 181 2973 1596 2974 181 2974 1628 2974 1628 2975 181 2975 1683 2975 1595 2976 1631 2976 185 2976 185 2977 1631 2977 1593 2977 185 2978 1593 2978 186 2978 1589 2979 188 2979 1590 2979 1590 2980 188 2980 186 2980 1590 2981 186 2981 1592 2981 1592 2982 186 2982 1593 2982 1589 2983 1639 2983 188 2983 188 2984 1639 2984 1587 2984 188 2985 1587 2985 190 2985 1583 2986 191 2986 1584 2986 1584 2987 191 2987 190 2987 1584 2988 190 2988 1586 2988 1586 2989 190 2989 1587 2989 1583 2990 1647 2990 191 2990 191 2991 1647 2991 1651 2991 191 2992 1651 2992 196 2992 1651 2993 1652 2993 196 2993 196 2994 1652 2994 1658 2994 196 2995 1658 2995 197 2995 1658 2996 1657 2996 197 2996 197 2997 1657 2997 1656 2997 197 2998 1656 2998 198 2998 1656 2999 1655 2999 198 2999 198 3000 1655 3000 1654 3000 198 3001 1654 3001 195 3001 1580 3002 194 3002 1581 3002 1581 3003 194 3003 195 3003 1581 3004 195 3004 1653 3004 1653 3005 195 3005 1654 3005 1580 3006 1661 3006 194 3006 194 3007 1661 3007 1578 3007 194 3008 1578 3008 192 3008 1574 3009 199 3009 1575 3009 1575 3010 199 3010 192 3010 1575 3011 192 3011 1577 3011 1577 3012 192 3012 1578 3012 1574 3013 1669 3013 199 3013 199 3014 1669 3014 1572 3014 199 3015 1572 3015 200 3015 1568 3016 201 3016 1569 3016 1569 3017 201 3017 200 3017 1569 3018 200 3018 1571 3018 1571 3019 200 3019 1572 3019 1568 3020 1677 3020 201 3020 201 3021 1677 3021 1681 3021 201 3022 1681 3022 177 3022 1681 3023 1682 3023 177 3023 177 3024 1682 3024 1687 3024 177 3025 1687 3025 178 3025 1687 3026 1686 3026 178 3026 178 3027 1686 3027 1685 3027 178 3028 1685 3028 179 3028 179 3029 1685 3029 1684 3029 179 3030 1684 3030 1683 3030 1688 3031 1689 3031 1544 3031 1544 3032 1689 3032 1557 3032 1689 3033 1690 3033 1557 3033 1557 3034 1690 3034 1538 3034 1690 3035 1691 3035 1538 3035 1538 3036 1691 3036 1536 3036 1691 3037 1692 3037 1536 3037 1536 3038 1692 3038 1562 3038 1692 3039 1693 3039 1562 3039 1562 3040 1693 3040 1541 3040 1693 3041 1688 3041 1541 3041 1541 3042 1688 3042 1544 3042 1693 3043 1692 3043 1688 3043 1688 3044 1692 3044 1691 3044 1688 3045 1691 3045 1689 3045 1689 3046 1691 3046 1690 3046 1694 3047 1695 3047 1696 3047 1696 3048 1697 3048 1694 3048 1694 3049 1697 3049 1698 3049 1694 3050 1698 3050 1699 3050 1699 3051 1698 3051 1700 3051 1699 3052 1700 3052 1701 3052 1702 3053 1703 3053 1694 3053 1694 3054 1703 3054 1704 3054 1694 3055 1704 3055 1695 3055 1705 3056 1706 3056 1707 3056 1707 3057 1706 3057 1708 3057 1707 3058 1708 3058 1694 3058 1694 3059 1708 3059 1709 3059 1694 3060 1709 3060 1702 3060 1710 3061 1711 3061 1712 3061 1701 3062 1713 3062 1699 3062 1699 3063 1713 3063 1714 3063 1699 3064 1714 3064 1715 3064 1715 3065 1714 3065 1716 3065 1715 3066 1716 3066 1717 3066 1712 3067 1718 3067 1710 3067 1710 3068 1718 3068 1719 3068 1710 3069 1719 3069 1720 3069 1720 3070 1719 3070 1721 3070 1720 3071 1721 3071 1707 3071 1707 3072 1721 3072 1722 3072 1707 3073 1722 3073 1705 3073 1717 3074 1723 3074 1715 3074 1715 3075 1723 3075 1724 3075 1715 3076 1724 3076 1710 3076 1710 3077 1724 3077 1725 3077 1710 3078 1725 3078 1711 3078 1726 3079 1727 3079 1728 3079 1729 3080 1730 3080 1731 3080 1732 3081 1733 3081 1734 3081 1735 3082 1736 3082 1737 3082 1738 3083 1739 3083 1740 3083 1741 3084 1742 3084 1743 3084 1744 3085 1745 3085 1746 3085 1747 3086 1748 3086 1749 3086 1750 3087 1751 3087 1752 3087 1753 3088 1754 3088 1755 3088 1756 3089 1706 3089 1705 3089 1757 3090 1714 3090 1713 3090 1705 3091 1722 3091 1758 3091 1758 3092 1722 3092 1759 3092 1716 3093 1714 3093 1760 3093 1760 3094 1714 3094 1757 3094 1760 3095 1757 3095 1761 3095 1708 3096 1706 3096 1762 3096 1762 3097 1706 3097 1756 3097 1762 3098 1756 3098 1763 3098 1717 3099 1716 3099 1764 3099 1764 3100 1716 3100 1760 3100 1764 3101 1760 3101 1765 3101 1765 3102 1760 3102 1761 3102 1765 3103 1761 3103 1766 3103 1709 3104 1708 3104 1767 3104 1767 3105 1708 3105 1762 3105 1767 3106 1762 3106 1768 3106 1768 3107 1762 3107 1763 3107 1768 3108 1763 3108 1769 3108 1770 3109 1758 3109 1771 3109 1771 3110 1758 3110 1759 3110 1771 3111 1759 3111 1772 3111 1773 3112 1774 3112 1775 3112 1776 3113 1774 3113 1777 3113 1777 3114 1774 3114 1773 3114 1777 3115 1773 3115 1778 3115 1713 3116 1701 3116 1778 3116 1778 3117 1701 3117 1779 3117 1778 3118 1779 3118 1777 3118 1777 3119 1779 3119 1780 3119 1777 3120 1780 3120 1776 3120 1776 3121 1780 3121 1781 3121 1782 3122 1770 3122 1783 3122 1783 3123 1770 3123 1771 3123 1783 3124 1771 3124 1784 3124 1784 3125 1771 3125 1772 3125 1784 3126 1772 3126 1785 3126 1754 3127 1786 3127 1755 3127 1755 3128 1786 3128 1785 3128 1755 3129 1785 3129 1787 3129 1787 3130 1785 3130 1772 3130 1787 3131 1772 3131 1788 3131 1788 3132 1772 3132 1759 3132 1788 3133 1759 3133 1721 3133 1721 3134 1759 3134 1722 3134 1789 3135 1753 3135 1790 3135 1790 3136 1753 3136 1755 3136 1790 3137 1755 3137 1791 3137 1791 3138 1755 3138 1787 3138 1791 3139 1787 3139 1792 3139 1792 3140 1787 3140 1788 3140 1792 3141 1788 3141 1719 3141 1719 3142 1788 3142 1721 3142 1719 3143 1718 3143 1792 3143 1792 3144 1718 3144 1793 3144 1792 3145 1793 3145 1791 3145 1791 3146 1793 3146 1794 3146 1791 3147 1794 3147 1790 3147 1790 3148 1794 3148 1752 3148 1790 3149 1752 3149 1789 3149 1789 3150 1752 3150 1751 3150 1748 3151 1750 3151 1749 3151 1749 3152 1750 3152 1752 3152 1749 3153 1752 3153 1795 3153 1795 3154 1752 3154 1794 3154 1795 3155 1794 3155 1796 3155 1796 3156 1794 3156 1793 3156 1796 3157 1793 3157 1712 3157 1712 3158 1793 3158 1718 3158 1797 3159 1747 3159 1798 3159 1798 3160 1747 3160 1749 3160 1798 3161 1749 3161 1799 3161 1799 3162 1749 3162 1795 3162 1799 3163 1795 3163 1800 3163 1800 3164 1795 3164 1796 3164 1800 3165 1796 3165 1711 3165 1711 3166 1796 3166 1712 3166 1711 3167 1725 3167 1800 3167 1800 3168 1725 3168 1801 3168 1800 3169 1801 3169 1799 3169 1799 3170 1801 3170 1802 3170 1799 3171 1802 3171 1798 3171 1798 3172 1802 3172 1746 3172 1798 3173 1746 3173 1797 3173 1797 3174 1746 3174 1745 3174 1742 3175 1744 3175 1743 3175 1743 3176 1744 3176 1746 3176 1743 3177 1746 3177 1803 3177 1803 3178 1746 3178 1802 3178 1803 3179 1802 3179 1804 3179 1804 3180 1802 3180 1801 3180 1804 3181 1801 3181 1724 3181 1724 3182 1801 3182 1725 3182 1805 3183 1741 3183 1806 3183 1806 3184 1741 3184 1743 3184 1806 3185 1743 3185 1807 3185 1807 3186 1743 3186 1803 3186 1807 3187 1803 3187 1808 3187 1808 3188 1803 3188 1804 3188 1808 3189 1804 3189 1723 3189 1723 3190 1804 3190 1724 3190 1723 3191 1717 3191 1808 3191 1808 3192 1717 3192 1764 3192 1808 3193 1764 3193 1807 3193 1807 3194 1764 3194 1765 3194 1807 3195 1765 3195 1806 3195 1806 3196 1765 3196 1766 3196 1806 3197 1766 3197 1805 3197 1805 3198 1766 3198 1809 3198 1713 3199 1778 3199 1757 3199 1757 3200 1778 3200 1773 3200 1757 3201 1773 3201 1761 3201 1761 3202 1773 3202 1775 3202 1761 3203 1775 3203 1766 3203 1766 3204 1775 3204 1810 3204 1766 3205 1810 3205 1809 3205 1811 3206 1812 3206 1781 3206 1781 3207 1812 3207 1813 3207 1781 3208 1813 3208 1776 3208 1776 3209 1813 3209 1814 3209 1776 3210 1814 3210 1774 3210 1774 3211 1814 3211 1815 3211 1774 3212 1815 3212 1775 3212 1775 3213 1815 3213 1816 3213 1775 3214 1816 3214 1810 3214 1739 3215 1811 3215 1740 3215 1740 3216 1811 3216 1781 3216 1740 3217 1781 3217 1817 3217 1817 3218 1781 3218 1780 3218 1817 3219 1780 3219 1818 3219 1818 3220 1780 3220 1779 3220 1818 3221 1779 3221 1700 3221 1700 3222 1779 3222 1701 3222 1819 3223 1738 3223 1820 3223 1820 3224 1738 3224 1740 3224 1820 3225 1740 3225 1821 3225 1821 3226 1740 3226 1817 3226 1821 3227 1817 3227 1822 3227 1822 3228 1817 3228 1818 3228 1822 3229 1818 3229 1698 3229 1698 3230 1818 3230 1700 3230 1698 3231 1697 3231 1822 3231 1822 3232 1697 3232 1823 3232 1822 3233 1823 3233 1821 3233 1821 3234 1823 3234 1824 3234 1821 3235 1824 3235 1820 3235 1820 3236 1824 3236 1737 3236 1820 3237 1737 3237 1819 3237 1819 3238 1737 3238 1736 3238 1733 3239 1735 3239 1734 3239 1734 3240 1735 3240 1737 3240 1734 3241 1737 3241 1825 3241 1825 3242 1737 3242 1824 3242 1825 3243 1824 3243 1826 3243 1826 3244 1824 3244 1823 3244 1826 3245 1823 3245 1696 3245 1696 3246 1823 3246 1697 3246 1827 3247 1732 3247 1828 3247 1828 3248 1732 3248 1734 3248 1828 3249 1734 3249 1829 3249 1829 3250 1734 3250 1825 3250 1829 3251 1825 3251 1830 3251 1830 3252 1825 3252 1826 3252 1830 3253 1826 3253 1695 3253 1695 3254 1826 3254 1696 3254 1695 3255 1704 3255 1830 3255 1830 3256 1704 3256 1831 3256 1830 3257 1831 3257 1829 3257 1829 3258 1831 3258 1832 3258 1829 3259 1832 3259 1828 3259 1828 3260 1832 3260 1731 3260 1828 3261 1731 3261 1827 3261 1827 3262 1731 3262 1730 3262 1727 3263 1729 3263 1728 3263 1728 3264 1729 3264 1731 3264 1728 3265 1731 3265 1833 3265 1833 3266 1731 3266 1832 3266 1833 3267 1832 3267 1834 3267 1834 3268 1832 3268 1831 3268 1834 3269 1831 3269 1703 3269 1703 3270 1831 3270 1704 3270 1835 3271 1726 3271 1836 3271 1836 3272 1726 3272 1728 3272 1836 3273 1728 3273 1837 3273 1837 3274 1728 3274 1833 3274 1837 3275 1833 3275 1838 3275 1838 3276 1833 3276 1834 3276 1838 3277 1834 3277 1702 3277 1702 3278 1834 3278 1703 3278 1702 3279 1709 3279 1838 3279 1838 3280 1709 3280 1767 3280 1838 3281 1767 3281 1837 3281 1837 3282 1767 3282 1768 3282 1837 3283 1768 3283 1836 3283 1836 3284 1768 3284 1769 3284 1836 3285 1769 3285 1835 3285 1835 3286 1769 3286 1839 3286 1705 3287 1758 3287 1756 3287 1756 3288 1758 3288 1770 3288 1756 3289 1770 3289 1763 3289 1763 3290 1770 3290 1782 3290 1763 3291 1782 3291 1769 3291 1769 3292 1782 3292 1840 3292 1769 3293 1840 3293 1839 3293 1786 3294 1841 3294 1785 3294 1785 3295 1841 3295 1842 3295 1785 3296 1842 3296 1784 3296 1784 3297 1842 3297 1843 3297 1784 3298 1843 3298 1783 3298 1783 3299 1843 3299 1844 3299 1783 3300 1844 3300 1782 3300 1782 3301 1844 3301 1845 3301 1782 3302 1845 3302 1840 3302 1841 3303 328 3303 327 3303 1753 3304 330 3304 1754 3304 1754 3305 330 3305 328 3305 1754 3306 328 3306 1786 3306 1786 3307 328 3307 1841 3307 330 3309 1789 3309 1751 3309 330 3310 1751 3310 331 3310 1747 3311 332 3311 1748 3311 1748 3312 332 3312 331 3312 1748 3313 331 3313 1750 3313 1750 3314 331 3314 1751 3314 1747 3315 1797 3315 332 3315 332 3316 1797 3316 1745 3316 332 3317 1745 3317 333 3317 1741 3318 334 3318 1742 3318 1742 3319 334 3319 333 3319 1742 3320 333 3320 1744 3320 1744 3321 333 3321 1745 3321 1741 3322 1805 3322 334 3322 334 3323 1805 3323 1809 3323 334 3324 1809 3324 326 3324 1809 3325 1810 3325 326 3325 326 3326 1810 3326 1816 3326 326 3327 1816 3327 325 3327 1816 3328 1815 3328 325 3328 325 3329 1815 3329 1814 3329 325 3330 1814 3330 216 3330 1814 3331 1813 3331 216 3331 216 3332 1813 3332 1812 3332 216 3333 1812 3333 217 3333 1738 3334 335 3334 1739 3334 1739 3335 335 3335 217 3335 1739 3336 217 3336 1811 3336 1811 3337 217 3337 1812 3337 1738 3338 1819 3338 335 3338 335 3339 1819 3339 1736 3339 335 3340 1736 3340 336 3340 1732 3341 337 3341 1733 3341 1733 3342 337 3342 336 3342 1733 3343 336 3343 1735 3343 1735 3344 336 3344 1736 3344 1732 3345 1827 3345 337 3345 337 3346 1827 3346 1730 3346 337 3347 1730 3347 338 3347 1726 3348 339 3348 1727 3348 1727 3349 339 3349 338 3349 1727 3350 338 3350 1729 3350 1729 3351 338 3351 1730 3351 1726 3352 1835 3352 339 3352 339 3353 1835 3353 1839 3353 339 3354 1839 3354 340 3354 1839 3355 1840 3355 340 3355 340 3356 1840 3356 1845 3356 340 3357 1845 3357 341 3357 1845 3358 1844 3358 341 3358 341 3359 1844 3359 1843 3359 341 3360 1843 3360 327 3360 327 3361 1843 3361 1842 3361 327 3362 1842 3362 1841 3362 1846 3363 1847 3363 1694 3363 1694 3364 1847 3364 1707 3364 1847 3365 1848 3365 1707 3365 1707 3366 1848 3366 1720 3366 1848 3367 1849 3367 1720 3367 1720 3368 1849 3368 1710 3368 1849 3369 1850 3369 1710 3369 1710 3370 1850 3370 1715 3370 1850 3371 1851 3371 1715 3371 1715 3372 1851 3372 1699 3372 1851 3373 1846 3373 1699 3373 1699 3374 1846 3374 1694 3374 1850 3375 1849 3375 1851 3375 1851 3376 1849 3376 1848 3376 1851 3377 1848 3377 1846 3377 1846 3378 1848 3378 1847 3378 1852 3379 1853 3379 1854 3379 1853 3380 1855 3380 1854 3380 1854 3381 1855 3381 1856 3381 1854 3382 1856 3382 1857 3382 1858 3383 1859 3383 1860 3383 1861 3384 1862 3384 1858 3384 1858 3385 1862 3385 1863 3385 1858 3386 1863 3386 1859 3386 1857 3387 1864 3387 1854 3387 1854 3388 1864 3388 1865 3388 1854 3389 1865 3389 1866 3389 1866 3390 1865 3390 1867 3390 1866 3391 1867 3391 1868 3391 1869 3392 1870 3392 1871 3392 1871 3393 1870 3393 1872 3393 1871 3394 1872 3394 1873 3394 1873 3395 1872 3395 1874 3395 1873 3396 1874 3396 1854 3396 1854 3397 1874 3397 1875 3397 1854 3398 1875 3398 1852 3398 1860 3399 1876 3399 1858 3399 1858 3400 1876 3400 1877 3400 1858 3401 1877 3401 1871 3401 1871 3402 1877 3402 1878 3402 1871 3403 1878 3403 1869 3403 1868 3404 1879 3404 1866 3404 1866 3405 1879 3405 1880 3405 1866 3406 1880 3406 1881 3406 1881 3407 1880 3407 1882 3407 1881 3408 1882 3408 1858 3408 1858 3409 1882 3409 1883 3409 1858 3410 1883 3410 1861 3410 1884 3411 1885 3411 1886 3411 1887 3412 1888 3412 1889 3412 1890 3413 1891 3413 1892 3413 1893 3414 1894 3414 1895 3414 1896 3415 1897 3415 1898 3415 1899 3416 1900 3416 1901 3416 1902 3417 1903 3417 1904 3417 1905 3418 1906 3418 1907 3418 1908 3419 1909 3419 1910 3419 1911 3420 1912 3420 1913 3420 1914 3421 1880 3421 1879 3421 1915 3422 1872 3422 1870 3422 1879 3423 1868 3423 1916 3423 1916 3424 1868 3424 1917 3424 1874 3425 1872 3425 1918 3425 1918 3426 1872 3426 1915 3426 1918 3427 1915 3427 1919 3427 1882 3428 1880 3428 1920 3428 1920 3429 1880 3429 1914 3429 1920 3430 1914 3430 1921 3430 1875 3431 1874 3431 1922 3431 1922 3432 1874 3432 1918 3432 1922 3433 1918 3433 1923 3433 1923 3434 1918 3434 1919 3434 1923 3435 1919 3435 1924 3435 1883 3436 1882 3436 1925 3436 1925 3437 1882 3437 1920 3437 1925 3438 1920 3438 1926 3438 1926 3439 1920 3439 1921 3439 1926 3440 1921 3440 1927 3440 1928 3441 1916 3441 1929 3441 1929 3442 1916 3442 1917 3442 1929 3443 1917 3443 1930 3443 1931 3444 1932 3444 1933 3444 1934 3445 1932 3445 1935 3445 1935 3446 1932 3446 1931 3446 1935 3447 1931 3447 1936 3447 1870 3448 1869 3448 1936 3448 1936 3449 1869 3449 1937 3449 1936 3450 1937 3450 1935 3450 1935 3451 1937 3451 1938 3451 1935 3452 1938 3452 1934 3452 1934 3453 1938 3453 1939 3453 1940 3454 1928 3454 1941 3454 1941 3455 1928 3455 1929 3455 1941 3456 1929 3456 1942 3456 1942 3457 1929 3457 1930 3457 1942 3458 1930 3458 1943 3458 1912 3459 1944 3459 1913 3459 1913 3460 1944 3460 1943 3460 1913 3461 1943 3461 1945 3461 1945 3462 1943 3462 1930 3462 1945 3463 1930 3463 1946 3463 1946 3464 1930 3464 1917 3464 1946 3465 1917 3465 1867 3465 1867 3466 1917 3466 1868 3466 1947 3467 1911 3467 1948 3467 1948 3468 1911 3468 1913 3468 1948 3469 1913 3469 1949 3469 1949 3470 1913 3470 1945 3470 1949 3471 1945 3471 1950 3471 1950 3472 1945 3472 1946 3472 1950 3473 1946 3473 1865 3473 1865 3474 1946 3474 1867 3474 1865 3475 1864 3475 1950 3475 1950 3476 1864 3476 1951 3476 1950 3477 1951 3477 1949 3477 1949 3478 1951 3478 1952 3478 1949 3479 1952 3479 1948 3479 1948 3480 1952 3480 1910 3480 1948 3481 1910 3481 1947 3481 1947 3482 1910 3482 1909 3482 1906 3483 1908 3483 1907 3483 1907 3484 1908 3484 1910 3484 1907 3485 1910 3485 1953 3485 1953 3486 1910 3486 1952 3486 1953 3487 1952 3487 1954 3487 1954 3488 1952 3488 1951 3488 1954 3489 1951 3489 1857 3489 1857 3490 1951 3490 1864 3490 1955 3491 1905 3491 1956 3491 1956 3492 1905 3492 1907 3492 1956 3493 1907 3493 1957 3493 1957 3494 1907 3494 1953 3494 1957 3495 1953 3495 1958 3495 1958 3496 1953 3496 1954 3496 1958 3497 1954 3497 1856 3497 1856 3498 1954 3498 1857 3498 1856 3499 1855 3499 1958 3499 1958 3500 1855 3500 1959 3500 1958 3501 1959 3501 1957 3501 1957 3502 1959 3502 1960 3502 1957 3503 1960 3503 1956 3503 1956 3504 1960 3504 1904 3504 1956 3505 1904 3505 1955 3505 1955 3506 1904 3506 1903 3506 1900 3507 1902 3507 1901 3507 1901 3508 1902 3508 1904 3508 1901 3509 1904 3509 1961 3509 1961 3510 1904 3510 1960 3510 1961 3511 1960 3511 1962 3511 1962 3512 1960 3512 1959 3512 1962 3513 1959 3513 1853 3513 1853 3514 1959 3514 1855 3514 1963 3515 1899 3515 1964 3515 1964 3516 1899 3516 1901 3516 1964 3517 1901 3517 1965 3517 1965 3518 1901 3518 1961 3518 1965 3519 1961 3519 1966 3519 1966 3520 1961 3520 1962 3520 1966 3521 1962 3521 1852 3521 1852 3522 1962 3522 1853 3522 1852 3523 1875 3523 1966 3523 1966 3524 1875 3524 1922 3524 1966 3525 1922 3525 1965 3525 1965 3526 1922 3526 1923 3526 1965 3527 1923 3527 1964 3527 1964 3528 1923 3528 1924 3528 1964 3529 1924 3529 1963 3529 1963 3530 1924 3530 1967 3530 1870 3531 1936 3531 1915 3531 1915 3532 1936 3532 1931 3532 1915 3533 1931 3533 1919 3533 1919 3534 1931 3534 1933 3534 1919 3535 1933 3535 1924 3535 1924 3536 1933 3536 1968 3536 1924 3537 1968 3537 1967 3537 1969 3538 1970 3538 1939 3538 1939 3539 1970 3539 1971 3539 1939 3540 1971 3540 1934 3540 1934 3541 1971 3541 1972 3541 1934 3542 1972 3542 1932 3542 1932 3543 1972 3543 1973 3543 1932 3544 1973 3544 1933 3544 1933 3545 1973 3545 1974 3545 1933 3546 1974 3546 1968 3546 1897 3547 1969 3547 1898 3547 1898 3548 1969 3548 1939 3548 1898 3549 1939 3549 1975 3549 1975 3550 1939 3550 1938 3550 1975 3551 1938 3551 1976 3551 1976 3552 1938 3552 1937 3552 1976 3553 1937 3553 1878 3553 1878 3554 1937 3554 1869 3554 1977 3555 1896 3555 1978 3555 1978 3556 1896 3556 1898 3556 1978 3557 1898 3557 1979 3557 1979 3558 1898 3558 1975 3558 1979 3559 1975 3559 1980 3559 1980 3560 1975 3560 1976 3560 1980 3561 1976 3561 1877 3561 1877 3562 1976 3562 1878 3562 1877 3563 1876 3563 1980 3563 1980 3564 1876 3564 1981 3564 1980 3565 1981 3565 1979 3565 1979 3566 1981 3566 1982 3566 1979 3567 1982 3567 1978 3567 1978 3568 1982 3568 1895 3568 1978 3569 1895 3569 1977 3569 1977 3570 1895 3570 1894 3570 1891 3571 1893 3571 1892 3571 1892 3572 1893 3572 1895 3572 1892 3573 1895 3573 1983 3573 1983 3574 1895 3574 1982 3574 1983 3575 1982 3575 1984 3575 1984 3576 1982 3576 1981 3576 1984 3577 1981 3577 1860 3577 1860 3578 1981 3578 1876 3578 1985 3579 1890 3579 1986 3579 1986 3580 1890 3580 1892 3580 1986 3581 1892 3581 1987 3581 1987 3582 1892 3582 1983 3582 1987 3583 1983 3583 1988 3583 1988 3584 1983 3584 1984 3584 1988 3585 1984 3585 1859 3585 1859 3586 1984 3586 1860 3586 1859 3587 1863 3587 1988 3587 1988 3588 1863 3588 1989 3588 1988 3589 1989 3589 1987 3589 1987 3590 1989 3590 1990 3590 1987 3591 1990 3591 1986 3591 1986 3592 1990 3592 1889 3592 1986 3593 1889 3593 1985 3593 1985 3594 1889 3594 1888 3594 1885 3595 1887 3595 1886 3595 1886 3596 1887 3596 1889 3596 1886 3597 1889 3597 1991 3597 1991 3598 1889 3598 1990 3598 1991 3599 1990 3599 1992 3599 1992 3600 1990 3600 1989 3600 1992 3601 1989 3601 1862 3601 1862 3602 1989 3602 1863 3602 1993 3603 1884 3603 1994 3603 1994 3604 1884 3604 1886 3604 1994 3605 1886 3605 1995 3605 1995 3606 1886 3606 1991 3606 1995 3607 1991 3607 1996 3607 1996 3608 1991 3608 1992 3608 1996 3609 1992 3609 1861 3609 1861 3610 1992 3610 1862 3610 1861 3611 1883 3611 1996 3611 1996 3612 1883 3612 1925 3612 1996 3613 1925 3613 1995 3613 1995 3614 1925 3614 1926 3614 1995 3615 1926 3615 1994 3615 1994 3616 1926 3616 1927 3616 1994 3617 1927 3617 1993 3617 1993 3618 1927 3618 1997 3618 1879 3619 1916 3619 1914 3619 1914 3620 1916 3620 1928 3620 1914 3621 1928 3621 1921 3621 1921 3622 1928 3622 1940 3622 1921 3623 1940 3623 1927 3623 1927 3624 1940 3624 1998 3624 1927 3625 1998 3625 1997 3625 1944 3626 1999 3626 1943 3626 1943 3627 1999 3627 2000 3627 1943 3628 2000 3628 1942 3628 1942 3629 2000 3629 2001 3629 1942 3630 2001 3630 1941 3630 1941 3631 2001 3631 2002 3631 1941 3632 2002 3632 1940 3632 1940 3633 2002 3633 2003 3633 1940 3634 2003 3634 1998 3634 1999 3635 140 3635 138 3635 1911 3636 141 3636 1912 3636 1912 3637 141 3637 140 3637 1912 3638 140 3638 1944 3638 1944 3639 140 3639 1999 3639 1911 3640 1947 3640 141 3640 141 3641 1947 3641 1909 3641 141 3642 1909 3642 142 3642 1905 3643 149 3643 1906 3643 1906 3644 149 3644 142 3644 1906 3645 142 3645 1908 3645 1908 3646 142 3646 1909 3646 1905 3647 1955 3647 149 3647 149 3648 1955 3648 1903 3648 149 3649 1903 3649 150 3649 1899 3650 151 3650 1900 3650 1900 3651 151 3651 150 3651 1900 3652 150 3652 1902 3652 1902 3653 150 3653 1903 3653 1899 3654 1963 3654 151 3654 151 3655 1963 3655 1967 3655 151 3656 1967 3656 144 3656 1967 3657 1968 3657 144 3657 144 3658 1968 3658 1974 3658 144 3659 1974 3659 145 3659 1974 3660 1973 3660 145 3660 145 3661 1973 3661 1972 3661 145 3662 1972 3662 147 3662 1972 3663 1971 3663 147 3663 147 3664 1971 3664 1970 3664 147 3665 1970 3665 148 3665 1896 3666 157 3666 1897 3666 1897 3667 157 3667 148 3667 1897 3668 148 3668 1969 3668 1969 3669 148 3669 1970 3669 1896 3670 1977 3670 157 3670 157 3671 1977 3671 1894 3671 157 3672 1894 3672 155 3672 1890 3673 381 3673 1891 3673 1891 3674 381 3674 155 3674 1891 3675 155 3675 1893 3675 1893 3676 155 3676 1894 3676 1890 3677 1985 3677 381 3677 381 3678 1985 3678 1888 3678 381 3679 1888 3679 380 3679 1884 3680 153 3680 1885 3680 1885 3681 153 3681 380 3681 1885 3682 380 3682 1887 3682 1887 3683 380 3683 1888 3683 1884 3684 1993 3684 153 3684 153 3685 1993 3685 1997 3685 153 3686 1997 3686 154 3686 1997 3687 1998 3687 154 3687 154 3688 1998 3688 2003 3688 154 3689 2003 3689 137 3689 2003 3690 2002 3690 137 3690 137 3691 2002 3691 2001 3691 137 3692 2001 3692 138 3692 138 3693 2001 3693 2000 3693 138 3694 2000 3694 1999 3694 2004 3695 2005 3695 1858 3695 1858 3696 2005 3696 1881 3696 2005 3697 2006 3697 1881 3697 1881 3698 2006 3698 1866 3698 2006 3699 2007 3699 1866 3699 1866 3700 2007 3700 1854 3700 2007 3701 2008 3701 1854 3701 1854 3702 2008 3702 1873 3702 2008 3703 2009 3703 1873 3703 1873 3704 2009 3704 1871 3704 2009 3705 2004 3705 1871 3705 1871 3706 2004 3706 1858 3706 2008 3707 2007 3707 2009 3707 2009 3708 2007 3708 2006 3708 2009 3709 2006 3709 2004 3709 2004 3710 2006 3710 2005 3710 2010 3711 2011 3711 2012 3711 2013 3712 2014 3712 2015 3712 2016 3713 2017 3713 2018 3713 2018 3714 2017 3714 2019 3714 2018 3715 2019 3715 2013 3715 2013 3716 2019 3716 2020 3716 2013 3717 2020 3717 2021 3717 2021 3718 2022 3718 2013 3718 2013 3719 2022 3719 2023 3719 2013 3720 2023 3720 2014 3720 2010 3721 2012 3721 2024 3721 2025 3722 2026 3722 2027 3722 2015 3723 2028 3723 2013 3723 2013 3724 2028 3724 2029 3724 2013 3725 2029 3725 2030 3725 2030 3726 2029 3726 2031 3726 2030 3727 2031 3727 2012 3727 2012 3728 2031 3728 2032 3728 2012 3729 2032 3729 2024 3729 2027 3730 2033 3730 2025 3730 2025 3731 2033 3731 2034 3731 2025 3732 2034 3732 2035 3732 2035 3733 2034 3733 2036 3733 2035 3734 2036 3734 2018 3734 2018 3735 2036 3735 2037 3735 2018 3736 2037 3736 2016 3736 2012 3737 2038 3737 2025 3737 2025 3738 2038 3738 2039 3738 2025 3739 2039 3739 2026 3739 2011 3740 2040 3740 2012 3740 2012 3741 2040 3741 2041 3741 2012 3742 2041 3742 2038 3742 2042 3743 2043 3743 2044 3743 2045 3744 2046 3744 2047 3744 2048 3745 2049 3745 2050 3745 2051 3746 2052 3746 2053 3746 2054 3747 2055 3747 2056 3747 2057 3748 2058 3748 2059 3748 2060 3749 2061 3749 2062 3749 2063 3750 2064 3750 2065 3750 2066 3751 2067 3751 2068 3751 2069 3752 2070 3752 2071 3752 2072 3753 2017 3753 2016 3753 2073 3754 2010 3754 2024 3754 2016 3755 2037 3755 2074 3755 2074 3756 2037 3756 2075 3756 2011 3757 2010 3757 2076 3757 2076 3758 2010 3758 2073 3758 2076 3759 2073 3759 2077 3759 2019 3760 2017 3760 2078 3760 2078 3761 2017 3761 2072 3761 2078 3762 2072 3762 2079 3762 2040 3763 2011 3763 2080 3763 2080 3764 2011 3764 2076 3764 2080 3765 2076 3765 2081 3765 2081 3766 2076 3766 2077 3766 2081 3767 2077 3767 2082 3767 2020 3768 2019 3768 2083 3768 2083 3769 2019 3769 2078 3769 2083 3770 2078 3770 2084 3770 2084 3771 2078 3771 2079 3771 2084 3772 2079 3772 2085 3772 2086 3773 2074 3773 2087 3773 2087 3774 2074 3774 2075 3774 2087 3775 2075 3775 2088 3775 2089 3776 2090 3776 2091 3776 2092 3777 2090 3777 2093 3777 2093 3778 2090 3778 2089 3778 2093 3779 2089 3779 2094 3779 2024 3780 2032 3780 2094 3780 2094 3781 2032 3781 2095 3781 2094 3782 2095 3782 2093 3782 2093 3783 2095 3783 2096 3783 2093 3784 2096 3784 2092 3784 2092 3785 2096 3785 2097 3785 2098 3786 2086 3786 2099 3786 2099 3787 2086 3787 2087 3787 2099 3788 2087 3788 2100 3788 2100 3789 2087 3789 2088 3789 2100 3790 2088 3790 2101 3790 2070 3791 2102 3791 2071 3791 2071 3792 2102 3792 2101 3792 2071 3793 2101 3793 2103 3793 2103 3794 2101 3794 2088 3794 2103 3795 2088 3795 2104 3795 2104 3796 2088 3796 2075 3796 2104 3797 2075 3797 2036 3797 2036 3798 2075 3798 2037 3798 2105 3799 2069 3799 2106 3799 2106 3800 2069 3800 2071 3800 2106 3801 2071 3801 2107 3801 2107 3802 2071 3802 2103 3802 2107 3803 2103 3803 2108 3803 2108 3804 2103 3804 2104 3804 2108 3805 2104 3805 2034 3805 2034 3806 2104 3806 2036 3806 2034 3807 2033 3807 2108 3807 2108 3808 2033 3808 2109 3808 2108 3809 2109 3809 2107 3809 2107 3810 2109 3810 2110 3810 2107 3811 2110 3811 2106 3811 2106 3812 2110 3812 2068 3812 2106 3813 2068 3813 2105 3813 2105 3814 2068 3814 2067 3814 2064 3815 2066 3815 2065 3815 2065 3816 2066 3816 2068 3816 2065 3817 2068 3817 2111 3817 2111 3818 2068 3818 2110 3818 2111 3819 2110 3819 2112 3819 2112 3820 2110 3820 2109 3820 2112 3821 2109 3821 2027 3821 2027 3822 2109 3822 2033 3822 2113 3823 2063 3823 2114 3823 2114 3824 2063 3824 2065 3824 2114 3825 2065 3825 2115 3825 2115 3826 2065 3826 2111 3826 2115 3827 2111 3827 2116 3827 2116 3828 2111 3828 2112 3828 2116 3829 2112 3829 2026 3829 2026 3830 2112 3830 2027 3830 2026 3831 2039 3831 2116 3831 2116 3832 2039 3832 2117 3832 2116 3833 2117 3833 2115 3833 2115 3834 2117 3834 2118 3834 2115 3835 2118 3835 2114 3835 2114 3836 2118 3836 2062 3836 2114 3837 2062 3837 2113 3837 2113 3838 2062 3838 2061 3838 2058 3839 2060 3839 2059 3839 2059 3840 2060 3840 2062 3840 2059 3841 2062 3841 2119 3841 2119 3842 2062 3842 2118 3842 2119 3843 2118 3843 2120 3843 2120 3844 2118 3844 2117 3844 2120 3845 2117 3845 2038 3845 2038 3846 2117 3846 2039 3846 2121 3847 2057 3847 2122 3847 2122 3848 2057 3848 2059 3848 2122 3849 2059 3849 2123 3849 2123 3850 2059 3850 2119 3850 2123 3851 2119 3851 2124 3851 2124 3852 2119 3852 2120 3852 2124 3853 2120 3853 2041 3853 2041 3854 2120 3854 2038 3854 2041 3855 2040 3855 2124 3855 2124 3856 2040 3856 2080 3856 2124 3857 2080 3857 2123 3857 2123 3858 2080 3858 2081 3858 2123 3859 2081 3859 2122 3859 2122 3860 2081 3860 2082 3860 2122 3861 2082 3861 2121 3861 2121 3862 2082 3862 2125 3862 2024 3863 2094 3863 2073 3863 2073 3864 2094 3864 2089 3864 2073 3865 2089 3865 2077 3865 2077 3866 2089 3866 2091 3866 2077 3867 2091 3867 2082 3867 2082 3868 2091 3868 2126 3868 2082 3869 2126 3869 2125 3869 2127 3870 2128 3870 2097 3870 2097 3871 2128 3871 2129 3871 2097 3872 2129 3872 2092 3872 2092 3873 2129 3873 2130 3873 2092 3874 2130 3874 2090 3874 2090 3875 2130 3875 2131 3875 2090 3876 2131 3876 2091 3876 2091 3877 2131 3877 2132 3877 2091 3878 2132 3878 2126 3878 2055 3879 2127 3879 2056 3879 2056 3880 2127 3880 2097 3880 2056 3881 2097 3881 2133 3881 2133 3882 2097 3882 2096 3882 2133 3883 2096 3883 2134 3883 2134 3884 2096 3884 2095 3884 2134 3885 2095 3885 2031 3885 2031 3886 2095 3886 2032 3886 2135 3887 2054 3887 2136 3887 2136 3888 2054 3888 2056 3888 2136 3889 2056 3889 2137 3889 2137 3890 2056 3890 2133 3890 2137 3891 2133 3891 2138 3891 2138 3892 2133 3892 2134 3892 2138 3893 2134 3893 2029 3893 2029 3894 2134 3894 2031 3894 2029 3895 2028 3895 2138 3895 2138 3896 2028 3896 2139 3896 2138 3897 2139 3897 2137 3897 2137 3898 2139 3898 2140 3898 2137 3899 2140 3899 2136 3899 2136 3900 2140 3900 2053 3900 2136 3901 2053 3901 2135 3901 2135 3902 2053 3902 2052 3902 2049 3903 2051 3903 2050 3903 2050 3904 2051 3904 2053 3904 2050 3905 2053 3905 2141 3905 2141 3906 2053 3906 2140 3906 2141 3907 2140 3907 2142 3907 2142 3908 2140 3908 2139 3908 2142 3909 2139 3909 2015 3909 2015 3910 2139 3910 2028 3910 2143 3911 2048 3911 2144 3911 2144 3912 2048 3912 2050 3912 2144 3913 2050 3913 2145 3913 2145 3914 2050 3914 2141 3914 2145 3915 2141 3915 2146 3915 2146 3916 2141 3916 2142 3916 2146 3917 2142 3917 2014 3917 2014 3918 2142 3918 2015 3918 2014 3919 2023 3919 2146 3919 2146 3920 2023 3920 2147 3920 2146 3921 2147 3921 2145 3921 2145 3922 2147 3922 2148 3922 2145 3923 2148 3923 2144 3923 2144 3924 2148 3924 2047 3924 2144 3925 2047 3925 2143 3925 2143 3926 2047 3926 2046 3926 2043 3927 2045 3927 2044 3927 2044 3928 2045 3928 2047 3928 2044 3929 2047 3929 2149 3929 2149 3930 2047 3930 2148 3930 2149 3931 2148 3931 2150 3931 2150 3932 2148 3932 2147 3932 2150 3933 2147 3933 2022 3933 2022 3934 2147 3934 2023 3934 2151 3935 2042 3935 2152 3935 2152 3936 2042 3936 2044 3936 2152 3937 2044 3937 2153 3937 2153 3938 2044 3938 2149 3938 2153 3939 2149 3939 2154 3939 2154 3940 2149 3940 2150 3940 2154 3941 2150 3941 2021 3941 2021 3942 2150 3942 2022 3942 2021 3943 2020 3943 2154 3943 2154 3944 2020 3944 2083 3944 2154 3945 2083 3945 2153 3945 2153 3946 2083 3946 2084 3946 2153 3947 2084 3947 2152 3947 2152 3948 2084 3948 2085 3948 2152 3949 2085 3949 2151 3949 2151 3950 2085 3950 2155 3950 2016 3951 2074 3951 2072 3951 2072 3952 2074 3952 2086 3952 2072 3953 2086 3953 2079 3953 2079 3954 2086 3954 2098 3954 2079 3955 2098 3955 2085 3955 2085 3956 2098 3956 2156 3956 2085 3957 2156 3957 2155 3957 2102 3958 2157 3958 2101 3958 2101 3959 2157 3959 2158 3959 2101 3960 2158 3960 2100 3960 2100 3961 2158 3961 2159 3961 2100 3962 2159 3962 2099 3962 2099 3963 2159 3963 2160 3963 2099 3964 2160 3964 2098 3964 2098 3965 2160 3965 2161 3965 2098 3966 2161 3966 2156 3966 2157 3967 268 3967 267 3967 2069 3968 269 3968 2070 3968 2070 3969 269 3969 268 3969 2070 3970 268 3970 2102 3970 2102 3971 268 3971 2157 3971 2069 3972 2105 3972 269 3972 269 3973 2105 3973 2067 3973 269 3974 2067 3974 257 3974 2063 3975 258 3975 2064 3975 2064 3976 258 3976 257 3976 2064 3977 257 3977 2066 3977 2066 3978 257 3978 2067 3978 2063 3979 2113 3979 258 3979 258 3980 2113 3980 2061 3980 258 3981 2061 3981 263 3981 2057 3982 264 3982 2058 3982 2058 3983 264 3983 263 3983 2058 3984 263 3984 2060 3984 2060 3985 263 3985 2061 3985 2057 3986 2121 3986 264 3986 264 3987 2121 3987 2125 3987 264 3988 2125 3988 266 3988 2125 3989 2126 3989 266 3989 266 3990 2126 3990 2132 3990 266 3991 2132 3991 279 3991 2132 3992 2131 3992 279 3992 279 3993 2131 3993 2130 3993 279 3994 2130 3994 280 3994 2130 3995 2129 3995 280 3995 280 3996 2129 3996 2128 3996 280 3997 2128 3997 281 3997 2054 3998 271 3998 2055 3998 2055 3999 271 3999 281 3999 2055 4000 281 4000 2127 4000 2127 4001 281 4001 2128 4001 2054 4002 2135 4002 271 4002 271 4003 2135 4003 2052 4003 271 4004 2052 4004 272 4004 2048 4005 283 4005 2049 4005 2049 4006 283 4006 272 4006 2049 4007 272 4007 2051 4007 2051 4008 272 4008 2052 4008 2048 4009 2143 4009 283 4009 283 4010 2143 4010 2046 4010 283 4011 2046 4011 284 4011 2042 4012 260 4012 2043 4012 2043 4013 260 4013 284 4013 2043 4014 284 4014 2045 4014 2045 4015 284 4015 2046 4015 2042 4016 2151 4016 260 4016 260 4017 2151 4017 2155 4017 260 4018 2155 4018 261 4018 2155 4019 2156 4019 261 4019 261 4020 2156 4020 2161 4020 261 4021 2161 4021 262 4021 2161 4022 2160 4022 262 4022 262 4023 2160 4023 2159 4023 262 4024 2159 4024 267 4024 267 4025 2159 4025 2158 4025 267 4026 2158 4026 2157 4026 2162 4027 2163 4027 2013 4027 2013 4028 2163 4028 2018 4028 2163 4029 2164 4029 2018 4029 2018 4030 2164 4030 2035 4030 2164 4031 2165 4031 2035 4031 2035 4032 2165 4032 2025 4032 2165 4033 2166 4033 2025 4033 2025 4034 2166 4034 2012 4034 2166 4035 2167 4035 2012 4035 2012 4036 2167 4036 2030 4036 2167 4037 2162 4037 2030 4037 2030 4038 2162 4038 2013 4038 2164 4039 2163 4039 2165 4039 2165 4040 2163 4040 2162 4040 2165 4041 2162 4041 2166 4041 2166 4042 2162 4042 2167 4042 2168 4043 2169 4043 2170 4043 2171 4044 2172 4044 2173 4044 2174 4045 2175 4045 2176 4045 2176 4046 2175 4046 2177 4046 2176 4047 2177 4047 2171 4047 2171 4048 2177 4048 2178 4048 2171 4049 2178 4049 2172 4049 2179 4050 2180 4050 2181 4050 2181 4051 2180 4051 2182 4051 2181 4052 2182 4052 2170 4052 2170 4053 2182 4053 2183 4053 2170 4054 2183 4054 2168 4054 2173 4055 2184 4055 2171 4055 2171 4056 2184 4056 2185 4056 2171 4057 2185 4057 2186 4057 2186 4058 2185 4058 2187 4058 2186 4059 2187 4059 2181 4059 2181 4060 2187 4060 2188 4060 2181 4061 2188 4061 2179 4061 2169 4062 2189 4062 2170 4062 2170 4063 2189 4063 2190 4063 2170 4064 2190 4064 2191 4064 2192 4065 2193 4065 2176 4065 2176 4066 2193 4066 2194 4066 2176 4067 2194 4067 2174 4067 2191 4068 2195 4068 2170 4068 2170 4069 2195 4069 2196 4069 2170 4070 2196 4070 2197 4070 2197 4071 2196 4071 2198 4071 2197 4072 2198 4072 2176 4072 2176 4073 2198 4073 2199 4073 2176 4074 2199 4074 2192 4074 2200 4075 2201 4075 2202 4075 2203 4076 2204 4076 2205 4076 2206 4077 2207 4077 2208 4077 2209 4078 2210 4078 2211 4078 2212 4079 2213 4079 2214 4079 2215 4080 2216 4080 2217 4080 2218 4081 2219 4081 2220 4081 2221 4082 2222 4082 2223 4082 2224 4083 2225 4083 2226 4083 2227 4084 2228 4084 2229 4084 2230 4085 2193 4085 2192 4085 2231 4086 2180 4086 2179 4086 2192 4087 2199 4087 2232 4087 2232 4088 2199 4088 2233 4088 2182 4089 2180 4089 2234 4089 2234 4090 2180 4090 2231 4090 2234 4091 2231 4091 2235 4091 2194 4092 2193 4092 2236 4092 2236 4093 2193 4093 2230 4093 2236 4094 2230 4094 2237 4094 2183 4095 2182 4095 2238 4095 2238 4096 2182 4096 2234 4096 2238 4097 2234 4097 2239 4097 2239 4098 2234 4098 2235 4098 2239 4099 2235 4099 2240 4099 2174 4100 2194 4100 2241 4100 2241 4101 2194 4101 2236 4101 2241 4102 2236 4102 2242 4102 2242 4103 2236 4103 2237 4103 2242 4104 2237 4104 2243 4104 2244 4105 2232 4105 2245 4105 2245 4106 2232 4106 2233 4106 2245 4107 2233 4107 2246 4107 2247 4108 2248 4108 2249 4108 2250 4109 2248 4109 2251 4109 2251 4110 2248 4110 2247 4110 2251 4111 2247 4111 2252 4111 2179 4112 2188 4112 2252 4112 2252 4113 2188 4113 2253 4113 2252 4114 2253 4114 2251 4114 2251 4115 2253 4115 2254 4115 2251 4116 2254 4116 2250 4116 2250 4117 2254 4117 2255 4117 2256 4118 2244 4118 2257 4118 2257 4119 2244 4119 2245 4119 2257 4120 2245 4120 2258 4120 2258 4121 2245 4121 2246 4121 2258 4122 2246 4122 2259 4122 2228 4123 2260 4123 2229 4123 2229 4124 2260 4124 2259 4124 2229 4125 2259 4125 2261 4125 2261 4126 2259 4126 2246 4126 2261 4127 2246 4127 2262 4127 2262 4128 2246 4128 2233 4128 2262 4129 2233 4129 2198 4129 2198 4130 2233 4130 2199 4130 2263 4131 2227 4131 2264 4131 2264 4132 2227 4132 2229 4132 2264 4133 2229 4133 2265 4133 2265 4134 2229 4134 2261 4134 2265 4135 2261 4135 2266 4135 2266 4136 2261 4136 2262 4136 2266 4137 2262 4137 2196 4137 2196 4138 2262 4138 2198 4138 2196 4139 2195 4139 2266 4139 2266 4140 2195 4140 2267 4140 2266 4141 2267 4141 2265 4141 2265 4142 2267 4142 2268 4142 2265 4143 2268 4143 2264 4143 2264 4144 2268 4144 2226 4144 2264 4145 2226 4145 2263 4145 2263 4146 2226 4146 2225 4146 2222 4147 2224 4147 2223 4147 2223 4148 2224 4148 2226 4148 2223 4149 2226 4149 2269 4149 2269 4150 2226 4150 2268 4150 2269 4151 2268 4151 2270 4151 2270 4152 2268 4152 2267 4152 2270 4153 2267 4153 2191 4153 2191 4154 2267 4154 2195 4154 2271 4155 2221 4155 2272 4155 2272 4156 2221 4156 2223 4156 2272 4157 2223 4157 2273 4157 2273 4158 2223 4158 2269 4158 2273 4159 2269 4159 2274 4159 2274 4160 2269 4160 2270 4160 2274 4161 2270 4161 2190 4161 2190 4162 2270 4162 2191 4162 2190 4163 2189 4163 2274 4163 2274 4164 2189 4164 2275 4164 2274 4165 2275 4165 2273 4165 2273 4166 2275 4166 2276 4166 2273 4167 2276 4167 2272 4167 2272 4168 2276 4168 2220 4168 2272 4169 2220 4169 2271 4169 2271 4170 2220 4170 2219 4170 2216 4171 2218 4171 2217 4171 2217 4172 2218 4172 2220 4172 2217 4173 2220 4173 2277 4173 2277 4174 2220 4174 2276 4174 2277 4175 2276 4175 2278 4175 2278 4176 2276 4176 2275 4176 2278 4177 2275 4177 2169 4177 2169 4178 2275 4178 2189 4178 2279 4179 2215 4179 2280 4179 2280 4180 2215 4180 2217 4180 2280 4181 2217 4181 2281 4181 2281 4182 2217 4182 2277 4182 2281 4183 2277 4183 2282 4183 2282 4184 2277 4184 2278 4184 2282 4185 2278 4185 2168 4185 2168 4186 2278 4186 2169 4186 2168 4187 2183 4187 2282 4187 2282 4188 2183 4188 2238 4188 2282 4189 2238 4189 2281 4189 2281 4190 2238 4190 2239 4190 2281 4191 2239 4191 2280 4191 2280 4192 2239 4192 2240 4192 2280 4193 2240 4193 2279 4193 2279 4194 2240 4194 2283 4194 2179 4195 2252 4195 2231 4195 2231 4196 2252 4196 2247 4196 2231 4197 2247 4197 2235 4197 2235 4198 2247 4198 2249 4198 2235 4199 2249 4199 2240 4199 2240 4200 2249 4200 2284 4200 2240 4201 2284 4201 2283 4201 2285 4202 2286 4202 2255 4202 2255 4203 2286 4203 2287 4203 2255 4204 2287 4204 2250 4204 2250 4205 2287 4205 2288 4205 2250 4206 2288 4206 2248 4206 2248 4207 2288 4207 2289 4207 2248 4208 2289 4208 2249 4208 2249 4209 2289 4209 2290 4209 2249 4210 2290 4210 2284 4210 2213 4211 2285 4211 2214 4211 2214 4212 2285 4212 2255 4212 2214 4213 2255 4213 2291 4213 2291 4214 2255 4214 2254 4214 2291 4215 2254 4215 2292 4215 2292 4216 2254 4216 2253 4216 2292 4217 2253 4217 2187 4217 2187 4218 2253 4218 2188 4218 2293 4219 2212 4219 2294 4219 2294 4220 2212 4220 2214 4220 2294 4221 2214 4221 2295 4221 2295 4222 2214 4222 2291 4222 2295 4223 2291 4223 2296 4223 2296 4224 2291 4224 2292 4224 2296 4225 2292 4225 2185 4225 2185 4226 2292 4226 2187 4226 2185 4227 2184 4227 2296 4227 2296 4228 2184 4228 2297 4228 2296 4229 2297 4229 2295 4229 2295 4230 2297 4230 2298 4230 2295 4231 2298 4231 2294 4231 2294 4232 2298 4232 2211 4232 2294 4233 2211 4233 2293 4233 2293 4234 2211 4234 2210 4234 2207 4235 2209 4235 2208 4235 2208 4236 2209 4236 2211 4236 2208 4237 2211 4237 2299 4237 2299 4238 2211 4238 2298 4238 2299 4239 2298 4239 2300 4239 2300 4240 2298 4240 2297 4240 2300 4241 2297 4241 2173 4241 2173 4242 2297 4242 2184 4242 2301 4243 2206 4243 2302 4243 2302 4244 2206 4244 2208 4244 2302 4245 2208 4245 2303 4245 2303 4246 2208 4246 2299 4246 2303 4247 2299 4247 2304 4247 2304 4248 2299 4248 2300 4248 2304 4249 2300 4249 2172 4249 2172 4250 2300 4250 2173 4250 2172 4251 2178 4251 2304 4251 2304 4252 2178 4252 2305 4252 2304 4253 2305 4253 2303 4253 2303 4254 2305 4254 2306 4254 2303 4255 2306 4255 2302 4255 2302 4256 2306 4256 2205 4256 2302 4257 2205 4257 2301 4257 2301 4258 2205 4258 2204 4258 2201 4259 2203 4259 2202 4259 2202 4260 2203 4260 2205 4260 2202 4261 2205 4261 2307 4261 2307 4262 2205 4262 2306 4262 2307 4263 2306 4263 2308 4263 2308 4264 2306 4264 2305 4264 2308 4265 2305 4265 2177 4265 2177 4266 2305 4266 2178 4266 2309 4267 2200 4267 2310 4267 2310 4268 2200 4268 2202 4268 2310 4269 2202 4269 2311 4269 2311 4270 2202 4270 2307 4270 2311 4271 2307 4271 2312 4271 2312 4272 2307 4272 2308 4272 2312 4273 2308 4273 2175 4273 2175 4274 2308 4274 2177 4274 2175 4275 2174 4275 2312 4275 2312 4276 2174 4276 2241 4276 2312 4277 2241 4277 2311 4277 2311 4278 2241 4278 2242 4278 2311 4279 2242 4279 2310 4279 2310 4280 2242 4280 2243 4280 2310 4281 2243 4281 2309 4281 2309 4282 2243 4282 2313 4282 2192 4283 2232 4283 2230 4283 2230 4284 2232 4284 2244 4284 2230 4285 2244 4285 2237 4285 2237 4286 2244 4286 2256 4286 2237 4287 2256 4287 2243 4287 2243 4288 2256 4288 2314 4288 2243 4289 2314 4289 2313 4289 2260 4290 2315 4290 2259 4290 2259 4291 2315 4291 2316 4291 2259 4292 2316 4292 2258 4292 2258 4293 2316 4293 2317 4293 2258 4294 2317 4294 2257 4294 2257 4295 2317 4295 2318 4295 2257 4296 2318 4296 2256 4296 2256 4297 2318 4297 2319 4297 2256 4298 2319 4298 2314 4298 2315 4299 133 4299 132 4299 2227 4300 111 4300 2228 4300 2228 4301 111 4301 133 4301 2228 4302 133 4302 2260 4302 2260 4303 133 4303 2315 4303 2227 4304 2263 4304 111 4304 111 4305 2263 4305 2225 4305 111 4306 2225 4306 112 4306 2221 4307 124 4307 2222 4307 2222 4308 124 4308 112 4308 2222 4309 112 4309 2224 4309 2224 4310 112 4310 2225 4310 2221 4311 2271 4311 124 4311 124 4312 2271 4312 2219 4312 124 4313 2219 4313 125 4313 2215 4314 126 4314 2216 4314 2216 4315 126 4315 125 4315 2216 4316 125 4316 2218 4316 2218 4317 125 4317 2219 4317 2215 4318 2279 4318 126 4318 126 4319 2279 4319 2283 4319 126 4320 2283 4320 122 4320 2283 4321 2284 4321 122 4321 122 4322 2284 4322 2290 4322 122 4323 2290 4323 117 4323 2290 4324 2289 4324 117 4324 117 4325 2289 4325 2288 4325 117 4326 2288 4326 118 4326 2288 4327 2287 4327 118 4327 118 4328 2287 4328 2286 4328 118 4329 2286 4329 119 4329 2212 4330 120 4330 2213 4330 2213 4331 120 4331 119 4331 2213 4332 119 4332 2285 4332 2285 4333 119 4333 2286 4333 2212 4334 2293 4334 120 4334 120 4335 2293 4335 2210 4335 120 4336 2210 4336 127 4336 2206 4337 128 4337 2207 4337 2207 4338 128 4338 127 4338 2207 4339 127 4339 2209 4339 2209 4340 127 4340 2210 4340 2206 4341 2301 4341 128 4341 128 4342 2301 4342 2204 4342 128 4343 2204 4343 134 4343 2200 4344 135 4344 2201 4344 2201 4345 135 4345 134 4345 2201 4346 134 4346 2203 4346 2203 4347 134 4347 2204 4347 2200 4348 2309 4348 135 4348 135 4349 2309 4349 2313 4349 135 4350 2313 4350 136 4350 2313 4351 2314 4351 136 4351 136 4352 2314 4352 2319 4352 136 4353 2319 4353 131 4353 2319 4354 2318 4354 131 4354 131 4355 2318 4355 2317 4355 131 4356 2317 4356 132 4356 132 4357 2317 4357 2316 4357 132 4358 2316 4358 2315 4358 2320 4359 2321 4359 2171 4359 2171 4360 2321 4360 2176 4360 2321 4361 2322 4361 2176 4361 2176 4362 2322 4362 2197 4362 2322 4363 2323 4363 2197 4363 2197 4364 2323 4364 2170 4364 2323 4365 2324 4365 2170 4365 2170 4366 2324 4366 2181 4366 2324 4367 2325 4367 2181 4367 2181 4368 2325 4368 2186 4368 2325 4369 2320 4369 2186 4369 2186 4370 2320 4370 2171 4370 2323 4371 2322 4371 2324 4371 2324 4372 2322 4372 2321 4372 2324 4373 2321 4373 2325 4373 2325 4374 2321 4374 2320 4374 3037 5990 3038 5990 3039 5990 3039 5991 3038 5991 3040 5991 3039 5992 3040 5992 3041 5992 3041 5993 3040 5993 3042 5993 3037 5994 3039 5994 3043 5994 3043 5995 3039 5995 3044 5995 3038 5996 3037 5996 3045 5996 3045 5997 3037 5997 3043 5997 3040 5998 3038 5998 3046 5998 3046 5999 3038 5999 3045 5999 3042 6000 3040 6000 3047 6000 3047 6001 3040 6001 3046 6001 3041 6002 3042 6002 3048 6002 3048 6003 3042 6003 3047 6003 3039 6004 3041 6004 3044 6004 3044 6005 3041 6005 3048 6005 3049 6006 457 6006 454 6006 3050 6007 458 6007 3051 6007 3051 6008 458 6008 457 6008 3051 6009 457 6009 3052 6009 3052 6010 457 6010 3049 6010 3050 6011 3053 6011 458 6011 458 6012 3053 6012 3054 6012 458 6013 3054 6013 460 6013 3055 6014 461 6014 3056 6014 3056 6015 461 6015 460 6015 3056 6016 460 6016 3057 6016 3057 6017 460 6017 3054 6017 3055 6018 3058 6018 461 6018 461 6019 3058 6019 3059 6019 461 6020 3059 6020 462 6020 3060 6021 463 6021 3061 6021 3061 6022 463 6022 462 6022 3061 6023 462 6023 3062 6023 3062 6024 462 6024 3059 6024 3060 6025 3063 6025 463 6025 463 6026 3063 6026 3064 6026 463 6027 3064 6027 455 6027 3064 6028 3065 6028 455 6028 455 6029 3065 6029 3066 6029 455 6030 3066 6030 456 6030 3066 6031 3067 6031 456 6031 456 6032 3067 6032 3068 6032 456 6033 3068 6033 464 6033 3068 6034 3069 6034 464 6034 464 6035 3069 6035 3070 6035 464 6036 3070 6036 465 6036 3071 6037 467 6037 3072 6037 3072 6038 467 6038 465 6038 3072 6039 465 6039 3073 6039 3073 6040 465 6040 3070 6040 3071 6041 3074 6041 467 6041 467 6042 3074 6042 3075 6042 467 6043 3075 6043 468 6043 3076 6044 469 6044 3077 6044 3077 6045 469 6045 468 6045 3077 6046 468 6046 3078 6046 3078 6047 468 6047 3075 6047 3076 6048 3079 6048 469 6048 469 6049 3079 6049 3080 6049 469 6050 3080 6050 470 6050 3081 6051 471 6051 3082 6051 3082 6052 471 6052 470 6052 3082 6053 470 6053 3083 6053 3083 6054 470 6054 3080 6054 3081 6055 3084 6055 471 6055 471 6056 3084 6056 3085 6056 471 6057 3085 6057 472 6057 3085 6058 3086 6058 472 6058 472 6059 3086 6059 3087 6059 472 6060 3087 6060 453 6060 3087 6061 3088 6061 453 6061 453 6062 3088 6062 3089 6062 453 6063 3089 6063 454 6063 454 6064 3089 6064 3090 6064 454 6065 3090 6065 3049 6065 3081 6066 3082 6066 3091 6066 3083 6067 3080 6067 3092 6067 3076 6068 3077 6068 3093 6068 3078 6069 3075 6069 3094 6069 3071 6070 3072 6070 3095 6070 3060 6071 3061 6071 3096 6071 3062 6072 3059 6072 3097 6072 3055 6073 3056 6073 3098 6073 3057 6074 3054 6074 3099 6074 3050 6075 3051 6075 3100 6075 3101 6076 3102 6076 3103 6076 3104 6077 3105 6077 3106 6077 3103 6078 3107 6078 3108 6078 3108 6079 3107 6079 3109 6079 3110 6080 3105 6080 3111 6080 3111 6081 3105 6081 3104 6081 3111 6082 3104 6082 3112 6082 3113 6083 3102 6083 3114 6083 3114 6084 3102 6084 3101 6084 3114 6085 3101 6085 3115 6085 3116 6086 3110 6086 3117 6086 3117 6087 3110 6087 3111 6087 3117 6088 3111 6088 3118 6088 3118 6089 3111 6089 3112 6089 3118 6090 3112 6090 3119 6090 3120 6091 3113 6091 3121 6091 3121 6092 3113 6092 3114 6092 3121 6093 3114 6093 3122 6093 3122 6094 3114 6094 3115 6094 3122 6095 3115 6095 3123 6095 3124 6096 3108 6096 3125 6096 3125 6097 3108 6097 3109 6097 3125 6098 3109 6098 3126 6098 3127 6099 3128 6099 3129 6099 3130 6100 3128 6100 3131 6100 3131 6101 3128 6101 3127 6101 3131 6102 3127 6102 3132 6102 3106 6103 3133 6103 3132 6103 3132 6104 3133 6104 3134 6104 3132 6105 3134 6105 3131 6105 3131 6106 3134 6106 3135 6106 3131 6107 3135 6107 3130 6107 3130 6108 3135 6108 3136 6108 3137 6109 3124 6109 3138 6109 3138 6110 3124 6110 3125 6110 3138 6111 3125 6111 3139 6111 3139 6112 3125 6112 3126 6112 3139 6113 3126 6113 3140 6113 3051 6114 3052 6114 3100 6114 3100 6115 3052 6115 3140 6115 3100 6116 3140 6116 3141 6116 3141 6117 3140 6117 3126 6117 3141 6118 3126 6118 3142 6118 3142 6119 3126 6119 3109 6119 3142 6120 3109 6120 3143 6120 3143 6121 3109 6121 3107 6121 3053 6122 3050 6122 3144 6122 3144 6123 3050 6123 3100 6123 3144 6124 3100 6124 3145 6124 3145 6125 3100 6125 3141 6125 3145 6126 3141 6126 3146 6126 3146 6127 3141 6127 3142 6127 3146 6128 3142 6128 3147 6128 3147 6129 3142 6129 3143 6129 3147 6130 3148 6130 3146 6130 3146 6131 3148 6131 3149 6131 3146 6132 3149 6132 3145 6132 3145 6133 3149 6133 3150 6133 3145 6134 3150 6134 3144 6134 3144 6135 3150 6135 3099 6135 3144 6136 3099 6136 3053 6136 3053 6137 3099 6137 3054 6137 3056 6138 3057 6138 3098 6138 3098 6139 3057 6139 3099 6139 3098 6140 3099 6140 3151 6140 3151 6141 3099 6141 3150 6141 3151 6142 3150 6142 3152 6142 3152 6143 3150 6143 3149 6143 3152 6144 3149 6144 3153 6144 3153 6145 3149 6145 3148 6145 3058 6146 3055 6146 3154 6146 3154 6147 3055 6147 3098 6147 3154 6148 3098 6148 3155 6148 3155 6149 3098 6149 3151 6149 3155 6150 3151 6150 3156 6150 3156 6151 3151 6151 3152 6151 3156 6152 3152 6152 3157 6152 3157 6153 3152 6153 3153 6153 3157 6154 3158 6154 3156 6154 3156 6155 3158 6155 3159 6155 3156 6156 3159 6156 3155 6156 3155 6157 3159 6157 3160 6157 3155 6158 3160 6158 3154 6158 3154 6159 3160 6159 3097 6159 3154 6160 3097 6160 3058 6160 3058 6161 3097 6161 3059 6161 3061 6162 3062 6162 3096 6162 3096 6163 3062 6163 3097 6163 3096 6164 3097 6164 3161 6164 3161 6165 3097 6165 3160 6165 3161 6166 3160 6166 3162 6166 3162 6167 3160 6167 3159 6167 3162 6168 3159 6168 3163 6168 3163 6169 3159 6169 3158 6169 3063 6170 3060 6170 3164 6170 3164 6171 3060 6171 3096 6171 3164 6172 3096 6172 3165 6172 3165 6173 3096 6173 3161 6173 3165 6174 3161 6174 3166 6174 3166 6175 3161 6175 3162 6175 3166 6176 3162 6176 3167 6176 3167 6177 3162 6177 3163 6177 3167 6178 3116 6178 3166 6178 3166 6179 3116 6179 3117 6179 3166 6180 3117 6180 3165 6180 3165 6181 3117 6181 3118 6181 3165 6182 3118 6182 3164 6182 3164 6183 3118 6183 3119 6183 3164 6184 3119 6184 3063 6184 3063 6185 3119 6185 3064 6185 3106 6186 3132 6186 3104 6186 3104 6187 3132 6187 3127 6187 3104 6188 3127 6188 3112 6188 3112 6189 3127 6189 3129 6189 3112 6190 3129 6190 3119 6190 3119 6191 3129 6191 3065 6191 3119 6192 3065 6192 3064 6192 3073 6193 3070 6193 3136 6193 3136 6194 3070 6194 3069 6194 3136 6195 3069 6195 3130 6195 3130 6196 3069 6196 3068 6196 3130 6197 3068 6197 3128 6197 3128 6198 3068 6198 3067 6198 3128 6199 3067 6199 3129 6199 3129 6200 3067 6200 3066 6200 3129 6201 3066 6201 3065 6201 3072 6202 3073 6202 3095 6202 3095 6203 3073 6203 3136 6203 3095 6204 3136 6204 3168 6204 3168 6205 3136 6205 3135 6205 3168 6206 3135 6206 3169 6206 3169 6207 3135 6207 3134 6207 3169 6208 3134 6208 3170 6208 3170 6209 3134 6209 3133 6209 3074 6210 3071 6210 3171 6210 3171 6211 3071 6211 3095 6211 3171 6212 3095 6212 3172 6212 3172 6213 3095 6213 3168 6213 3172 6214 3168 6214 3173 6214 3173 6215 3168 6215 3169 6215 3173 6216 3169 6216 3174 6216 3174 6217 3169 6217 3170 6217 3174 6218 3175 6218 3173 6218 3173 6219 3175 6219 3176 6219 3173 6220 3176 6220 3172 6220 3172 6221 3176 6221 3177 6221 3172 6222 3177 6222 3171 6222 3171 6223 3177 6223 3094 6223 3171 6224 3094 6224 3074 6224 3074 6225 3094 6225 3075 6225 3077 6226 3078 6226 3093 6226 3093 6227 3078 6227 3094 6227 3093 6228 3094 6228 3178 6228 3178 6229 3094 6229 3177 6229 3178 6230 3177 6230 3179 6230 3179 6231 3177 6231 3176 6231 3179 6232 3176 6232 3180 6232 3180 6233 3176 6233 3175 6233 3079 6234 3076 6234 3181 6234 3181 6235 3076 6235 3093 6235 3181 6236 3093 6236 3182 6236 3182 6237 3093 6237 3178 6237 3182 6238 3178 6238 3183 6238 3183 6239 3178 6239 3179 6239 3183 6240 3179 6240 3184 6240 3184 6241 3179 6241 3180 6241 3184 6242 3185 6242 3183 6242 3183 6243 3185 6243 3186 6243 3183 6244 3186 6244 3182 6244 3182 6245 3186 6245 3187 6245 3182 6246 3187 6246 3181 6246 3181 6247 3187 6247 3092 6247 3181 6248 3092 6248 3079 6248 3079 6249 3092 6249 3080 6249 3082 6250 3083 6250 3091 6250 3091 6251 3083 6251 3092 6251 3091 6252 3092 6252 3188 6252 3188 6253 3092 6253 3187 6253 3188 6254 3187 6254 3189 6254 3189 6255 3187 6255 3186 6255 3189 6256 3186 6256 3190 6256 3190 6257 3186 6257 3185 6257 3084 6258 3081 6258 3191 6258 3191 6259 3081 6259 3091 6259 3191 6260 3091 6260 3192 6260 3192 6261 3091 6261 3188 6261 3192 6262 3188 6262 3193 6262 3193 6263 3188 6263 3189 6263 3193 6264 3189 6264 3194 6264 3194 6265 3189 6265 3190 6265 3194 6266 3120 6266 3193 6266 3193 6267 3120 6267 3121 6267 3193 6268 3121 6268 3192 6268 3192 6269 3121 6269 3122 6269 3192 6270 3122 6270 3191 6270 3191 6271 3122 6271 3123 6271 3191 6272 3123 6272 3084 6272 3084 6273 3123 6273 3085 6273 3103 6274 3108 6274 3101 6274 3101 6275 3108 6275 3124 6275 3101 6276 3124 6276 3115 6276 3115 6277 3124 6277 3137 6277 3115 6278 3137 6278 3123 6278 3123 6279 3137 6279 3086 6279 3123 6280 3086 6280 3085 6280 3052 6281 3049 6281 3140 6281 3140 6282 3049 6282 3090 6282 3140 6283 3090 6283 3139 6283 3139 6284 3090 6284 3089 6284 3139 6285 3089 6285 3138 6285 3138 6286 3089 6286 3088 6286 3138 6287 3088 6287 3137 6287 3137 6288 3088 6288 3087 6288 3137 6289 3087 6289 3086 6289 3167 6290 3163 6290 3046 6290 3046 6291 3163 6291 3158 6291 3046 6292 3158 6292 3157 6292 3046 6293 3147 6293 3047 6293 3047 6294 3147 6294 3143 6294 3047 6295 3143 6295 3048 6295 3048 6296 3143 6296 3107 6296 3048 6297 3107 6297 3103 6297 3157 6298 3153 6298 3046 6298 3046 6299 3153 6299 3148 6299 3046 6300 3148 6300 3147 6300 3106 6301 3105 6301 3045 6301 3045 6302 3105 6302 3110 6302 3045 6303 3110 6303 3046 6303 3046 6304 3110 6304 3116 6304 3046 6305 3116 6305 3167 6305 3103 6306 3102 6306 3048 6306 3048 6307 3102 6307 3113 6307 3048 6308 3113 6308 3120 6308 3044 6309 3184 6309 3043 6309 3043 6310 3184 6310 3180 6310 3043 6311 3180 6311 3175 6311 3120 6312 3194 6312 3048 6312 3048 6313 3194 6313 3190 6313 3048 6314 3190 6314 3044 6314 3044 6315 3190 6315 3185 6315 3044 6316 3185 6316 3184 6316 3175 6317 3174 6317 3043 6317 3043 6318 3174 6318 3170 6318 3043 6319 3170 6319 3045 6319 3045 6320 3170 6320 3133 6320 3045 6321 3133 6321 3106 6321 3195 6322 3196 6322 3197 6322 3198 6323 3199 6323 3200 6323 3197 6324 3201 6324 3195 6324 3195 6325 3201 6325 3202 6325 3195 6326 3202 6326 3203 6326 3203 6327 3202 6327 3204 6327 3203 6328 3204 6328 3205 6328 3206 6329 3207 6329 3208 6329 3208 6330 3207 6330 3209 6330 3208 6331 3209 6331 3195 6331 3195 6332 3209 6332 3210 6332 3195 6333 3210 6333 3196 6333 3205 6334 3211 6334 3203 6334 3203 6335 3211 6335 3212 6335 3203 6336 3212 6336 3213 6336 3213 6337 3212 6337 3214 6337 3213 6338 3214 6338 3200 6338 3200 6339 3214 6339 3215 6339 3200 6340 3215 6340 3198 6340 3216 6341 3217 6341 3218 6341 3218 6342 3217 6342 3219 6342 3218 6343 3219 6343 3208 6343 3208 6344 3219 6344 3220 6344 3208 6345 3220 6345 3206 6345 3199 6346 3221 6346 3200 6346 3200 6347 3221 6347 3222 6347 3200 6348 3222 6348 3223 6348 3223 6349 3224 6349 3200 6349 3200 6350 3224 6350 3225 6350 3200 6351 3225 6351 3218 6351 3218 6352 3225 6352 3226 6352 3218 6353 3226 6353 3216 6353 3227 6354 3228 6354 3229 6354 3230 6355 3231 6355 3232 6355 3233 6356 3234 6356 3235 6356 3236 6357 3237 6357 3238 6357 3239 6358 3240 6358 3241 6358 3242 6359 3243 6359 3244 6359 3245 6360 3246 6360 3247 6360 3248 6361 3249 6361 3250 6361 3251 6362 3252 6362 3253 6362 3254 6363 3255 6363 3256 6363 3257 6364 3212 6364 3211 6364 3258 6365 3219 6365 3217 6365 3211 6366 3205 6366 3259 6366 3259 6367 3205 6367 3260 6367 3220 6368 3219 6368 3261 6368 3261 6369 3219 6369 3258 6369 3261 6370 3258 6370 3262 6370 3214 6371 3212 6371 3263 6371 3263 6372 3212 6372 3257 6372 3263 6373 3257 6373 3264 6373 3206 6374 3220 6374 3265 6374 3265 6375 3220 6375 3261 6375 3265 6376 3261 6376 3266 6376 3266 6377 3261 6377 3262 6377 3266 6378 3262 6378 3267 6378 3215 6379 3214 6379 3268 6379 3268 6380 3214 6380 3263 6380 3268 6381 3263 6381 3269 6381 3269 6382 3263 6382 3264 6382 3269 6383 3264 6383 3270 6383 3271 6384 3259 6384 3272 6384 3272 6385 3259 6385 3260 6385 3272 6386 3260 6386 3273 6386 3274 6387 3275 6387 3276 6387 3277 6388 3275 6388 3278 6388 3278 6389 3275 6389 3274 6389 3278 6390 3274 6390 3279 6390 3217 6391 3216 6391 3279 6391 3279 6392 3216 6392 3280 6392 3279 6393 3280 6393 3278 6393 3278 6394 3280 6394 3281 6394 3278 6395 3281 6395 3277 6395 3277 6396 3281 6396 3282 6396 3283 6397 3271 6397 3284 6397 3284 6398 3271 6398 3272 6398 3284 6399 3272 6399 3285 6399 3285 6400 3272 6400 3273 6400 3285 6401 3273 6401 3286 6401 3255 6402 3287 6402 3256 6402 3256 6403 3287 6403 3286 6403 3256 6404 3286 6404 3288 6404 3288 6405 3286 6405 3273 6405 3288 6406 3273 6406 3289 6406 3289 6407 3273 6407 3260 6407 3289 6408 3260 6408 3204 6408 3204 6409 3260 6409 3205 6409 3290 6410 3254 6410 3291 6410 3291 6411 3254 6411 3256 6411 3291 6412 3256 6412 3292 6412 3292 6413 3256 6413 3288 6413 3292 6414 3288 6414 3293 6414 3293 6415 3288 6415 3289 6415 3293 6416 3289 6416 3202 6416 3202 6417 3289 6417 3204 6417 3202 6418 3201 6418 3293 6418 3293 6419 3201 6419 3294 6419 3293 6420 3294 6420 3292 6420 3292 6421 3294 6421 3295 6421 3292 6422 3295 6422 3291 6422 3291 6423 3295 6423 3253 6423 3291 6424 3253 6424 3290 6424 3290 6425 3253 6425 3252 6425 3249 6426 3251 6426 3250 6426 3250 6427 3251 6427 3253 6427 3250 6428 3253 6428 3296 6428 3296 6429 3253 6429 3295 6429 3296 6430 3295 6430 3297 6430 3297 6431 3295 6431 3294 6431 3297 6432 3294 6432 3197 6432 3197 6433 3294 6433 3201 6433 3298 6434 3248 6434 3299 6434 3299 6435 3248 6435 3250 6435 3299 6436 3250 6436 3300 6436 3300 6437 3250 6437 3296 6437 3300 6438 3296 6438 3301 6438 3301 6439 3296 6439 3297 6439 3301 6440 3297 6440 3196 6440 3196 6441 3297 6441 3197 6441 3196 6442 3210 6442 3301 6442 3301 6443 3210 6443 3302 6443 3301 6444 3302 6444 3300 6444 3300 6445 3302 6445 3303 6445 3300 6446 3303 6446 3299 6446 3299 6447 3303 6447 3247 6447 3299 6448 3247 6448 3298 6448 3298 6449 3247 6449 3246 6449 3243 6450 3245 6450 3244 6450 3244 6451 3245 6451 3247 6451 3244 6452 3247 6452 3304 6452 3304 6453 3247 6453 3303 6453 3304 6454 3303 6454 3305 6454 3305 6455 3303 6455 3302 6455 3305 6456 3302 6456 3209 6456 3209 6457 3302 6457 3210 6457 3306 6458 3242 6458 3307 6458 3307 6459 3242 6459 3244 6459 3307 6460 3244 6460 3308 6460 3308 6461 3244 6461 3304 6461 3308 6462 3304 6462 3309 6462 3309 6463 3304 6463 3305 6463 3309 6464 3305 6464 3207 6464 3207 6465 3305 6465 3209 6465 3207 6466 3206 6466 3309 6466 3309 6467 3206 6467 3265 6467 3309 6468 3265 6468 3308 6468 3308 6469 3265 6469 3266 6469 3308 6470 3266 6470 3307 6470 3307 6471 3266 6471 3267 6471 3307 6472 3267 6472 3306 6472 3306 6473 3267 6473 3310 6473 3217 6474 3279 6474 3258 6474 3258 6475 3279 6475 3274 6475 3258 6476 3274 6476 3262 6476 3262 6477 3274 6477 3276 6477 3262 6478 3276 6478 3267 6478 3267 6479 3276 6479 3311 6479 3267 6480 3311 6480 3310 6480 3312 6481 3313 6481 3282 6481 3282 6482 3313 6482 3314 6482 3282 6483 3314 6483 3277 6483 3277 6484 3314 6484 3315 6484 3277 6485 3315 6485 3275 6485 3275 6486 3315 6486 3316 6486 3275 6487 3316 6487 3276 6487 3276 6488 3316 6488 3317 6488 3276 6489 3317 6489 3311 6489 3240 6490 3312 6490 3241 6490 3241 6491 3312 6491 3282 6491 3241 6492 3282 6492 3318 6492 3318 6493 3282 6493 3281 6493 3318 6494 3281 6494 3319 6494 3319 6495 3281 6495 3280 6495 3319 6496 3280 6496 3226 6496 3226 6497 3280 6497 3216 6497 3320 6498 3239 6498 3321 6498 3321 6499 3239 6499 3241 6499 3321 6500 3241 6500 3322 6500 3322 6501 3241 6501 3318 6501 3322 6502 3318 6502 3323 6502 3323 6503 3318 6503 3319 6503 3323 6504 3319 6504 3225 6504 3225 6505 3319 6505 3226 6505 3225 6506 3224 6506 3323 6506 3323 6507 3224 6507 3324 6507 3323 6508 3324 6508 3322 6508 3322 6509 3324 6509 3325 6509 3322 6510 3325 6510 3321 6510 3321 6511 3325 6511 3238 6511 3321 6512 3238 6512 3320 6512 3320 6513 3238 6513 3237 6513 3234 6514 3236 6514 3235 6514 3235 6515 3236 6515 3238 6515 3235 6516 3238 6516 3326 6516 3326 6517 3238 6517 3325 6517 3326 6518 3325 6518 3327 6518 3327 6519 3325 6519 3324 6519 3327 6520 3324 6520 3223 6520 3223 6521 3324 6521 3224 6521 3328 6522 3233 6522 3329 6522 3329 6523 3233 6523 3235 6523 3329 6524 3235 6524 3330 6524 3330 6525 3235 6525 3326 6525 3330 6526 3326 6526 3331 6526 3331 6527 3326 6527 3327 6527 3331 6528 3327 6528 3222 6528 3222 6529 3327 6529 3223 6529 3222 6530 3221 6530 3331 6530 3331 6531 3221 6531 3332 6531 3331 6532 3332 6532 3330 6532 3330 6533 3332 6533 3333 6533 3330 6534 3333 6534 3329 6534 3329 6535 3333 6535 3232 6535 3329 6536 3232 6536 3328 6536 3328 6537 3232 6537 3231 6537 3228 6538 3230 6538 3229 6538 3229 6539 3230 6539 3232 6539 3229 6540 3232 6540 3334 6540 3334 6541 3232 6541 3333 6541 3334 6542 3333 6542 3335 6542 3335 6543 3333 6543 3332 6543 3335 6544 3332 6544 3199 6544 3199 6545 3332 6545 3221 6545 3336 6546 3227 6546 3337 6546 3337 6547 3227 6547 3229 6547 3337 6548 3229 6548 3338 6548 3338 6549 3229 6549 3334 6549 3338 6550 3334 6550 3339 6550 3339 6551 3334 6551 3335 6551 3339 6552 3335 6552 3198 6552 3198 6553 3335 6553 3199 6553 3198 6554 3215 6554 3339 6554 3339 6555 3215 6555 3268 6555 3339 6556 3268 6556 3338 6556 3338 6557 3268 6557 3269 6557 3338 6558 3269 6558 3337 6558 3337 6559 3269 6559 3270 6559 3337 6560 3270 6560 3336 6560 3336 6561 3270 6561 3340 6561 3211 6562 3259 6562 3257 6562 3257 6563 3259 6563 3271 6563 3257 6564 3271 6564 3264 6564 3264 6565 3271 6565 3283 6565 3264 6566 3283 6566 3270 6566 3270 6567 3283 6567 3341 6567 3270 6568 3341 6568 3340 6568 3287 6569 3342 6569 3286 6569 3286 6570 3342 6570 3343 6570 3286 6571 3343 6571 3285 6571 3285 6572 3343 6572 3344 6572 3285 6573 3344 6573 3284 6573 3284 6574 3344 6574 3345 6574 3284 6575 3345 6575 3283 6575 3283 6576 3345 6576 3346 6576 3283 6577 3346 6577 3341 6577 3342 6578 427 6578 428 6578 3254 6579 430 6579 3255 6579 3255 6580 430 6580 427 6580 3255 6581 427 6581 3287 6581 3287 6582 427 6582 3342 6582 3254 6583 3290 6583 430 6583 430 6584 3290 6584 3252 6584 430 6585 3252 6585 431 6585 3248 6586 432 6586 3249 6586 3249 6587 432 6587 431 6587 3249 6588 431 6588 3251 6588 3251 6589 431 6589 3252 6589 3248 6590 3298 6590 432 6590 432 6591 3298 6591 3246 6591 432 6592 3246 6592 433 6592 3242 6593 443 6593 3243 6593 3243 6594 443 6594 433 6594 3243 6595 433 6595 3245 6595 3245 6596 433 6596 3246 6596 3242 6597 3306 6597 443 6597 443 6598 3306 6598 3310 6598 443 6599 3310 6599 444 6599 3310 6600 3311 6600 444 6600 444 6601 3311 6601 3317 6601 444 6602 3317 6602 445 6602 3317 6603 3316 6603 445 6603 445 6604 3316 6604 3315 6604 445 6605 3315 6605 446 6605 3315 6606 3314 6606 446 6606 446 6607 3314 6607 3313 6607 446 6608 3313 6608 447 6608 3313 6609 3312 6609 447 6609 447 6610 3312 6610 3240 6610 447 6611 3240 6611 448 6611 3237 6612 435 6612 3320 6612 3320 6613 435 6613 448 6613 3320 6614 448 6614 3239 6614 3239 6615 448 6615 3240 6615 3233 6616 436 6616 3234 6616 3234 6617 436 6617 435 6617 3234 6618 435 6618 3236 6618 3236 6619 435 6619 3237 6619 3233 6620 3328 6620 436 6620 436 6621 3328 6621 3231 6621 436 6622 3231 6622 438 6622 3227 6623 440 6623 3228 6623 3228 6624 440 6624 438 6624 3228 6625 438 6625 3230 6625 3230 6626 438 6626 3231 6626 3227 6627 3336 6627 440 6627 440 6628 3336 6628 3340 6628 440 6629 3340 6629 441 6629 3340 6630 3341 6630 441 6630 441 6631 3341 6631 3346 6631 441 6632 3346 6632 442 6632 3346 6633 3345 6633 442 6633 442 6634 3345 6634 3344 6634 442 6635 3344 6635 428 6635 428 6636 3344 6636 3343 6636 428 6637 3343 6637 3342 6637 3347 6638 3348 6638 3200 6638 3200 6639 3348 6639 3213 6639 3348 6640 3349 6640 3213 6640 3213 6641 3349 6641 3203 6641 3349 6642 3350 6642 3203 6642 3203 6643 3350 6643 3195 6643 3350 6644 3351 6644 3195 6644 3195 6645 3351 6645 3208 6645 3351 6646 3352 6646 3208 6646 3208 6647 3352 6647 3218 6647 3352 6648 3347 6648 3218 6648 3218 6649 3347 6649 3200 6649 3347 6650 3352 6650 3348 6650 3348 6651 3352 6651 3351 6651 3348 6652 3351 6652 3349 6652 3349 6653 3351 6653 3350 6653 3353 6654 3354 6654 3355 6654 3356 6655 3357 6655 3353 6655 3353 6656 3357 6656 3358 6656 3353 6657 3358 6657 3354 6657 3359 6658 3360 6658 3361 6658 3361 6659 3360 6659 3362 6659 3361 6660 3362 6660 3363 6660 3364 6661 3365 6661 3366 6661 3366 6662 3365 6662 3367 6662 3366 6663 3367 6663 3353 6663 3353 6664 3367 6664 3368 6664 3353 6665 3368 6665 3356 6665 3363 6666 3369 6666 3361 6666 3361 6667 3369 6667 3370 6667 3361 6668 3370 6668 3366 6668 3366 6669 3370 6669 3371 6669 3366 6670 3371 6670 3364 6670 3372 6671 3373 6671 3359 6671 3359 6672 3373 6672 3374 6672 3359 6673 3374 6673 3360 6673 3355 6674 3375 6674 3353 6674 3353 6675 3375 6675 3376 6675 3353 6676 3376 6676 3377 6676 3377 6677 3376 6677 3378 6677 3377 6678 3378 6678 3379 6678 3379 6679 3378 6679 3380 6679 3379 6680 3380 6680 3381 6680 3381 6681 3382 6681 3379 6681 3379 6682 3382 6682 3383 6682 3379 6683 3383 6683 3359 6683 3359 6684 3383 6684 3384 6684 3359 6685 3384 6685 3372 6685 3385 6686 3386 6686 3387 6686 3388 6687 3389 6687 3390 6687 3391 6688 3392 6688 3393 6688 3394 6689 3395 6689 3396 6689 3397 6690 3398 6690 3399 6690 3400 6691 3401 6691 3402 6691 3403 6692 3404 6692 3405 6692 3406 6693 3407 6693 3408 6693 3409 6694 3410 6694 3411 6694 3412 6695 3413 6695 3414 6695 3415 6696 3382 6696 3381 6696 3416 6697 3365 6697 3364 6697 3381 6698 3380 6698 3417 6698 3417 6699 3380 6699 3418 6699 3367 6700 3365 6700 3419 6700 3419 6701 3365 6701 3416 6701 3419 6702 3416 6702 3420 6702 3383 6703 3382 6703 3421 6703 3421 6704 3382 6704 3415 6704 3421 6705 3415 6705 3422 6705 3368 6706 3367 6706 3423 6706 3423 6707 3367 6707 3419 6707 3423 6708 3419 6708 3424 6708 3424 6709 3419 6709 3420 6709 3424 6710 3420 6710 3425 6710 3384 6711 3383 6711 3426 6711 3426 6712 3383 6712 3421 6712 3426 6713 3421 6713 3427 6713 3427 6714 3421 6714 3422 6714 3427 6715 3422 6715 3428 6715 3429 6716 3417 6716 3430 6716 3430 6717 3417 6717 3418 6717 3430 6718 3418 6718 3431 6718 3432 6719 3433 6719 3434 6719 3435 6720 3433 6720 3436 6720 3436 6721 3433 6721 3432 6721 3436 6722 3432 6722 3437 6722 3364 6723 3371 6723 3437 6723 3437 6724 3371 6724 3438 6724 3437 6725 3438 6725 3436 6725 3436 6726 3438 6726 3439 6726 3436 6727 3439 6727 3435 6727 3435 6728 3439 6728 3440 6728 3441 6729 3429 6729 3442 6729 3442 6730 3429 6730 3430 6730 3442 6731 3430 6731 3443 6731 3443 6732 3430 6732 3431 6732 3443 6733 3431 6733 3444 6733 3413 6734 3445 6734 3414 6734 3414 6735 3445 6735 3444 6735 3414 6736 3444 6736 3446 6736 3446 6737 3444 6737 3431 6737 3446 6738 3431 6738 3447 6738 3447 6739 3431 6739 3418 6739 3447 6740 3418 6740 3378 6740 3378 6741 3418 6741 3380 6741 3448 6742 3412 6742 3449 6742 3449 6743 3412 6743 3414 6743 3449 6744 3414 6744 3450 6744 3450 6745 3414 6745 3446 6745 3450 6746 3446 6746 3451 6746 3451 6747 3446 6747 3447 6747 3451 6748 3447 6748 3376 6748 3376 6749 3447 6749 3378 6749 3376 6750 3375 6750 3451 6750 3451 6751 3375 6751 3452 6751 3451 6752 3452 6752 3450 6752 3450 6753 3452 6753 3453 6753 3450 6754 3453 6754 3449 6754 3449 6755 3453 6755 3411 6755 3449 6756 3411 6756 3448 6756 3448 6757 3411 6757 3410 6757 3407 6758 3409 6758 3408 6758 3408 6759 3409 6759 3411 6759 3408 6760 3411 6760 3454 6760 3454 6761 3411 6761 3453 6761 3454 6762 3453 6762 3455 6762 3455 6763 3453 6763 3452 6763 3455 6764 3452 6764 3355 6764 3355 6765 3452 6765 3375 6765 3456 6766 3406 6766 3457 6766 3457 6767 3406 6767 3408 6767 3457 6768 3408 6768 3458 6768 3458 6769 3408 6769 3454 6769 3458 6770 3454 6770 3459 6770 3459 6771 3454 6771 3455 6771 3459 6772 3455 6772 3354 6772 3354 6773 3455 6773 3355 6773 3354 6774 3358 6774 3459 6774 3459 6775 3358 6775 3460 6775 3459 6776 3460 6776 3458 6776 3458 6777 3460 6777 3461 6777 3458 6778 3461 6778 3457 6778 3457 6779 3461 6779 3405 6779 3457 6780 3405 6780 3456 6780 3456 6781 3405 6781 3404 6781 3401 6782 3403 6782 3402 6782 3402 6783 3403 6783 3405 6783 3402 6784 3405 6784 3462 6784 3462 6785 3405 6785 3461 6785 3462 6786 3461 6786 3463 6786 3463 6787 3461 6787 3460 6787 3463 6788 3460 6788 3357 6788 3357 6789 3460 6789 3358 6789 3464 6790 3400 6790 3465 6790 3465 6791 3400 6791 3402 6791 3465 6792 3402 6792 3466 6792 3466 6793 3402 6793 3462 6793 3466 6794 3462 6794 3467 6794 3467 6795 3462 6795 3463 6795 3467 6796 3463 6796 3356 6796 3356 6797 3463 6797 3357 6797 3356 6798 3368 6798 3467 6798 3467 6799 3368 6799 3423 6799 3467 6800 3423 6800 3466 6800 3466 6801 3423 6801 3424 6801 3466 6802 3424 6802 3465 6802 3465 6803 3424 6803 3425 6803 3465 6804 3425 6804 3464 6804 3464 6805 3425 6805 3468 6805 3364 6806 3437 6806 3416 6806 3416 6807 3437 6807 3432 6807 3416 6808 3432 6808 3420 6808 3420 6809 3432 6809 3434 6809 3420 6810 3434 6810 3425 6810 3425 6811 3434 6811 3469 6811 3425 6812 3469 6812 3468 6812 3470 6813 3471 6813 3440 6813 3440 6814 3471 6814 3472 6814 3440 6815 3472 6815 3435 6815 3435 6816 3472 6816 3473 6816 3435 6817 3473 6817 3433 6817 3433 6818 3473 6818 3474 6818 3433 6819 3474 6819 3434 6819 3434 6820 3474 6820 3475 6820 3434 6821 3475 6821 3469 6821 3398 6822 3470 6822 3399 6822 3399 6823 3470 6823 3440 6823 3399 6824 3440 6824 3476 6824 3476 6825 3440 6825 3439 6825 3476 6826 3439 6826 3477 6826 3477 6827 3439 6827 3438 6827 3477 6828 3438 6828 3370 6828 3370 6829 3438 6829 3371 6829 3478 6830 3397 6830 3479 6830 3479 6831 3397 6831 3399 6831 3479 6832 3399 6832 3480 6832 3480 6833 3399 6833 3476 6833 3480 6834 3476 6834 3481 6834 3481 6835 3476 6835 3477 6835 3481 6836 3477 6836 3369 6836 3369 6837 3477 6837 3370 6837 3369 6838 3363 6838 3481 6838 3481 6839 3363 6839 3482 6839 3481 6840 3482 6840 3480 6840 3480 6841 3482 6841 3483 6841 3480 6842 3483 6842 3479 6842 3479 6843 3483 6843 3396 6843 3479 6844 3396 6844 3478 6844 3478 6845 3396 6845 3395 6845 3392 6846 3394 6846 3393 6846 3393 6847 3394 6847 3396 6847 3393 6848 3396 6848 3484 6848 3484 6849 3396 6849 3483 6849 3484 6850 3483 6850 3485 6850 3485 6851 3483 6851 3482 6851 3485 6852 3482 6852 3362 6852 3362 6853 3482 6853 3363 6853 3486 6854 3391 6854 3487 6854 3487 6855 3391 6855 3393 6855 3487 6856 3393 6856 3488 6856 3488 6857 3393 6857 3484 6857 3488 6858 3484 6858 3489 6858 3489 6859 3484 6859 3485 6859 3489 6860 3485 6860 3360 6860 3360 6861 3485 6861 3362 6861 3360 6862 3374 6862 3489 6862 3489 6863 3374 6863 3490 6863 3489 6864 3490 6864 3488 6864 3488 6865 3490 6865 3491 6865 3488 6866 3491 6866 3487 6866 3487 6867 3491 6867 3390 6867 3487 6868 3390 6868 3486 6868 3486 6869 3390 6869 3389 6869 3386 6870 3388 6870 3387 6870 3387 6871 3388 6871 3390 6871 3387 6872 3390 6872 3492 6872 3492 6873 3390 6873 3491 6873 3492 6874 3491 6874 3493 6874 3493 6875 3491 6875 3490 6875 3493 6876 3490 6876 3373 6876 3373 6877 3490 6877 3374 6877 3494 6878 3385 6878 3495 6878 3495 6879 3385 6879 3387 6879 3495 6880 3387 6880 3496 6880 3496 6881 3387 6881 3492 6881 3496 6882 3492 6882 3497 6882 3497 6883 3492 6883 3493 6883 3497 6884 3493 6884 3372 6884 3372 6885 3493 6885 3373 6885 3372 6886 3384 6886 3497 6886 3497 6887 3384 6887 3426 6887 3497 6888 3426 6888 3496 6888 3496 6889 3426 6889 3427 6889 3496 6890 3427 6890 3495 6890 3495 6891 3427 6891 3428 6891 3495 6892 3428 6892 3494 6892 3494 6893 3428 6893 3498 6893 3381 6894 3417 6894 3415 6894 3415 6895 3417 6895 3429 6895 3415 6896 3429 6896 3422 6896 3422 6897 3429 6897 3441 6897 3422 6898 3441 6898 3428 6898 3428 6899 3441 6899 3499 6899 3428 6900 3499 6900 3498 6900 3445 6901 3500 6901 3444 6901 3444 6902 3500 6902 3501 6902 3444 6903 3501 6903 3443 6903 3443 6904 3501 6904 3502 6904 3443 6905 3502 6905 3442 6905 3442 6906 3502 6906 3503 6906 3442 6907 3503 6907 3441 6907 3441 6908 3503 6908 3504 6908 3441 6909 3504 6909 3499 6909 3500 6910 614 6910 613 6910 3412 6911 604 6911 3413 6911 3413 6912 604 6912 614 6912 3413 6913 614 6913 3445 6913 3445 6914 614 6914 3500 6914 3412 6915 3448 6915 604 6915 604 6916 3448 6916 3410 6916 604 6917 3410 6917 603 6917 3406 6918 602 6918 3407 6918 3407 6919 602 6919 603 6919 3407 6920 603 6920 3409 6920 3409 6921 603 6921 3410 6921 3406 6922 3456 6922 602 6922 602 6923 3456 6923 3404 6923 602 6924 3404 6924 615 6924 3400 6925 616 6925 3401 6925 3401 6926 616 6926 615 6926 3401 6927 615 6927 3403 6927 3403 6928 615 6928 3404 6928 3400 6929 3464 6929 616 6929 616 6930 3464 6930 3468 6930 616 6931 3468 6931 618 6931 3468 6932 3469 6932 618 6932 618 6933 3469 6933 3475 6933 618 6934 3475 6934 623 6934 3475 6935 3474 6935 623 6935 623 6936 3474 6936 3473 6936 623 6937 3473 6937 622 6937 3473 6938 3472 6938 622 6938 622 6939 3472 6939 3471 6939 622 6940 3471 6940 620 6940 3397 6941 605 6941 3398 6941 3398 6942 605 6942 620 6942 3398 6943 620 6943 3470 6943 3470 6944 620 6944 3471 6944 3397 6945 3478 6945 605 6945 605 6946 3478 6946 3395 6946 605 6947 3395 6947 606 6947 3391 6948 608 6948 3392 6948 3392 6949 608 6949 606 6949 3392 6950 606 6950 3394 6950 3394 6951 606 6951 3395 6951 3391 6952 3486 6952 608 6952 608 6953 3486 6953 3389 6953 608 6954 3389 6954 609 6954 3385 6955 610 6955 3386 6955 3386 6956 610 6956 609 6956 3386 6957 609 6957 3388 6957 3388 6958 609 6958 3389 6958 3385 6959 3494 6959 610 6959 610 6960 3494 6960 3498 6960 610 6961 3498 6961 611 6961 3498 6962 3499 6962 611 6962 611 6963 3499 6963 3504 6963 611 6964 3504 6964 612 6964 3504 6965 3503 6965 612 6965 612 6966 3503 6966 3502 6966 612 6967 3502 6967 613 6967 613 6968 3502 6968 3501 6968 613 6969 3501 6969 3500 6969 3505 6970 3506 6970 3359 6970 3359 6971 3506 6971 3379 6971 3506 6972 3507 6972 3379 6972 3379 6973 3507 6973 3377 6973 3507 6974 3508 6974 3377 6974 3377 6975 3508 6975 3353 6975 3508 6976 3509 6976 3353 6976 3353 6977 3509 6977 3366 6977 3509 6978 3510 6978 3366 6978 3366 6979 3510 6979 3361 6979 3510 6980 3505 6980 3361 6980 3361 6981 3505 6981 3359 6981 3507 6982 3506 6982 3508 6982 3508 6983 3506 6983 3505 6983 3508 6984 3505 6984 3509 6984 3509 6985 3505 6985 3510 6985 3511 6986 3512 6986 3513 6986 3514 6987 3515 6987 3511 6987 3511 6988 3515 6988 3516 6988 3511 6989 3516 6989 3512 6989 3517 6990 3518 6990 3519 6990 3513 6991 3520 6991 3511 6991 3511 6992 3520 6992 3521 6992 3511 6993 3521 6993 3522 6993 3522 6994 3521 6994 3523 6994 3522 6995 3523 6995 3524 6995 3525 6996 3526 6996 3527 6996 3527 6997 3526 6997 3528 6997 3527 6998 3528 6998 3511 6998 3511 6999 3528 6999 3529 6999 3511 7000 3529 7000 3514 7000 3519 7001 3530 7001 3517 7001 3517 7002 3530 7002 3531 7002 3517 7003 3531 7003 3532 7003 3532 7004 3531 7004 3533 7004 3532 7005 3533 7005 3527 7005 3527 7006 3533 7006 3534 7006 3527 7007 3534 7007 3525 7007 3535 7008 3536 7008 3517 7008 3517 7009 3536 7009 3537 7009 3517 7010 3537 7010 3518 7010 3524 7011 3538 7011 3522 7011 3522 7012 3538 7012 3539 7012 3522 7013 3539 7013 3540 7013 3540 7014 3539 7014 3541 7014 3540 7015 3541 7015 3517 7015 3517 7016 3541 7016 3542 7016 3517 7017 3542 7017 3535 7017 3543 7018 3544 7018 3545 7018 3546 7019 3547 7019 3548 7019 3549 7020 3550 7020 3551 7020 3552 7021 3553 7021 3554 7021 3555 7022 3556 7022 3557 7022 3558 7023 3559 7023 3560 7023 3561 7024 3562 7024 3563 7024 3564 7025 3565 7025 3566 7025 3567 7026 3568 7026 3569 7026 3570 7027 3571 7027 3572 7027 3573 7028 3539 7028 3538 7028 3574 7029 3526 7029 3525 7029 3538 7030 3524 7030 3575 7030 3575 7031 3524 7031 3576 7031 3528 7032 3526 7032 3577 7032 3577 7033 3526 7033 3574 7033 3577 7034 3574 7034 3578 7034 3541 7035 3539 7035 3579 7035 3579 7036 3539 7036 3573 7036 3579 7037 3573 7037 3580 7037 3529 7038 3528 7038 3581 7038 3581 7039 3528 7039 3577 7039 3581 7040 3577 7040 3582 7040 3582 7041 3577 7041 3578 7041 3582 7042 3578 7042 3583 7042 3542 7043 3541 7043 3584 7043 3584 7044 3541 7044 3579 7044 3584 7045 3579 7045 3585 7045 3585 7046 3579 7046 3580 7046 3585 7047 3580 7047 3586 7047 3587 7048 3575 7048 3588 7048 3588 7049 3575 7049 3576 7049 3588 7050 3576 7050 3589 7050 3590 7051 3591 7051 3592 7051 3593 7052 3591 7052 3594 7052 3594 7053 3591 7053 3590 7053 3594 7054 3590 7054 3595 7054 3525 7055 3534 7055 3595 7055 3595 7056 3534 7056 3596 7056 3595 7057 3596 7057 3594 7057 3594 7058 3596 7058 3597 7058 3594 7059 3597 7059 3593 7059 3593 7060 3597 7060 3598 7060 3599 7061 3587 7061 3600 7061 3600 7062 3587 7062 3588 7062 3600 7063 3588 7063 3601 7063 3601 7064 3588 7064 3589 7064 3601 7065 3589 7065 3602 7065 3571 7066 3603 7066 3572 7066 3572 7067 3603 7067 3602 7067 3572 7068 3602 7068 3604 7068 3604 7069 3602 7069 3589 7069 3604 7070 3589 7070 3605 7070 3605 7071 3589 7071 3576 7071 3605 7072 3576 7072 3523 7072 3523 7073 3576 7073 3524 7073 3606 7074 3570 7074 3607 7074 3607 7075 3570 7075 3572 7075 3607 7076 3572 7076 3608 7076 3608 7077 3572 7077 3604 7077 3608 7078 3604 7078 3609 7078 3609 7079 3604 7079 3605 7079 3609 7080 3605 7080 3521 7080 3521 7081 3605 7081 3523 7081 3521 7082 3520 7082 3609 7082 3609 7083 3520 7083 3610 7083 3609 7084 3610 7084 3608 7084 3608 7085 3610 7085 3611 7085 3608 7086 3611 7086 3607 7086 3607 7087 3611 7087 3569 7087 3607 7088 3569 7088 3606 7088 3606 7089 3569 7089 3568 7089 3565 7090 3567 7090 3566 7090 3566 7091 3567 7091 3569 7091 3566 7092 3569 7092 3612 7092 3612 7093 3569 7093 3611 7093 3612 7094 3611 7094 3613 7094 3613 7095 3611 7095 3610 7095 3613 7096 3610 7096 3513 7096 3513 7097 3610 7097 3520 7097 3614 7098 3564 7098 3615 7098 3615 7099 3564 7099 3566 7099 3615 7100 3566 7100 3616 7100 3616 7101 3566 7101 3612 7101 3616 7102 3612 7102 3617 7102 3617 7103 3612 7103 3613 7103 3617 7104 3613 7104 3512 7104 3512 7105 3613 7105 3513 7105 3512 7106 3516 7106 3617 7106 3617 7107 3516 7107 3618 7107 3617 7108 3618 7108 3616 7108 3616 7109 3618 7109 3619 7109 3616 7110 3619 7110 3615 7110 3615 7111 3619 7111 3563 7111 3615 7112 3563 7112 3614 7112 3614 7113 3563 7113 3562 7113 3559 7114 3561 7114 3560 7114 3560 7115 3561 7115 3563 7115 3560 7116 3563 7116 3620 7116 3620 7117 3563 7117 3619 7117 3620 7118 3619 7118 3621 7118 3621 7119 3619 7119 3618 7119 3621 7120 3618 7120 3515 7120 3515 7121 3618 7121 3516 7121 3622 7122 3558 7122 3623 7122 3623 7123 3558 7123 3560 7123 3623 7124 3560 7124 3624 7124 3624 7125 3560 7125 3620 7125 3624 7126 3620 7126 3625 7126 3625 7127 3620 7127 3621 7127 3625 7128 3621 7128 3514 7128 3514 7129 3621 7129 3515 7129 3514 7130 3529 7130 3625 7130 3625 7131 3529 7131 3581 7131 3625 7132 3581 7132 3624 7132 3624 7133 3581 7133 3582 7133 3624 7134 3582 7134 3623 7134 3623 7135 3582 7135 3583 7135 3623 7136 3583 7136 3622 7136 3622 7137 3583 7137 3626 7137 3525 7138 3595 7138 3574 7138 3574 7139 3595 7139 3590 7139 3574 7140 3590 7140 3578 7140 3578 7141 3590 7141 3592 7141 3578 7142 3592 7142 3583 7142 3583 7143 3592 7143 3627 7143 3583 7144 3627 7144 3626 7144 3628 7145 3629 7145 3598 7145 3598 7146 3629 7146 3630 7146 3598 7147 3630 7147 3593 7147 3593 7148 3630 7148 3631 7148 3593 7149 3631 7149 3591 7149 3591 7150 3631 7150 3632 7150 3591 7151 3632 7151 3592 7151 3592 7152 3632 7152 3633 7152 3592 7153 3633 7153 3627 7153 3556 7154 3628 7154 3557 7154 3557 7155 3628 7155 3598 7155 3557 7156 3598 7156 3634 7156 3634 7157 3598 7157 3597 7157 3634 7158 3597 7158 3635 7158 3635 7159 3597 7159 3596 7159 3635 7160 3596 7160 3533 7160 3533 7161 3596 7161 3534 7161 3636 7162 3555 7162 3637 7162 3637 7163 3555 7163 3557 7163 3637 7164 3557 7164 3638 7164 3638 7165 3557 7165 3634 7165 3638 7166 3634 7166 3639 7166 3639 7167 3634 7167 3635 7167 3639 7168 3635 7168 3531 7168 3531 7169 3635 7169 3533 7169 3531 7170 3530 7170 3639 7170 3639 7171 3530 7171 3640 7171 3639 7172 3640 7172 3638 7172 3638 7173 3640 7173 3641 7173 3638 7174 3641 7174 3637 7174 3637 7175 3641 7175 3554 7175 3637 7176 3554 7176 3636 7176 3636 7177 3554 7177 3553 7177 3550 7178 3552 7178 3551 7178 3551 7179 3552 7179 3554 7179 3551 7180 3554 7180 3642 7180 3642 7181 3554 7181 3641 7181 3642 7182 3641 7182 3643 7182 3643 7183 3641 7183 3640 7183 3643 7184 3640 7184 3519 7184 3519 7185 3640 7185 3530 7185 3644 7186 3549 7186 3645 7186 3645 7187 3549 7187 3551 7187 3645 7188 3551 7188 3646 7188 3646 7189 3551 7189 3642 7189 3646 7190 3642 7190 3647 7190 3647 7191 3642 7191 3643 7191 3647 7192 3643 7192 3518 7192 3518 7193 3643 7193 3519 7193 3518 7194 3537 7194 3647 7194 3647 7195 3537 7195 3648 7195 3647 7196 3648 7196 3646 7196 3646 7197 3648 7197 3649 7197 3646 7198 3649 7198 3645 7198 3645 7199 3649 7199 3548 7199 3645 7200 3548 7200 3644 7200 3644 7201 3548 7201 3547 7201 3544 7202 3546 7202 3545 7202 3545 7203 3546 7203 3548 7203 3545 7204 3548 7204 3650 7204 3650 7205 3548 7205 3649 7205 3650 7206 3649 7206 3651 7206 3651 7207 3649 7207 3648 7207 3651 7208 3648 7208 3536 7208 3536 7209 3648 7209 3537 7209 3652 7210 3543 7210 3653 7210 3653 7211 3543 7211 3545 7211 3653 7212 3545 7212 3654 7212 3654 7213 3545 7213 3650 7213 3654 7214 3650 7214 3655 7214 3655 7215 3650 7215 3651 7215 3655 7216 3651 7216 3535 7216 3535 7217 3651 7217 3536 7217 3535 7218 3542 7218 3655 7218 3655 7219 3542 7219 3584 7219 3655 7220 3584 7220 3654 7220 3654 7221 3584 7221 3585 7221 3654 7222 3585 7222 3653 7222 3653 7223 3585 7223 3586 7223 3653 7224 3586 7224 3652 7224 3652 7225 3586 7225 3656 7225 3538 7226 3575 7226 3573 7226 3573 7227 3575 7227 3587 7227 3573 7228 3587 7228 3580 7228 3580 7229 3587 7229 3599 7229 3580 7230 3599 7230 3586 7230 3586 7231 3599 7231 3657 7231 3586 7232 3657 7232 3656 7232 3603 7233 3658 7233 3602 7233 3602 7234 3658 7234 3659 7234 3602 7235 3659 7235 3601 7235 3601 7236 3659 7236 3660 7236 3601 7237 3660 7237 3600 7237 3600 7238 3660 7238 3661 7238 3600 7239 3661 7239 3599 7239 3599 7240 3661 7240 3662 7240 3599 7241 3662 7241 3657 7241 3658 7242 525 7242 526 7242 3570 7243 528 7243 3571 7243 3571 7244 528 7244 525 7244 3571 7245 525 7245 3603 7245 3603 7246 525 7246 3658 7246 3570 7247 3606 7247 528 7247 528 7248 3606 7248 3568 7248 528 7249 3568 7249 529 7249 3564 7250 520 7250 3565 7250 3565 7251 520 7251 529 7251 3565 7252 529 7252 3567 7252 3567 7253 529 7253 3568 7253 3564 7254 3614 7254 520 7254 520 7255 3614 7255 3562 7255 520 7256 3562 7256 530 7256 3558 7257 531 7257 3559 7257 3559 7258 531 7258 530 7258 3559 7259 530 7259 3561 7259 3561 7260 530 7260 3562 7260 3558 7261 3622 7261 531 7261 531 7262 3622 7262 3626 7262 531 7263 3626 7263 533 7263 3626 7264 3627 7264 533 7264 533 7265 3627 7265 3633 7265 533 7266 3633 7266 534 7266 3633 7267 3632 7267 534 7267 534 7268 3632 7268 3631 7268 534 7269 3631 7269 537 7269 3631 7270 3630 7270 537 7270 537 7271 3630 7271 3629 7271 537 7272 3629 7272 535 7272 3555 7273 545 7273 3556 7273 3556 7274 545 7274 535 7274 3556 7275 535 7275 3628 7275 3628 7276 535 7276 3629 7276 3555 7277 3636 7277 545 7277 545 7278 3636 7278 3553 7278 545 7279 3553 7279 546 7279 3549 7280 542 7280 3550 7280 3550 7281 542 7281 546 7281 3550 7282 546 7282 3552 7282 3552 7283 546 7283 3553 7283 3549 7284 3644 7284 542 7284 542 7285 3644 7285 3547 7285 542 7286 3547 7286 541 7286 3543 7287 540 7287 3544 7287 3544 7288 540 7288 541 7288 3544 7289 541 7289 3546 7289 3546 7290 541 7290 3547 7290 3543 7291 3652 7291 540 7291 540 7292 3652 7292 3656 7292 540 7293 3656 7293 543 7293 3656 7294 3657 7294 543 7294 543 7295 3657 7295 3662 7295 543 7296 3662 7296 544 7296 3662 7297 3661 7297 544 7297 544 7298 3661 7298 3660 7298 544 7299 3660 7299 526 7299 526 7300 3660 7300 3659 7300 526 7301 3659 7301 3658 7301 3663 7302 3664 7302 3517 7302 3517 7303 3664 7303 3540 7303 3664 7304 3665 7304 3540 7304 3540 7305 3665 7305 3522 7305 3665 7306 3666 7306 3522 7306 3522 7307 3666 7307 3511 7307 3666 7308 3667 7308 3511 7308 3511 7309 3667 7309 3527 7309 3667 7310 3668 7310 3527 7310 3527 7311 3668 7311 3532 7311 3668 7312 3663 7312 3532 7312 3532 7313 3663 7313 3517 7313 3668 7314 3667 7314 3663 7314 3663 7315 3667 7315 3666 7315 3663 7316 3666 7316 3664 7316 3664 7317 3666 7317 3665 7317 3669 7318 3670 7318 3671 7318 3672 7319 3673 7319 3674 7319 3674 7320 3673 7320 3675 7320 3674 7321 3675 7321 3676 7321 3677 7322 3678 7322 3669 7322 3669 7323 3678 7323 3679 7323 3674 7324 3680 7324 3681 7324 3681 7325 3680 7325 3682 7325 3681 7326 3682 7326 3683 7326 3671 7327 3684 7327 3669 7327 3669 7328 3684 7328 3685 7328 3669 7329 3685 7329 3686 7329 3686 7330 3685 7330 3687 7330 3686 7331 3687 7331 3674 7331 3674 7332 3687 7332 3688 7332 3674 7333 3688 7333 3672 7333 3679 7334 3689 7334 3669 7334 3669 7335 3689 7335 3690 7335 3669 7336 3690 7336 3670 7336 3691 7337 3692 7337 3677 7337 3677 7338 3692 7338 3693 7338 3677 7339 3693 7339 3678 7339 3676 7340 3694 7340 3674 7340 3674 7341 3694 7341 3695 7341 3674 7342 3695 7342 3680 7342 3683 7343 3696 7343 3681 7343 3681 7344 3696 7344 3697 7344 3681 7345 3697 7345 3698 7345 3698 7346 3697 7346 3699 7346 3698 7347 3699 7347 3677 7347 3677 7348 3699 7348 3700 7348 3677 7349 3700 7349 3691 7349 3701 7350 3702 7350 3703 7350 3704 7351 3705 7351 3706 7351 3707 7352 3708 7352 3709 7352 3710 7353 3711 7353 3712 7353 3713 7354 3714 7354 3715 7354 3716 7355 3717 7355 3718 7355 3719 7356 3720 7356 3721 7356 3722 7357 3723 7357 3724 7357 3725 7358 3726 7358 3727 7358 3728 7359 3729 7359 3730 7359 3731 7360 3697 7360 3696 7360 3732 7361 3685 7361 3684 7361 3696 7362 3683 7362 3733 7362 3733 7363 3683 7363 3734 7363 3687 7364 3685 7364 3735 7364 3735 7365 3685 7365 3732 7365 3735 7366 3732 7366 3736 7366 3699 7367 3697 7367 3737 7367 3737 7368 3697 7368 3731 7368 3737 7369 3731 7369 3738 7369 3688 7370 3687 7370 3739 7370 3739 7371 3687 7371 3735 7371 3739 7372 3735 7372 3740 7372 3740 7373 3735 7373 3736 7373 3740 7374 3736 7374 3741 7374 3700 7375 3699 7375 3742 7375 3742 7376 3699 7376 3737 7376 3742 7377 3737 7377 3743 7377 3743 7378 3737 7378 3738 7378 3743 7379 3738 7379 3744 7379 3745 7380 3733 7380 3746 7380 3746 7381 3733 7381 3734 7381 3746 7382 3734 7382 3747 7382 3748 7383 3749 7383 3750 7383 3751 7384 3749 7384 3752 7384 3752 7385 3749 7385 3748 7385 3752 7386 3748 7386 3753 7386 3684 7387 3671 7387 3753 7387 3753 7388 3671 7388 3754 7388 3753 7389 3754 7389 3752 7389 3752 7390 3754 7390 3755 7390 3752 7391 3755 7391 3751 7391 3751 7392 3755 7392 3756 7392 3757 7393 3745 7393 3758 7393 3758 7394 3745 7394 3746 7394 3758 7395 3746 7395 3759 7395 3759 7396 3746 7396 3747 7396 3759 7397 3747 7397 3760 7397 3729 7398 3761 7398 3730 7398 3730 7399 3761 7399 3760 7399 3730 7400 3760 7400 3762 7400 3762 7401 3760 7401 3747 7401 3762 7402 3747 7402 3763 7402 3763 7403 3747 7403 3734 7403 3763 7404 3734 7404 3682 7404 3682 7405 3734 7405 3683 7405 3764 7406 3728 7406 3765 7406 3765 7407 3728 7407 3730 7407 3765 7408 3730 7408 3766 7408 3766 7409 3730 7409 3762 7409 3766 7410 3762 7410 3767 7410 3767 7411 3762 7411 3763 7411 3767 7412 3763 7412 3680 7412 3680 7413 3763 7413 3682 7413 3680 7414 3695 7414 3767 7414 3767 7415 3695 7415 3768 7415 3767 7416 3768 7416 3766 7416 3766 7417 3768 7417 3769 7417 3766 7418 3769 7418 3765 7418 3765 7419 3769 7419 3727 7419 3765 7420 3727 7420 3764 7420 3764 7421 3727 7421 3726 7421 3723 7422 3725 7422 3724 7422 3724 7423 3725 7423 3727 7423 3724 7424 3727 7424 3770 7424 3770 7425 3727 7425 3769 7425 3770 7426 3769 7426 3771 7426 3771 7427 3769 7427 3768 7427 3771 7428 3768 7428 3694 7428 3694 7429 3768 7429 3695 7429 3772 7430 3722 7430 3773 7430 3773 7431 3722 7431 3724 7431 3773 7432 3724 7432 3774 7432 3774 7433 3724 7433 3770 7433 3774 7434 3770 7434 3775 7434 3775 7435 3770 7435 3771 7435 3775 7436 3771 7436 3676 7436 3676 7437 3771 7437 3694 7437 3676 7438 3675 7438 3775 7438 3775 7439 3675 7439 3776 7439 3775 7440 3776 7440 3774 7440 3774 7441 3776 7441 3777 7441 3774 7442 3777 7442 3773 7442 3773 7443 3777 7443 3721 7443 3773 7444 3721 7444 3772 7444 3772 7445 3721 7445 3720 7445 3717 7446 3719 7446 3718 7446 3718 7447 3719 7447 3721 7447 3718 7448 3721 7448 3778 7448 3778 7449 3721 7449 3777 7449 3778 7450 3777 7450 3779 7450 3779 7451 3777 7451 3776 7451 3779 7452 3776 7452 3673 7452 3673 7453 3776 7453 3675 7453 3780 7454 3716 7454 3781 7454 3781 7455 3716 7455 3718 7455 3781 7456 3718 7456 3782 7456 3782 7457 3718 7457 3778 7457 3782 7458 3778 7458 3783 7458 3783 7459 3778 7459 3779 7459 3783 7460 3779 7460 3672 7460 3672 7461 3779 7461 3673 7461 3672 7462 3688 7462 3783 7462 3783 7463 3688 7463 3739 7463 3783 7464 3739 7464 3782 7464 3782 7465 3739 7465 3740 7465 3782 7466 3740 7466 3781 7466 3781 7467 3740 7467 3741 7467 3781 7468 3741 7468 3780 7468 3780 7469 3741 7469 3784 7469 3684 7470 3753 7470 3732 7470 3732 7471 3753 7471 3748 7471 3732 7472 3748 7472 3736 7472 3736 7473 3748 7473 3750 7473 3736 7474 3750 7474 3741 7474 3741 7475 3750 7475 3785 7475 3741 7476 3785 7476 3784 7476 3786 7477 3787 7477 3756 7477 3756 7478 3787 7478 3788 7478 3756 7479 3788 7479 3751 7479 3751 7480 3788 7480 3789 7480 3751 7481 3789 7481 3749 7481 3749 7482 3789 7482 3790 7482 3749 7483 3790 7483 3750 7483 3750 7484 3790 7484 3791 7484 3750 7485 3791 7485 3785 7485 3714 7486 3786 7486 3715 7486 3715 7487 3786 7487 3756 7487 3715 7488 3756 7488 3792 7488 3792 7489 3756 7489 3755 7489 3792 7490 3755 7490 3793 7490 3793 7491 3755 7491 3754 7491 3793 7492 3754 7492 3670 7492 3670 7493 3754 7493 3671 7493 3794 7494 3713 7494 3795 7494 3795 7495 3713 7495 3715 7495 3795 7496 3715 7496 3796 7496 3796 7497 3715 7497 3792 7497 3796 7498 3792 7498 3797 7498 3797 7499 3792 7499 3793 7499 3797 7500 3793 7500 3690 7500 3690 7501 3793 7501 3670 7501 3690 7502 3689 7502 3797 7502 3797 7503 3689 7503 3798 7503 3797 7504 3798 7504 3796 7504 3796 7505 3798 7505 3799 7505 3796 7506 3799 7506 3795 7506 3795 7507 3799 7507 3712 7507 3795 7508 3712 7508 3794 7508 3794 7509 3712 7509 3711 7509 3708 7510 3710 7510 3709 7510 3709 7511 3710 7511 3712 7511 3709 7512 3712 7512 3800 7512 3800 7513 3712 7513 3799 7513 3800 7514 3799 7514 3801 7514 3801 7515 3799 7515 3798 7515 3801 7516 3798 7516 3679 7516 3679 7517 3798 7517 3689 7517 3802 7518 3707 7518 3803 7518 3803 7519 3707 7519 3709 7519 3803 7520 3709 7520 3804 7520 3804 7521 3709 7521 3800 7521 3804 7522 3800 7522 3805 7522 3805 7523 3800 7523 3801 7523 3805 7524 3801 7524 3678 7524 3678 7525 3801 7525 3679 7525 3678 7526 3693 7526 3805 7526 3805 7527 3693 7527 3806 7527 3805 7528 3806 7528 3804 7528 3804 7529 3806 7529 3807 7529 3804 7530 3807 7530 3803 7530 3803 7531 3807 7531 3706 7531 3803 7532 3706 7532 3802 7532 3802 7533 3706 7533 3705 7533 3702 7534 3704 7534 3703 7534 3703 7535 3704 7535 3706 7535 3703 7536 3706 7536 3808 7536 3808 7537 3706 7537 3807 7537 3808 7538 3807 7538 3809 7538 3809 7539 3807 7539 3806 7539 3809 7540 3806 7540 3692 7540 3692 7541 3806 7541 3693 7541 3810 7542 3701 7542 3811 7542 3811 7543 3701 7543 3703 7543 3811 7544 3703 7544 3812 7544 3812 7545 3703 7545 3808 7545 3812 7546 3808 7546 3813 7546 3813 7547 3808 7547 3809 7547 3813 7548 3809 7548 3691 7548 3691 7549 3809 7549 3692 7549 3691 7550 3700 7550 3813 7550 3813 7551 3700 7551 3742 7551 3813 7552 3742 7552 3812 7552 3812 7553 3742 7553 3743 7553 3812 7554 3743 7554 3811 7554 3811 7555 3743 7555 3744 7555 3811 7556 3744 7556 3810 7556 3810 7557 3744 7557 3814 7557 3696 7558 3733 7558 3731 7558 3731 7559 3733 7559 3745 7559 3731 7560 3745 7560 3738 7560 3738 7561 3745 7561 3757 7561 3738 7562 3757 7562 3744 7562 3744 7563 3757 7563 3815 7563 3744 7564 3815 7564 3814 7564 3761 7565 3816 7565 3760 7565 3760 7566 3816 7566 3817 7566 3760 7567 3817 7567 3759 7567 3759 7568 3817 7568 3818 7568 3759 7569 3818 7569 3758 7569 3758 7570 3818 7570 3819 7570 3758 7571 3819 7571 3757 7571 3757 7572 3819 7572 3820 7572 3757 7573 3820 7573 3815 7573 3816 7574 577 7574 578 7574 3728 7575 627 7575 3729 7575 3729 7576 627 7576 577 7576 3729 7577 577 7577 3761 7577 3761 7578 577 7578 3816 7578 3728 7579 3764 7579 627 7579 627 7580 3764 7580 3726 7580 627 7581 3726 7581 628 7581 3722 7582 630 7582 3723 7582 3723 7583 630 7583 628 7583 3723 7584 628 7584 3725 7584 3725 7585 628 7585 3726 7585 3722 7586 3772 7586 630 7586 630 7587 3772 7587 3720 7587 630 7588 3720 7588 624 7588 3716 7589 625 7589 3717 7589 3717 7590 625 7590 624 7590 3717 7591 624 7591 3719 7591 3719 7592 624 7592 3720 7592 3716 7593 3780 7593 625 7593 625 7594 3780 7594 3784 7594 625 7595 3784 7595 562 7595 3784 7596 3785 7596 562 7596 562 7597 3785 7597 3791 7597 562 7598 3791 7598 563 7598 3791 7599 3790 7599 563 7599 563 7600 3790 7600 3789 7600 563 7601 3789 7601 565 7601 3789 7602 3788 7602 565 7602 565 7603 3788 7603 3787 7603 565 7604 3787 7604 571 7604 3713 7605 580 7605 3714 7605 3714 7606 580 7606 571 7606 3714 7607 571 7607 3786 7607 3786 7608 571 7608 3787 7608 3713 7609 3794 7609 580 7609 580 7610 3794 7610 3711 7610 580 7611 3711 7611 581 7611 3707 7612 582 7612 3708 7612 3708 7613 582 7613 581 7613 3708 7614 581 7614 3710 7614 3710 7615 581 7615 3711 7615 3707 7616 3802 7616 582 7616 582 7617 3802 7617 3705 7617 582 7618 3705 7618 583 7618 3701 7619 584 7619 3702 7619 3702 7620 584 7620 583 7620 3702 7621 583 7621 3704 7621 3704 7622 583 7622 3705 7622 3701 7623 3810 7623 584 7623 584 7624 3810 7624 3814 7624 584 7625 3814 7625 585 7625 3814 7626 3815 7626 585 7626 585 7627 3815 7627 3820 7627 585 7628 3820 7628 579 7628 3820 7629 3819 7629 579 7629 579 7630 3819 7630 3818 7630 579 7631 3818 7631 578 7631 578 7632 3818 7632 3817 7632 578 7633 3817 7633 3816 7633 3821 7634 3822 7634 3677 7634 3677 7635 3822 7635 3698 7635 3822 7636 3823 7636 3698 7636 3698 7637 3823 7637 3681 7637 3823 7638 3824 7638 3681 7638 3681 7639 3824 7639 3674 7639 3824 7640 3825 7640 3674 7640 3674 7641 3825 7641 3686 7641 3825 7642 3826 7642 3686 7642 3686 7643 3826 7643 3669 7643 3826 7644 3821 7644 3669 7644 3669 7645 3821 7645 3677 7645 3826 7646 3825 7646 3821 7646 3821 7647 3825 7647 3824 7647 3821 7648 3824 7648 3822 7648 3822 7649 3824 7649 3823 7649 3827 7650 3828 7650 3829 7650 3829 7651 3828 7651 3830 7651 3829 7652 3830 7652 3831 7652 3831 7653 3832 7653 3829 7653 3829 7654 3832 7654 3833 7654 3829 7655 3833 7655 3834 7655 3833 7656 3835 7656 3834 7656 3834 7657 3835 7657 3836 7657 3834 7658 3836 7658 3837 7658 3838 7659 3839 7659 3840 7659 3840 7660 3841 7660 3838 7660 3838 7661 3841 7661 3842 7661 3838 7662 3842 7662 3843 7662 3843 7663 3842 7663 3844 7663 3843 7664 3844 7664 3829 7664 3829 7665 3844 7665 3845 7665 3829 7666 3845 7666 3827 7666 3846 7667 3847 7667 3838 7667 3838 7668 3847 7668 3848 7668 3838 7669 3848 7669 3839 7669 3837 7670 3849 7670 3834 7670 3834 7671 3849 7671 3850 7671 3834 7672 3850 7672 3851 7672 3851 7673 3850 7673 3852 7673 3851 7674 3852 7674 3853 7674 3853 7675 3852 7675 3854 7675 3853 7676 3854 7676 3855 7676 3855 7677 3856 7677 3853 7677 3853 7678 3856 7678 3857 7678 3853 7679 3857 7679 3838 7679 3838 7680 3857 7680 3858 7680 3838 7681 3858 7681 3846 7681 3859 7682 3860 7682 3861 7682 3862 7683 3863 7683 3864 7683 3865 7684 3866 7684 3867 7684 3868 7685 3869 7685 3870 7685 3871 7686 3872 7686 3873 7686 3874 7687 3875 7687 3876 7687 3877 7688 3878 7688 3879 7688 3880 7689 3881 7689 3882 7689 3883 7690 3884 7690 3885 7690 3886 7691 3887 7691 3888 7691 3889 7692 3856 7692 3855 7692 3890 7693 3828 7693 3827 7693 3855 7694 3854 7694 3891 7694 3891 7695 3854 7695 3892 7695 3830 7696 3828 7696 3893 7696 3893 7697 3828 7697 3890 7697 3893 7698 3890 7698 3894 7698 3857 7699 3856 7699 3895 7699 3895 7700 3856 7700 3889 7700 3895 7701 3889 7701 3896 7701 3831 7702 3830 7702 3897 7702 3897 7703 3830 7703 3893 7703 3897 7704 3893 7704 3898 7704 3898 7705 3893 7705 3894 7705 3898 7706 3894 7706 3899 7706 3858 7707 3857 7707 3900 7707 3900 7708 3857 7708 3895 7708 3900 7709 3895 7709 3901 7709 3901 7710 3895 7710 3896 7710 3901 7711 3896 7711 3902 7711 3903 7712 3891 7712 3904 7712 3904 7713 3891 7713 3892 7713 3904 7714 3892 7714 3905 7714 3906 7715 3907 7715 3908 7715 3909 7716 3907 7716 3910 7716 3910 7717 3907 7717 3906 7717 3910 7718 3906 7718 3911 7718 3827 7719 3845 7719 3911 7719 3911 7720 3845 7720 3912 7720 3911 7721 3912 7721 3910 7721 3910 7722 3912 7722 3913 7722 3910 7723 3913 7723 3909 7723 3909 7724 3913 7724 3914 7724 3915 7725 3903 7725 3916 7725 3916 7726 3903 7726 3904 7726 3916 7727 3904 7727 3917 7727 3917 7728 3904 7728 3905 7728 3917 7729 3905 7729 3918 7729 3887 7730 3919 7730 3888 7730 3888 7731 3919 7731 3918 7731 3888 7732 3918 7732 3920 7732 3920 7733 3918 7733 3905 7733 3920 7734 3905 7734 3921 7734 3921 7735 3905 7735 3892 7735 3921 7736 3892 7736 3852 7736 3852 7737 3892 7737 3854 7737 3922 7738 3886 7738 3923 7738 3923 7739 3886 7739 3888 7739 3923 7740 3888 7740 3924 7740 3924 7741 3888 7741 3920 7741 3924 7742 3920 7742 3925 7742 3925 7743 3920 7743 3921 7743 3925 7744 3921 7744 3850 7744 3850 7745 3921 7745 3852 7745 3850 7746 3849 7746 3925 7746 3925 7747 3849 7747 3926 7747 3925 7748 3926 7748 3924 7748 3924 7749 3926 7749 3927 7749 3924 7750 3927 7750 3923 7750 3923 7751 3927 7751 3885 7751 3923 7752 3885 7752 3922 7752 3922 7753 3885 7753 3884 7753 3881 7754 3883 7754 3882 7754 3882 7755 3883 7755 3885 7755 3882 7756 3885 7756 3928 7756 3928 7757 3885 7757 3927 7757 3928 7758 3927 7758 3929 7758 3929 7759 3927 7759 3926 7759 3929 7760 3926 7760 3837 7760 3837 7761 3926 7761 3849 7761 3930 7762 3880 7762 3931 7762 3931 7763 3880 7763 3882 7763 3931 7764 3882 7764 3932 7764 3932 7765 3882 7765 3928 7765 3932 7766 3928 7766 3933 7766 3933 7767 3928 7767 3929 7767 3933 7768 3929 7768 3836 7768 3836 7769 3929 7769 3837 7769 3836 7770 3835 7770 3933 7770 3933 7771 3835 7771 3934 7771 3933 7772 3934 7772 3932 7772 3932 7773 3934 7773 3935 7773 3932 7774 3935 7774 3931 7774 3931 7775 3935 7775 3879 7775 3931 7776 3879 7776 3930 7776 3930 7777 3879 7777 3878 7777 3875 7778 3877 7778 3876 7778 3876 7779 3877 7779 3879 7779 3876 7780 3879 7780 3936 7780 3936 7781 3879 7781 3935 7781 3936 7782 3935 7782 3937 7782 3937 7783 3935 7783 3934 7783 3937 7784 3934 7784 3833 7784 3833 7785 3934 7785 3835 7785 3938 7786 3874 7786 3939 7786 3939 7787 3874 7787 3876 7787 3939 7788 3876 7788 3940 7788 3940 7789 3876 7789 3936 7789 3940 7790 3936 7790 3941 7790 3941 7791 3936 7791 3937 7791 3941 7792 3937 7792 3832 7792 3832 7793 3937 7793 3833 7793 3832 7794 3831 7794 3941 7794 3941 7795 3831 7795 3897 7795 3941 7796 3897 7796 3940 7796 3940 7797 3897 7797 3898 7797 3940 7798 3898 7798 3939 7798 3939 7799 3898 7799 3899 7799 3939 7800 3899 7800 3938 7800 3938 7801 3899 7801 3942 7801 3827 7802 3911 7802 3890 7802 3890 7803 3911 7803 3906 7803 3890 7804 3906 7804 3894 7804 3894 7805 3906 7805 3908 7805 3894 7806 3908 7806 3899 7806 3899 7807 3908 7807 3943 7807 3899 7808 3943 7808 3942 7808 3944 7809 3945 7809 3914 7809 3914 7810 3945 7810 3946 7810 3914 7811 3946 7811 3909 7811 3909 7812 3946 7812 3947 7812 3909 7813 3947 7813 3907 7813 3907 7814 3947 7814 3948 7814 3907 7815 3948 7815 3908 7815 3908 7816 3948 7816 3949 7816 3908 7817 3949 7817 3943 7817 3872 7818 3944 7818 3873 7818 3873 7819 3944 7819 3914 7819 3873 7820 3914 7820 3950 7820 3950 7821 3914 7821 3913 7821 3950 7822 3913 7822 3951 7822 3951 7823 3913 7823 3912 7823 3951 7824 3912 7824 3844 7824 3844 7825 3912 7825 3845 7825 3952 7826 3871 7826 3953 7826 3953 7827 3871 7827 3873 7827 3953 7828 3873 7828 3954 7828 3954 7829 3873 7829 3950 7829 3954 7830 3950 7830 3955 7830 3955 7831 3950 7831 3951 7831 3955 7832 3951 7832 3842 7832 3842 7833 3951 7833 3844 7833 3842 7834 3841 7834 3955 7834 3955 7835 3841 7835 3956 7835 3955 7836 3956 7836 3954 7836 3954 7837 3956 7837 3957 7837 3954 7838 3957 7838 3953 7838 3953 7839 3957 7839 3870 7839 3953 7840 3870 7840 3952 7840 3952 7841 3870 7841 3869 7841 3866 7842 3868 7842 3867 7842 3867 7843 3868 7843 3870 7843 3867 7844 3870 7844 3958 7844 3958 7845 3870 7845 3957 7845 3958 7846 3957 7846 3959 7846 3959 7847 3957 7847 3956 7847 3959 7848 3956 7848 3840 7848 3840 7849 3956 7849 3841 7849 3960 7850 3865 7850 3961 7850 3961 7851 3865 7851 3867 7851 3961 7852 3867 7852 3962 7852 3962 7853 3867 7853 3958 7853 3962 7854 3958 7854 3963 7854 3963 7855 3958 7855 3959 7855 3963 7856 3959 7856 3839 7856 3839 7857 3959 7857 3840 7857 3839 7858 3848 7858 3963 7858 3963 7859 3848 7859 3964 7859 3963 7860 3964 7860 3962 7860 3962 7861 3964 7861 3965 7861 3962 7862 3965 7862 3961 7862 3961 7863 3965 7863 3864 7863 3961 7864 3864 7864 3960 7864 3960 7865 3864 7865 3863 7865 3860 7866 3862 7866 3861 7866 3861 7867 3862 7867 3864 7867 3861 7868 3864 7868 3966 7868 3966 7869 3864 7869 3965 7869 3966 7870 3965 7870 3967 7870 3967 7871 3965 7871 3964 7871 3967 7872 3964 7872 3847 7872 3847 7873 3964 7873 3848 7873 3968 7874 3859 7874 3969 7874 3969 7875 3859 7875 3861 7875 3969 7876 3861 7876 3970 7876 3970 7877 3861 7877 3966 7877 3970 7878 3966 7878 3971 7878 3971 7879 3966 7879 3967 7879 3971 7880 3967 7880 3846 7880 3846 7881 3967 7881 3847 7881 3846 7882 3858 7882 3971 7882 3971 7883 3858 7883 3900 7883 3971 7884 3900 7884 3970 7884 3970 7885 3900 7885 3901 7885 3970 7886 3901 7886 3969 7886 3969 7887 3901 7887 3902 7887 3969 7888 3902 7888 3968 7888 3968 7889 3902 7889 3972 7889 3855 7890 3891 7890 3889 7890 3889 7891 3891 7891 3903 7891 3889 7892 3903 7892 3896 7892 3896 7893 3903 7893 3915 7893 3896 7894 3915 7894 3902 7894 3902 7895 3915 7895 3973 7895 3902 7896 3973 7896 3972 7896 3919 7897 3974 7897 3918 7897 3918 7898 3974 7898 3975 7898 3918 7899 3975 7899 3917 7899 3917 7900 3975 7900 3976 7900 3917 7901 3976 7901 3916 7901 3916 7902 3976 7902 3977 7902 3916 7903 3977 7903 3915 7903 3915 7904 3977 7904 3978 7904 3915 7905 3978 7905 3973 7905 3974 7906 403 7906 416 7906 3886 7907 404 7907 3887 7907 3887 7908 404 7908 403 7908 3887 7909 403 7909 3919 7909 3919 7910 403 7910 3974 7910 3886 7911 3922 7911 404 7911 404 7912 3922 7912 3884 7912 404 7913 3884 7913 406 7913 3880 7914 408 7914 3881 7914 3881 7915 408 7915 406 7915 3881 7916 406 7916 3883 7916 3883 7917 406 7917 3884 7917 3880 7918 3930 7918 408 7918 408 7919 3930 7919 3878 7919 408 7920 3878 7920 409 7920 3874 7921 421 7921 3875 7921 3875 7922 421 7922 409 7922 3875 7923 409 7923 3877 7923 3877 7924 409 7924 3878 7924 3874 7925 3938 7925 421 7925 421 7926 3938 7926 3942 7926 421 7927 3942 7927 422 7927 3942 7928 3943 7928 422 7928 422 7929 3943 7929 3949 7929 422 7930 3949 7930 424 7930 3949 7931 3948 7931 424 7931 424 7932 3948 7932 3947 7932 424 7933 3947 7933 402 7933 3947 7934 3946 7934 402 7934 402 7935 3946 7935 3945 7935 402 7936 3945 7936 417 7936 3871 7937 418 7937 3872 7937 3872 7938 418 7938 417 7938 3872 7939 417 7939 3944 7939 3944 7940 417 7940 3945 7940 3871 7941 3952 7941 418 7941 418 7942 3952 7942 3869 7942 418 7943 3869 7943 419 7943 3865 7944 420 7944 3866 7944 3866 7945 420 7945 419 7945 3866 7946 419 7946 3868 7946 3868 7947 419 7947 3869 7947 3865 7948 3960 7948 420 7948 420 7949 3960 7949 3863 7949 420 7950 3863 7950 398 7950 3859 7951 399 7951 3860 7951 3860 7952 399 7952 398 7952 3860 7953 398 7953 3862 7953 3862 7954 398 7954 3863 7954 3859 7955 3968 7955 399 7955 399 7956 3968 7956 3972 7956 399 7957 3972 7957 414 7957 3972 7958 3973 7958 414 7958 414 7959 3973 7959 3978 7959 414 7960 3978 7960 415 7960 3978 7961 3977 7961 415 7961 415 7962 3977 7962 3976 7962 415 7963 3976 7963 416 7963 416 7964 3976 7964 3975 7964 416 7965 3975 7965 3974 7965 3979 7966 3980 7966 3838 7966 3838 7967 3980 7967 3853 7967 3980 7968 3981 7968 3853 7968 3853 7969 3981 7969 3851 7969 3981 7970 3982 7970 3851 7970 3851 7971 3982 7971 3834 7971 3982 7972 3983 7972 3834 7972 3834 7973 3983 7973 3829 7973 3983 7974 3984 7974 3829 7974 3829 7975 3984 7975 3843 7975 3984 7976 3979 7976 3843 7976 3843 7977 3979 7977 3838 7977 3984 7978 3983 7978 3979 7978 3979 7979 3983 7979 3982 7979 3979 7980 3982 7980 3980 7980 3980 7981 3982 7981 3981 7981</p>
        </triangles>
      </mesh>
    </geometry>
  </library_geometries>
  <library_visual_scenes>
    <visual_scene id="Scene" name="Scene">
      <node id="wheel" name="wheel" type="NODE">
        <matrix sid="transform">0.001 0 0 0 0 -4.37114e-11 -0.001 0 0 0.001 -4.37114e-11 0 0 0 0 1</matrix>
        <instance_geometry url="#wheel-mesh" name="wheel">
          <bind_material>
            <technique_common>
              <instance_material symbol="Material_001-material" target="#Material_001-material"/>
              <instance_material symbol="Material_002-material" target="#Material_002-material"/>
              <instance_material symbol="Material_003-material" target="#Material_003-material"/>
            </technique_common>
          </bind_material>
        </instance_geometry>
      </node>
    </visual_scene>
  </library_visual_scenes>
  <scene>
    <instance_visual_scene url="#Scene"/>
  </scene>
</COLLADA>